solid OpenSCAD_Model
  facet normal 1 -0 0
    outer loop
      vertex 61.6 8.5 2.25
      vertex 61.6 15.5 2.1
      vertex 61.6 15.5 2.25
    endloop
  endfacet
  facet normal 1 0 0
    outer loop
      vertex 61.6 15.5 2.1
      vertex 61.6 8.5 2.25
      vertex 61.6 8.5 2.1
    endloop
  endfacet
  facet normal 0 0 -1
    outer loop
      vertex 60.5 8.5 2.1
      vertex 61.6 15.5 2.1
      vertex 61.6 8.5 2.1
    endloop
  endfacet
  facet normal -0 0 -1
    outer loop
      vertex 61.6 15.5 2.1
      vertex 60.5 8.5 2.1
      vertex 60.5 15.5 2.1
    endloop
  endfacet
  facet normal -1 0 0
    outer loop
      vertex 60.5 8.5 2.1
      vertex 60.5 15.5 2.5
      vertex 60.5 15.5 2.1
    endloop
  endfacet
  facet normal -1 -0 0
    outer loop
      vertex 60.5 15.5 2.5
      vertex 60.5 8.5 2.1
      vertex 60.5 8.5 2.5
    endloop
  endfacet
  facet normal 0 1 0
    outer loop
      vertex 61.6 15.5 2.25
      vertex 61.6 15.5 2.5
      vertex 62.7 15.5 2.5
    endloop
  endfacet
  facet normal 0 1 0
    outer loop
      vertex 61.6 15.5 2.25
      vertex 62.7 15.5 2.5
      vertex 62.7 15.5 2.25
    endloop
  endfacet
  facet normal 0 1 0
    outer loop
      vertex 61.6 15.5 2.5
      vertex 61.6 15.5 2.25
      vertex 60.5 15.5 2.5
    endloop
  endfacet
  facet normal 0 1 0
    outer loop
      vertex 60.5 15.5 2.1
      vertex 61.6 15.5 2.25
      vertex 61.6 15.5 2.1
    endloop
  endfacet
  facet normal 0 1 0
    outer loop
      vertex 61.6 15.5 2.25
      vertex 60.5 15.5 2.1
      vertex 60.5 15.5 2.5
    endloop
  endfacet
  facet normal 0 -1 0
    outer loop
      vertex 61.6 8.5 2.25
      vertex 61.6 8.5 2.5
      vertex 60.5 8.5 2.5
    endloop
  endfacet
  facet normal 0 -1 0
    outer loop
      vertex 61.6 8.5 2.5
      vertex 61.6 8.5 2.25
      vertex 62.7 8.5 2.5
    endloop
  endfacet
  facet normal 0 -1 0
    outer loop
      vertex 60.5 8.5 2.1
      vertex 61.6 8.5 2.25
      vertex 60.5 8.5 2.5
    endloop
  endfacet
  facet normal 0 -1 -0
    outer loop
      vertex 61.6 8.5 2.25
      vertex 60.5 8.5 2.1
      vertex 61.6 8.5 2.1
    endloop
  endfacet
  facet normal 0 -1 -0
    outer loop
      vertex 62.7 8.5 2.5
      vertex 61.6 8.5 2.25
      vertex 62.7 8.5 2.25
    endloop
  endfacet
  facet normal 1 -0 0
    outer loop
      vertex 62.7 8.5 2.5
      vertex 62.7 15.5 2.25
      vertex 62.7 15.5 2.5
    endloop
  endfacet
  facet normal 1 0 0
    outer loop
      vertex 62.7 15.5 2.25
      vertex 62.7 8.5 2.5
      vertex 62.7 8.5 2.25
    endloop
  endfacet
  facet normal 0 0 -1
    outer loop
      vertex 61.6 8.5 2.25
      vertex 62.7 15.5 2.25
      vertex 62.7 8.5 2.25
    endloop
  endfacet
  facet normal -0 0 -1
    outer loop
      vertex 62.7 15.5 2.25
      vertex 61.6 8.5 2.25
      vertex 61.6 15.5 2.25
    endloop
  endfacet
  facet normal 1 -0 0
    outer loop
      vertex 61.6 34.3 2.25
      vertex 61.6 41.3 2.1
      vertex 61.6 41.3 2.25
    endloop
  endfacet
  facet normal 1 0 0
    outer loop
      vertex 61.6 41.3 2.1
      vertex 61.6 34.3 2.25
      vertex 61.6 34.3 2.1
    endloop
  endfacet
  facet normal 0 0 -1
    outer loop
      vertex 60.5 34.3 2.1
      vertex 61.6 41.3 2.1
      vertex 61.6 34.3 2.1
    endloop
  endfacet
  facet normal -0 0 -1
    outer loop
      vertex 61.6 41.3 2.1
      vertex 60.5 34.3 2.1
      vertex 60.5 41.3 2.1
    endloop
  endfacet
  facet normal -1 0 0
    outer loop
      vertex 60.5 34.3 2.1
      vertex 60.5 41.3 2.5
      vertex 60.5 41.3 2.1
    endloop
  endfacet
  facet normal -1 -0 0
    outer loop
      vertex 60.5 41.3 2.5
      vertex 60.5 34.3 2.1
      vertex 60.5 34.3 2.5
    endloop
  endfacet
  facet normal 0 1 0
    outer loop
      vertex 61.6 41.3 2.25
      vertex 61.6 41.3 2.5
      vertex 62.7 41.3 2.5
    endloop
  endfacet
  facet normal 0 1 0
    outer loop
      vertex 61.6 41.3 2.25
      vertex 62.7 41.3 2.5
      vertex 62.7 41.3 2.25
    endloop
  endfacet
  facet normal 0 1 0
    outer loop
      vertex 61.6 41.3 2.5
      vertex 61.6 41.3 2.25
      vertex 60.5 41.3 2.5
    endloop
  endfacet
  facet normal 0 1 0
    outer loop
      vertex 60.5 41.3 2.1
      vertex 61.6 41.3 2.25
      vertex 61.6 41.3 2.1
    endloop
  endfacet
  facet normal 0 1 0
    outer loop
      vertex 61.6 41.3 2.25
      vertex 60.5 41.3 2.1
      vertex 60.5 41.3 2.5
    endloop
  endfacet
  facet normal 0 -1 0
    outer loop
      vertex 61.6 34.3 2.25
      vertex 61.6 34.3 2.5
      vertex 60.5 34.3 2.5
    endloop
  endfacet
  facet normal 0 -1 0
    outer loop
      vertex 61.6 34.3 2.5
      vertex 61.6 34.3 2.25
      vertex 62.7 34.3 2.5
    endloop
  endfacet
  facet normal 0 -1 0
    outer loop
      vertex 60.5 34.3 2.1
      vertex 61.6 34.3 2.25
      vertex 60.5 34.3 2.5
    endloop
  endfacet
  facet normal 0 -1 -0
    outer loop
      vertex 61.6 34.3 2.25
      vertex 60.5 34.3 2.1
      vertex 61.6 34.3 2.1
    endloop
  endfacet
  facet normal 0 -1 -0
    outer loop
      vertex 62.7 34.3 2.5
      vertex 61.6 34.3 2.25
      vertex 62.7 34.3 2.25
    endloop
  endfacet
  facet normal 1 -0 0
    outer loop
      vertex 62.7 34.3 2.5
      vertex 62.7 41.3 2.25
      vertex 62.7 41.3 2.5
    endloop
  endfacet
  facet normal 1 0 0
    outer loop
      vertex 62.7 41.3 2.25
      vertex 62.7 34.3 2.5
      vertex 62.7 34.3 2.25
    endloop
  endfacet
  facet normal 0 0 -1
    outer loop
      vertex 61.6 34.3 2.25
      vertex 62.7 41.3 2.25
      vertex 62.7 34.3 2.25
    endloop
  endfacet
  facet normal -0 0 -1
    outer loop
      vertex 62.7 41.3 2.25
      vertex 61.6 34.3 2.25
      vertex 61.6 41.3 2.25
    endloop
  endfacet
  facet normal 1 -0 0
    outer loop
      vertex 23.5 2.4 2.5
      vertex 23.5 3.5 2.1
      vertex 23.5 3.5 2.5
    endloop
  endfacet
  facet normal 1 0 0
    outer loop
      vertex 23.5 3.5 2.1
      vertex 23.5 2.4 2.5
      vertex 23.5 2.4 2.1
    endloop
  endfacet
  facet normal 0 0 -1
    outer loop
      vertex 16.5 2.4 2.1
      vertex 23.5 3.5 2.1
      vertex 23.5 2.4 2.1
    endloop
  endfacet
  facet normal -0 0 -1
    outer loop
      vertex 23.5 3.5 2.1
      vertex 16.5 2.4 2.1
      vertex 16.5 3.5 2.1
    endloop
  endfacet
  facet normal -1 0 0
    outer loop
      vertex 16.5 2.4 2.1
      vertex 16.5 3.5 2.5
      vertex 16.5 3.5 2.1
    endloop
  endfacet
  facet normal -1 -0 0
    outer loop
      vertex 16.5 3.5 2.5
      vertex 16.5 2.4 2.1
      vertex 16.5 2.4 2.5
    endloop
  endfacet
  facet normal 0 1 -0
    outer loop
      vertex 23.5 3.5 2.1
      vertex 16.5 3.5 2.5
      vertex 23.5 3.5 2.5
    endloop
  endfacet
  facet normal 0 1 0
    outer loop
      vertex 16.5 3.5 2.5
      vertex 23.5 3.5 2.1
      vertex 16.5 3.5 2.1
    endloop
  endfacet
  facet normal 0 -1 0
    outer loop
      vertex 16.5 2.4 2.1
      vertex 23.5 2.4 2.5
      vertex 16.5 2.4 2.5
    endloop
  endfacet
  facet normal 0 -1 -0
    outer loop
      vertex 23.5 2.4 2.5
      vertex 16.5 2.4 2.1
      vertex 23.5 2.4 2.1
    endloop
  endfacet
  facet normal 1 -0 0
    outer loop
      vertex 55.5 2.4 2.5
      vertex 55.5 3.5 2.1
      vertex 55.5 3.5 2.5
    endloop
  endfacet
  facet normal 1 0 0
    outer loop
      vertex 55.5 3.5 2.1
      vertex 55.5 2.4 2.5
      vertex 55.5 2.4 2.1
    endloop
  endfacet
  facet normal 0 0 -1
    outer loop
      vertex 48.5 2.4 2.1
      vertex 55.5 3.5 2.1
      vertex 55.5 2.4 2.1
    endloop
  endfacet
  facet normal -0 0 -1
    outer loop
      vertex 55.5 3.5 2.1
      vertex 48.5 2.4 2.1
      vertex 48.5 3.5 2.1
    endloop
  endfacet
  facet normal -1 0 0
    outer loop
      vertex 48.5 2.4 2.1
      vertex 48.5 3.5 2.5
      vertex 48.5 3.5 2.1
    endloop
  endfacet
  facet normal -1 -0 0
    outer loop
      vertex 48.5 3.5 2.5
      vertex 48.5 2.4 2.1
      vertex 48.5 2.4 2.5
    endloop
  endfacet
  facet normal 0 1 -0
    outer loop
      vertex 55.5 3.5 2.1
      vertex 48.5 3.5 2.5
      vertex 55.5 3.5 2.5
    endloop
  endfacet
  facet normal 0 1 0
    outer loop
      vertex 48.5 3.5 2.5
      vertex 55.5 3.5 2.1
      vertex 48.5 3.5 2.1
    endloop
  endfacet
  facet normal 0 -1 0
    outer loop
      vertex 48.5 2.4 2.1
      vertex 55.5 2.4 2.5
      vertex 48.5 2.4 2.5
    endloop
  endfacet
  facet normal 0 -1 -0
    outer loop
      vertex 55.5 2.4 2.5
      vertex 48.5 2.4 2.1
      vertex 55.5 2.4 2.1
    endloop
  endfacet
  facet normal -1 0 0
    outer loop
      vertex 0 21.7 13.4
      vertex 0 45.8 2.5
      vertex 0 21.7 9.4
    endloop
  endfacet
  facet normal -1 0 0
    outer loop
      vertex 0 4 2.5
      vertex 0 21.7 9.4
      vertex 0 45.8 2.5
    endloop
  endfacet
  facet normal -1 -0 0
    outer loop
      vertex 0 11.1 9.4
      vertex 0 4 2.5
      vertex 0 11.1 13.4
    endloop
  endfacet
  facet normal -1 -0 0
    outer loop
      vertex 0 21.7 9.4
      vertex 0 4 2.5
      vertex 0 11.1 9.4
    endloop
  endfacet
  facet normal -1 0 0
    outer loop
      vertex 0 45.8 2.5
      vertex 0 21.7 13.4
      vertex 0 45.8 24
    endloop
  endfacet
  facet normal -1 0 0
    outer loop
      vertex 0 4 24
      vertex 0 21.7 13.4
      vertex 0 11.1 13.4
    endloop
  endfacet
  facet normal -1 0 0
    outer loop
      vertex 0 21.7 13.4
      vertex 0 4 24
      vertex 0 45.8 24
    endloop
  endfacet
  facet normal -1 0 0
    outer loop
      vertex 0 4 24
      vertex 0 11.1 13.4
      vertex 0 4 2.5
    endloop
  endfacet
  facet normal 0.997861 0.0653646 0
    outer loop
      vertex 64 45.8 24
      vertex 63.9658 46.3221 2.5
      vertex 63.9658 46.3221 24
    endloop
  endfacet
  facet normal 0.997861 0.0653646 0
    outer loop
      vertex 63.9658 46.3221 2.5
      vertex 64 45.8 24
      vertex 64 45.8 2.5
    endloop
  endfacet
  facet normal 0.19508 -0.980787 0
    outer loop
      vertex 60.5221 0.0342197 2.5
      vertex 61.0353 0.136296 24
      vertex 60.5221 0.0342197 24
    endloop
  endfacet
  facet normal 0.19508 -0.980787 0
    outer loop
      vertex 61.0353 0.136296 24
      vertex 60.5221 0.0342197 2.5
      vertex 61.0353 0.136296 2.5
    endloop
  endfacet
  facet normal -0.997859 0.0654021 0
    outer loop
      vertex 0 45.8 2.5
      vertex 0.0342197 46.3221 24
      vertex 0.0342197 46.3221 2.5
    endloop
  endfacet
  facet normal -0.997859 0.0654021 0
    outer loop
      vertex 0.0342197 46.3221 24
      vertex 0 45.8 2.5
      vertex 0 45.8 24
    endloop
  endfacet
  facet normal -0.321469 0.94692 0
    outer loop
      vertex 2.96472 49.6637 2.5
      vertex 2.46927 49.4955 24
      vertex 2.96472 49.6637 24
    endloop
  endfacet
  facet normal -0.321469 0.94692 0
    outer loop
      vertex 2.46927 49.4955 24
      vertex 2.96472 49.6637 2.5
      vertex 2.46927 49.4955 2.5
    endloop
  endfacet
  facet normal -0.980787 0.19508 0
    outer loop
      vertex 0.0342197 46.3221 2.5
      vertex 0.136296 46.8353 24
      vertex 0.136296 46.8353 2.5
    endloop
  endfacet
  facet normal -0.980787 0.19508 0
    outer loop
      vertex 0.136296 46.8353 24
      vertex 0.0342197 46.3221 2.5
      vertex 0.0342197 46.3221 24
    endloop
  endfacet
  facet normal 0.442262 -0.896886 0
    outer loop
      vertex 61.5307 0.304482 2.5
      vertex 62 0.535898 24
      vertex 61.5307 0.304482 24
    endloop
  endfacet
  facet normal 0.442262 -0.896886 0
    outer loop
      vertex 62 0.535898 24
      vertex 61.5307 0.304482 2.5
      vertex 62 0.535898 2.5
    endloop
  endfacet
  facet normal 0.997862 -0.0653634 0
    outer loop
      vertex 63.9658 3.47789 24
      vertex 64 4 2.5
      vertex 64 4 24
    endloop
  endfacet
  facet normal 0.997862 -0.0653634 0
    outer loop
      vertex 64 4 2.5
      vertex 63.9658 3.47789 24
      vertex 63.9658 3.47789 2.5
    endloop
  endfacet
  facet normal -0.896886 0.442262 0
    outer loop
      vertex 0.304482 47.3307 2.5
      vertex 0.535898 47.8 24
      vertex 0.535898 47.8 2.5
    endloop
  endfacet
  facet normal -0.896886 0.442262 0
    outer loop
      vertex 0.535898 47.8 24
      vertex 0.304482 47.3307 2.5
      vertex 0.304482 47.3307 24
    endloop
  endfacet
  facet normal 0 -1 0
    outer loop
      vertex 4 0 24
      vertex 25 0 4.95
      vertex 60 0 24
    endloop
  endfacet
  facet normal 0 -1 0
    outer loop
      vertex 4 0 2.5
      vertex 25 0 4.95
      vertex 4 0 24
    endloop
  endfacet
  facet normal 0 -1 -0
    outer loop
      vertex 25 0 4.95
      vertex 4 0 2.5
      vertex 25 0 2.5
    endloop
  endfacet
  facet normal 0 -1 0
    outer loop
      vertex 39 0 4.95
      vertex 60 0 24
      vertex 25 0 4.95
    endloop
  endfacet
  facet normal 0 -1 0
    outer loop
      vertex 60 0 2.5
      vertex 39 0 4.95
      vertex 39 0 2.5
    endloop
  endfacet
  facet normal 0 -1 0
    outer loop
      vertex 39 0 4.95
      vertex 60 0 2.5
      vertex 60 0 24
    endloop
  endfacet
  facet normal 0.321498 0.94691 -0
    outer loop
      vertex 61.5307 49.4955 2.5
      vertex 61.0353 49.6637 24
      vertex 61.5307 49.4955 24
    endloop
  endfacet
  facet normal 0.321498 0.94691 0
    outer loop
      vertex 61.0353 49.6637 24
      vertex 61.5307 49.4955 2.5
      vertex 61.0353 49.6637 2.5
    endloop
  endfacet
  facet normal -0.555582 0.831462 0
    outer loop
      vertex 2 49.2641 2.5
      vertex 1.56495 48.9734 24
      vertex 2 49.2641 24
    endloop
  endfacet
  facet normal -0.555582 0.831462 0
    outer loop
      vertex 1.56495 48.9734 24
      vertex 2 49.2641 2.5
      vertex 1.56495 48.9734 2.5
    endloop
  endfacet
  facet normal -0.659362 0.751826 0
    outer loop
      vertex 1.56495 48.9734 2.5
      vertex 1.17157 48.6284 24
      vertex 1.56495 48.9734 24
    endloop
  endfacet
  facet normal -0.659362 0.751826 0
    outer loop
      vertex 1.17157 48.6284 24
      vertex 1.56495 48.9734 2.5
      vertex 1.17157 48.6284 2.5
    endloop
  endfacet
  facet normal 0.555626 0.831432 -0
    outer loop
      vertex 62.435 48.9734 2.5
      vertex 62 49.2641 24
      vertex 62.435 48.9734 24
    endloop
  endfacet
  facet normal 0.555626 0.831432 0
    outer loop
      vertex 62 49.2641 24
      vertex 62.435 48.9734 2.5
      vertex 62 49.2641 2.5
    endloop
  endfacet
  facet normal -0.0653634 0.997862 0
    outer loop
      vertex 4 49.8 2.5
      vertex 3.47789 49.7658 24
      vertex 4 49.8 24
    endloop
  endfacet
  facet normal -0.0653634 0.997862 0
    outer loop
      vertex 3.47789 49.7658 24
      vertex 4 49.8 2.5
      vertex 3.47789 49.7658 2.5
    endloop
  endfacet
  facet normal -0.659345 -0.751841 0
    outer loop
      vertex 1.17157 1.17157 2.5
      vertex 1.56495 0.826586 24
      vertex 1.17157 1.17157 24
    endloop
  endfacet
  facet normal -0.659345 -0.751841 -0
    outer loop
      vertex 1.56495 0.826586 24
      vertex 1.17157 1.17157 2.5
      vertex 1.56495 0.826586 2.5
    endloop
  endfacet
  facet normal 0.896887 -0.44226 0
    outer loop
      vertex 63.4641 2 24
      vertex 63.6955 2.46927 2.5
      vertex 63.6955 2.46927 24
    endloop
  endfacet
  facet normal 0.896887 -0.44226 0
    outer loop
      vertex 63.6955 2.46927 2.5
      vertex 63.4641 2 24
      vertex 63.4641 2 2.5
    endloop
  endfacet
  facet normal -0.831472 -0.555566 0
    outer loop
      vertex 0.826586 1.56495 2.5
      vertex 0.535898 2 24
      vertex 0.535898 2 2.5
    endloop
  endfacet
  facet normal -0.831472 -0.555566 0
    outer loop
      vertex 0.535898 2 24
      vertex 0.826586 1.56495 2.5
      vertex 0.826586 1.56495 24
    endloop
  endfacet
  facet normal -0.442285 -0.896875 0
    outer loop
      vertex 2 0.535898 2.5
      vertex 2.46927 0.304482 24
      vertex 2 0.535898 24
    endloop
  endfacet
  facet normal -0.442285 -0.896875 -0
    outer loop
      vertex 2.46927 0.304482 24
      vertex 2 0.535898 2.5
      vertex 2.46927 0.304482 2.5
    endloop
  endfacet
  facet normal 0 1 0
    outer loop
      vertex 60 49.8 24
      vertex 38 49.8 15.6917
      vertex 4 49.8 24
    endloop
  endfacet
  facet normal 0 1 0
    outer loop
      vertex 60 49.8 24
      vertex 38 49.8 14.8417
      vertex 38 49.8 15.6917
    endloop
  endfacet
  facet normal 0 1 0
    outer loop
      vertex 38 49.8 14.8417
      vertex 38 49.8 14.3583
      vertex 26 49.8 14.8417
    endloop
  endfacet
  facet normal 0 1 0
    outer loop
      vertex 60 49.8 24
      vertex 38 49.8 14.3583
      vertex 38 49.8 14.8417
    endloop
  endfacet
  facet normal 0 1 0
    outer loop
      vertex 60 49.8 24
      vertex 38 49.8 13.5083
      vertex 38 49.8 14.3583
    endloop
  endfacet
  facet normal 0 1 0
    outer loop
      vertex 38 49.8 13.5083
      vertex 38 49.8 13.025
      vertex 26 49.8 13.5083
    endloop
  endfacet
  facet normal 0 1 0
    outer loop
      vertex 60 49.8 24
      vertex 38 49.8 13.025
      vertex 38 49.8 13.5083
    endloop
  endfacet
  facet normal 0 1 -0
    outer loop
      vertex 60 49.8 2.5
      vertex 38 49.8 13.025
      vertex 60 49.8 24
    endloop
  endfacet
  facet normal 0 1 0
    outer loop
      vertex 38 49.8 12.175
      vertex 38 49.8 11.6917
      vertex 26 49.8 12.175
    endloop
  endfacet
  facet normal 0 1 0
    outer loop
      vertex 38 49.8 13.025
      vertex 60 49.8 2.5
      vertex 38 49.8 12.175
    endloop
  endfacet
  facet normal 0 1 0
    outer loop
      vertex 38 49.8 12.175
      vertex 60 49.8 2.5
      vertex 38 49.8 11.6917
    endloop
  endfacet
  facet normal 0 1 0
    outer loop
      vertex 38 49.8 10.8417
      vertex 38 49.8 10.3583
      vertex 26 49.8 10.8417
    endloop
  endfacet
  facet normal 0 1 0
    outer loop
      vertex 38 49.8 11.6917
      vertex 60 49.8 2.5
      vertex 38 49.8 10.8417
    endloop
  endfacet
  facet normal 0 1 0
    outer loop
      vertex 38 49.8 10.8417
      vertex 60 49.8 2.5
      vertex 38 49.8 10.3583
    endloop
  endfacet
  facet normal 0 1 0
    outer loop
      vertex 38 49.8 9.50833
      vertex 60 49.8 2.5
      vertex 26 49.8 9.50833
    endloop
  endfacet
  facet normal 0 1 0
    outer loop
      vertex 38 49.8 10.3583
      vertex 60 49.8 2.5
      vertex 38 49.8 9.50833
    endloop
  endfacet
  facet normal 0 1 -0
    outer loop
      vertex 26 49.8 15.6917
      vertex 4 49.8 24
      vertex 38 49.8 15.6917
    endloop
  endfacet
  facet normal 0 1 -0
    outer loop
      vertex 26 49.8 14.8417
      vertex 4 49.8 24
      vertex 26 49.8 15.6917
    endloop
  endfacet
  facet normal 0 1 0
    outer loop
      vertex 26 49.8 14.3583
      vertex 26 49.8 14.8417
      vertex 38 49.8 14.3583
    endloop
  endfacet
  facet normal 0 1 -0
    outer loop
      vertex 26 49.8 14.3583
      vertex 4 49.8 24
      vertex 26 49.8 14.8417
    endloop
  endfacet
  facet normal 0 1 -0
    outer loop
      vertex 26 49.8 13.5083
      vertex 4 49.8 24
      vertex 26 49.8 14.3583
    endloop
  endfacet
  facet normal 0 1 0
    outer loop
      vertex 26 49.8 13.025
      vertex 26 49.8 13.5083
      vertex 38 49.8 13.025
    endloop
  endfacet
  facet normal 0 1 -0
    outer loop
      vertex 26 49.8 13.025
      vertex 4 49.8 24
      vertex 26 49.8 13.5083
    endloop
  endfacet
  facet normal 0 1 0
    outer loop
      vertex 4 49.8 2.5
      vertex 26 49.8 13.025
      vertex 26 49.8 12.175
    endloop
  endfacet
  facet normal 0 1 0
    outer loop
      vertex 26 49.8 11.6917
      vertex 26 49.8 12.175
      vertex 38 49.8 11.6917
    endloop
  endfacet
  facet normal 0 1 0
    outer loop
      vertex 4 49.8 2.5
      vertex 26 49.8 12.175
      vertex 26 49.8 11.6917
    endloop
  endfacet
  facet normal 0 1 0
    outer loop
      vertex 4 49.8 2.5
      vertex 26 49.8 11.6917
      vertex 26 49.8 10.8417
    endloop
  endfacet
  facet normal 0 1 0
    outer loop
      vertex 26 49.8 10.3583
      vertex 26 49.8 10.8417
      vertex 38 49.8 10.3583
    endloop
  endfacet
  facet normal 0 1 0
    outer loop
      vertex 4 49.8 2.5
      vertex 26 49.8 10.8417
      vertex 26 49.8 10.3583
    endloop
  endfacet
  facet normal 0 1 0
    outer loop
      vertex 4 49.8 2.5
      vertex 26 49.8 10.3583
      vertex 26 49.8 9.50833
    endloop
  endfacet
  facet normal 0 1 0
    outer loop
      vertex 26 49.8 13.025
      vertex 4 49.8 2.5
      vertex 4 49.8 24
    endloop
  endfacet
  facet normal 0 1 0
    outer loop
      vertex 4 49.8 2.5
      vertex 26 49.8 9.50833
      vertex 60 49.8 2.5
    endloop
  endfacet
  facet normal 0.659326 -0.751857 0
    outer loop
      vertex 62.435 0.826586 2.5
      vertex 62.8284 1.17157 24
      vertex 62.435 0.826586 24
    endloop
  endfacet
  facet normal 0.659326 -0.751857 0
    outer loop
      vertex 62.8284 1.17157 24
      vertex 62.435 0.826586 2.5
      vertex 62.8284 1.17157 2.5
    endloop
  endfacet
  facet normal -0.751857 0.659326 0
    outer loop
      vertex 0.826586 48.235 2.5
      vertex 1.17157 48.6284 24
      vertex 1.17157 48.6284 2.5
    endloop
  endfacet
  facet normal -0.751857 0.659326 0
    outer loop
      vertex 1.17157 48.6284 24
      vertex 0.826586 48.235 2.5
      vertex 0.826586 48.235 24
    endloop
  endfacet
  facet normal -0.195135 0.980776 0
    outer loop
      vertex 3.47789 49.7658 2.5
      vertex 2.96472 49.6637 24
      vertex 3.47789 49.7658 24
    endloop
  endfacet
  facet normal -0.195135 0.980776 0
    outer loop
      vertex 2.96472 49.6637 24
      vertex 3.47789 49.7658 2.5
      vertex 2.96472 49.6637 2.5
    endloop
  endfacet
  facet normal 0.94692 -0.321469 0
    outer loop
      vertex 63.6955 2.46927 24
      vertex 63.8637 2.96472 2.5
      vertex 63.8637 2.96472 24
    endloop
  endfacet
  facet normal 0.94692 -0.321469 0
    outer loop
      vertex 63.8637 2.96472 2.5
      vertex 63.6955 2.46927 24
      vertex 63.6955 2.46927 2.5
    endloop
  endfacet
  facet normal 0.831462 -0.555582 0
    outer loop
      vertex 63.1734 1.56495 24
      vertex 63.4641 2 2.5
      vertex 63.4641 2 24
    endloop
  endfacet
  facet normal 0.831462 -0.555582 0
    outer loop
      vertex 63.4641 2 2.5
      vertex 63.1734 1.56495 24
      vertex 63.1734 1.56495 2.5
    endloop
  endfacet
  facet normal -0.896875 -0.442285 0
    outer loop
      vertex 0.535898 2 2.5
      vertex 0.304482 2.46927 24
      vertex 0.304482 2.46927 2.5
    endloop
  endfacet
  facet normal -0.896875 -0.442285 0
    outer loop
      vertex 0.304482 2.46927 24
      vertex 0.535898 2 2.5
      vertex 0.535898 2 24
    endloop
  endfacet
  facet normal 1 -0 0
    outer loop
      vertex 64 4 24
      vertex 64 45.8 2.5
      vertex 64 45.8 24
    endloop
  endfacet
  facet normal 1 0 0
    outer loop
      vertex 64 45.8 2.5
      vertex 64 4 24
      vertex 64 4 2.5
    endloop
  endfacet
  facet normal -0.195091 -0.980785 0
    outer loop
      vertex 2.96472 0.136296 2.5
      vertex 3.47789 0.0342197 24
      vertex 2.96472 0.136296 24
    endloop
  endfacet
  facet normal -0.195091 -0.980785 -0
    outer loop
      vertex 3.47789 0.0342197 24
      vertex 2.96472 0.136296 2.5
      vertex 3.47789 0.0342197 2.5
    endloop
  endfacet
  facet normal -0.946918 0.321474 0
    outer loop
      vertex 0.136296 46.8353 2.5
      vertex 0.304482 47.3307 24
      vertex 0.304482 47.3307 2.5
    endloop
  endfacet
  facet normal -0.946918 0.321474 0
    outer loop
      vertex 0.304482 47.3307 24
      vertex 0.136296 46.8353 2.5
      vertex 0.136296 46.8353 24
    endloop
  endfacet
  facet normal -0.980785 -0.195091 0
    outer loop
      vertex 0.136296 2.96472 2.5
      vertex 0.0342197 3.47789 24
      vertex 0.0342197 3.47789 2.5
    endloop
  endfacet
  facet normal -0.980785 -0.195091 0
    outer loop
      vertex 0.0342197 3.47789 24
      vertex 0.136296 2.96472 2.5
      vertex 0.136296 2.96472 24
    endloop
  endfacet
  facet normal -0.997859 -0.0654009 0
    outer loop
      vertex 0.0342197 3.47789 2.5
      vertex 0 4 24
      vertex 0 4 2.5
    endloop
  endfacet
  facet normal -0.997859 -0.0654009 0
    outer loop
      vertex 0 4 24
      vertex 0.0342197 3.47789 2.5
      vertex 0.0342197 3.47789 24
    endloop
  endfacet
  facet normal 0.751842 0.659343 0
    outer loop
      vertex 63.1734 48.235 24
      vertex 62.8284 48.6284 2.5
      vertex 62.8284 48.6284 24
    endloop
  endfacet
  facet normal 0.751842 0.659343 0
    outer loop
      vertex 62.8284 48.6284 2.5
      vertex 63.1734 48.235 24
      vertex 63.1734 48.235 2.5
    endloop
  endfacet
  facet normal 0.896898 0.442238 0
    outer loop
      vertex 63.6955 47.3307 24
      vertex 63.4641 47.8 2.5
      vertex 63.4641 47.8 24
    endloop
  endfacet
  facet normal 0.896898 0.442238 0
    outer loop
      vertex 63.4641 47.8 2.5
      vertex 63.6955 47.3307 24
      vertex 63.6955 47.3307 2.5
    endloop
  endfacet
  facet normal -0.751841 -0.659345 0
    outer loop
      vertex 1.17157 1.17157 2.5
      vertex 0.826586 1.56495 24
      vertex 0.826586 1.56495 2.5
    endloop
  endfacet
  facet normal -0.751841 -0.659345 0
    outer loop
      vertex 0.826586 1.56495 24
      vertex 1.17157 1.17157 2.5
      vertex 1.17157 1.17157 24
    endloop
  endfacet
  facet normal -0.946928 -0.321445 0
    outer loop
      vertex 0.304482 2.46927 2.5
      vertex 0.136296 2.96472 24
      vertex 0.136296 2.96472 2.5
    endloop
  endfacet
  facet normal -0.946928 -0.321445 0
    outer loop
      vertex 0.136296 2.96472 24
      vertex 0.304482 2.46927 2.5
      vertex 0.304482 2.46927 24
    endloop
  endfacet
  facet normal -0.0654009 -0.997859 0
    outer loop
      vertex 3.47789 0.0342197 2.5
      vertex 4 0 24
      vertex 3.47789 0.0342197 24
    endloop
  endfacet
  facet normal -0.0654009 -0.997859 -0
    outer loop
      vertex 4 0 24
      vertex 3.47789 0.0342197 2.5
      vertex 4 0 2.5
    endloop
  endfacet
  facet normal -0.44226 0.896887 0
    outer loop
      vertex 2.46927 49.4955 2.5
      vertex 2 49.2641 24
      vertex 2.46927 49.4955 24
    endloop
  endfacet
  facet normal -0.44226 0.896887 0
    outer loop
      vertex 2 49.2641 24
      vertex 2.46927 49.4955 2.5
      vertex 2 49.2641 2.5
    endloop
  endfacet
  facet normal -0.831443 0.55561 0
    outer loop
      vertex 0.535898 47.8 2.5
      vertex 0.826586 48.235 24
      vertex 0.826586 48.235 2.5
    endloop
  endfacet
  facet normal -0.831443 0.55561 0
    outer loop
      vertex 0.826586 48.235 24
      vertex 0.535898 47.8 2.5
      vertex 0.535898 47.8 24
    endloop
  endfacet
  facet normal -0.555566 -0.831472 0
    outer loop
      vertex 1.56495 0.826586 2.5
      vertex 2 0.535898 24
      vertex 1.56495 0.826586 24
    endloop
  endfacet
  facet normal -0.555566 -0.831472 -0
    outer loop
      vertex 2 0.535898 24
      vertex 1.56495 0.826586 2.5
      vertex 2 0.535898 2.5
    endloop
  endfacet
  facet normal 0.195124 0.980779 -0
    outer loop
      vertex 61.0353 49.6637 2.5
      vertex 60.5221 49.7658 24
      vertex 61.0353 49.6637 24
    endloop
  endfacet
  facet normal 0.195124 0.980779 0
    outer loop
      vertex 60.5221 49.7658 24
      vertex 61.0353 49.6637 2.5
      vertex 60.5221 49.7658 2.5
    endloop
  endfacet
  facet normal 0.751826 -0.659362 0
    outer loop
      vertex 62.8284 1.17157 24
      vertex 63.1734 1.56495 2.5
      vertex 63.1734 1.56495 24
    endloop
  endfacet
  facet normal 0.751826 -0.659362 0
    outer loop
      vertex 63.1734 1.56495 2.5
      vertex 62.8284 1.17157 24
      vertex 62.8284 1.17157 2.5
    endloop
  endfacet
  facet normal -0.321445 -0.946928 0
    outer loop
      vertex 2.46927 0.304482 2.5
      vertex 2.96472 0.136296 24
      vertex 2.46927 0.304482 24
    endloop
  endfacet
  facet normal -0.321445 -0.946928 -0
    outer loop
      vertex 2.96472 0.136296 24
      vertex 2.46927 0.304482 2.5
      vertex 2.96472 0.136296 2.5
    endloop
  endfacet
  facet normal 0.980776 -0.195135 0
    outer loop
      vertex 63.8637 2.96472 24
      vertex 63.9658 3.47789 2.5
      vertex 63.9658 3.47789 24
    endloop
  endfacet
  facet normal 0.980776 -0.195135 0
    outer loop
      vertex 63.9658 3.47789 2.5
      vertex 63.8637 2.96472 24
      vertex 63.8637 2.96472 2.5
    endloop
  endfacet
  facet normal 0.442238 0.896898 -0
    outer loop
      vertex 62 49.2641 2.5
      vertex 61.5307 49.4955 24
      vertex 62 49.2641 24
    endloop
  endfacet
  facet normal 0.442238 0.896898 0
    outer loop
      vertex 61.5307 49.4955 24
      vertex 62 49.2641 2.5
      vertex 61.5307 49.4955 2.5
    endloop
  endfacet
  facet normal 0.0654021 -0.997859 0
    outer loop
      vertex 60 0 2.5
      vertex 60.5221 0.0342197 24
      vertex 60 0 24
    endloop
  endfacet
  facet normal 0.0654021 -0.997859 0
    outer loop
      vertex 60.5221 0.0342197 24
      vertex 60 0 2.5
      vertex 60.5221 0.0342197 2.5
    endloop
  endfacet
  facet normal 0.94691 0.321498 0
    outer loop
      vertex 63.8637 46.8353 24
      vertex 63.6955 47.3307 2.5
      vertex 63.6955 47.3307 24
    endloop
  endfacet
  facet normal 0.94691 0.321498 0
    outer loop
      vertex 63.6955 47.3307 2.5
      vertex 63.8637 46.8353 24
      vertex 63.8637 46.8353 2.5
    endloop
  endfacet
  facet normal 0.980779 0.195124 0
    outer loop
      vertex 63.9658 46.3221 24
      vertex 63.8637 46.8353 2.5
      vertex 63.8637 46.8353 24
    endloop
  endfacet
  facet normal 0.980779 0.195124 0
    outer loop
      vertex 63.8637 46.8353 2.5
      vertex 63.9658 46.3221 24
      vertex 63.9658 46.3221 2.5
    endloop
  endfacet
  facet normal 0.321474 -0.946918 0
    outer loop
      vertex 61.0353 0.136296 2.5
      vertex 61.5307 0.304482 24
      vertex 61.0353 0.136296 24
    endloop
  endfacet
  facet normal 0.321474 -0.946918 0
    outer loop
      vertex 61.5307 0.304482 24
      vertex 61.0353 0.136296 2.5
      vertex 61.5307 0.304482 2.5
    endloop
  endfacet
  facet normal 0.831432 0.555626 0
    outer loop
      vertex 63.4641 47.8 24
      vertex 63.1734 48.235 2.5
      vertex 63.1734 48.235 24
    endloop
  endfacet
  facet normal 0.831432 0.555626 0
    outer loop
      vertex 63.1734 48.235 2.5
      vertex 63.4641 47.8 24
      vertex 63.4641 47.8 2.5
    endloop
  endfacet
  facet normal 0.55561 -0.831443 0
    outer loop
      vertex 62 0.535898 2.5
      vertex 62.435 0.826586 24
      vertex 62 0.535898 24
    endloop
  endfacet
  facet normal 0.55561 -0.831443 0
    outer loop
      vertex 62.435 0.826586 24
      vertex 62 0.535898 2.5
      vertex 62.435 0.826586 2.5
    endloop
  endfacet
  facet normal 0.659343 0.751842 -0
    outer loop
      vertex 62.8284 48.6284 2.5
      vertex 62.435 48.9734 24
      vertex 62.8284 48.6284 24
    endloop
  endfacet
  facet normal 0.659343 0.751842 0
    outer loop
      vertex 62.435 48.9734 24
      vertex 62.8284 48.6284 2.5
      vertex 62.435 48.9734 2.5
    endloop
  endfacet
  facet normal 0 0 1
    outer loop
      vertex 60 49.8 24
      vertex 64 45.8 24
      vertex 63.9658 46.3221 24
    endloop
  endfacet
  facet normal 0 0 1
    outer loop
      vertex 64 45.8 24
      vertex 60 49.8 24
      vertex 64 4 24
    endloop
  endfacet
  facet normal 0 0 1
    outer loop
      vertex 60 49.8 24
      vertex 63.9658 46.3221 24
      vertex 63.8637 46.8353 24
    endloop
  endfacet
  facet normal 0 0 1
    outer loop
      vertex 60 0 24
      vertex 64 4 24
      vertex 60 49.8 24
    endloop
  endfacet
  facet normal 0 0 1
    outer loop
      vertex 60 49.8 24
      vertex 63.8637 46.8353 24
      vertex 63.6955 47.3307 24
    endloop
  endfacet
  facet normal 0 0 1
    outer loop
      vertex 64 4 24
      vertex 60 0 24
      vertex 63.9658 3.47789 24
    endloop
  endfacet
  facet normal 0 0 1
    outer loop
      vertex 60 49.8 24
      vertex 63.6955 47.3307 24
      vertex 63.4641 47.8 24
    endloop
  endfacet
  facet normal 0 0 1
    outer loop
      vertex 63.9658 3.47789 24
      vertex 60 0 24
      vertex 63.8637 2.96472 24
    endloop
  endfacet
  facet normal 0 0 1
    outer loop
      vertex 60 49.8 24
      vertex 63.4641 47.8 24
      vertex 63.1734 48.235 24
    endloop
  endfacet
  facet normal 0 0 1
    outer loop
      vertex 63.8637 2.96472 24
      vertex 60 0 24
      vertex 63.6955 2.46927 24
    endloop
  endfacet
  facet normal 0 0 1
    outer loop
      vertex 60 49.8 24
      vertex 63.1734 48.235 24
      vertex 62.8284 48.6284 24
    endloop
  endfacet
  facet normal 0 0 1
    outer loop
      vertex 63.6955 2.46927 24
      vertex 60 0 24
      vertex 63.4641 2 24
    endloop
  endfacet
  facet normal 0 0 1
    outer loop
      vertex 60 49.8 24
      vertex 62.8284 48.6284 24
      vertex 62.435 48.9734 24
    endloop
  endfacet
  facet normal 0 0 1
    outer loop
      vertex 63.4641 2 24
      vertex 60 0 24
      vertex 63.1734 1.56495 24
    endloop
  endfacet
  facet normal 0 0 1
    outer loop
      vertex 60 49.8 24
      vertex 62.435 48.9734 24
      vertex 62 49.2641 24
    endloop
  endfacet
  facet normal 0 0 1
    outer loop
      vertex 63.1734 1.56495 24
      vertex 60 0 24
      vertex 62.8284 1.17157 24
    endloop
  endfacet
  facet normal 0 0 1
    outer loop
      vertex 60 49.8 24
      vertex 62 49.2641 24
      vertex 61.5307 49.4955 24
    endloop
  endfacet
  facet normal 0 0 1
    outer loop
      vertex 62.8284 1.17157 24
      vertex 60 0 24
      vertex 62.435 0.826586 24
    endloop
  endfacet
  facet normal 0 0 1
    outer loop
      vertex 60 49.8 24
      vertex 61.5307 49.4955 24
      vertex 61.0353 49.6637 24
    endloop
  endfacet
  facet normal 0 0 1
    outer loop
      vertex 62.435 0.826586 24
      vertex 60 0 24
      vertex 62 0.535898 24
    endloop
  endfacet
  facet normal 0 0 1
    outer loop
      vertex 60 49.8 24
      vertex 61.0353 49.6637 24
      vertex 60.5221 49.7658 24
    endloop
  endfacet
  facet normal 0 0 1
    outer loop
      vertex 62 0.535898 24
      vertex 60 0 24
      vertex 61.5307 0.304482 24
    endloop
  endfacet
  facet normal 0 0 1
    outer loop
      vertex 61.5307 0.304482 24
      vertex 60 0 24
      vertex 61.0353 0.136296 24
    endloop
  endfacet
  facet normal 0 0 1
    outer loop
      vertex 61.0353 0.136296 24
      vertex 60 0 24
      vertex 60.5221 0.0342197 24
    endloop
  endfacet
  facet normal -0 0 1
    outer loop
      vertex 4 49.8 24
      vertex 60 0 24
      vertex 60 49.8 24
    endloop
  endfacet
  facet normal 0 0 1
    outer loop
      vertex 4 49.8 24
      vertex 4 0 24
      vertex 60 0 24
    endloop
  endfacet
  facet normal 0 0 1
    outer loop
      vertex 0 45.8 24
      vertex 4 49.8 24
      vertex 3.47789 49.7658 24
    endloop
  endfacet
  facet normal 0 0 1
    outer loop
      vertex 4 49.8 24
      vertex 0 45.8 24
      vertex 4 0 24
    endloop
  endfacet
  facet normal 0 0 1
    outer loop
      vertex 0 45.8 24
      vertex 3.47789 49.7658 24
      vertex 2.96472 49.6637 24
    endloop
  endfacet
  facet normal -0 0 1
    outer loop
      vertex 0 4 24
      vertex 4 0 24
      vertex 0 45.8 24
    endloop
  endfacet
  facet normal 0 0 1
    outer loop
      vertex 0 45.8 24
      vertex 2.96472 49.6637 24
      vertex 2.46927 49.4955 24
    endloop
  endfacet
  facet normal 0 0 1
    outer loop
      vertex 4 0 24
      vertex 0 4 24
      vertex 3.47789 0.0342197 24
    endloop
  endfacet
  facet normal 0 0 1
    outer loop
      vertex 0 45.8 24
      vertex 2.46927 49.4955 24
      vertex 2 49.2641 24
    endloop
  endfacet
  facet normal 0 0 1
    outer loop
      vertex 3.47789 0.0342197 24
      vertex 0 4 24
      vertex 2.96472 0.136296 24
    endloop
  endfacet
  facet normal 0 0 1
    outer loop
      vertex 0 45.8 24
      vertex 2 49.2641 24
      vertex 1.56495 48.9734 24
    endloop
  endfacet
  facet normal 0 0 1
    outer loop
      vertex 2.96472 0.136296 24
      vertex 0 4 24
      vertex 2.46927 0.304482 24
    endloop
  endfacet
  facet normal 0 0 1
    outer loop
      vertex 0 45.8 24
      vertex 1.56495 48.9734 24
      vertex 1.17157 48.6284 24
    endloop
  endfacet
  facet normal 0 0 1
    outer loop
      vertex 2.46927 0.304482 24
      vertex 0 4 24
      vertex 2 0.535898 24
    endloop
  endfacet
  facet normal 0 0 1
    outer loop
      vertex 0 45.8 24
      vertex 1.17157 48.6284 24
      vertex 0.826586 48.235 24
    endloop
  endfacet
  facet normal 0 0 1
    outer loop
      vertex 2 0.535898 24
      vertex 0 4 24
      vertex 1.56495 0.826586 24
    endloop
  endfacet
  facet normal 0 0 1
    outer loop
      vertex 0 45.8 24
      vertex 0.826586 48.235 24
      vertex 0.535898 47.8 24
    endloop
  endfacet
  facet normal 0 0 1
    outer loop
      vertex 1.56495 0.826586 24
      vertex 0 4 24
      vertex 1.17157 1.17157 24
    endloop
  endfacet
  facet normal 0 0 1
    outer loop
      vertex 0 45.8 24
      vertex 0.535898 47.8 24
      vertex 0.304482 47.3307 24
    endloop
  endfacet
  facet normal 0 0 1
    outer loop
      vertex 1.17157 1.17157 24
      vertex 0 4 24
      vertex 0.826586 1.56495 24
    endloop
  endfacet
  facet normal 0 0 1
    outer loop
      vertex 0 45.8 24
      vertex 0.304482 47.3307 24
      vertex 0.136296 46.8353 24
    endloop
  endfacet
  facet normal 0 0 1
    outer loop
      vertex 0.826586 1.56495 24
      vertex 0 4 24
      vertex 0.535898 2 24
    endloop
  endfacet
  facet normal 0 0 1
    outer loop
      vertex 0 45.8 24
      vertex 0.136296 46.8353 24
      vertex 0.0342197 46.3221 24
    endloop
  endfacet
  facet normal 0 0 1
    outer loop
      vertex 0.535898 2 24
      vertex 0 4 24
      vertex 0.304482 2.46927 24
    endloop
  endfacet
  facet normal 0 0 1
    outer loop
      vertex 0.304482 2.46927 24
      vertex 0 4 24
      vertex 0.136296 2.96472 24
    endloop
  endfacet
  facet normal 0 0 1
    outer loop
      vertex 0.136296 2.96472 24
      vertex 0 4 24
      vertex 0.0342197 3.47789 24
    endloop
  endfacet
  facet normal 0.0653646 0.997861 -0
    outer loop
      vertex 60.5221 49.7658 2.5
      vertex 60 49.8 24
      vertex 60.5221 49.7658 24
    endloop
  endfacet
  facet normal 0.0653646 0.997861 0
    outer loop
      vertex 60 49.8 24
      vertex 60.5221 49.7658 2.5
      vertex 60 49.8 2.5
    endloop
  endfacet
  facet normal 0 0 -1
    outer loop
      vertex 25 0 2.5
      vertex 23.5 2.4 2.5
      vertex 25 2.4 2.5
    endloop
  endfacet
  facet normal 0 0 -1
    outer loop
      vertex 25 0 2.5
      vertex 16.5 2.4 2.5
      vertex 23.5 2.4 2.5
    endloop
  endfacet
  facet normal 0 0 -1
    outer loop
      vertex 4 0 2.5
      vertex 16.5 2.4 2.5
      vertex 25 0 2.5
    endloop
  endfacet
  facet normal 0 0 -1
    outer loop
      vertex 4 0 2.5
      vertex 4 2.4 2.5
      vertex 16.5 2.4 2.5
    endloop
  endfacet
  facet normal 0 0 -1
    outer loop
      vertex 4 0 2.5
      vertex 3.79116 2.41369 2.5
      vertex 4 2.4 2.5
    endloop
  endfacet
  facet normal 0 0 -1
    outer loop
      vertex 3.47789 0.0342197 2.5
      vertex 3.79116 2.41369 2.5
      vertex 4 0 2.5
    endloop
  endfacet
  facet normal -0 0 -1
    outer loop
      vertex 3.79116 2.41369 2.5
      vertex 3.47789 0.0342197 2.5
      vertex 3.58589 2.45452 2.5
    endloop
  endfacet
  facet normal 0 0 -1
    outer loop
      vertex 2.96472 0.136296 2.5
      vertex 3.58589 2.45452 2.5
      vertex 3.47789 0.0342197 2.5
    endloop
  endfacet
  facet normal -0 0 -1
    outer loop
      vertex 3.58589 2.45452 2.5
      vertex 2.96472 0.136296 2.5
      vertex 3.38771 2.52179 2.5
    endloop
  endfacet
  facet normal 0 0 -1
    outer loop
      vertex 2.46927 0.304482 2.5
      vertex 3.38771 2.52179 2.5
      vertex 2.96472 0.136296 2.5
    endloop
  endfacet
  facet normal -0 0 -1
    outer loop
      vertex 3.38771 2.52179 2.5
      vertex 2.46927 0.304482 2.5
      vertex 3.2 2.61436 2.5
    endloop
  endfacet
  facet normal 0 0 -1
    outer loop
      vertex 2 0.535898 2.5
      vertex 3.2 2.61436 2.5
      vertex 2.46927 0.304482 2.5
    endloop
  endfacet
  facet normal -0 0 -1
    outer loop
      vertex 3.2 2.61436 2.5
      vertex 2 0.535898 2.5
      vertex 3.02598 2.73063 2.5
    endloop
  endfacet
  facet normal 0 0 -1
    outer loop
      vertex 1.56495 0.826586 2.5
      vertex 3.02598 2.73063 2.5
      vertex 2 0.535898 2.5
    endloop
  endfacet
  facet normal -0 0 -1
    outer loop
      vertex 3.02598 2.73063 2.5
      vertex 1.56495 0.826586 2.5
      vertex 2.86863 2.86863 2.5
    endloop
  endfacet
  facet normal 0 0 -1
    outer loop
      vertex 1.17157 1.17157 2.5
      vertex 2.86863 2.86863 2.5
      vertex 1.56495 0.826586 2.5
    endloop
  endfacet
  facet normal -0 0 -1
    outer loop
      vertex 2.86863 2.86863 2.5
      vertex 1.17157 1.17157 2.5
      vertex 2.73063 3.02598 2.5
    endloop
  endfacet
  facet normal 0 0 -1
    outer loop
      vertex 0.826586 1.56495 2.5
      vertex 2.73063 3.02598 2.5
      vertex 1.17157 1.17157 2.5
    endloop
  endfacet
  facet normal -0 0 -1
    outer loop
      vertex 2.73063 3.02598 2.5
      vertex 0.826586 1.56495 2.5
      vertex 2.61436 3.2 2.5
    endloop
  endfacet
  facet normal -0 0 -1
    outer loop
      vertex 2.61436 3.2 2.5
      vertex 0.535898 2 2.5
      vertex 2.52179 3.38771 2.5
    endloop
  endfacet
  facet normal 0 0 -1
    outer loop
      vertex 0.535898 2 2.5
      vertex 2.61436 3.2 2.5
      vertex 0.826586 1.56495 2.5
    endloop
  endfacet
  facet normal 0 0 -1
    outer loop
      vertex 63.9658 3.47789 2.5
      vertex 61.5863 3.79116 2.5
      vertex 61.6 4 2.5
    endloop
  endfacet
  facet normal 0 0 -1
    outer loop
      vertex 62.435 0.826586 2.5
      vertex 61.5455 3.58589 2.5
      vertex 61.5863 3.79116 2.5
    endloop
  endfacet
  facet normal 0 0 -1
    outer loop
      vertex 60.8 2.61436 2.5
      vertex 62 0.535898 2.5
      vertex 61.5307 0.304482 2.5
    endloop
  endfacet
  facet normal 0 0 -1
    outer loop
      vertex 62.435 0.826586 2.5
      vertex 61.4782 3.38771 2.5
      vertex 61.5455 3.58589 2.5
    endloop
  endfacet
  facet normal 0 0 -1
    outer loop
      vertex 62.435 0.826586 2.5
      vertex 61.3856 3.2 2.5
      vertex 61.4782 3.38771 2.5
    endloop
  endfacet
  facet normal 0 0 -1
    outer loop
      vertex 62.435 0.826586 2.5
      vertex 61.2694 3.02598 2.5
      vertex 61.3856 3.2 2.5
    endloop
  endfacet
  facet normal 0 0 -1
    outer loop
      vertex 62.435 0.826586 2.5
      vertex 61.1314 2.86863 2.5
      vertex 61.2694 3.02598 2.5
    endloop
  endfacet
  facet normal 0 0 -1
    outer loop
      vertex 60.6123 2.52179 2.5
      vertex 61.5307 0.304482 2.5
      vertex 61.0353 0.136296 2.5
    endloop
  endfacet
  facet normal 0 0 -1
    outer loop
      vertex 62.435 0.826586 2.5
      vertex 60.974 2.73063 2.5
      vertex 61.1314 2.86863 2.5
    endloop
  endfacet
  facet normal 0 0 -1
    outer loop
      vertex 62 0.535898 2.5
      vertex 60.8 2.61436 2.5
      vertex 60.974 2.73063 2.5
    endloop
  endfacet
  facet normal 0 0 -1
    outer loop
      vertex 61.5307 0.304482 2.5
      vertex 60.6123 2.52179 2.5
      vertex 60.8 2.61436 2.5
    endloop
  endfacet
  facet normal 0 0 -1
    outer loop
      vertex 60.4141 2.45452 2.5
      vertex 61.0353 0.136296 2.5
      vertex 60.5221 0.0342197 2.5
    endloop
  endfacet
  facet normal 0 0 -1
    outer loop
      vertex 61.0353 0.136296 2.5
      vertex 60.4141 2.45452 2.5
      vertex 60.6123 2.52179 2.5
    endloop
  endfacet
  facet normal 0 0 -1
    outer loop
      vertex 60.5221 0.0342197 2.5
      vertex 60.2088 2.41369 2.5
      vertex 60.4141 2.45452 2.5
    endloop
  endfacet
  facet normal 0 0 -1
    outer loop
      vertex 60 0 2.5
      vertex 60.2088 2.41369 2.5
      vertex 60.5221 0.0342197 2.5
    endloop
  endfacet
  facet normal 0 0 -1
    outer loop
      vertex 60 0 2.5
      vertex 60 2.4 2.5
      vertex 60.2088 2.41369 2.5
    endloop
  endfacet
  facet normal 0 0 -1
    outer loop
      vertex 60 0 2.5
      vertex 55.5 2.4 2.5
      vertex 60 2.4 2.5
    endloop
  endfacet
  facet normal 0 0 -1
    outer loop
      vertex 60 0 2.5
      vertex 48.5 2.4 2.5
      vertex 55.5 2.4 2.5
    endloop
  endfacet
  facet normal 0 0 -1
    outer loop
      vertex 39 0 2.5
      vertex 48.5 2.4 2.5
      vertex 60 0 2.5
    endloop
  endfacet
  facet normal -0 0 -1
    outer loop
      vertex 48.5 2.4 2.5
      vertex 39 0 2.5
      vertex 39 2.4 2.5
    endloop
  endfacet
  facet normal 0 0 -1
    outer loop
      vertex 61.6 15.5 2.5
      vertex 62.7 34.3 2.5
      vertex 62.7 15.5 2.5
    endloop
  endfacet
  facet normal -0 0 -1
    outer loop
      vertex 62.7 34.3 2.5
      vertex 61.6 15.5 2.5
      vertex 61.6 34.3 2.5
    endloop
  endfacet
  facet normal 0 0 -1
    outer loop
      vertex 61.6 4 2.5
      vertex 64 4 2.5
      vertex 63.9658 3.47789 2.5
    endloop
  endfacet
  facet normal 0 0 -1
    outer loop
      vertex 64 4 2.5
      vertex 62.7 15.5 2.5
      vertex 64 45.8 2.5
    endloop
  endfacet
  facet normal 0 0 -1
    outer loop
      vertex 61.5863 3.79116 2.5
      vertex 63.9658 3.47789 2.5
      vertex 63.8637 2.96472 2.5
    endloop
  endfacet
  facet normal 0 0 -1
    outer loop
      vertex 62.7 34.3 2.5
      vertex 64 45.8 2.5
      vertex 62.7 15.5 2.5
    endloop
  endfacet
  facet normal 0 0 -1
    outer loop
      vertex 61.5863 3.79116 2.5
      vertex 63.8637 2.96472 2.5
      vertex 63.6955 2.46927 2.5
    endloop
  endfacet
  facet normal 0 0 -1
    outer loop
      vertex 62.7 41.3 2.5
      vertex 64 45.8 2.5
      vertex 62.7 34.3 2.5
    endloop
  endfacet
  facet normal 0 0 -1
    outer loop
      vertex 61.5863 3.79116 2.5
      vertex 63.6955 2.46927 2.5
      vertex 63.4641 2 2.5
    endloop
  endfacet
  facet normal 0 0 -1
    outer loop
      vertex 61.6 45.8 2.5
      vertex 64 45.8 2.5
      vertex 62.7 41.3 2.5
    endloop
  endfacet
  facet normal 0 0 -1
    outer loop
      vertex 61.5863 3.79116 2.5
      vertex 63.4641 2 2.5
      vertex 63.1734 1.56495 2.5
    endloop
  endfacet
  facet normal 0 0 -1
    outer loop
      vertex 64 45.8 2.5
      vertex 61.6 45.8 2.5
      vertex 63.9658 46.3221 2.5
    endloop
  endfacet
  facet normal 0 0 -1
    outer loop
      vertex 61.5863 3.79116 2.5
      vertex 63.1734 1.56495 2.5
      vertex 62.8284 1.17157 2.5
    endloop
  endfacet
  facet normal 0 0 -1
    outer loop
      vertex 61.5863 46.0088 2.5
      vertex 63.9658 46.3221 2.5
      vertex 61.6 45.8 2.5
    endloop
  endfacet
  facet normal 0 0 -1
    outer loop
      vertex 64 4 2.5
      vertex 62.7 8.5 2.5
      vertex 62.7 15.5 2.5
    endloop
  endfacet
  facet normal 0 0 -1
    outer loop
      vertex 61.5863 3.79116 2.5
      vertex 62.8284 1.17157 2.5
      vertex 62.435 0.826586 2.5
    endloop
  endfacet
  facet normal 0 0 -1
    outer loop
      vertex 60.974 2.73063 2.5
      vertex 62.435 0.826586 2.5
      vertex 62 0.535898 2.5
    endloop
  endfacet
  facet normal 0 0 -1
    outer loop
      vertex 64 4 2.5
      vertex 61.6 4 2.5
      vertex 62.7 8.5 2.5
    endloop
  endfacet
  facet normal -0 0 -1
    outer loop
      vertex 62.7 8.5 2.5
      vertex 61.6 4 2.5
      vertex 61.6 8.5 2.5
    endloop
  endfacet
  facet normal -0 0 -1
    outer loop
      vertex 63.9658 46.3221 2.5
      vertex 61.5863 46.0088 2.5
      vertex 63.8637 46.8353 2.5
    endloop
  endfacet
  facet normal 0 0 -1
    outer loop
      vertex 61.5455 46.2141 2.5
      vertex 63.8637 46.8353 2.5
      vertex 61.5863 46.0088 2.5
    endloop
  endfacet
  facet normal -0 0 -1
    outer loop
      vertex 63.8637 46.8353 2.5
      vertex 61.5455 46.2141 2.5
      vertex 63.6955 47.3307 2.5
    endloop
  endfacet
  facet normal 0 0 -1
    outer loop
      vertex 61.4782 46.4123 2.5
      vertex 63.6955 47.3307 2.5
      vertex 61.5455 46.2141 2.5
    endloop
  endfacet
  facet normal -0 0 -1
    outer loop
      vertex 63.6955 47.3307 2.5
      vertex 61.4782 46.4123 2.5
      vertex 63.4641 47.8 2.5
    endloop
  endfacet
  facet normal 0 0 -1
    outer loop
      vertex 61.6 45.8 2.5
      vertex 62.7 41.3 2.5
      vertex 61.6 41.3 2.5
    endloop
  endfacet
  facet normal 0 0 -1
    outer loop
      vertex 61.3856 46.6 2.5
      vertex 63.4641 47.8 2.5
      vertex 61.4782 46.4123 2.5
    endloop
  endfacet
  facet normal -0 0 -1
    outer loop
      vertex 63.4641 47.8 2.5
      vertex 61.3856 46.6 2.5
      vertex 63.1734 48.235 2.5
    endloop
  endfacet
  facet normal 0 0 -1
    outer loop
      vertex 61.2694 46.774 2.5
      vertex 63.1734 48.235 2.5
      vertex 61.3856 46.6 2.5
    endloop
  endfacet
  facet normal -0 0 -1
    outer loop
      vertex 63.1734 48.235 2.5
      vertex 61.2694 46.774 2.5
      vertex 62.8284 48.6284 2.5
    endloop
  endfacet
  facet normal 0 0 -1
    outer loop
      vertex 61.1314 46.9314 2.5
      vertex 62.8284 48.6284 2.5
      vertex 61.2694 46.774 2.5
    endloop
  endfacet
  facet normal -0 0 -1
    outer loop
      vertex 62.8284 48.6284 2.5
      vertex 61.1314 46.9314 2.5
      vertex 62.435 48.9734 2.5
    endloop
  endfacet
  facet normal 0 0 -1
    outer loop
      vertex 60.974 47.0694 2.5
      vertex 62.435 48.9734 2.5
      vertex 61.1314 46.9314 2.5
    endloop
  endfacet
  facet normal -0 0 -1
    outer loop
      vertex 62.435 48.9734 2.5
      vertex 60.974 47.0694 2.5
      vertex 62 49.2641 2.5
    endloop
  endfacet
  facet normal 0 0 -1
    outer loop
      vertex 60.8 47.1856 2.5
      vertex 62 49.2641 2.5
      vertex 60.974 47.0694 2.5
    endloop
  endfacet
  facet normal -0 0 -1
    outer loop
      vertex 62 49.2641 2.5
      vertex 60.8 47.1856 2.5
      vertex 61.5307 49.4955 2.5
    endloop
  endfacet
  facet normal 0 0 -1
    outer loop
      vertex 60.6123 47.2782 2.5
      vertex 61.5307 49.4955 2.5
      vertex 60.8 47.1856 2.5
    endloop
  endfacet
  facet normal -0 0 -1
    outer loop
      vertex 61.5307 49.4955 2.5
      vertex 60.6123 47.2782 2.5
      vertex 61.0353 49.6637 2.5
    endloop
  endfacet
  facet normal 0 0 -1
    outer loop
      vertex 60.4141 47.3455 2.5
      vertex 61.0353 49.6637 2.5
      vertex 60.6123 47.2782 2.5
    endloop
  endfacet
  facet normal -0 0 -1
    outer loop
      vertex 61.0353 49.6637 2.5
      vertex 60.4141 47.3455 2.5
      vertex 60.5221 49.7658 2.5
    endloop
  endfacet
  facet normal 0 0 -1
    outer loop
      vertex 60.2088 47.3863 2.5
      vertex 60.5221 49.7658 2.5
      vertex 60.4141 47.3455 2.5
    endloop
  endfacet
  facet normal 0 0 -1
    outer loop
      vertex 60 47.4 2.5
      vertex 60.5221 49.7658 2.5
      vertex 60.2088 47.3863 2.5
    endloop
  endfacet
  facet normal 0 0 -1
    outer loop
      vertex 60 47.4 2.5
      vertex 60 49.8 2.5
      vertex 60.5221 49.7658 2.5
    endloop
  endfacet
  facet normal 0 0 -1
    outer loop
      vertex 60 47.4 2.5
      vertex 4 49.8 2.5
      vertex 60 49.8 2.5
    endloop
  endfacet
  facet normal 0 0 -1
    outer loop
      vertex 4 47.4 2.5
      vertex 4 49.8 2.5
      vertex 60 47.4 2.5
    endloop
  endfacet
  facet normal 0 0 -1
    outer loop
      vertex 3.79116 47.3863 2.5
      vertex 4 49.8 2.5
      vertex 4 47.4 2.5
    endloop
  endfacet
  facet normal 0 0 -1
    outer loop
      vertex 3.47789 49.7658 2.5
      vertex 3.79116 47.3863 2.5
      vertex 3.58589 47.3455 2.5
    endloop
  endfacet
  facet normal 0 0 -1
    outer loop
      vertex 3.79116 47.3863 2.5
      vertex 3.47789 49.7658 2.5
      vertex 4 49.8 2.5
    endloop
  endfacet
  facet normal 0 0 -1
    outer loop
      vertex 2.96472 49.6637 2.5
      vertex 3.58589 47.3455 2.5
      vertex 3.38771 47.2782 2.5
    endloop
  endfacet
  facet normal 0 0 -1
    outer loop
      vertex 2.46927 49.4955 2.5
      vertex 3.38771 47.2782 2.5
      vertex 3.2 47.1856 2.5
    endloop
  endfacet
  facet normal 0 0 -1
    outer loop
      vertex 2 49.2641 2.5
      vertex 3.2 47.1856 2.5
      vertex 3.02598 47.0694 2.5
    endloop
  endfacet
  facet normal 0 0 -1
    outer loop
      vertex 3.58589 47.3455 2.5
      vertex 2.96472 49.6637 2.5
      vertex 3.47789 49.7658 2.5
    endloop
  endfacet
  facet normal 0 0 -1
    outer loop
      vertex 1.56495 48.9734 2.5
      vertex 3.02598 47.0694 2.5
      vertex 2.86863 46.9314 2.5
    endloop
  endfacet
  facet normal 0 0 -1
    outer loop
      vertex 1.17157 48.6284 2.5
      vertex 2.86863 46.9314 2.5
      vertex 2.73063 46.774 2.5
    endloop
  endfacet
  facet normal 0 0 -1
    outer loop
      vertex 0.826586 48.235 2.5
      vertex 2.73063 46.774 2.5
      vertex 2.61436 46.6 2.5
    endloop
  endfacet
  facet normal 0 0 -1
    outer loop
      vertex 0.535898 47.8 2.5
      vertex 2.61436 46.6 2.5
      vertex 2.52179 46.4123 2.5
    endloop
  endfacet
  facet normal 0 0 -1
    outer loop
      vertex 3.38771 47.2782 2.5
      vertex 2.46927 49.4955 2.5
      vertex 2.96472 49.6637 2.5
    endloop
  endfacet
  facet normal 0 0 -1
    outer loop
      vertex 0.304482 47.3307 2.5
      vertex 2.52179 46.4123 2.5
      vertex 2.45452 46.2141 2.5
    endloop
  endfacet
  facet normal 0 0 -1
    outer loop
      vertex 0.136296 46.8353 2.5
      vertex 2.45452 46.2141 2.5
      vertex 2.41369 46.0088 2.5
    endloop
  endfacet
  facet normal 0 0 -1
    outer loop
      vertex 0.0342197 46.3221 2.5
      vertex 2.41369 46.0088 2.5
      vertex 2.4 45.8 2.5
    endloop
  endfacet
  facet normal 0 0 -1
    outer loop
      vertex 3.2 47.1856 2.5
      vertex 2 49.2641 2.5
      vertex 2.46927 49.4955 2.5
    endloop
  endfacet
  facet normal 0 0 -1
    outer loop
      vertex 2.4 4 2.5
      vertex 0 4 2.5
      vertex 2.4 45.8 2.5
    endloop
  endfacet
  facet normal 0 0 -1
    outer loop
      vertex 0.304482 2.46927 2.5
      vertex 2.52179 3.38771 2.5
      vertex 0.535898 2 2.5
    endloop
  endfacet
  facet normal 0 0 -1
    outer loop
      vertex 0 45.8 2.5
      vertex 2.4 45.8 2.5
      vertex 0 4 2.5
    endloop
  endfacet
  facet normal -0 0 -1
    outer loop
      vertex 2.52179 3.38771 2.5
      vertex 0.304482 2.46927 2.5
      vertex 2.45452 3.58589 2.5
    endloop
  endfacet
  facet normal 0 -0 -1
    outer loop
      vertex 0.0342197 46.3221 2.5
      vertex 2.4 45.8 2.5
      vertex 0 45.8 2.5
    endloop
  endfacet
  facet normal 0 0 -1
    outer loop
      vertex 0.136296 2.96472 2.5
      vertex 2.45452 3.58589 2.5
      vertex 0.304482 2.46927 2.5
    endloop
  endfacet
  facet normal 0 0 -1
    outer loop
      vertex 3.02598 47.0694 2.5
      vertex 1.56495 48.9734 2.5
      vertex 2 49.2641 2.5
    endloop
  endfacet
  facet normal -0 0 -1
    outer loop
      vertex 2.45452 3.58589 2.5
      vertex 0.136296 2.96472 2.5
      vertex 2.41369 3.79116 2.5
    endloop
  endfacet
  facet normal 0 0 -1
    outer loop
      vertex 2.86863 46.9314 2.5
      vertex 1.17157 48.6284 2.5
      vertex 1.56495 48.9734 2.5
    endloop
  endfacet
  facet normal 0 0 -1
    outer loop
      vertex 0.0342197 3.47789 2.5
      vertex 2.41369 3.79116 2.5
      vertex 0.136296 2.96472 2.5
    endloop
  endfacet
  facet normal 0 0 -1
    outer loop
      vertex 2.73063 46.774 2.5
      vertex 0.826586 48.235 2.5
      vertex 1.17157 48.6284 2.5
    endloop
  endfacet
  facet normal -0 0 -1
    outer loop
      vertex 2.41369 3.79116 2.5
      vertex 0.0342197 3.47789 2.5
      vertex 2.4 4 2.5
    endloop
  endfacet
  facet normal 0 0 -1
    outer loop
      vertex 2.61436 46.6 2.5
      vertex 0.535898 47.8 2.5
      vertex 0.826586 48.235 2.5
    endloop
  endfacet
  facet normal -0 0 -1
    outer loop
      vertex 2.4 4 2.5
      vertex 0.0342197 3.47789 2.5
      vertex 0 4 2.5
    endloop
  endfacet
  facet normal 0 0 -1
    outer loop
      vertex 2.52179 46.4123 2.5
      vertex 0.304482 47.3307 2.5
      vertex 0.535898 47.8 2.5
    endloop
  endfacet
  facet normal 0 0 -1
    outer loop
      vertex 2.45452 46.2141 2.5
      vertex 0.136296 46.8353 2.5
      vertex 0.304482 47.3307 2.5
    endloop
  endfacet
  facet normal 0 0 -1
    outer loop
      vertex 2.41369 46.0088 2.5
      vertex 0.0342197 46.3221 2.5
      vertex 0.136296 46.8353 2.5
    endloop
  endfacet
  facet normal -0 0 1
    outer loop
      vertex 16.5 3.5 2.5
      vertex 23.5 2.4 2.5
      vertex 23.5 3.5 2.5
    endloop
  endfacet
  facet normal 0 0 1
    outer loop
      vertex 23.5 2.4 2.5
      vertex 16.5 3.5 2.5
      vertex 16.5 2.4 2.5
    endloop
  endfacet
  facet normal -0 0 1
    outer loop
      vertex 48.5 3.5 2.5
      vertex 55.5 2.4 2.5
      vertex 55.5 3.5 2.5
    endloop
  endfacet
  facet normal 0 0 1
    outer loop
      vertex 55.5 2.4 2.5
      vertex 48.5 3.5 2.5
      vertex 48.5 2.4 2.5
    endloop
  endfacet
  facet normal -0 0 1
    outer loop
      vertex 60.5 15.5 2.5
      vertex 61.6 8.5 2.5
      vertex 61.6 15.5 2.5
    endloop
  endfacet
  facet normal 0 0 1
    outer loop
      vertex 61.6 8.5 2.5
      vertex 60.5 15.5 2.5
      vertex 60.5 8.5 2.5
    endloop
  endfacet
  facet normal -0 0 1
    outer loop
      vertex 60.5 41.3 2.5
      vertex 61.6 34.3 2.5
      vertex 61.6 41.3 2.5
    endloop
  endfacet
  facet normal 0 0 1
    outer loop
      vertex 61.6 34.3 2.5
      vertex 60.5 41.3 2.5
      vertex 60.5 34.3 2.5
    endloop
  endfacet
  facet normal -1 0 0
    outer loop
      vertex 38 47.4 9.50833
      vertex 38 49.8 10.3583
      vertex 38 49.8 9.50833
    endloop
  endfacet
  facet normal -1 -0 0
    outer loop
      vertex 38 49.8 10.3583
      vertex 38 47.4 9.50833
      vertex 38 47.4 10.3583
    endloop
  endfacet
  facet normal 0 0 -1
    outer loop
      vertex 26 47.4 10.3583
      vertex 38 49.8 10.3583
      vertex 38 47.4 10.3583
    endloop
  endfacet
  facet normal -0 0 -1
    outer loop
      vertex 38 49.8 10.3583
      vertex 26 47.4 10.3583
      vertex 26 49.8 10.3583
    endloop
  endfacet
  facet normal -0 0 1
    outer loop
      vertex 26 49.8 9.50833
      vertex 38 47.4 9.50833
      vertex 38 49.8 9.50833
    endloop
  endfacet
  facet normal 0 0 1
    outer loop
      vertex 38 47.4 9.50833
      vertex 26 49.8 9.50833
      vertex 26 47.4 9.50833
    endloop
  endfacet
  facet normal 1 -0 0
    outer loop
      vertex 26 47.4 10.3583
      vertex 26 49.8 9.50833
      vertex 26 49.8 10.3583
    endloop
  endfacet
  facet normal 1 0 0
    outer loop
      vertex 26 49.8 9.50833
      vertex 26 47.4 10.3583
      vertex 26 47.4 9.50833
    endloop
  endfacet
  facet normal -1 0 0
    outer loop
      vertex 38 47.4 10.8417
      vertex 38 49.8 11.6917
      vertex 38 49.8 10.8417
    endloop
  endfacet
  facet normal -1 -0 0
    outer loop
      vertex 38 49.8 11.6917
      vertex 38 47.4 10.8417
      vertex 38 47.4 11.6917
    endloop
  endfacet
  facet normal 0 0 -1
    outer loop
      vertex 26 47.4 11.6917
      vertex 38 49.8 11.6917
      vertex 38 47.4 11.6917
    endloop
  endfacet
  facet normal -0 0 -1
    outer loop
      vertex 38 49.8 11.6917
      vertex 26 47.4 11.6917
      vertex 26 49.8 11.6917
    endloop
  endfacet
  facet normal -0 0 1
    outer loop
      vertex 26 49.8 10.8417
      vertex 38 47.4 10.8417
      vertex 38 49.8 10.8417
    endloop
  endfacet
  facet normal 0 0 1
    outer loop
      vertex 38 47.4 10.8417
      vertex 26 49.8 10.8417
      vertex 26 47.4 10.8417
    endloop
  endfacet
  facet normal 1 -0 0
    outer loop
      vertex 26 47.4 11.6917
      vertex 26 49.8 10.8417
      vertex 26 49.8 11.6917
    endloop
  endfacet
  facet normal 1 0 0
    outer loop
      vertex 26 49.8 10.8417
      vertex 26 47.4 11.6917
      vertex 26 47.4 10.8417
    endloop
  endfacet
  facet normal -1 0 0
    outer loop
      vertex 38 47.4 12.175
      vertex 38 49.8 13.025
      vertex 38 49.8 12.175
    endloop
  endfacet
  facet normal -1 -0 0
    outer loop
      vertex 38 49.8 13.025
      vertex 38 47.4 12.175
      vertex 38 47.4 13.025
    endloop
  endfacet
  facet normal 0 0 -1
    outer loop
      vertex 26 47.4 13.025
      vertex 38 49.8 13.025
      vertex 38 47.4 13.025
    endloop
  endfacet
  facet normal -0 0 -1
    outer loop
      vertex 38 49.8 13.025
      vertex 26 47.4 13.025
      vertex 26 49.8 13.025
    endloop
  endfacet
  facet normal -0 0 1
    outer loop
      vertex 26 49.8 12.175
      vertex 38 47.4 12.175
      vertex 38 49.8 12.175
    endloop
  endfacet
  facet normal 0 0 1
    outer loop
      vertex 38 47.4 12.175
      vertex 26 49.8 12.175
      vertex 26 47.4 12.175
    endloop
  endfacet
  facet normal 1 -0 0
    outer loop
      vertex 26 47.4 13.025
      vertex 26 49.8 12.175
      vertex 26 49.8 13.025
    endloop
  endfacet
  facet normal 1 0 0
    outer loop
      vertex 26 49.8 12.175
      vertex 26 47.4 13.025
      vertex 26 47.4 12.175
    endloop
  endfacet
  facet normal -1 0 0
    outer loop
      vertex 38 47.4 13.5083
      vertex 38 49.8 14.3583
      vertex 38 49.8 13.5083
    endloop
  endfacet
  facet normal -1 -0 0
    outer loop
      vertex 38 49.8 14.3583
      vertex 38 47.4 13.5083
      vertex 38 47.4 14.3583
    endloop
  endfacet
  facet normal 0 0 -1
    outer loop
      vertex 26 47.4 14.3583
      vertex 38 49.8 14.3583
      vertex 38 47.4 14.3583
    endloop
  endfacet
  facet normal -0 0 -1
    outer loop
      vertex 38 49.8 14.3583
      vertex 26 47.4 14.3583
      vertex 26 49.8 14.3583
    endloop
  endfacet
  facet normal -0 0 1
    outer loop
      vertex 26 49.8 13.5083
      vertex 38 47.4 13.5083
      vertex 38 49.8 13.5083
    endloop
  endfacet
  facet normal 0 0 1
    outer loop
      vertex 38 47.4 13.5083
      vertex 26 49.8 13.5083
      vertex 26 47.4 13.5083
    endloop
  endfacet
  facet normal 1 -0 0
    outer loop
      vertex 26 47.4 14.3583
      vertex 26 49.8 13.5083
      vertex 26 49.8 14.3583
    endloop
  endfacet
  facet normal 1 0 0
    outer loop
      vertex 26 49.8 13.5083
      vertex 26 47.4 14.3583
      vertex 26 47.4 13.5083
    endloop
  endfacet
  facet normal -1 0 0
    outer loop
      vertex 38 47.4 14.8417
      vertex 38 49.8 15.6917
      vertex 38 49.8 14.8417
    endloop
  endfacet
  facet normal -1 -0 0
    outer loop
      vertex 38 49.8 15.6917
      vertex 38 47.4 14.8417
      vertex 38 47.4 15.6917
    endloop
  endfacet
  facet normal 0 0 -1
    outer loop
      vertex 26 47.4 15.6917
      vertex 38 49.8 15.6917
      vertex 38 47.4 15.6917
    endloop
  endfacet
  facet normal -0 0 -1
    outer loop
      vertex 38 49.8 15.6917
      vertex 26 47.4 15.6917
      vertex 26 49.8 15.6917
    endloop
  endfacet
  facet normal -0 0 1
    outer loop
      vertex 26 49.8 14.8417
      vertex 38 47.4 14.8417
      vertex 38 49.8 14.8417
    endloop
  endfacet
  facet normal 0 0 1
    outer loop
      vertex 38 47.4 14.8417
      vertex 26 49.8 14.8417
      vertex 26 47.4 14.8417
    endloop
  endfacet
  facet normal 1 -0 0
    outer loop
      vertex 26 47.4 15.6917
      vertex 26 49.8 14.8417
      vertex 26 49.8 15.6917
    endloop
  endfacet
  facet normal 1 0 0
    outer loop
      vertex 26 49.8 14.8417
      vertex 26 47.4 15.6917
      vertex 26 47.4 14.8417
    endloop
  endfacet
  facet normal 0 0 -1
    outer loop
      vertex 0 11.1 13.4
      vertex 1.6 21.7 13.4
      vertex 1.6 11.1 13.4
    endloop
  endfacet
  facet normal -0 0 -1
    outer loop
      vertex 1.6 21.7 13.4
      vertex 0 11.1 13.4
      vertex 0 21.7 13.4
    endloop
  endfacet
  facet normal -0 0 1
    outer loop
      vertex 0 21.7 9.4
      vertex 1.6 11.1 9.4
      vertex 1.6 21.7 9.4
    endloop
  endfacet
  facet normal 0 0 1
    outer loop
      vertex 1.6 11.1 9.4
      vertex 0 21.7 9.4
      vertex 0 11.1 9.4
    endloop
  endfacet
  facet normal 0 -1 0
    outer loop
      vertex 0 21.7 9.4
      vertex 1.6 21.7 13.4
      vertex 0 21.7 13.4
    endloop
  endfacet
  facet normal 0 -1 -0
    outer loop
      vertex 1.6 21.7 13.4
      vertex 0 21.7 9.4
      vertex 1.6 21.7 9.4
    endloop
  endfacet
  facet normal 0 1 -0
    outer loop
      vertex 1.6 11.1 9.4
      vertex 0 11.1 13.4
      vertex 1.6 11.1 13.4
    endloop
  endfacet
  facet normal 0 1 0
    outer loop
      vertex 0 11.1 13.4
      vertex 1.6 11.1 9.4
      vertex 0 11.1 9.4
    endloop
  endfacet
  facet normal 0 0 -1
    outer loop
      vertex 1.6 9.9 14.4
      vertex 2.4 22.9 14.4
      vertex 2.4 9.9 14.4
    endloop
  endfacet
  facet normal -0 0 -1
    outer loop
      vertex 2.4 22.9 14.4
      vertex 1.6 9.9 14.4
      vertex 1.6 22.9 14.4
    endloop
  endfacet
  facet normal -0 0 1
    outer loop
      vertex 1.6 22.9 8.4
      vertex 2.4 9.9 8.4
      vertex 2.4 22.9 8.4
    endloop
  endfacet
  facet normal 0 0 1
    outer loop
      vertex 2.4 9.9 8.4
      vertex 1.6 22.9 8.4
      vertex 1.6 9.9 8.4
    endloop
  endfacet
  facet normal 1 0 0
    outer loop
      vertex 1.6 22.9 14.4
      vertex 1.6 21.7 13.4
      vertex 1.6 22.9 8.4
    endloop
  endfacet
  facet normal 1 0 0
    outer loop
      vertex 1.6 22.9 14.4
      vertex 1.6 11.1 13.4
      vertex 1.6 21.7 13.4
    endloop
  endfacet
  facet normal 1 0 0
    outer loop
      vertex 1.6 11.1 13.4
      vertex 1.6 9.9 14.4
      vertex 1.6 11.1 9.4
    endloop
  endfacet
  facet normal 1 -0 0
    outer loop
      vertex 1.6 9.9 14.4
      vertex 1.6 11.1 13.4
      vertex 1.6 22.9 14.4
    endloop
  endfacet
  facet normal 1 -0 0
    outer loop
      vertex 1.6 21.7 9.4
      vertex 1.6 22.9 8.4
      vertex 1.6 21.7 13.4
    endloop
  endfacet
  facet normal 1 -0 0
    outer loop
      vertex 1.6 11.1 9.4
      vertex 1.6 22.9 8.4
      vertex 1.6 21.7 9.4
    endloop
  endfacet
  facet normal 1 0 0
    outer loop
      vertex 1.6 11.1 9.4
      vertex 1.6 9.9 8.4
      vertex 1.6 22.9 8.4
    endloop
  endfacet
  facet normal 1 0 0
    outer loop
      vertex 1.6 9.9 8.4
      vertex 1.6 11.1 9.4
      vertex 1.6 9.9 14.4
    endloop
  endfacet
  facet normal 0 -1 0
    outer loop
      vertex 1.6 22.9 8.4
      vertex 2.4 22.9 14.4
      vertex 1.6 22.9 14.4
    endloop
  endfacet
  facet normal 0 -1 -0
    outer loop
      vertex 2.4 22.9 14.4
      vertex 1.6 22.9 8.4
      vertex 2.4 22.9 8.4
    endloop
  endfacet
  facet normal 0 1 -0
    outer loop
      vertex 2.4 9.9 8.4
      vertex 1.6 9.9 14.4
      vertex 2.4 9.9 14.4
    endloop
  endfacet
  facet normal 0 1 0
    outer loop
      vertex 1.6 9.9 14.4
      vertex 2.4 9.9 8.4
      vertex 1.6 9.9 8.4
    endloop
  endfacet
  facet normal -0.980813 0.194949 0
    outer loop
      vertex 61.5455 3.58589 2.5
      vertex 61.5863 3.79116 21.61
      vertex 61.5863 3.79116 2.5
    endloop
  endfacet
  facet normal -0.980813 0.194949 0
    outer loop
      vertex 61.5863 3.79116 21.61
      vertex 61.5455 3.58589 2.5
      vertex 61.5455 3.58589 21.61
    endloop
  endfacet
  facet normal -0.831609 -0.555362 0
    outer loop
      vertex 61.3856 46.6 2.5
      vertex 61.2694 46.774 21.61
      vertex 61.2694 46.774 2.5
    endloop
  endfacet
  facet normal -0.831609 -0.555362 0
    outer loop
      vertex 61.2694 46.774 21.61
      vertex 61.3856 46.6 2.5
      vertex 61.3856 46.6 21.61
    endloop
  endfacet
  facet normal 0.44241 -0.896813 0
    outer loop
      vertex 3.2 47.1856 2.5
      vertex 3.38771 47.2782 21.61
      vertex 3.2 47.1856 21.61
    endloop
  endfacet
  facet normal 0.44241 -0.896813 0
    outer loop
      vertex 3.38771 47.2782 21.61
      vertex 3.2 47.1856 2.5
      vertex 3.38771 47.2782 2.5
    endloop
  endfacet
  facet normal 0.321555 -0.946891 0
    outer loop
      vertex 3.38771 47.2782 2.5
      vertex 3.58589 47.3455 21.61
      vertex 3.38771 47.2782 21.61
    endloop
  endfacet
  facet normal 0.321555 -0.946891 0
    outer loop
      vertex 3.58589 47.3455 21.61
      vertex 3.38771 47.2782 2.5
      vertex 3.58589 47.3455 2.5
    endloop
  endfacet
  facet normal -0.980819 -0.194922 0
    outer loop
      vertex 61.5863 46.0088 2.5
      vertex 61.5455 46.2141 21.61
      vertex 61.5455 46.2141 2.5
    endloop
  endfacet
  facet normal -0.980819 -0.194922 0
    outer loop
      vertex 61.5455 46.2141 21.61
      vertex 61.5863 46.0088 2.5
      vertex 61.5863 46.0088 21.61
    endloop
  endfacet
  facet normal -0.555593 0.831454 0
    outer loop
      vertex 60.974 2.73063 2.5
      vertex 60.8 2.61436 21.61
      vertex 60.974 2.73063 21.61
    endloop
  endfacet
  facet normal -0.555593 0.831454 0
    outer loop
      vertex 60.8 2.61436 21.61
      vertex 60.974 2.73063 2.5
      vertex 60.8 2.61436 2.5
    endloop
  endfacet
  facet normal -1 0 0
    outer loop
      vertex 61.6 41.3 2.5
      vertex 61.6 45.8 21.61
      vertex 61.6 45.8 2.5
    endloop
  endfacet
  facet normal -1 0 0
    outer loop
      vertex 61.6 34.3 2.5
      vertex 61.6 45.8 21.61
      vertex 61.6 41.3 2.5
    endloop
  endfacet
  facet normal -1 0 0
    outer loop
      vertex 61.6 15.5 2.5
      vertex 61.6 45.8 21.61
      vertex 61.6 34.3 2.5
    endloop
  endfacet
  facet normal -1 0 0
    outer loop
      vertex 61.6 4 21.61
      vertex 61.6 15.5 2.5
      vertex 61.6 8.5 2.5
    endloop
  endfacet
  facet normal -1 0 0
    outer loop
      vertex 61.6 4 21.61
      vertex 61.6 8.5 2.5
      vertex 61.6 4 2.5
    endloop
  endfacet
  facet normal -1 0 0
    outer loop
      vertex 61.6 15.5 2.5
      vertex 61.6 4 21.61
      vertex 61.6 45.8 21.61
    endloop
  endfacet
  facet normal -0.997855 0.0654598 0
    outer loop
      vertex 61.5863 3.79116 2.5
      vertex 61.6 4 21.61
      vertex 61.6 4 2.5
    endloop
  endfacet
  facet normal -0.997855 0.0654598 0
    outer loop
      vertex 61.6 4 21.61
      vertex 61.5863 3.79116 2.5
      vertex 61.5863 3.79116 21.61
    endloop
  endfacet
  facet normal -0.896813 0.44241 0
    outer loop
      vertex 61.3856 3.2 2.5
      vertex 61.4782 3.38771 21.61
      vertex 61.4782 3.38771 2.5
    endloop
  endfacet
  facet normal -0.896813 0.44241 0
    outer loop
      vertex 61.4782 3.38771 21.61
      vertex 61.3856 3.2 2.5
      vertex 61.3856 3.2 21.61
    endloop
  endfacet
  facet normal 0.0654598 -0.997855 0
    outer loop
      vertex 3.79116 47.3863 2.5
      vertex 4 47.4 21.61
      vertex 3.79116 47.3863 21.61
    endloop
  endfacet
  facet normal 0.0654598 -0.997855 0
    outer loop
      vertex 4 47.4 21.61
      vertex 3.79116 47.3863 2.5
      vertex 4 47.4 2.5
    endloop
  endfacet
  facet normal 0.831484 0.555549 0
    outer loop
      vertex 2.73063 3.02598 21.61
      vertex 2.61436 3.2 2.5
      vertex 2.61436 3.2 21.61
    endloop
  endfacet
  facet normal 0.831484 0.555549 0
    outer loop
      vertex 2.61436 3.2 2.5
      vertex 2.73063 3.02598 21.61
      vertex 2.73063 3.02598 2.5
    endloop
  endfacet
  facet normal 0 -1 0
    outer loop
      vertex 4 47.4 21.61
      vertex 26 47.4 15.6917
      vertex 60 47.4 21.61
    endloop
  endfacet
  facet normal 0 -1 0
    outer loop
      vertex 4 47.4 21.61
      vertex 26 47.4 14.8417
      vertex 26 47.4 15.6917
    endloop
  endfacet
  facet normal 0 -1 0
    outer loop
      vertex 26 47.4 14.8417
      vertex 26 47.4 14.3583
      vertex 38 47.4 14.8417
    endloop
  endfacet
  facet normal 0 -1 0
    outer loop
      vertex 4 47.4 21.61
      vertex 26 47.4 14.3583
      vertex 26 47.4 14.8417
    endloop
  endfacet
  facet normal 0 -1 0
    outer loop
      vertex 4 47.4 21.61
      vertex 26 47.4 13.5083
      vertex 26 47.4 14.3583
    endloop
  endfacet
  facet normal 0 -1 0
    outer loop
      vertex 26 47.4 13.5083
      vertex 26 47.4 13.025
      vertex 38 47.4 13.5083
    endloop
  endfacet
  facet normal 0 -1 0
    outer loop
      vertex 4 47.4 21.61
      vertex 26 47.4 13.025
      vertex 26 47.4 13.5083
    endloop
  endfacet
  facet normal 0 -1 0
    outer loop
      vertex 4 47.4 21.61
      vertex 26 47.4 12.175
      vertex 26 47.4 13.025
    endloop
  endfacet
  facet normal 0 -1 0
    outer loop
      vertex 26 47.4 12.175
      vertex 26 47.4 11.6917
      vertex 38 47.4 12.175
    endloop
  endfacet
  facet normal 0 -1 0
    outer loop
      vertex 4 47.4 21.61
      vertex 26 47.4 11.6917
      vertex 26 47.4 12.175
    endloop
  endfacet
  facet normal 0 -1 0
    outer loop
      vertex 4 47.4 2.5
      vertex 26 47.4 11.6917
      vertex 4 47.4 21.61
    endloop
  endfacet
  facet normal 0 -1 0
    outer loop
      vertex 26 47.4 10.8417
      vertex 26 47.4 10.3583
      vertex 38 47.4 10.8417
    endloop
  endfacet
  facet normal 0 -1 -0
    outer loop
      vertex 26 47.4 11.6917
      vertex 4 47.4 2.5
      vertex 26 47.4 10.8417
    endloop
  endfacet
  facet normal 0 -1 -0
    outer loop
      vertex 26 47.4 10.8417
      vertex 4 47.4 2.5
      vertex 26 47.4 10.3583
    endloop
  endfacet
  facet normal 0 -1 -0
    outer loop
      vertex 26 47.4 9.50833
      vertex 4 47.4 2.5
      vertex 38 47.4 9.50833
    endloop
  endfacet
  facet normal 0 -1 -0
    outer loop
      vertex 26 47.4 10.3583
      vertex 4 47.4 2.5
      vertex 26 47.4 9.50833
    endloop
  endfacet
  facet normal 0 -1 0
    outer loop
      vertex 38 47.4 15.6917
      vertex 60 47.4 21.61
      vertex 26 47.4 15.6917
    endloop
  endfacet
  facet normal 0 -1 0
    outer loop
      vertex 38 47.4 14.8417
      vertex 60 47.4 21.61
      vertex 38 47.4 15.6917
    endloop
  endfacet
  facet normal 0 -1 0
    outer loop
      vertex 38 47.4 14.3583
      vertex 38 47.4 14.8417
      vertex 26 47.4 14.3583
    endloop
  endfacet
  facet normal 0 -1 0
    outer loop
      vertex 38 47.4 14.3583
      vertex 60 47.4 21.61
      vertex 38 47.4 14.8417
    endloop
  endfacet
  facet normal 0 -1 0
    outer loop
      vertex 38 47.4 13.5083
      vertex 60 47.4 21.61
      vertex 38 47.4 14.3583
    endloop
  endfacet
  facet normal 0 -1 0
    outer loop
      vertex 38 47.4 13.025
      vertex 38 47.4 13.5083
      vertex 26 47.4 13.025
    endloop
  endfacet
  facet normal 0 -1 0
    outer loop
      vertex 38 47.4 13.025
      vertex 60 47.4 21.61
      vertex 38 47.4 13.5083
    endloop
  endfacet
  facet normal 0 -1 0
    outer loop
      vertex 38 47.4 12.175
      vertex 60 47.4 21.61
      vertex 38 47.4 13.025
    endloop
  endfacet
  facet normal 0 -1 0
    outer loop
      vertex 38 47.4 11.6917
      vertex 38 47.4 12.175
      vertex 26 47.4 11.6917
    endloop
  endfacet
  facet normal 0 -1 0
    outer loop
      vertex 38 47.4 11.6917
      vertex 60 47.4 21.61
      vertex 38 47.4 12.175
    endloop
  endfacet
  facet normal 0 -1 0
    outer loop
      vertex 60 47.4 2.5
      vertex 38 47.4 11.6917
      vertex 38 47.4 10.8417
    endloop
  endfacet
  facet normal 0 -1 0
    outer loop
      vertex 38 47.4 10.3583
      vertex 38 47.4 10.8417
      vertex 26 47.4 10.3583
    endloop
  endfacet
  facet normal 0 -1 0
    outer loop
      vertex 60 47.4 2.5
      vertex 38 47.4 10.8417
      vertex 38 47.4 10.3583
    endloop
  endfacet
  facet normal 0 -1 0
    outer loop
      vertex 60 47.4 2.5
      vertex 38 47.4 10.3583
      vertex 38 47.4 9.50833
    endloop
  endfacet
  facet normal 0 -1 0
    outer loop
      vertex 38 47.4 11.6917
      vertex 60 47.4 2.5
      vertex 60 47.4 21.61
    endloop
  endfacet
  facet normal 0 -1 0
    outer loop
      vertex 60 47.4 2.5
      vertex 38 47.4 9.50833
      vertex 4 47.4 2.5
    endloop
  endfacet
  facet normal -0.194922 -0.980819 0
    outer loop
      vertex 60.2088 47.3863 2.5
      vertex 60.4141 47.3455 21.61
      vertex 60.2088 47.3863 21.61
    endloop
  endfacet
  facet normal -0.194922 -0.980819 -0
    outer loop
      vertex 60.4141 47.3455 21.61
      vertex 60.2088 47.3863 2.5
      vertex 60.4141 47.3455 2.5
    endloop
  endfacet
  facet normal -0.0654247 0.997858 0
    outer loop
      vertex 60.2088 2.41369 2.5
      vertex 60 2.4 21.61
      vertex 60.2088 2.41369 21.61
    endloop
  endfacet
  facet normal -0.0654247 0.997858 0
    outer loop
      vertex 60 2.4 21.61
      vertex 60.2088 2.41369 2.5
      vertex 60 2.4 2.5
    endloop
  endfacet
  facet normal 0 1 0
    outer loop
      vertex 60 2.4 21.61
      vertex 39 2.4 4.95
      vertex 4 2.4 21.61
    endloop
  endfacet
  facet normal 0 1 0
    outer loop
      vertex 55.5 2.4 2.5
      vertex 60 2.4 21.61
      vertex 60 2.4 2.5
    endloop
  endfacet
  facet normal 0 1 0
    outer loop
      vertex 48.5 2.4 2.5
      vertex 60 2.4 21.61
      vertex 55.5 2.4 2.5
    endloop
  endfacet
  facet normal 0 1 0
    outer loop
      vertex 60 2.4 21.61
      vertex 48.5 2.4 2.5
      vertex 39 2.4 4.95
    endloop
  endfacet
  facet normal 0 1 0
    outer loop
      vertex 39 2.4 4.95
      vertex 48.5 2.4 2.5
      vertex 39 2.4 2.5
    endloop
  endfacet
  facet normal 0 1 -0
    outer loop
      vertex 25 2.4 4.95
      vertex 4 2.4 21.61
      vertex 39 2.4 4.95
    endloop
  endfacet
  facet normal 0 1 0
    outer loop
      vertex 23.5 2.4 2.5
      vertex 25 2.4 4.95
      vertex 25 2.4 2.5
    endloop
  endfacet
  facet normal 0 1 0
    outer loop
      vertex 16.5 2.4 2.5
      vertex 25 2.4 4.95
      vertex 23.5 2.4 2.5
    endloop
  endfacet
  facet normal 0 1 0
    outer loop
      vertex 25 2.4 4.95
      vertex 16.5 2.4 2.5
      vertex 4 2.4 21.61
    endloop
  endfacet
  facet normal 0 1 0
    outer loop
      vertex 4 2.4 21.61
      vertex 16.5 2.4 2.5
      vertex 4 2.4 2.5
    endloop
  endfacet
  facet normal -0.751821 0.659367 0
    outer loop
      vertex 61.1314 2.86863 2.5
      vertex 61.2694 3.02598 21.61
      vertex 61.2694 3.02598 2.5
    endloop
  endfacet
  facet normal -0.751821 0.659367 0
    outer loop
      vertex 61.2694 3.02598 21.61
      vertex 61.1314 2.86863 2.5
      vertex 61.1314 2.86863 21.61
    endloop
  endfacet
  facet normal 0.659367 -0.751821 0
    outer loop
      vertex 2.86863 46.9314 2.5
      vertex 3.02598 47.0694 21.61
      vertex 2.86863 46.9314 21.61
    endloop
  endfacet
  facet normal 0.659367 -0.751821 0
    outer loop
      vertex 3.02598 47.0694 21.61
      vertex 2.86863 46.9314 2.5
      vertex 3.02598 47.0694 2.5
    endloop
  endfacet
  facet normal -0.946901 -0.321526 0
    outer loop
      vertex 61.5455 46.2141 2.5
      vertex 61.4782 46.4123 21.61
      vertex 61.4782 46.4123 2.5
    endloop
  endfacet
  facet normal -0.946901 -0.321526 0
    outer loop
      vertex 61.4782 46.4123 21.61
      vertex 61.5455 46.2141 2.5
      vertex 61.5455 46.2141 21.61
    endloop
  endfacet
  facet normal 0.555318 -0.831638 0
    outer loop
      vertex 3.02598 47.0694 2.5
      vertex 3.2 47.1856 21.61
      vertex 3.02598 47.0694 21.61
    endloop
  endfacet
  facet normal 0.555318 -0.831638 0
    outer loop
      vertex 3.2 47.1856 21.61
      vertex 3.02598 47.0694 2.5
      vertex 3.2 47.1856 2.5
    endloop
  endfacet
  facet normal -0.946891 0.321555 0
    outer loop
      vertex 61.4782 3.38771 2.5
      vertex 61.5455 3.58589 21.61
      vertex 61.5455 3.58589 2.5
    endloop
  endfacet
  facet normal -0.946891 0.321555 0
    outer loop
      vertex 61.5455 3.58589 21.61
      vertex 61.4782 3.38771 2.5
      vertex 61.4782 3.38771 21.61
    endloop
  endfacet
  facet normal 0.0654122 0.997858 -0
    outer loop
      vertex 4 2.4 2.5
      vertex 3.79116 2.41369 21.61
      vertex 4 2.4 21.61
    endloop
  endfacet
  facet normal 0.0654122 0.997858 0
    outer loop
      vertex 3.79116 2.41369 21.61
      vertex 4 2.4 2.5
      vertex 3.79116 2.41369 2.5
    endloop
  endfacet
  facet normal 1 0 0
    outer loop
      vertex 2.4 45.8 21.61
      vertex 2.4 22.9 14.4
      vertex 2.4 45.8 2.5
    endloop
  endfacet
  facet normal 1 -0 0
    outer loop
      vertex 2.4 4 21.61
      vertex 2.4 22.9 14.4
      vertex 2.4 45.8 21.61
    endloop
  endfacet
  facet normal 1 0 0
    outer loop
      vertex 2.4 4 2.5
      vertex 2.4 9.9 14.4
      vertex 2.4 4 21.61
    endloop
  endfacet
  facet normal 1 0 0
    outer loop
      vertex 2.4 22.9 14.4
      vertex 2.4 4 21.61
      vertex 2.4 9.9 14.4
    endloop
  endfacet
  facet normal 1 -0 0
    outer loop
      vertex 2.4 22.9 8.4
      vertex 2.4 45.8 2.5
      vertex 2.4 22.9 14.4
    endloop
  endfacet
  facet normal 1 0 0
    outer loop
      vertex 2.4 4 2.5
      vertex 2.4 22.9 8.4
      vertex 2.4 9.9 8.4
    endloop
  endfacet
  facet normal 1 0 0
    outer loop
      vertex 2.4 22.9 8.4
      vertex 2.4 4 2.5
      vertex 2.4 45.8 2.5
    endloop
  endfacet
  facet normal 1 0 0
    outer loop
      vertex 2.4 9.9 14.4
      vertex 2.4 4 2.5
      vertex 2.4 9.9 8.4
    endloop
  endfacet
  facet normal 0.946935 0.321426 0
    outer loop
      vertex 2.52179 3.38771 21.61
      vertex 2.45452 3.58589 2.5
      vertex 2.45452 3.58589 21.61
    endloop
  endfacet
  facet normal 0.946935 0.321426 0
    outer loop
      vertex 2.45452 3.58589 2.5
      vertex 2.52179 3.38771 21.61
      vertex 2.52179 3.38771 2.5
    endloop
  endfacet
  facet normal -0.659248 0.751925 0
    outer loop
      vertex 61.1314 2.86863 2.5
      vertex 60.974 2.73063 21.61
      vertex 61.1314 2.86863 21.61
    endloop
  endfacet
  facet normal -0.659248 0.751925 0
    outer loop
      vertex 60.974 2.73063 21.61
      vertex 61.1314 2.86863 2.5
      vertex 60.974 2.73063 2.5
    endloop
  endfacet
  facet normal 0.997858 0.0654122 0
    outer loop
      vertex 2.41369 3.79116 21.61
      vertex 2.4 4 2.5
      vertex 2.4 4 21.61
    endloop
  endfacet
  facet normal 0.997858 0.0654122 0
    outer loop
      vertex 2.4 4 2.5
      vertex 2.41369 3.79116 21.61
      vertex 2.41369 3.79116 2.5
    endloop
  endfacet
  facet normal 0.194949 -0.980813 0
    outer loop
      vertex 3.58589 47.3455 2.5
      vertex 3.79116 47.3863 21.61
      vertex 3.58589 47.3455 21.61
    endloop
  endfacet
  facet normal 0.194949 -0.980813 0
    outer loop
      vertex 3.79116 47.3863 21.61
      vertex 3.58589 47.3455 2.5
      vertex 3.79116 47.3863 2.5
    endloop
  endfacet
  facet normal 0.659367 0.751821 -0
    outer loop
      vertex 3.02598 2.73063 2.5
      vertex 2.86863 2.86863 21.61
      vertex 3.02598 2.73063 21.61
    endloop
  endfacet
  facet normal 0.659367 0.751821 0
    outer loop
      vertex 2.86863 2.86863 21.61
      vertex 3.02598 2.73063 2.5
      vertex 2.86863 2.86863 2.5
    endloop
  endfacet
  facet normal 0.321426 0.946935 -0
    outer loop
      vertex 3.58589 2.45452 2.5
      vertex 3.38771 2.52179 21.61
      vertex 3.58589 2.45452 21.61
    endloop
  endfacet
  facet normal 0.321426 0.946935 0
    outer loop
      vertex 3.38771 2.52179 21.61
      vertex 3.58589 2.45452 2.5
      vertex 3.38771 2.52179 2.5
    endloop
  endfacet
  facet normal -0.321397 0.946944 0
    outer loop
      vertex 60.6123 2.52179 2.5
      vertex 60.4141 2.45452 21.61
      vertex 60.6123 2.52179 21.61
    endloop
  endfacet
  facet normal -0.321397 0.946944 0
    outer loop
      vertex 60.4141 2.45452 21.61
      vertex 60.6123 2.52179 2.5
      vertex 60.4141 2.45452 2.5
    endloop
  endfacet
  facet normal -0.659248 -0.751925 0
    outer loop
      vertex 60.974 47.0694 2.5
      vertex 61.1314 46.9314 21.61
      vertex 60.974 47.0694 21.61
    endloop
  endfacet
  facet normal -0.659248 -0.751925 -0
    outer loop
      vertex 61.1314 46.9314 21.61
      vertex 60.974 47.0694 2.5
      vertex 61.1314 46.9314 2.5
    endloop
  endfacet
  facet normal 0.89686 -0.442314 0
    outer loop
      vertex 2.52179 46.4123 21.61
      vertex 2.61436 46.6 2.5
      vertex 2.61436 46.6 21.61
    endloop
  endfacet
  facet normal 0.89686 -0.442314 0
    outer loop
      vertex 2.61436 46.6 2.5
      vertex 2.52179 46.4123 21.61
      vertex 2.52179 46.4123 2.5
    endloop
  endfacet
  facet normal -0.442314 0.89686 0
    outer loop
      vertex 60.8 2.61436 2.5
      vertex 60.6123 2.52179 21.61
      vertex 60.8 2.61436 21.61
    endloop
  endfacet
  facet normal -0.442314 0.89686 0
    outer loop
      vertex 60.6123 2.52179 21.61
      vertex 60.8 2.61436 2.5
      vertex 60.6123 2.52179 2.5
    endloop
  endfacet
  facet normal -0.831638 0.555318 0
    outer loop
      vertex 61.2694 3.02598 2.5
      vertex 61.3856 3.2 21.61
      vertex 61.3856 3.2 2.5
    endloop
  endfacet
  facet normal -0.831638 0.555318 0
    outer loop
      vertex 61.3856 3.2 21.61
      vertex 61.2694 3.02598 2.5
      vertex 61.2694 3.02598 21.61
    endloop
  endfacet
  facet normal 0.980791 -0.195059 0
    outer loop
      vertex 2.41369 46.0088 21.61
      vertex 2.45452 46.2141 2.5
      vertex 2.45452 46.2141 21.61
    endloop
  endfacet
  facet normal 0.980791 -0.195059 0
    outer loop
      vertex 2.45452 46.2141 2.5
      vertex 2.41369 46.0088 21.61
      vertex 2.41369 46.0088 2.5
    endloop
  endfacet
  facet normal 0.751925 -0.659248 0
    outer loop
      vertex 2.73063 46.774 21.61
      vertex 2.86863 46.9314 2.5
      vertex 2.86863 46.9314 21.61
    endloop
  endfacet
  facet normal 0.751925 -0.659248 0
    outer loop
      vertex 2.86863 46.9314 2.5
      vertex 2.73063 46.774 21.61
      vertex 2.73063 46.774 2.5
    endloop
  endfacet
  facet normal 0.980786 0.195087 0
    outer loop
      vertex 2.45452 3.58589 21.61
      vertex 2.41369 3.79116 2.5
      vertex 2.41369 3.79116 21.61
    endloop
  endfacet
  facet normal 0.980786 0.195087 0
    outer loop
      vertex 2.41369 3.79116 2.5
      vertex 2.45452 3.58589 21.61
      vertex 2.45452 3.58589 2.5
    endloop
  endfacet
  facet normal 0.442295 0.89687 -0
    outer loop
      vertex 3.38771 2.52179 2.5
      vertex 3.2 2.61436 21.61
      vertex 3.38771 2.52179 21.61
    endloop
  endfacet
  facet normal 0.442295 0.89687 0
    outer loop
      vertex 3.2 2.61436 21.61
      vertex 3.38771 2.52179 2.5
      vertex 3.2 2.61436 2.5
    endloop
  endfacet
  facet normal 0.997858 -0.0654247 0
    outer loop
      vertex 2.4 45.8 21.61
      vertex 2.41369 46.0088 2.5
      vertex 2.41369 46.0088 21.61
    endloop
  endfacet
  facet normal 0.997858 -0.0654247 0
    outer loop
      vertex 2.41369 46.0088 2.5
      vertex 2.4 45.8 21.61
      vertex 2.4 45.8 2.5
    endloop
  endfacet
  facet normal -0.195059 0.980791 0
    outer loop
      vertex 60.4141 2.45452 2.5
      vertex 60.2088 2.41369 21.61
      vertex 60.4141 2.45452 21.61
    endloop
  endfacet
  facet normal -0.195059 0.980791 0
    outer loop
      vertex 60.2088 2.41369 21.61
      vertex 60.4141 2.45452 2.5
      vertex 60.2088 2.41369 2.5
    endloop
  endfacet
  facet normal -0.997854 -0.0654722 0
    outer loop
      vertex 61.6 45.8 2.5
      vertex 61.5863 46.0088 21.61
      vertex 61.5863 46.0088 2.5
    endloop
  endfacet
  facet normal -0.997854 -0.0654722 0
    outer loop
      vertex 61.5863 46.0088 21.61
      vertex 61.6 45.8 2.5
      vertex 61.6 45.8 21.61
    endloop
  endfacet
  facet normal 0.751821 0.659367 0
    outer loop
      vertex 2.86863 2.86863 21.61
      vertex 2.73063 3.02598 2.5
      vertex 2.73063 3.02598 21.61
    endloop
  endfacet
  facet normal 0.751821 0.659367 0
    outer loop
      vertex 2.73063 3.02598 2.5
      vertex 2.86863 2.86863 21.61
      vertex 2.86863 2.86863 2.5
    endloop
  endfacet
  facet normal 0.195087 0.980786 -0
    outer loop
      vertex 3.79116 2.41369 2.5
      vertex 3.58589 2.45452 21.61
      vertex 3.79116 2.41369 21.61
    endloop
  endfacet
  facet normal 0.195087 0.980786 0
    outer loop
      vertex 3.58589 2.45452 21.61
      vertex 3.79116 2.41369 2.5
      vertex 3.58589 2.45452 2.5
    endloop
  endfacet
  facet normal -0.0654722 -0.997854 0
    outer loop
      vertex 60 47.4 2.5
      vertex 60.2088 47.3863 21.61
      vertex 60 47.4 21.61
    endloop
  endfacet
  facet normal -0.0654722 -0.997854 -0
    outer loop
      vertex 60.2088 47.3863 21.61
      vertex 60 47.4 2.5
      vertex 60.2088 47.3863 2.5
    endloop
  endfacet
  facet normal 0.89687 0.442295 0
    outer loop
      vertex 2.61436 3.2 21.61
      vertex 2.52179 3.38771 2.5
      vertex 2.52179 3.38771 21.61
    endloop
  endfacet
  facet normal 0.89687 0.442295 0
    outer loop
      vertex 2.52179 3.38771 2.5
      vertex 2.61436 3.2 21.61
      vertex 2.61436 3.2 2.5
    endloop
  endfacet
  facet normal -0.896803 -0.442429 0
    outer loop
      vertex 61.4782 46.4123 2.5
      vertex 61.3856 46.6 21.61
      vertex 61.3856 46.6 2.5
    endloop
  endfacet
  facet normal -0.896803 -0.442429 0
    outer loop
      vertex 61.3856 46.6 21.61
      vertex 61.4782 46.4123 2.5
      vertex 61.4782 46.4123 21.61
    endloop
  endfacet
  facet normal 0.555549 0.831484 -0
    outer loop
      vertex 3.2 2.61436 2.5
      vertex 3.02598 2.73063 21.61
      vertex 3.2 2.61436 21.61
    endloop
  endfacet
  facet normal 0.555549 0.831484 0
    outer loop
      vertex 3.02598 2.73063 21.61
      vertex 3.2 2.61436 2.5
      vertex 3.02598 2.73063 2.5
    endloop
  endfacet
  facet normal 0.946944 -0.321397 0
    outer loop
      vertex 2.45452 46.2141 21.61
      vertex 2.52179 46.4123 2.5
      vertex 2.52179 46.4123 21.61
    endloop
  endfacet
  facet normal 0.946944 -0.321397 0
    outer loop
      vertex 2.52179 46.4123 2.5
      vertex 2.45452 46.2141 21.61
      vertex 2.45452 46.2141 2.5
    endloop
  endfacet
  facet normal -0.751925 -0.659248 0
    outer loop
      vertex 61.2694 46.774 2.5
      vertex 61.1314 46.9314 21.61
      vertex 61.1314 46.9314 2.5
    endloop
  endfacet
  facet normal -0.751925 -0.659248 0
    outer loop
      vertex 61.1314 46.9314 21.61
      vertex 61.2694 46.774 2.5
      vertex 61.2694 46.774 21.61
    endloop
  endfacet
  facet normal -0.321526 -0.946901 0
    outer loop
      vertex 60.4141 47.3455 2.5
      vertex 60.6123 47.2782 21.61
      vertex 60.4141 47.3455 21.61
    endloop
  endfacet
  facet normal -0.321526 -0.946901 -0
    outer loop
      vertex 60.6123 47.2782 21.61
      vertex 60.4141 47.3455 2.5
      vertex 60.6123 47.2782 2.5
    endloop
  endfacet
  facet normal 0.831454 -0.555593 0
    outer loop
      vertex 2.61436 46.6 21.61
      vertex 2.73063 46.774 2.5
      vertex 2.73063 46.774 21.61
    endloop
  endfacet
  facet normal 0.831454 -0.555593 0
    outer loop
      vertex 2.73063 46.774 2.5
      vertex 2.61436 46.6 21.61
      vertex 2.61436 46.6 2.5
    endloop
  endfacet
  facet normal -0.442429 -0.896803 0
    outer loop
      vertex 60.6123 47.2782 2.5
      vertex 60.8 47.1856 21.61
      vertex 60.6123 47.2782 21.61
    endloop
  endfacet
  facet normal -0.442429 -0.896803 -0
    outer loop
      vertex 60.8 47.1856 21.61
      vertex 60.6123 47.2782 2.5
      vertex 60.8 47.1856 2.5
    endloop
  endfacet
  facet normal -0.555362 -0.831609 0
    outer loop
      vertex 60.8 47.1856 2.5
      vertex 60.974 47.0694 21.61
      vertex 60.8 47.1856 21.61
    endloop
  endfacet
  facet normal -0.555362 -0.831609 -0
    outer loop
      vertex 60.974 47.0694 21.61
      vertex 60.8 47.1856 2.5
      vertex 60.974 47.0694 2.5
    endloop
  endfacet
  facet normal 0 0 -1
    outer loop
      vertex 60 2.4 21.61
      vertex 61.6 4 21.61
      vertex 61.5863 3.79116 21.61
    endloop
  endfacet
  facet normal -0 0 -1
    outer loop
      vertex 61.6 4 21.61
      vertex 60 2.4 21.61
      vertex 61.6 45.8 21.61
    endloop
  endfacet
  facet normal 0 0 -1
    outer loop
      vertex 60 2.4 21.61
      vertex 61.5863 3.79116 21.61
      vertex 61.5455 3.58589 21.61
    endloop
  endfacet
  facet normal 0 0 -1
    outer loop
      vertex 60 47.4 21.61
      vertex 61.6 45.8 21.61
      vertex 60 2.4 21.61
    endloop
  endfacet
  facet normal 0 0 -1
    outer loop
      vertex 60 2.4 21.61
      vertex 61.5455 3.58589 21.61
      vertex 61.4782 3.38771 21.61
    endloop
  endfacet
  facet normal 0 0 -1
    outer loop
      vertex 61.6 45.8 21.61
      vertex 60 47.4 21.61
      vertex 61.5863 46.0088 21.61
    endloop
  endfacet
  facet normal 0 0 -1
    outer loop
      vertex 60 2.4 21.61
      vertex 61.4782 3.38771 21.61
      vertex 61.3856 3.2 21.61
    endloop
  endfacet
  facet normal 0 0 -1
    outer loop
      vertex 61.5863 46.0088 21.61
      vertex 60 47.4 21.61
      vertex 61.5455 46.2141 21.61
    endloop
  endfacet
  facet normal 0 0 -1
    outer loop
      vertex 60 2.4 21.61
      vertex 61.3856 3.2 21.61
      vertex 61.2694 3.02598 21.61
    endloop
  endfacet
  facet normal 0 0 -1
    outer loop
      vertex 61.5455 46.2141 21.61
      vertex 60 47.4 21.61
      vertex 61.4782 46.4123 21.61
    endloop
  endfacet
  facet normal 0 0 -1
    outer loop
      vertex 60 2.4 21.61
      vertex 61.2694 3.02598 21.61
      vertex 61.1314 2.86863 21.61
    endloop
  endfacet
  facet normal 0 0 -1
    outer loop
      vertex 61.4782 46.4123 21.61
      vertex 60 47.4 21.61
      vertex 61.3856 46.6 21.61
    endloop
  endfacet
  facet normal 0 0 -1
    outer loop
      vertex 60 2.4 21.61
      vertex 61.1314 2.86863 21.61
      vertex 60.974 2.73063 21.61
    endloop
  endfacet
  facet normal 0 0 -1
    outer loop
      vertex 61.3856 46.6 21.61
      vertex 60 47.4 21.61
      vertex 61.2694 46.774 21.61
    endloop
  endfacet
  facet normal 0 0 -1
    outer loop
      vertex 60 2.4 21.61
      vertex 60.974 2.73063 21.61
      vertex 60.8 2.61436 21.61
    endloop
  endfacet
  facet normal 0 0 -1
    outer loop
      vertex 61.2694 46.774 21.61
      vertex 60 47.4 21.61
      vertex 61.1314 46.9314 21.61
    endloop
  endfacet
  facet normal 0 0 -1
    outer loop
      vertex 60 2.4 21.61
      vertex 60.8 2.61436 21.61
      vertex 60.6123 2.52179 21.61
    endloop
  endfacet
  facet normal 0 0 -1
    outer loop
      vertex 61.1314 46.9314 21.61
      vertex 60 47.4 21.61
      vertex 60.974 47.0694 21.61
    endloop
  endfacet
  facet normal 0 0 -1
    outer loop
      vertex 60 2.4 21.61
      vertex 60.6123 2.52179 21.61
      vertex 60.4141 2.45452 21.61
    endloop
  endfacet
  facet normal 0 0 -1
    outer loop
      vertex 60.974 47.0694 21.61
      vertex 60 47.4 21.61
      vertex 60.8 47.1856 21.61
    endloop
  endfacet
  facet normal 0 0 -1
    outer loop
      vertex 60 2.4 21.61
      vertex 60.4141 2.45452 21.61
      vertex 60.2088 2.41369 21.61
    endloop
  endfacet
  facet normal 0 0 -1
    outer loop
      vertex 60.8 47.1856 21.61
      vertex 60 47.4 21.61
      vertex 60.6123 47.2782 21.61
    endloop
  endfacet
  facet normal 0 0 -1
    outer loop
      vertex 60.6123 47.2782 21.61
      vertex 60 47.4 21.61
      vertex 60.4141 47.3455 21.61
    endloop
  endfacet
  facet normal 0 0 -1
    outer loop
      vertex 60.4141 47.3455 21.61
      vertex 60 47.4 21.61
      vertex 60.2088 47.3863 21.61
    endloop
  endfacet
  facet normal 0 0 -1
    outer loop
      vertex 4 2.4 21.61
      vertex 60 47.4 21.61
      vertex 60 2.4 21.61
    endloop
  endfacet
  facet normal 0 0 -1
    outer loop
      vertex 4 2.4 21.61
      vertex 4 47.4 21.61
      vertex 60 47.4 21.61
    endloop
  endfacet
  facet normal 0 0 -1
    outer loop
      vertex 2.4 4 21.61
      vertex 4 2.4 21.61
      vertex 3.79116 2.41369 21.61
    endloop
  endfacet
  facet normal 0 0 -1
    outer loop
      vertex 4 2.4 21.61
      vertex 2.4 4 21.61
      vertex 4 47.4 21.61
    endloop
  endfacet
  facet normal 0 0 -1
    outer loop
      vertex 2.4 4 21.61
      vertex 3.79116 2.41369 21.61
      vertex 3.58589 2.45452 21.61
    endloop
  endfacet
  facet normal 0 0 -1
    outer loop
      vertex 2.4 45.8 21.61
      vertex 4 47.4 21.61
      vertex 2.4 4 21.61
    endloop
  endfacet
  facet normal 0 0 -1
    outer loop
      vertex 2.4 4 21.61
      vertex 3.58589 2.45452 21.61
      vertex 3.38771 2.52179 21.61
    endloop
  endfacet
  facet normal 0 0 -1
    outer loop
      vertex 4 47.4 21.61
      vertex 2.4 45.8 21.61
      vertex 3.79116 47.3863 21.61
    endloop
  endfacet
  facet normal 0 0 -1
    outer loop
      vertex 2.4 4 21.61
      vertex 3.38771 2.52179 21.61
      vertex 3.2 2.61436 21.61
    endloop
  endfacet
  facet normal 0 0 -1
    outer loop
      vertex 3.79116 47.3863 21.61
      vertex 2.4 45.8 21.61
      vertex 3.58589 47.3455 21.61
    endloop
  endfacet
  facet normal 0 0 -1
    outer loop
      vertex 2.4 4 21.61
      vertex 3.2 2.61436 21.61
      vertex 3.02598 2.73063 21.61
    endloop
  endfacet
  facet normal 0 0 -1
    outer loop
      vertex 3.58589 47.3455 21.61
      vertex 2.4 45.8 21.61
      vertex 3.38771 47.2782 21.61
    endloop
  endfacet
  facet normal 0 0 -1
    outer loop
      vertex 2.4 4 21.61
      vertex 3.02598 2.73063 21.61
      vertex 2.86863 2.86863 21.61
    endloop
  endfacet
  facet normal 0 0 -1
    outer loop
      vertex 3.38771 47.2782 21.61
      vertex 2.4 45.8 21.61
      vertex 3.2 47.1856 21.61
    endloop
  endfacet
  facet normal 0 0 -1
    outer loop
      vertex 2.4 4 21.61
      vertex 2.86863 2.86863 21.61
      vertex 2.73063 3.02598 21.61
    endloop
  endfacet
  facet normal 0 0 -1
    outer loop
      vertex 3.2 47.1856 21.61
      vertex 2.4 45.8 21.61
      vertex 3.02598 47.0694 21.61
    endloop
  endfacet
  facet normal 0 0 -1
    outer loop
      vertex 2.4 4 21.61
      vertex 2.73063 3.02598 21.61
      vertex 2.61436 3.2 21.61
    endloop
  endfacet
  facet normal 0 0 -1
    outer loop
      vertex 3.02598 47.0694 21.61
      vertex 2.4 45.8 21.61
      vertex 2.86863 46.9314 21.61
    endloop
  endfacet
  facet normal 0 0 -1
    outer loop
      vertex 2.4 4 21.61
      vertex 2.61436 3.2 21.61
      vertex 2.52179 3.38771 21.61
    endloop
  endfacet
  facet normal 0 0 -1
    outer loop
      vertex 2.86863 46.9314 21.61
      vertex 2.4 45.8 21.61
      vertex 2.73063 46.774 21.61
    endloop
  endfacet
  facet normal 0 0 -1
    outer loop
      vertex 2.4 4 21.61
      vertex 2.52179 3.38771 21.61
      vertex 2.45452 3.58589 21.61
    endloop
  endfacet
  facet normal 0 0 -1
    outer loop
      vertex 2.73063 46.774 21.61
      vertex 2.4 45.8 21.61
      vertex 2.61436 46.6 21.61
    endloop
  endfacet
  facet normal 0 0 -1
    outer loop
      vertex 2.4 4 21.61
      vertex 2.45452 3.58589 21.61
      vertex 2.41369 3.79116 21.61
    endloop
  endfacet
  facet normal 0 0 -1
    outer loop
      vertex 2.61436 46.6 21.61
      vertex 2.4 45.8 21.61
      vertex 2.52179 46.4123 21.61
    endloop
  endfacet
  facet normal 0 0 -1
    outer loop
      vertex 2.52179 46.4123 21.61
      vertex 2.4 45.8 21.61
      vertex 2.45452 46.2141 21.61
    endloop
  endfacet
  facet normal 0 0 -1
    outer loop
      vertex 2.45452 46.2141 21.61
      vertex 2.4 45.8 21.61
      vertex 2.41369 46.0088 21.61
    endloop
  endfacet
  facet normal -1 0 0
    outer loop
      vertex 39 0 2.5
      vertex 39 2.4 4.95
      vertex 39 2.4 2.5
    endloop
  endfacet
  facet normal -1 -0 0
    outer loop
      vertex 39 2.4 4.95
      vertex 39 0 2.5
      vertex 39 0 4.95
    endloop
  endfacet
  facet normal 0 0 -1
    outer loop
      vertex 25 0 4.95
      vertex 39 2.4 4.95
      vertex 39 0 4.95
    endloop
  endfacet
  facet normal -0 0 -1
    outer loop
      vertex 39 2.4 4.95
      vertex 25 0 4.95
      vertex 25 2.4 4.95
    endloop
  endfacet
  facet normal 1 -0 0
    outer loop
      vertex 25 0 4.95
      vertex 25 2.4 2.5
      vertex 25 2.4 4.95
    endloop
  endfacet
  facet normal 1 0 0
    outer loop
      vertex 25 2.4 2.5
      vertex 25 0 4.95
      vertex 25 0 2.5
    endloop
  endfacet
  facet normal -0.980752 -0.195258 0
    outer loop
      vertex 35.1318 42.5788 10.85
      vertex 35.0705 42.8867 21.6
      vertex 35.0705 42.8867 10.85
    endloop
  endfacet
  facet normal -0.980752 -0.195258 0
    outer loop
      vertex 35.0705 42.8867 21.6
      vertex 35.1318 42.5788 10.85
      vertex 35.1318 42.5788 21.6
    endloop
  endfacet
  facet normal -0.997866 -0.0652929 0
    outer loop
      vertex 35.0705 42.8867 10.85
      vertex 35.05 43.2 21.6
      vertex 35.05 43.2 10.85
    endloop
  endfacet
  facet normal -0.997866 -0.0652929 0
    outer loop
      vertex 35.05 43.2 21.6
      vertex 35.0705 42.8867 10.85
      vertex 35.0705 42.8867 21.6
    endloop
  endfacet
  facet normal -0.0652929 -0.997866 0
    outer loop
      vertex 37.1367 40.8205 10.85
      vertex 37.45 40.8 21.6
      vertex 37.1367 40.8205 21.6
    endloop
  endfacet
  facet normal -0.0652929 -0.997866 -0
    outer loop
      vertex 37.45 40.8 21.6
      vertex 37.1367 40.8205 10.85
      vertex 37.45 40.8 10.85
    endloop
  endfacet
  facet normal -0.831315 -0.555802 0
    outer loop
      vertex 35.546 41.739 10.85
      vertex 35.3715 42 21.6
      vertex 35.3715 42 10.85
    endloop
  endfacet
  facet normal -0.831315 -0.555802 0
    outer loop
      vertex 35.3715 42 21.6
      vertex 35.546 41.739 10.85
      vertex 35.546 41.739 21.6
    endloop
  endfacet
  facet normal 0.659068 0.752083 -0
    outer loop
      vertex 39.1471 44.8971 10.85
      vertex 38.911 45.104 21.6
      vertex 39.1471 44.8971 21.6
    endloop
  endfacet
  facet normal 0.659068 0.752083 0
    outer loop
      vertex 38.911 45.104 21.6
      vertex 39.1471 44.8971 10.85
      vertex 38.911 45.104 10.85
    endloop
  endfacet
  facet normal -0.831315 0.555802 0
    outer loop
      vertex 35.3715 44.4 10.85
      vertex 35.546 44.661 21.6
      vertex 35.546 44.661 10.85
    endloop
  endfacet
  facet normal -0.831315 0.555802 0
    outer loop
      vertex 35.546 44.661 21.6
      vertex 35.3715 44.4 10.85
      vertex 35.3715 44.4 21.6
    endloop
  endfacet
  facet normal 0.32148 -0.946916 0
    outer loop
      vertex 38.0712 40.8818 10.85
      vertex 38.3684 40.9827 21.6
      vertex 38.0712 40.8818 21.6
    endloop
  endfacet
  facet normal 0.32148 -0.946916 0
    outer loop
      vertex 38.3684 40.9827 21.6
      vertex 38.0712 40.8818 10.85
      vertex 38.3684 40.9827 10.85
    endloop
  endfacet
  facet normal -0.659068 -0.752083 0
    outer loop
      vertex 35.7529 41.5029 10.85
      vertex 35.989 41.296 21.6
      vertex 35.7529 41.5029 21.6
    endloop
  endfacet
  facet normal -0.659068 -0.752083 -0
    outer loop
      vertex 35.989 41.296 21.6
      vertex 35.7529 41.5029 10.85
      vertex 35.989 41.296 10.85
    endloop
  endfacet
  facet normal 0.659068 -0.752083 0
    outer loop
      vertex 38.911 41.296 10.85
      vertex 39.1471 41.5029 21.6
      vertex 38.911 41.296 21.6
    endloop
  endfacet
  facet normal 0.659068 -0.752083 0
    outer loop
      vertex 39.1471 41.5029 21.6
      vertex 38.911 41.296 10.85
      vertex 39.1471 41.5029 10.85
    endloop
  endfacet
  facet normal 0.946916 0.32148 0
    outer loop
      vertex 39.7682 43.8212 21.6
      vertex 39.6673 44.1184 10.85
      vertex 39.6673 44.1184 21.6
    endloop
  endfacet
  facet normal 0.946916 0.32148 0
    outer loop
      vertex 39.6673 44.1184 10.85
      vertex 39.7682 43.8212 21.6
      vertex 39.7682 43.8212 10.85
    endloop
  endfacet
  facet normal -0.980752 0.195258 0
    outer loop
      vertex 35.0705 43.5133 10.85
      vertex 35.1318 43.8212 21.6
      vertex 35.1318 43.8212 10.85
    endloop
  endfacet
  facet normal -0.980752 0.195258 0
    outer loop
      vertex 35.1318 43.8212 21.6
      vertex 35.0705 43.5133 10.85
      vertex 35.0705 43.5133 21.6
    endloop
  endfacet
  facet normal 0.752083 0.659068 0
    outer loop
      vertex 39.354 44.661 21.6
      vertex 39.1471 44.8971 10.85
      vertex 39.1471 44.8971 21.6
    endloop
  endfacet
  facet normal 0.752083 0.659068 0
    outer loop
      vertex 39.1471 44.8971 10.85
      vertex 39.354 44.661 21.6
      vertex 39.354 44.661 10.85
    endloop
  endfacet
  facet normal -0.0652929 0.997866 0
    outer loop
      vertex 37.45 45.6 10.85
      vertex 37.1367 45.5795 21.6
      vertex 37.45 45.6 21.6
    endloop
  endfacet
  facet normal -0.0652929 0.997866 0
    outer loop
      vertex 37.1367 45.5795 21.6
      vertex 37.45 45.6 10.85
      vertex 37.1367 45.5795 10.85
    endloop
  endfacet
  facet normal 0.831315 0.555802 0
    outer loop
      vertex 39.5285 44.4 21.6
      vertex 39.354 44.661 10.85
      vertex 39.354 44.661 21.6
    endloop
  endfacet
  facet normal 0.831315 0.555802 0
    outer loop
      vertex 39.354 44.661 10.85
      vertex 39.5285 44.4 21.6
      vertex 39.5285 44.4 10.85
    endloop
  endfacet
  facet normal -0.195258 -0.980752 0
    outer loop
      vertex 36.8288 40.8818 10.85
      vertex 37.1367 40.8205 21.6
      vertex 36.8288 40.8818 21.6
    endloop
  endfacet
  facet normal -0.195258 -0.980752 -0
    outer loop
      vertex 37.1367 40.8205 21.6
      vertex 36.8288 40.8818 10.85
      vertex 37.1367 40.8205 10.85
    endloop
  endfacet
  facet normal -0.946916 0.32148 0
    outer loop
      vertex 35.1318 43.8212 10.85
      vertex 35.2327 44.1184 21.6
      vertex 35.2327 44.1184 10.85
    endloop
  endfacet
  facet normal -0.946916 0.32148 0
    outer loop
      vertex 35.2327 44.1184 21.6
      vertex 35.1318 43.8212 10.85
      vertex 35.1318 43.8212 21.6
    endloop
  endfacet
  facet normal 0.44211 0.896961 -0
    outer loop
      vertex 38.65 45.2785 10.85
      vertex 38.3684 45.4173 21.6
      vertex 38.65 45.2785 21.6
    endloop
  endfacet
  facet normal 0.44211 0.896961 0
    outer loop
      vertex 38.3684 45.4173 21.6
      vertex 38.65 45.2785 10.85
      vertex 38.3684 45.4173 10.85
    endloop
  endfacet
  facet normal 0.980752 0.195258 0
    outer loop
      vertex 39.8295 43.5133 21.6
      vertex 39.7682 43.8212 10.85
      vertex 39.7682 43.8212 21.6
    endloop
  endfacet
  facet normal 0.980752 0.195258 0
    outer loop
      vertex 39.7682 43.8212 10.85
      vertex 39.8295 43.5133 21.6
      vertex 39.8295 43.5133 10.85
    endloop
  endfacet
  facet normal 0.0652929 0.997866 -0
    outer loop
      vertex 37.7633 45.5795 10.85
      vertex 37.45 45.6 21.6
      vertex 37.7633 45.5795 21.6
    endloop
  endfacet
  facet normal 0.0652929 0.997866 0
    outer loop
      vertex 37.45 45.6 21.6
      vertex 37.7633 45.5795 10.85
      vertex 37.45 45.6 10.85
    endloop
  endfacet
  facet normal 0.997866 -0.0652929 0
    outer loop
      vertex 39.8295 42.8867 21.6
      vertex 39.85 43.2 10.85
      vertex 39.85 43.2 21.6
    endloop
  endfacet
  facet normal 0.997866 -0.0652929 0
    outer loop
      vertex 39.85 43.2 10.85
      vertex 39.8295 42.8867 21.6
      vertex 39.8295 42.8867 10.85
    endloop
  endfacet
  facet normal -0.32148 -0.946916 0
    outer loop
      vertex 36.5316 40.9827 10.85
      vertex 36.8288 40.8818 21.6
      vertex 36.5316 40.9827 21.6
    endloop
  endfacet
  facet normal -0.32148 -0.946916 -0
    outer loop
      vertex 36.8288 40.8818 21.6
      vertex 36.5316 40.9827 10.85
      vertex 36.8288 40.8818 10.85
    endloop
  endfacet
  facet normal 0.997866 0.0652929 0
    outer loop
      vertex 39.85 43.2 21.6
      vertex 39.8295 43.5133 10.85
      vertex 39.8295 43.5133 21.6
    endloop
  endfacet
  facet normal 0.997866 0.0652929 0
    outer loop
      vertex 39.8295 43.5133 10.85
      vertex 39.85 43.2 21.6
      vertex 39.85 43.2 10.85
    endloop
  endfacet
  facet normal 0 0 1
    outer loop
      vertex 39.8295 43.5133 21.6
      vertex 39.8295 42.8867 21.6
      vertex 39.85 43.2 21.6
    endloop
  endfacet
  facet normal 0 0 1
    outer loop
      vertex 39.7682 43.8212 21.6
      vertex 39.8295 42.8867 21.6
      vertex 39.8295 43.5133 21.6
    endloop
  endfacet
  facet normal 0 0 1
    outer loop
      vertex 39.7682 43.8212 21.6
      vertex 39.7682 42.5788 21.6
      vertex 39.8295 42.8867 21.6
    endloop
  endfacet
  facet normal 0 0 1
    outer loop
      vertex 39.6673 44.1184 21.6
      vertex 39.7682 42.5788 21.6
      vertex 39.7682 43.8212 21.6
    endloop
  endfacet
  facet normal 0 0 1
    outer loop
      vertex 39.6673 44.1184 21.6
      vertex 39.6673 42.2816 21.6
      vertex 39.7682 42.5788 21.6
    endloop
  endfacet
  facet normal 0 0 1
    outer loop
      vertex 39.5285 44.4 21.6
      vertex 39.6673 42.2816 21.6
      vertex 39.6673 44.1184 21.6
    endloop
  endfacet
  facet normal 0 0 1
    outer loop
      vertex 39.5285 44.4 21.6
      vertex 39.5285 42 21.6
      vertex 39.6673 42.2816 21.6
    endloop
  endfacet
  facet normal 0 0 1
    outer loop
      vertex 39.354 44.661 21.6
      vertex 39.5285 42 21.6
      vertex 39.5285 44.4 21.6
    endloop
  endfacet
  facet normal 0 0 1
    outer loop
      vertex 39.354 44.661 21.6
      vertex 39.354 41.739 21.6
      vertex 39.5285 42 21.6
    endloop
  endfacet
  facet normal 0 0 1
    outer loop
      vertex 39.1471 44.8971 21.6
      vertex 39.354 41.739 21.6
      vertex 39.354 44.661 21.6
    endloop
  endfacet
  facet normal 0 0 1
    outer loop
      vertex 39.1471 44.8971 21.6
      vertex 39.1471 41.5029 21.6
      vertex 39.354 41.739 21.6
    endloop
  endfacet
  facet normal 0 0 1
    outer loop
      vertex 38.911 45.104 21.6
      vertex 39.1471 41.5029 21.6
      vertex 39.1471 44.8971 21.6
    endloop
  endfacet
  facet normal 0 0 1
    outer loop
      vertex 38.911 45.104 21.6
      vertex 38.911 41.296 21.6
      vertex 39.1471 41.5029 21.6
    endloop
  endfacet
  facet normal 0 0 1
    outer loop
      vertex 38.65 45.2785 21.6
      vertex 38.911 41.296 21.6
      vertex 38.911 45.104 21.6
    endloop
  endfacet
  facet normal 0 0 1
    outer loop
      vertex 38.65 45.2785 21.6
      vertex 38.65 41.1215 21.6
      vertex 38.911 41.296 21.6
    endloop
  endfacet
  facet normal 0 0 1
    outer loop
      vertex 38.3684 45.4173 21.6
      vertex 38.65 41.1215 21.6
      vertex 38.65 45.2785 21.6
    endloop
  endfacet
  facet normal 0 0 1
    outer loop
      vertex 38.3684 45.4173 21.6
      vertex 38.3684 40.9827 21.6
      vertex 38.65 41.1215 21.6
    endloop
  endfacet
  facet normal 0 0 1
    outer loop
      vertex 38.0712 45.5182 21.6
      vertex 38.3684 40.9827 21.6
      vertex 38.3684 45.4173 21.6
    endloop
  endfacet
  facet normal 0 0 1
    outer loop
      vertex 38.0712 45.5182 21.6
      vertex 38.0712 40.8818 21.6
      vertex 38.3684 40.9827 21.6
    endloop
  endfacet
  facet normal 0 0 1
    outer loop
      vertex 37.7633 45.5795 21.6
      vertex 38.0712 40.8818 21.6
      vertex 38.0712 45.5182 21.6
    endloop
  endfacet
  facet normal 0 0 1
    outer loop
      vertex 37.7633 45.5795 21.6
      vertex 37.7633 40.8205 21.6
      vertex 38.0712 40.8818 21.6
    endloop
  endfacet
  facet normal 0 0 1
    outer loop
      vertex 37.45 45.6 21.6
      vertex 37.7633 40.8205 21.6
      vertex 37.7633 45.5795 21.6
    endloop
  endfacet
  facet normal 0 0 1
    outer loop
      vertex 37.45 45.6 21.6
      vertex 37.45 40.8 21.6
      vertex 37.7633 40.8205 21.6
    endloop
  endfacet
  facet normal -0 0 1
    outer loop
      vertex 37.1367 45.5795 21.6
      vertex 37.45 40.8 21.6
      vertex 37.45 45.6 21.6
    endloop
  endfacet
  facet normal 0 0 1
    outer loop
      vertex 37.1367 45.5795 21.6
      vertex 37.1367 40.8205 21.6
      vertex 37.45 40.8 21.6
    endloop
  endfacet
  facet normal -0 0 1
    outer loop
      vertex 36.8288 45.5182 21.6
      vertex 37.1367 40.8205 21.6
      vertex 37.1367 45.5795 21.6
    endloop
  endfacet
  facet normal 0 0 1
    outer loop
      vertex 36.8288 45.5182 21.6
      vertex 36.8288 40.8818 21.6
      vertex 37.1367 40.8205 21.6
    endloop
  endfacet
  facet normal -0 0 1
    outer loop
      vertex 36.5316 45.4173 21.6
      vertex 36.8288 40.8818 21.6
      vertex 36.8288 45.5182 21.6
    endloop
  endfacet
  facet normal 0 0 1
    outer loop
      vertex 36.5316 45.4173 21.6
      vertex 36.5316 40.9827 21.6
      vertex 36.8288 40.8818 21.6
    endloop
  endfacet
  facet normal -0 0 1
    outer loop
      vertex 36.25 45.2785 21.6
      vertex 36.5316 40.9827 21.6
      vertex 36.5316 45.4173 21.6
    endloop
  endfacet
  facet normal 0 0 1
    outer loop
      vertex 36.25 45.2785 21.6
      vertex 36.25 41.1215 21.6
      vertex 36.5316 40.9827 21.6
    endloop
  endfacet
  facet normal -0 0 1
    outer loop
      vertex 35.989 45.104 21.6
      vertex 36.25 41.1215 21.6
      vertex 36.25 45.2785 21.6
    endloop
  endfacet
  facet normal 0 0 1
    outer loop
      vertex 35.989 45.104 21.6
      vertex 35.989 41.296 21.6
      vertex 36.25 41.1215 21.6
    endloop
  endfacet
  facet normal -0 0 1
    outer loop
      vertex 35.7529 44.8971 21.6
      vertex 35.989 41.296 21.6
      vertex 35.989 45.104 21.6
    endloop
  endfacet
  facet normal 0 0 1
    outer loop
      vertex 35.7529 44.8971 21.6
      vertex 35.7529 41.5029 21.6
      vertex 35.989 41.296 21.6
    endloop
  endfacet
  facet normal -0 0 1
    outer loop
      vertex 35.546 44.661 21.6
      vertex 35.7529 41.5029 21.6
      vertex 35.7529 44.8971 21.6
    endloop
  endfacet
  facet normal 0 0 1
    outer loop
      vertex 35.546 44.661 21.6
      vertex 35.546 41.739 21.6
      vertex 35.7529 41.5029 21.6
    endloop
  endfacet
  facet normal -0 0 1
    outer loop
      vertex 35.3715 44.4 21.6
      vertex 35.546 41.739 21.6
      vertex 35.546 44.661 21.6
    endloop
  endfacet
  facet normal 0 0 1
    outer loop
      vertex 35.3715 44.4 21.6
      vertex 35.3715 42 21.6
      vertex 35.546 41.739 21.6
    endloop
  endfacet
  facet normal -0 0 1
    outer loop
      vertex 35.2327 44.1184 21.6
      vertex 35.3715 42 21.6
      vertex 35.3715 44.4 21.6
    endloop
  endfacet
  facet normal 0 0 1
    outer loop
      vertex 35.2327 44.1184 21.6
      vertex 35.2327 42.2816 21.6
      vertex 35.3715 42 21.6
    endloop
  endfacet
  facet normal -0 0 1
    outer loop
      vertex 35.1318 43.8212 21.6
      vertex 35.2327 42.2816 21.6
      vertex 35.2327 44.1184 21.6
    endloop
  endfacet
  facet normal 0 0 1
    outer loop
      vertex 35.1318 43.8212 21.6
      vertex 35.1318 42.5788 21.6
      vertex 35.2327 42.2816 21.6
    endloop
  endfacet
  facet normal -0 0 1
    outer loop
      vertex 35.0705 43.5133 21.6
      vertex 35.1318 42.5788 21.6
      vertex 35.1318 43.8212 21.6
    endloop
  endfacet
  facet normal 0 0 1
    outer loop
      vertex 35.0705 43.5133 21.6
      vertex 35.0705 42.8867 21.6
      vertex 35.1318 42.5788 21.6
    endloop
  endfacet
  facet normal 0 -0 1
    outer loop
      vertex 35.0705 42.8867 21.6
      vertex 35.0705 43.5133 21.6
      vertex 35.05 43.2 21.6
    endloop
  endfacet
  facet normal -0.32148 0.946916 0
    outer loop
      vertex 36.8288 45.5182 10.85
      vertex 36.5316 45.4173 21.6
      vertex 36.8288 45.5182 21.6
    endloop
  endfacet
  facet normal -0.32148 0.946916 0
    outer loop
      vertex 36.5316 45.4173 21.6
      vertex 36.8288 45.5182 10.85
      vertex 36.5316 45.4173 10.85
    endloop
  endfacet
  facet normal 0.831315 -0.555802 0
    outer loop
      vertex 39.354 41.739 21.6
      vertex 39.5285 42 10.85
      vertex 39.5285 42 21.6
    endloop
  endfacet
  facet normal 0.831315 -0.555802 0
    outer loop
      vertex 39.5285 42 10.85
      vertex 39.354 41.739 21.6
      vertex 39.354 41.739 10.85
    endloop
  endfacet
  facet normal -0.896961 0.44211 0
    outer loop
      vertex 35.2327 44.1184 10.85
      vertex 35.3715 44.4 21.6
      vertex 35.3715 44.4 10.85
    endloop
  endfacet
  facet normal -0.896961 0.44211 0
    outer loop
      vertex 35.3715 44.4 21.6
      vertex 35.2327 44.1184 10.85
      vertex 35.2327 44.1184 21.6
    endloop
  endfacet
  facet normal 0.195258 -0.980752 0
    outer loop
      vertex 37.7633 40.8205 10.85
      vertex 38.0712 40.8818 21.6
      vertex 37.7633 40.8205 21.6
    endloop
  endfacet
  facet normal 0.195258 -0.980752 0
    outer loop
      vertex 38.0712 40.8818 21.6
      vertex 37.7633 40.8205 10.85
      vertex 38.0712 40.8818 10.85
    endloop
  endfacet
  facet normal -0.44211 0.896961 0
    outer loop
      vertex 36.5316 45.4173 10.85
      vertex 36.25 45.2785 21.6
      vertex 36.5316 45.4173 21.6
    endloop
  endfacet
  facet normal -0.44211 0.896961 0
    outer loop
      vertex 36.25 45.2785 21.6
      vertex 36.5316 45.4173 10.85
      vertex 36.25 45.2785 10.85
    endloop
  endfacet
  facet normal 0.896961 0.44211 0
    outer loop
      vertex 39.6673 44.1184 21.6
      vertex 39.5285 44.4 10.85
      vertex 39.5285 44.4 21.6
    endloop
  endfacet
  facet normal 0.896961 0.44211 0
    outer loop
      vertex 39.5285 44.4 10.85
      vertex 39.6673 44.1184 21.6
      vertex 39.6673 44.1184 10.85
    endloop
  endfacet
  facet normal -0.659068 0.752083 0
    outer loop
      vertex 35.989 45.104 10.85
      vertex 35.7529 44.8971 21.6
      vertex 35.989 45.104 21.6
    endloop
  endfacet
  facet normal -0.659068 0.752083 0
    outer loop
      vertex 35.7529 44.8971 21.6
      vertex 35.989 45.104 10.85
      vertex 35.7529 44.8971 10.85
    endloop
  endfacet
  facet normal -0.195258 0.980752 0
    outer loop
      vertex 37.1367 45.5795 10.85
      vertex 36.8288 45.5182 21.6
      vertex 37.1367 45.5795 21.6
    endloop
  endfacet
  facet normal -0.195258 0.980752 0
    outer loop
      vertex 36.8288 45.5182 21.6
      vertex 37.1367 45.5795 10.85
      vertex 36.8288 45.5182 10.85
    endloop
  endfacet
  facet normal 0.195258 0.980752 -0
    outer loop
      vertex 38.0712 45.5182 10.85
      vertex 37.7633 45.5795 21.6
      vertex 38.0712 45.5182 21.6
    endloop
  endfacet
  facet normal 0.195258 0.980752 0
    outer loop
      vertex 37.7633 45.5795 21.6
      vertex 38.0712 45.5182 10.85
      vertex 37.7633 45.5795 10.85
    endloop
  endfacet
  facet normal -0.997866 0.0652929 0
    outer loop
      vertex 35.05 43.2 10.85
      vertex 35.0705 43.5133 21.6
      vertex 35.0705 43.5133 10.85
    endloop
  endfacet
  facet normal -0.997866 0.0652929 0
    outer loop
      vertex 35.0705 43.5133 21.6
      vertex 35.05 43.2 10.85
      vertex 35.05 43.2 21.6
    endloop
  endfacet
  facet normal -0.752083 0.659068 0
    outer loop
      vertex 35.546 44.661 10.85
      vertex 35.7529 44.8971 21.6
      vertex 35.7529 44.8971 10.85
    endloop
  endfacet
  facet normal -0.752083 0.659068 0
    outer loop
      vertex 35.7529 44.8971 21.6
      vertex 35.546 44.661 10.85
      vertex 35.546 44.661 21.6
    endloop
  endfacet
  facet normal -0.44211 -0.896961 0
    outer loop
      vertex 36.25 41.1215 10.85
      vertex 36.5316 40.9827 21.6
      vertex 36.25 41.1215 21.6
    endloop
  endfacet
  facet normal -0.44211 -0.896961 -0
    outer loop
      vertex 36.5316 40.9827 21.6
      vertex 36.25 41.1215 10.85
      vertex 36.5316 40.9827 10.85
    endloop
  endfacet
  facet normal 0.980752 -0.195258 0
    outer loop
      vertex 39.7682 42.5788 21.6
      vertex 39.8295 42.8867 10.85
      vertex 39.8295 42.8867 21.6
    endloop
  endfacet
  facet normal 0.980752 -0.195258 0
    outer loop
      vertex 39.8295 42.8867 10.85
      vertex 39.7682 42.5788 21.6
      vertex 39.7682 42.5788 10.85
    endloop
  endfacet
  facet normal -0.555802 -0.831315 0
    outer loop
      vertex 35.989 41.296 10.85
      vertex 36.25 41.1215 21.6
      vertex 35.989 41.296 21.6
    endloop
  endfacet
  facet normal -0.555802 -0.831315 -0
    outer loop
      vertex 36.25 41.1215 21.6
      vertex 35.989 41.296 10.85
      vertex 36.25 41.1215 10.85
    endloop
  endfacet
  facet normal -0.896961 -0.44211 0
    outer loop
      vertex 35.3715 42 10.85
      vertex 35.2327 42.2816 21.6
      vertex 35.2327 42.2816 10.85
    endloop
  endfacet
  facet normal -0.896961 -0.44211 0
    outer loop
      vertex 35.2327 42.2816 21.6
      vertex 35.3715 42 10.85
      vertex 35.3715 42 21.6
    endloop
  endfacet
  facet normal -0.752083 -0.659068 0
    outer loop
      vertex 35.7529 41.5029 10.85
      vertex 35.546 41.739 21.6
      vertex 35.546 41.739 10.85
    endloop
  endfacet
  facet normal -0.752083 -0.659068 0
    outer loop
      vertex 35.546 41.739 21.6
      vertex 35.7529 41.5029 10.85
      vertex 35.7529 41.5029 21.6
    endloop
  endfacet
  facet normal -0.946916 -0.32148 0
    outer loop
      vertex 35.2327 42.2816 10.85
      vertex 35.1318 42.5788 21.6
      vertex 35.1318 42.5788 10.85
    endloop
  endfacet
  facet normal -0.946916 -0.32148 0
    outer loop
      vertex 35.1318 42.5788 21.6
      vertex 35.2327 42.2816 10.85
      vertex 35.2327 42.2816 21.6
    endloop
  endfacet
  facet normal 0.0652929 -0.997866 0
    outer loop
      vertex 37.45 40.8 10.85
      vertex 37.7633 40.8205 21.6
      vertex 37.45 40.8 21.6
    endloop
  endfacet
  facet normal 0.0652929 -0.997866 0
    outer loop
      vertex 37.7633 40.8205 21.6
      vertex 37.45 40.8 10.85
      vertex 37.7633 40.8205 10.85
    endloop
  endfacet
  facet normal 0.44211 -0.896961 0
    outer loop
      vertex 38.3684 40.9827 10.85
      vertex 38.65 41.1215 21.6
      vertex 38.3684 40.9827 21.6
    endloop
  endfacet
  facet normal 0.44211 -0.896961 0
    outer loop
      vertex 38.65 41.1215 21.6
      vertex 38.3684 40.9827 10.85
      vertex 38.65 41.1215 10.85
    endloop
  endfacet
  facet normal 0.555802 0.831315 -0
    outer loop
      vertex 38.911 45.104 10.85
      vertex 38.65 45.2785 21.6
      vertex 38.911 45.104 21.6
    endloop
  endfacet
  facet normal 0.555802 0.831315 0
    outer loop
      vertex 38.65 45.2785 21.6
      vertex 38.911 45.104 10.85
      vertex 38.65 45.2785 10.85
    endloop
  endfacet
  facet normal 0.946916 -0.32148 0
    outer loop
      vertex 39.6673 42.2816 21.6
      vertex 39.7682 42.5788 10.85
      vertex 39.7682 42.5788 21.6
    endloop
  endfacet
  facet normal 0.946916 -0.32148 0
    outer loop
      vertex 39.7682 42.5788 10.85
      vertex 39.6673 42.2816 21.6
      vertex 39.6673 42.2816 10.85
    endloop
  endfacet
  facet normal 0.555802 -0.831315 0
    outer loop
      vertex 38.65 41.1215 10.85
      vertex 38.911 41.296 21.6
      vertex 38.65 41.1215 21.6
    endloop
  endfacet
  facet normal 0.555802 -0.831315 0
    outer loop
      vertex 38.911 41.296 21.6
      vertex 38.65 41.1215 10.85
      vertex 38.911 41.296 10.85
    endloop
  endfacet
  facet normal 0.752083 -0.659068 0
    outer loop
      vertex 39.1471 41.5029 21.6
      vertex 39.354 41.739 10.85
      vertex 39.354 41.739 21.6
    endloop
  endfacet
  facet normal 0.752083 -0.659068 0
    outer loop
      vertex 39.354 41.739 10.85
      vertex 39.1471 41.5029 21.6
      vertex 39.1471 41.5029 10.85
    endloop
  endfacet
  facet normal 0.896961 -0.44211 0
    outer loop
      vertex 39.5285 42 21.6
      vertex 39.6673 42.2816 10.85
      vertex 39.6673 42.2816 21.6
    endloop
  endfacet
  facet normal 0.896961 -0.44211 0
    outer loop
      vertex 39.6673 42.2816 10.85
      vertex 39.5285 42 21.6
      vertex 39.5285 42 10.85
    endloop
  endfacet
  facet normal 0 0 -1
    outer loop
      vertex 38.66 43.2 10.85
      vertex 39.85 43.2 10.85
      vertex 39.8295 42.8867 10.85
    endloop
  endfacet
  facet normal 0 0 -1
    outer loop
      vertex 38.6497 43.0421 10.85
      vertex 39.8295 42.8867 10.85
      vertex 39.7682 42.5788 10.85
    endloop
  endfacet
  facet normal 0 0 -1
    outer loop
      vertex 39.85 43.2 10.85
      vertex 38.66 43.2 10.85
      vertex 39.8295 43.5133 10.85
    endloop
  endfacet
  facet normal 0 0 -1
    outer loop
      vertex 38.6188 42.8868 10.85
      vertex 39.7682 42.5788 10.85
      vertex 39.6673 42.2816 10.85
    endloop
  endfacet
  facet normal 0 0 -1
    outer loop
      vertex 38.6497 43.3579 10.85
      vertex 39.8295 43.5133 10.85
      vertex 38.66 43.2 10.85
    endloop
  endfacet
  facet normal 0 0 -1
    outer loop
      vertex 38.5679 42.737 10.85
      vertex 39.6673 42.2816 10.85
      vertex 39.5285 42 10.85
    endloop
  endfacet
  facet normal -0 0 -1
    outer loop
      vertex 39.8295 43.5133 10.85
      vertex 38.6497 43.3579 10.85
      vertex 39.7682 43.8212 10.85
    endloop
  endfacet
  facet normal 0 0 -1
    outer loop
      vertex 38.4979 42.595 10.85
      vertex 39.5285 42 10.85
      vertex 39.354 41.739 10.85
    endloop
  endfacet
  facet normal 0 0 -1
    outer loop
      vertex 38.6188 43.5132 10.85
      vertex 39.7682 43.8212 10.85
      vertex 38.6497 43.3579 10.85
    endloop
  endfacet
  facet normal 0 0 -1
    outer loop
      vertex 38.41 42.4634 10.85
      vertex 39.354 41.739 10.85
      vertex 39.1471 41.5029 10.85
    endloop
  endfacet
  facet normal -0 0 -1
    outer loop
      vertex 39.7682 43.8212 10.85
      vertex 38.6188 43.5132 10.85
      vertex 39.6673 44.1184 10.85
    endloop
  endfacet
  facet normal 0 0 -1
    outer loop
      vertex 38.3056 42.3444 10.85
      vertex 39.1471 41.5029 10.85
      vertex 38.911 41.296 10.85
    endloop
  endfacet
  facet normal 0 0 -1
    outer loop
      vertex 38.5679 43.663 10.85
      vertex 39.6673 44.1184 10.85
      vertex 38.6188 43.5132 10.85
    endloop
  endfacet
  facet normal -0 0 -1
    outer loop
      vertex 39.6673 44.1184 10.85
      vertex 38.5679 43.663 10.85
      vertex 39.5285 44.4 10.85
    endloop
  endfacet
  facet normal 0 0 -1
    outer loop
      vertex 38.1866 42.24 10.85
      vertex 38.911 41.296 10.85
      vertex 38.65 41.1215 10.85
    endloop
  endfacet
  facet normal 0 0 -1
    outer loop
      vertex 39.8295 42.8867 10.85
      vertex 38.6497 43.0421 10.85
      vertex 38.66 43.2 10.85
    endloop
  endfacet
  facet normal 0 0 -1
    outer loop
      vertex 39.7682 42.5788 10.85
      vertex 38.6188 42.8868 10.85
      vertex 38.6497 43.0421 10.85
    endloop
  endfacet
  facet normal 0 0 -1
    outer loop
      vertex 39.6673 42.2816 10.85
      vertex 38.5679 42.737 10.85
      vertex 38.6188 42.8868 10.85
    endloop
  endfacet
  facet normal 0 0 -1
    outer loop
      vertex 39.5285 42 10.85
      vertex 38.4979 42.595 10.85
      vertex 38.5679 42.737 10.85
    endloop
  endfacet
  facet normal 0 0 -1
    outer loop
      vertex 39.354 41.739 10.85
      vertex 38.41 42.4634 10.85
      vertex 38.4979 42.595 10.85
    endloop
  endfacet
  facet normal 0 0 -1
    outer loop
      vertex 38.055 42.1521 10.85
      vertex 38.65 41.1215 10.85
      vertex 38.3684 40.9827 10.85
    endloop
  endfacet
  facet normal 0 0 -1
    outer loop
      vertex 39.1471 41.5029 10.85
      vertex 38.3056 42.3444 10.85
      vertex 38.41 42.4634 10.85
    endloop
  endfacet
  facet normal 0 0 -1
    outer loop
      vertex 38.911 41.296 10.85
      vertex 38.1866 42.24 10.85
      vertex 38.3056 42.3444 10.85
    endloop
  endfacet
  facet normal 0 0 -1
    outer loop
      vertex 37.913 42.0821 10.85
      vertex 38.3684 40.9827 10.85
      vertex 38.0712 40.8818 10.85
    endloop
  endfacet
  facet normal 0 0 -1
    outer loop
      vertex 38.65 41.1215 10.85
      vertex 38.055 42.1521 10.85
      vertex 38.1866 42.24 10.85
    endloop
  endfacet
  facet normal 0 0 -1
    outer loop
      vertex 38.3684 40.9827 10.85
      vertex 37.913 42.0821 10.85
      vertex 38.055 42.1521 10.85
    endloop
  endfacet
  facet normal 0 0 -1
    outer loop
      vertex 37.7632 42.0312 10.85
      vertex 38.0712 40.8818 10.85
      vertex 37.7633 40.8205 10.85
    endloop
  endfacet
  facet normal 0 0 -1
    outer loop
      vertex 38.0712 40.8818 10.85
      vertex 37.7632 42.0312 10.85
      vertex 37.913 42.0821 10.85
    endloop
  endfacet
  facet normal 0 0 -1
    outer loop
      vertex 37.7633 40.8205 10.85
      vertex 37.6079 42.0004 10.85
      vertex 37.7632 42.0312 10.85
    endloop
  endfacet
  facet normal 0 0 -1
    outer loop
      vertex 37.45 40.8 10.85
      vertex 37.6079 42.0004 10.85
      vertex 37.7633 40.8205 10.85
    endloop
  endfacet
  facet normal 0 0 -1
    outer loop
      vertex 37.45 40.8 10.85
      vertex 37.45 41.99 10.85
      vertex 37.6079 42.0004 10.85
    endloop
  endfacet
  facet normal 0 0 -1
    outer loop
      vertex 37.45 40.8 10.85
      vertex 37.2921 42.0004 10.85
      vertex 37.45 41.99 10.85
    endloop
  endfacet
  facet normal 0 0 -1
    outer loop
      vertex 37.1367 40.8205 10.85
      vertex 37.2921 42.0004 10.85
      vertex 37.45 40.8 10.85
    endloop
  endfacet
  facet normal -0 0 -1
    outer loop
      vertex 37.2921 42.0004 10.85
      vertex 37.1367 40.8205 10.85
      vertex 37.1368 42.0312 10.85
    endloop
  endfacet
  facet normal 0 0 -1
    outer loop
      vertex 36.8288 40.8818 10.85
      vertex 37.1368 42.0312 10.85
      vertex 37.1367 40.8205 10.85
    endloop
  endfacet
  facet normal -0 0 -1
    outer loop
      vertex 37.1368 42.0312 10.85
      vertex 36.8288 40.8818 10.85
      vertex 36.987 42.0821 10.85
    endloop
  endfacet
  facet normal 0 0 -1
    outer loop
      vertex 36.5316 40.9827 10.85
      vertex 36.987 42.0821 10.85
      vertex 36.8288 40.8818 10.85
    endloop
  endfacet
  facet normal -0 0 -1
    outer loop
      vertex 36.987 42.0821 10.85
      vertex 36.5316 40.9827 10.85
      vertex 36.845 42.1521 10.85
    endloop
  endfacet
  facet normal 0 0 -1
    outer loop
      vertex 36.25 41.1215 10.85
      vertex 36.845 42.1521 10.85
      vertex 36.5316 40.9827 10.85
    endloop
  endfacet
  facet normal -0 0 -1
    outer loop
      vertex 36.845 42.1521 10.85
      vertex 36.25 41.1215 10.85
      vertex 36.7134 42.24 10.85
    endloop
  endfacet
  facet normal 0 0 -1
    outer loop
      vertex 35.989 41.296 10.85
      vertex 36.7134 42.24 10.85
      vertex 36.25 41.1215 10.85
    endloop
  endfacet
  facet normal -0 0 -1
    outer loop
      vertex 36.7134 42.24 10.85
      vertex 35.989 41.296 10.85
      vertex 36.5944 42.3444 10.85
    endloop
  endfacet
  facet normal 0 0 -1
    outer loop
      vertex 35.7529 41.5029 10.85
      vertex 36.5944 42.3444 10.85
      vertex 35.989 41.296 10.85
    endloop
  endfacet
  facet normal -0 0 -1
    outer loop
      vertex 36.5944 42.3444 10.85
      vertex 35.7529 41.5029 10.85
      vertex 36.49 42.4634 10.85
    endloop
  endfacet
  facet normal 0 0 -1
    outer loop
      vertex 35.546 41.739 10.85
      vertex 36.49 42.4634 10.85
      vertex 35.7529 41.5029 10.85
    endloop
  endfacet
  facet normal -0 0 -1
    outer loop
      vertex 36.49 42.4634 10.85
      vertex 35.546 41.739 10.85
      vertex 36.4021 42.595 10.85
    endloop
  endfacet
  facet normal 0 0 -1
    outer loop
      vertex 35.3715 42 10.85
      vertex 36.4021 42.595 10.85
      vertex 35.546 41.739 10.85
    endloop
  endfacet
  facet normal -0 0 -1
    outer loop
      vertex 36.4021 42.595 10.85
      vertex 35.3715 42 10.85
      vertex 36.3321 42.737 10.85
    endloop
  endfacet
  facet normal 0 0 -1
    outer loop
      vertex 38.4979 43.805 10.85
      vertex 39.5285 44.4 10.85
      vertex 38.5679 43.663 10.85
    endloop
  endfacet
  facet normal -0 0 -1
    outer loop
      vertex 39.5285 44.4 10.85
      vertex 38.4979 43.805 10.85
      vertex 39.354 44.661 10.85
    endloop
  endfacet
  facet normal 0 0 -1
    outer loop
      vertex 38.41 43.9366 10.85
      vertex 39.354 44.661 10.85
      vertex 38.4979 43.805 10.85
    endloop
  endfacet
  facet normal -0 0 -1
    outer loop
      vertex 39.354 44.661 10.85
      vertex 38.41 43.9366 10.85
      vertex 39.1471 44.8971 10.85
    endloop
  endfacet
  facet normal 0 0 -1
    outer loop
      vertex 38.3056 44.0556 10.85
      vertex 39.1471 44.8971 10.85
      vertex 38.41 43.9366 10.85
    endloop
  endfacet
  facet normal -0 0 -1
    outer loop
      vertex 39.1471 44.8971 10.85
      vertex 38.3056 44.0556 10.85
      vertex 38.911 45.104 10.85
    endloop
  endfacet
  facet normal 0 0 -1
    outer loop
      vertex 38.1866 44.16 10.85
      vertex 38.911 45.104 10.85
      vertex 38.3056 44.0556 10.85
    endloop
  endfacet
  facet normal -0 0 -1
    outer loop
      vertex 38.911 45.104 10.85
      vertex 38.1866 44.16 10.85
      vertex 38.65 45.2785 10.85
    endloop
  endfacet
  facet normal 0 0 -1
    outer loop
      vertex 38.055 44.2479 10.85
      vertex 38.65 45.2785 10.85
      vertex 38.1866 44.16 10.85
    endloop
  endfacet
  facet normal -0 0 -1
    outer loop
      vertex 38.65 45.2785 10.85
      vertex 38.055 44.2479 10.85
      vertex 38.3684 45.4173 10.85
    endloop
  endfacet
  facet normal 0 0 -1
    outer loop
      vertex 37.913 44.3179 10.85
      vertex 38.3684 45.4173 10.85
      vertex 38.055 44.2479 10.85
    endloop
  endfacet
  facet normal -0 0 -1
    outer loop
      vertex 38.3684 45.4173 10.85
      vertex 37.913 44.3179 10.85
      vertex 38.0712 45.5182 10.85
    endloop
  endfacet
  facet normal 0 0 -1
    outer loop
      vertex 37.7632 44.3688 10.85
      vertex 38.0712 45.5182 10.85
      vertex 37.913 44.3179 10.85
    endloop
  endfacet
  facet normal -0 0 -1
    outer loop
      vertex 38.0712 45.5182 10.85
      vertex 37.7632 44.3688 10.85
      vertex 37.7633 45.5795 10.85
    endloop
  endfacet
  facet normal 0 0 -1
    outer loop
      vertex 37.6079 44.3997 10.85
      vertex 37.7633 45.5795 10.85
      vertex 37.7632 44.3688 10.85
    endloop
  endfacet
  facet normal 0 0 -1
    outer loop
      vertex 37.45 44.41 10.85
      vertex 37.7633 45.5795 10.85
      vertex 37.6079 44.3997 10.85
    endloop
  endfacet
  facet normal 0 0 -1
    outer loop
      vertex 37.45 44.41 10.85
      vertex 37.45 45.6 10.85
      vertex 37.7633 45.5795 10.85
    endloop
  endfacet
  facet normal 0 0 -1
    outer loop
      vertex 37.2921 44.3997 10.85
      vertex 37.45 45.6 10.85
      vertex 37.45 44.41 10.85
    endloop
  endfacet
  facet normal 0 0 -1
    outer loop
      vertex 37.1367 45.5795 10.85
      vertex 37.2921 44.3997 10.85
      vertex 37.1368 44.3688 10.85
    endloop
  endfacet
  facet normal 0 0 -1
    outer loop
      vertex 37.2921 44.3997 10.85
      vertex 37.1367 45.5795 10.85
      vertex 37.45 45.6 10.85
    endloop
  endfacet
  facet normal 0 0 -1
    outer loop
      vertex 36.8288 45.5182 10.85
      vertex 37.1368 44.3688 10.85
      vertex 36.987 44.3179 10.85
    endloop
  endfacet
  facet normal 0 0 -1
    outer loop
      vertex 36.5316 45.4173 10.85
      vertex 36.987 44.3179 10.85
      vertex 36.845 44.2479 10.85
    endloop
  endfacet
  facet normal 0 0 -1
    outer loop
      vertex 37.1368 44.3688 10.85
      vertex 36.8288 45.5182 10.85
      vertex 37.1367 45.5795 10.85
    endloop
  endfacet
  facet normal 0 0 -1
    outer loop
      vertex 36.25 45.2785 10.85
      vertex 36.845 44.2479 10.85
      vertex 36.7134 44.16 10.85
    endloop
  endfacet
  facet normal 0 0 -1
    outer loop
      vertex 35.989 45.104 10.85
      vertex 36.7134 44.16 10.85
      vertex 36.5944 44.0556 10.85
    endloop
  endfacet
  facet normal 0 0 -1
    outer loop
      vertex 36.987 44.3179 10.85
      vertex 36.5316 45.4173 10.85
      vertex 36.8288 45.5182 10.85
    endloop
  endfacet
  facet normal 0 0 -1
    outer loop
      vertex 35.7529 44.8971 10.85
      vertex 36.5944 44.0556 10.85
      vertex 36.49 43.9366 10.85
    endloop
  endfacet
  facet normal 0 0 -1
    outer loop
      vertex 35.546 44.661 10.85
      vertex 36.49 43.9366 10.85
      vertex 36.4021 43.805 10.85
    endloop
  endfacet
  facet normal 0 0 -1
    outer loop
      vertex 35.3715 44.4 10.85
      vertex 36.4021 43.805 10.85
      vertex 36.3321 43.663 10.85
    endloop
  endfacet
  facet normal 0 0 -1
    outer loop
      vertex 35.2327 44.1184 10.85
      vertex 36.3321 43.663 10.85
      vertex 36.2812 43.5132 10.85
    endloop
  endfacet
  facet normal 0 0 -1
    outer loop
      vertex 35.1318 43.8212 10.85
      vertex 36.2812 43.5132 10.85
      vertex 36.2504 43.3579 10.85
    endloop
  endfacet
  facet normal 0 0 -1
    outer loop
      vertex 36.845 44.2479 10.85
      vertex 36.25 45.2785 10.85
      vertex 36.5316 45.4173 10.85
    endloop
  endfacet
  facet normal 0 0 -1
    outer loop
      vertex 35.0705 43.5133 10.85
      vertex 36.2504 43.3579 10.85
      vertex 36.24 43.2 10.85
    endloop
  endfacet
  facet normal 0 0 -1
    outer loop
      vertex 35.2327 42.2816 10.85
      vertex 36.3321 42.737 10.85
      vertex 35.3715 42 10.85
    endloop
  endfacet
  facet normal 0 0 -1
    outer loop
      vertex 36.7134 44.16 10.85
      vertex 35.989 45.104 10.85
      vertex 36.25 45.2785 10.85
    endloop
  endfacet
  facet normal -0 0 -1
    outer loop
      vertex 36.3321 42.737 10.85
      vertex 35.2327 42.2816 10.85
      vertex 36.2812 42.8868 10.85
    endloop
  endfacet
  facet normal 0 0 -1
    outer loop
      vertex 36.5944 44.0556 10.85
      vertex 35.7529 44.8971 10.85
      vertex 35.989 45.104 10.85
    endloop
  endfacet
  facet normal 0 0 -1
    outer loop
      vertex 35.1318 42.5788 10.85
      vertex 36.2812 42.8868 10.85
      vertex 35.2327 42.2816 10.85
    endloop
  endfacet
  facet normal 0 0 -1
    outer loop
      vertex 36.49 43.9366 10.85
      vertex 35.546 44.661 10.85
      vertex 35.7529 44.8971 10.85
    endloop
  endfacet
  facet normal -0 0 -1
    outer loop
      vertex 36.2812 42.8868 10.85
      vertex 35.1318 42.5788 10.85
      vertex 36.2504 43.0421 10.85
    endloop
  endfacet
  facet normal 0 0 -1
    outer loop
      vertex 36.4021 43.805 10.85
      vertex 35.3715 44.4 10.85
      vertex 35.546 44.661 10.85
    endloop
  endfacet
  facet normal 0 0 -1
    outer loop
      vertex 35.0705 42.8867 10.85
      vertex 36.2504 43.0421 10.85
      vertex 35.1318 42.5788 10.85
    endloop
  endfacet
  facet normal 0 0 -1
    outer loop
      vertex 36.3321 43.663 10.85
      vertex 35.2327 44.1184 10.85
      vertex 35.3715 44.4 10.85
    endloop
  endfacet
  facet normal -0 0 -1
    outer loop
      vertex 36.2504 43.0421 10.85
      vertex 35.0705 42.8867 10.85
      vertex 36.24 43.2 10.85
    endloop
  endfacet
  facet normal 0 0 -1
    outer loop
      vertex 36.2812 43.5132 10.85
      vertex 35.1318 43.8212 10.85
      vertex 35.2327 44.1184 10.85
    endloop
  endfacet
  facet normal 0 0 -1
    outer loop
      vertex 35.05 43.2 10.85
      vertex 36.24 43.2 10.85
      vertex 35.0705 42.8867 10.85
    endloop
  endfacet
  facet normal 0 0 -1
    outer loop
      vertex 36.2504 43.3579 10.85
      vertex 35.0705 43.5133 10.85
      vertex 35.1318 43.8212 10.85
    endloop
  endfacet
  facet normal 0 0 -1
    outer loop
      vertex 36.24 43.2 10.85
      vertex 35.05 43.2 10.85
      vertex 35.0705 43.5133 10.85
    endloop
  endfacet
  facet normal 0.32148 0.946916 -0
    outer loop
      vertex 38.3684 45.4173 10.85
      vertex 38.0712 45.5182 21.6
      vertex 38.3684 45.4173 21.6
    endloop
  endfacet
  facet normal 0.32148 0.946916 0
    outer loop
      vertex 38.0712 45.5182 21.6
      vertex 38.3684 45.4173 10.85
      vertex 38.0712 45.5182 10.85
    endloop
  endfacet
  facet normal -0.555802 0.831315 0
    outer loop
      vertex 36.25 45.2785 10.85
      vertex 35.989 45.104 21.6
      vertex 36.25 45.2785 21.6
    endloop
  endfacet
  facet normal -0.555802 0.831315 0
    outer loop
      vertex 35.989 45.104 21.6
      vertex 36.25 45.2785 10.85
      vertex 35.989 45.104 10.85
    endloop
  endfacet
  facet normal 0.0657195 -0.9978 0.00877186
    outer loop
      vertex 37.45 41.99 10.85
      vertex 37.45 41.95 6.3
      vertex 37.6079 42.0004 10.85
    endloop
  endfacet
  facet normal -0.321529 -0.946859 0.00876718
    outer loop
      vertex 36.987 42.0821 10.85
      vertex 36.9716 42.0452 6.3
      vertex 37.1265 41.9926 6.3
    endloop
  endfacet
  facet normal 0.442296 -0.896826 0.00877016
    outer loop
      vertex 38.075 42.1175 6.3
      vertex 37.913 42.0821 10.85
      vertex 37.9284 42.0452 6.3
    endloop
  endfacet
  facet normal -0.9978 -0.0657195 0.00877186
    outer loop
      vertex 36.24 43.2 10.85
      vertex 36.2 43.2 6.3
      vertex 36.2504 43.0421 10.85
    endloop
  endfacet
  facet normal -0.997819 -0.0654207 0.00878245
    outer loop
      vertex 36.2504 43.0421 10.85
      vertex 36.2 43.2 6.3
      vertex 36.2107 43.0368 6.3
    endloop
  endfacet
  facet normal -0.751751 0.659388 0.00877354
    outer loop
      vertex 36.5661 44.0839 6.3
      vertex 36.4583 43.961 6.3
      vertex 36.49 43.9366 10.85
    endloop
  endfacet
  facet normal -0.195167 -0.980731 0.00878448
    outer loop
      vertex 37.2921 42.0004 10.85
      vertex 37.1265 41.9926 6.3
      vertex 37.2868 41.9607 6.3
    endloop
  endfacet
  facet normal -0.0654207 -0.997819 0.00878245
    outer loop
      vertex 37.2921 42.0004 10.85
      vertex 37.2868 41.9607 6.3
      vertex 37.45 41.95 6.3
    endloop
  endfacet
  facet normal -0.896826 0.442296 0.00876398
    outer loop
      vertex 36.3675 43.825 6.3
      vertex 36.2952 43.6784 6.3
      vertex 36.4021 43.805 10.85
    endloop
  endfacet
  facet normal -0.32098 0.947045 0.00876089
    outer loop
      vertex 37.1265 44.4074 6.3
      vertex 36.9716 44.3549 6.3
      vertex 37.1368 44.3688 10.85
    endloop
  endfacet
  facet normal 0.831532 0.555408 0.00877176
    outer loop
      vertex 38.4417 43.961 6.3
      vertex 38.41 43.9366 10.85
      vertex 38.4979 43.805 10.85
    endloop
  endfacet
  facet normal -0.555408 -0.831532 0.00877176
    outer loop
      vertex 36.7134 42.24 10.85
      vertex 36.689 42.2083 6.3
      vertex 36.845 42.1521 10.85
    endloop
  endfacet
  facet normal -0.555243 0.831642 0.00877164
    outer loop
      vertex 36.825 44.2825 6.3
      vertex 36.689 44.1917 6.3
      vertex 36.7134 44.16 10.85
    endloop
  endfacet
  facet normal 0.980731 -0.195167 0.00876293
    outer loop
      vertex 38.6893 43.0368 6.3
      vertex 38.6497 43.0421 10.85
      vertex 38.6574 42.8765 6.3
    endloop
  endfacet
  facet normal 0.896905 -0.442136 0.00876388
    outer loop
      vertex 38.5679 42.737 10.85
      vertex 38.4979 42.595 10.85
      vertex 38.5325 42.575 6.3
    endloop
  endfacet
  facet normal -0.659388 -0.751751 0.00877354
    outer loop
      vertex 36.7134 42.24 10.85
      vertex 36.5661 42.3161 6.3
      vertex 36.689 42.2083 6.3
    endloop
  endfacet
  facet normal -0.946859 0.321529 0.00876055
    outer loop
      vertex 36.2952 43.6784 6.3
      vertex 36.2426 43.5235 6.3
      vertex 36.2812 43.5132 10.85
    endloop
  endfacet
  facet normal 0.555243 0.831642 0.00877164
    outer loop
      vertex 38.211 44.1917 6.3
      vertex 38.075 44.2825 6.3
      vertex 38.1866 44.16 10.85
    endloop
  endfacet
  facet normal -0.831642 -0.555243 0.00877164
    outer loop
      vertex 36.49 42.4634 10.85
      vertex 36.3675 42.575 6.3
      vertex 36.4583 42.439 6.3
    endloop
  endfacet
  facet normal -0.831642 0.555243 0.00877164
    outer loop
      vertex 36.4583 43.961 6.3
      vertex 36.3675 43.825 6.3
      vertex 36.49 43.9366 10.85
    endloop
  endfacet
  facet normal -0.980731 0.195167 0.00878448
    outer loop
      vertex 36.2426 43.5235 6.3
      vertex 36.2107 43.3632 6.3
      vertex 36.2504 43.3579 10.85
    endloop
  endfacet
  facet normal -0.980858 0.194529 0.00876148
    outer loop
      vertex 36.2812 43.5132 10.85
      vertex 36.2426 43.5235 6.3
      vertex 36.2504 43.3579 10.85
    endloop
  endfacet
  facet normal 0.997841 -0.0650903 0.00877223
    outer loop
      vertex 38.66 43.2 10.85
      vertex 38.6497 43.0421 10.85
      vertex 38.7 43.2 6.3
    endloop
  endfacet
  facet normal 0.659388 0.751751 0.00877354
    outer loop
      vertex 38.211 44.1917 6.3
      vertex 38.1866 44.16 10.85
      vertex 38.3339 44.0839 6.3
    endloop
  endfacet
  facet normal 0.0654208 0.997819 0.00876052
    outer loop
      vertex 37.6132 44.4393 6.3
      vertex 37.45 44.45 6.3
      vertex 37.6079 44.3997 10.85
    endloop
  endfacet
  facet normal -0.195137 0.980737 0.00876184
    outer loop
      vertex 37.2921 44.3997 10.85
      vertex 37.1265 44.4074 6.3
      vertex 37.1368 44.3688 10.85
    endloop
  endfacet
  facet normal -0.946798 0.321709 0.00876729
    outer loop
      vertex 36.2952 43.6784 6.3
      vertex 36.2812 43.5132 10.85
      vertex 36.3321 43.663 10.85
    endloop
  endfacet
  facet normal -0.555243 -0.831642 0.00876476
    outer loop
      vertex 36.845 42.1521 10.85
      vertex 36.689 42.2083 6.3
      vertex 36.825 42.1175 6.3
    endloop
  endfacet
  facet normal 0.896905 0.442136 0.00876388
    outer loop
      vertex 38.5325 43.825 6.3
      vertex 38.4979 43.805 10.85
      vertex 38.5679 43.663 10.85
    endloop
  endfacet
  facet normal 0.659463 -0.751686 0.00877703
    outer loop
      vertex 38.3056 42.3444 10.85
      vertex 38.1866 42.24 10.85
      vertex 38.3339 42.3161 6.3
    endloop
  endfacet
  facet normal -0.321709 0.946798 0.0087881
    outer loop
      vertex 37.1368 44.3688 10.85
      vertex 36.9716 44.3549 6.3
      vertex 36.987 44.3179 10.85
    endloop
  endfacet
  facet normal -0.659463 -0.751686 0.00877703
    outer loop
      vertex 36.5944 42.3444 10.85
      vertex 36.5661 42.3161 6.3
      vertex 36.7134 42.24 10.85
    endloop
  endfacet
  facet normal 0.946798 0.321709 0.00876044
    outer loop
      vertex 38.6574 43.5235 6.3
      vertex 38.5679 43.663 10.85
      vertex 38.6188 43.5132 10.85
    endloop
  endfacet
  facet normal -0.751751 -0.659388 0.00877354
    outer loop
      vertex 36.49 42.4634 10.85
      vertex 36.4583 42.439 6.3
      vertex 36.5661 42.3161 6.3
    endloop
  endfacet
  facet normal 0.194529 -0.980858 0.00876148
    outer loop
      vertex 37.7632 42.0312 10.85
      vertex 37.6079 42.0004 10.85
      vertex 37.7735 41.9926 6.3
    endloop
  endfacet
  facet normal -0.946859 -0.321529 0.00876055
    outer loop
      vertex 36.2812 42.8868 10.85
      vertex 36.2426 42.8765 6.3
      vertex 36.2952 42.7216 6.3
    endloop
  endfacet
  facet normal -0.751686 -0.659463 0.00877703
    outer loop
      vertex 36.5944 42.3444 10.85
      vertex 36.49 42.4634 10.85
      vertex 36.5661 42.3161 6.3
    endloop
  endfacet
  facet normal -0.0657195 -0.9978 0.00877186
    outer loop
      vertex 37.45 41.99 10.85
      vertex 37.2921 42.0004 10.85
      vertex 37.45 41.95 6.3
    endloop
  endfacet
  facet normal -0.194529 -0.980858 0.00876148
    outer loop
      vertex 37.1368 42.0312 10.85
      vertex 37.1265 41.9926 6.3
      vertex 37.2921 42.0004 10.85
    endloop
  endfacet
  facet normal 0.751751 -0.659388 0.00877354
    outer loop
      vertex 38.41 42.4634 10.85
      vertex 38.3339 42.3161 6.3
      vertex 38.4417 42.439 6.3
    endloop
  endfacet
  facet normal -0.442788 0.896584 0.0087643
    outer loop
      vertex 36.9716 44.3549 6.3
      vertex 36.825 44.2825 6.3
      vertex 36.845 44.2479 10.85
    endloop
  endfacet
  facet normal 0.896584 -0.442787 0.00878956
    outer loop
      vertex 38.5679 42.737 10.85
      vertex 38.5325 42.575 6.3
      vertex 38.6049 42.7216 6.3
    endloop
  endfacet
  facet normal -0.946798 -0.321709 0.00876729
    outer loop
      vertex 36.3321 42.737 10.85
      vertex 36.2812 42.8868 10.85
      vertex 36.2952 42.7216 6.3
    endloop
  endfacet
  facet normal 0.555408 -0.831532 0.00876465
    outer loop
      vertex 38.1866 42.24 10.85
      vertex 38.055 42.1521 10.85
      vertex 38.075 42.1175 6.3
    endloop
  endfacet
  facet normal -0.195167 0.980731 0.00876293
    outer loop
      vertex 37.2868 44.4393 6.3
      vertex 37.1265 44.4074 6.3
      vertex 37.2921 44.3997 10.85
    endloop
  endfacet
  facet normal 0.321709 0.946798 0.0087881
    outer loop
      vertex 37.9284 44.3549 6.3
      vertex 37.7632 44.3688 10.85
      vertex 37.913 44.3179 10.85
    endloop
  endfacet
  facet normal -0.980858 -0.194529 0.00876148
    outer loop
      vertex 36.2504 43.0421 10.85
      vertex 36.2426 42.8765 6.3
      vertex 36.2812 42.8868 10.85
    endloop
  endfacet
  facet normal 0.980737 0.195137 0.00876184
    outer loop
      vertex 38.6574 43.5235 6.3
      vertex 38.6188 43.5132 10.85
      vertex 38.6497 43.3579 10.85
    endloop
  endfacet
  facet normal -0.980731 -0.195167 0.00878448
    outer loop
      vertex 36.2504 43.0421 10.85
      vertex 36.2107 43.0368 6.3
      vertex 36.2426 42.8765 6.3
    endloop
  endfacet
  facet normal -0.997819 0.0654207 0.00878245
    outer loop
      vertex 36.2107 43.3632 6.3
      vertex 36.2 43.2 6.3
      vertex 36.2504 43.3579 10.85
    endloop
  endfacet
  facet normal -0.9978 0.0657195 0.00877186
    outer loop
      vertex 36.2504 43.3579 10.85
      vertex 36.2 43.2 6.3
      vertex 36.24 43.2 10.85
    endloop
  endfacet
  facet normal 0.555243 -0.831642 0.00877164
    outer loop
      vertex 38.1866 42.24 10.85
      vertex 38.075 42.1175 6.3
      vertex 38.211 42.2083 6.3
    endloop
  endfacet
  facet normal 0.947045 0.32098 0.00878764
    outer loop
      vertex 38.6049 43.6784 6.3
      vertex 38.5679 43.663 10.85
      vertex 38.6574 43.5235 6.3
    endloop
  endfacet
  facet normal 0.659388 -0.751751 0.00877354
    outer loop
      vertex 38.3339 42.3161 6.3
      vertex 38.1866 42.24 10.85
      vertex 38.211 42.2083 6.3
    endloop
  endfacet
  facet normal 0.831642 -0.555243 0.00877164
    outer loop
      vertex 38.5325 42.575 6.3
      vertex 38.41 42.4634 10.85
      vertex 38.4417 42.439 6.3
    endloop
  endfacet
  facet normal 0.947045 -0.32098 0.00878764
    outer loop
      vertex 38.6574 42.8765 6.3
      vertex 38.5679 42.737 10.85
      vertex 38.6049 42.7216 6.3
    endloop
  endfacet
  facet normal -0.0654208 0.997819 0.00876052
    outer loop
      vertex 37.45 44.45 6.3
      vertex 37.2868 44.4393 6.3
      vertex 37.2921 44.3997 10.85
    endloop
  endfacet
  facet normal 0.997841 0.0650903 0.00877223
    outer loop
      vertex 38.7 43.2 6.3
      vertex 38.6497 43.3579 10.85
      vertex 38.66 43.2 10.85
    endloop
  endfacet
  facet normal 0.896584 0.442787 0.00878956
    outer loop
      vertex 38.6049 43.6784 6.3
      vertex 38.5325 43.825 6.3
      vertex 38.5679 43.663 10.85
    endloop
  endfacet
  facet normal 0.321529 -0.946859 0.00876718
    outer loop
      vertex 37.913 42.0821 10.85
      vertex 37.7735 41.9926 6.3
      vertex 37.9284 42.0452 6.3
    endloop
  endfacet
  facet normal 0.321709 -0.946798 0.00876044
    outer loop
      vertex 37.913 42.0821 10.85
      vertex 37.7632 42.0312 10.85
      vertex 37.7735 41.9926 6.3
    endloop
  endfacet
  facet normal 0.980731 0.195167 0.00876293
    outer loop
      vertex 38.6574 43.5235 6.3
      vertex 38.6497 43.3579 10.85
      vertex 38.6893 43.3632 6.3
    endloop
  endfacet
  facet normal 0.32098 0.947045 0.00876089
    outer loop
      vertex 37.7735 44.4074 6.3
      vertex 37.7632 44.3688 10.85
      vertex 37.9284 44.3549 6.3
    endloop
  endfacet
  facet normal -0.659388 0.751751 0.00877354
    outer loop
      vertex 36.689 44.1917 6.3
      vertex 36.5661 44.0839 6.3
      vertex 36.7134 44.16 10.85
    endloop
  endfacet
  facet normal 0.946798 -0.321709 0.00876044
    outer loop
      vertex 38.6188 42.8868 10.85
      vertex 38.5679 42.737 10.85
      vertex 38.6574 42.8765 6.3
    endloop
  endfacet
  facet normal -0.442136 -0.896905 0.00876388
    outer loop
      vertex 36.845 42.1521 10.85
      vertex 36.825 42.1175 6.3
      vertex 36.987 42.0821 10.85
    endloop
  endfacet
  facet normal 0 0 -1
    outer loop
      vertex 38.6893 43.0368 6.3
      vertex 38.6893 43.3632 6.3
      vertex 38.7 43.2 6.3
    endloop
  endfacet
  facet normal 0 0 -1
    outer loop
      vertex 38.6574 42.8765 6.3
      vertex 38.6893 43.3632 6.3
      vertex 38.6893 43.0368 6.3
    endloop
  endfacet
  facet normal 0 0 -1
    outer loop
      vertex 38.6574 42.8765 6.3
      vertex 38.6574 43.5235 6.3
      vertex 38.6893 43.3632 6.3
    endloop
  endfacet
  facet normal 0 0 -1
    outer loop
      vertex 38.6049 42.7216 6.3
      vertex 38.6574 43.5235 6.3
      vertex 38.6574 42.8765 6.3
    endloop
  endfacet
  facet normal 0 0 -1
    outer loop
      vertex 38.6049 42.7216 6.3
      vertex 38.6049 43.6784 6.3
      vertex 38.6574 43.5235 6.3
    endloop
  endfacet
  facet normal 0 0 -1
    outer loop
      vertex 38.5325 42.575 6.3
      vertex 38.6049 43.6784 6.3
      vertex 38.6049 42.7216 6.3
    endloop
  endfacet
  facet normal 0 0 -1
    outer loop
      vertex 38.5325 42.575 6.3
      vertex 38.5325 43.825 6.3
      vertex 38.6049 43.6784 6.3
    endloop
  endfacet
  facet normal 0 0 -1
    outer loop
      vertex 38.4417 42.439 6.3
      vertex 38.5325 43.825 6.3
      vertex 38.5325 42.575 6.3
    endloop
  endfacet
  facet normal 0 0 -1
    outer loop
      vertex 38.4417 42.439 6.3
      vertex 38.4417 43.961 6.3
      vertex 38.5325 43.825 6.3
    endloop
  endfacet
  facet normal 0 0 -1
    outer loop
      vertex 38.3339 42.3161 6.3
      vertex 38.4417 43.961 6.3
      vertex 38.4417 42.439 6.3
    endloop
  endfacet
  facet normal 0 0 -1
    outer loop
      vertex 38.3339 42.3161 6.3
      vertex 38.3339 44.0839 6.3
      vertex 38.4417 43.961 6.3
    endloop
  endfacet
  facet normal 0 0 -1
    outer loop
      vertex 38.211 42.2083 6.3
      vertex 38.3339 44.0839 6.3
      vertex 38.3339 42.3161 6.3
    endloop
  endfacet
  facet normal 0 0 -1
    outer loop
      vertex 38.211 42.2083 6.3
      vertex 38.211 44.1917 6.3
      vertex 38.3339 44.0839 6.3
    endloop
  endfacet
  facet normal 0 0 -1
    outer loop
      vertex 38.075 42.1175 6.3
      vertex 38.211 44.1917 6.3
      vertex 38.211 42.2083 6.3
    endloop
  endfacet
  facet normal 0 0 -1
    outer loop
      vertex 38.075 42.1175 6.3
      vertex 38.075 44.2825 6.3
      vertex 38.211 44.1917 6.3
    endloop
  endfacet
  facet normal 0 0 -1
    outer loop
      vertex 37.9284 42.0452 6.3
      vertex 38.075 44.2825 6.3
      vertex 38.075 42.1175 6.3
    endloop
  endfacet
  facet normal 0 0 -1
    outer loop
      vertex 37.9284 42.0452 6.3
      vertex 37.9284 44.3549 6.3
      vertex 38.075 44.2825 6.3
    endloop
  endfacet
  facet normal 0 0 -1
    outer loop
      vertex 37.7735 41.9926 6.3
      vertex 37.9284 44.3549 6.3
      vertex 37.9284 42.0452 6.3
    endloop
  endfacet
  facet normal 0 0 -1
    outer loop
      vertex 37.7735 41.9926 6.3
      vertex 37.7735 44.4074 6.3
      vertex 37.9284 44.3549 6.3
    endloop
  endfacet
  facet normal 0 0 -1
    outer loop
      vertex 37.6132 41.9607 6.3
      vertex 37.7735 44.4074 6.3
      vertex 37.7735 41.9926 6.3
    endloop
  endfacet
  facet normal 0 0 -1
    outer loop
      vertex 37.6132 41.9607 6.3
      vertex 37.6132 44.4393 6.3
      vertex 37.7735 44.4074 6.3
    endloop
  endfacet
  facet normal 0 0 -1
    outer loop
      vertex 37.45 41.95 6.3
      vertex 37.6132 44.4393 6.3
      vertex 37.6132 41.9607 6.3
    endloop
  endfacet
  facet normal 0 0 -1
    outer loop
      vertex 37.45 41.95 6.3
      vertex 37.45 44.45 6.3
      vertex 37.6132 44.4393 6.3
    endloop
  endfacet
  facet normal 0 0 -1
    outer loop
      vertex 37.2868 41.9607 6.3
      vertex 37.45 44.45 6.3
      vertex 37.45 41.95 6.3
    endloop
  endfacet
  facet normal 0 0 -1
    outer loop
      vertex 37.2868 41.9607 6.3
      vertex 37.2868 44.4393 6.3
      vertex 37.45 44.45 6.3
    endloop
  endfacet
  facet normal 0 0 -1
    outer loop
      vertex 37.1265 41.9926 6.3
      vertex 37.2868 44.4393 6.3
      vertex 37.2868 41.9607 6.3
    endloop
  endfacet
  facet normal 0 0 -1
    outer loop
      vertex 37.1265 41.9926 6.3
      vertex 37.1265 44.4074 6.3
      vertex 37.2868 44.4393 6.3
    endloop
  endfacet
  facet normal 0 0 -1
    outer loop
      vertex 36.9716 42.0452 6.3
      vertex 37.1265 44.4074 6.3
      vertex 37.1265 41.9926 6.3
    endloop
  endfacet
  facet normal 0 0 -1
    outer loop
      vertex 36.9716 42.0452 6.3
      vertex 36.9716 44.3549 6.3
      vertex 37.1265 44.4074 6.3
    endloop
  endfacet
  facet normal 0 0 -1
    outer loop
      vertex 36.825 42.1175 6.3
      vertex 36.9716 44.3549 6.3
      vertex 36.9716 42.0452 6.3
    endloop
  endfacet
  facet normal 0 0 -1
    outer loop
      vertex 36.825 42.1175 6.3
      vertex 36.825 44.2825 6.3
      vertex 36.9716 44.3549 6.3
    endloop
  endfacet
  facet normal 0 0 -1
    outer loop
      vertex 36.689 42.2083 6.3
      vertex 36.825 44.2825 6.3
      vertex 36.825 42.1175 6.3
    endloop
  endfacet
  facet normal 0 0 -1
    outer loop
      vertex 36.689 42.2083 6.3
      vertex 36.689 44.1917 6.3
      vertex 36.825 44.2825 6.3
    endloop
  endfacet
  facet normal 0 0 -1
    outer loop
      vertex 36.5661 42.3161 6.3
      vertex 36.689 44.1917 6.3
      vertex 36.689 42.2083 6.3
    endloop
  endfacet
  facet normal 0 0 -1
    outer loop
      vertex 36.5661 42.3161 6.3
      vertex 36.5661 44.0839 6.3
      vertex 36.689 44.1917 6.3
    endloop
  endfacet
  facet normal 0 0 -1
    outer loop
      vertex 36.4583 42.439 6.3
      vertex 36.5661 44.0839 6.3
      vertex 36.5661 42.3161 6.3
    endloop
  endfacet
  facet normal 0 0 -1
    outer loop
      vertex 36.4583 42.439 6.3
      vertex 36.4583 43.961 6.3
      vertex 36.5661 44.0839 6.3
    endloop
  endfacet
  facet normal 0 0 -1
    outer loop
      vertex 36.3675 42.575 6.3
      vertex 36.4583 43.961 6.3
      vertex 36.4583 42.439 6.3
    endloop
  endfacet
  facet normal 0 0 -1
    outer loop
      vertex 36.3675 42.575 6.3
      vertex 36.3675 43.825 6.3
      vertex 36.4583 43.961 6.3
    endloop
  endfacet
  facet normal 0 0 -1
    outer loop
      vertex 36.2952 42.7216 6.3
      vertex 36.3675 43.825 6.3
      vertex 36.3675 42.575 6.3
    endloop
  endfacet
  facet normal 0 0 -1
    outer loop
      vertex 36.2952 42.7216 6.3
      vertex 36.2952 43.6784 6.3
      vertex 36.3675 43.825 6.3
    endloop
  endfacet
  facet normal 0 0 -1
    outer loop
      vertex 36.2426 42.8765 6.3
      vertex 36.2952 43.6784 6.3
      vertex 36.2952 42.7216 6.3
    endloop
  endfacet
  facet normal 0 0 -1
    outer loop
      vertex 36.2426 42.8765 6.3
      vertex 36.2426 43.5235 6.3
      vertex 36.2952 43.6784 6.3
    endloop
  endfacet
  facet normal 0 0 -1
    outer loop
      vertex 36.2107 43.0368 6.3
      vertex 36.2426 43.5235 6.3
      vertex 36.2426 42.8765 6.3
    endloop
  endfacet
  facet normal 0 0 -1
    outer loop
      vertex 36.2107 43.0368 6.3
      vertex 36.2107 43.3632 6.3
      vertex 36.2426 43.5235 6.3
    endloop
  endfacet
  facet normal 0 -0 -1
    outer loop
      vertex 36.2107 43.3632 6.3
      vertex 36.2107 43.0368 6.3
      vertex 36.2 43.2 6.3
    endloop
  endfacet
  facet normal -0.831532 0.555408 0.00876465
    outer loop
      vertex 36.49 43.9366 10.85
      vertex 36.3675 43.825 6.3
      vertex 36.4021 43.805 10.85
    endloop
  endfacet
  facet normal -0.831532 -0.555408 0.00876465
    outer loop
      vertex 36.4021 42.595 10.85
      vertex 36.3675 42.575 6.3
      vertex 36.49 42.4634 10.85
    endloop
  endfacet
  facet normal -0.896905 -0.442136 0.00877026
    outer loop
      vertex 36.3321 42.737 10.85
      vertex 36.2952 42.7216 6.3
      vertex 36.4021 42.595 10.85
    endloop
  endfacet
  facet normal 0.997819 0.0654208 0.00876052
    outer loop
      vertex 38.6893 43.3632 6.3
      vertex 38.6497 43.3579 10.85
      vertex 38.7 43.2 6.3
    endloop
  endfacet
  facet normal -0.896826 -0.442296 0.00876398
    outer loop
      vertex 36.4021 42.595 10.85
      vertex 36.2952 42.7216 6.3
      vertex 36.3675 42.575 6.3
    endloop
  endfacet
  facet normal 0.0650903 0.997841 0.00877223
    outer loop
      vertex 37.45 44.45 6.3
      vertex 37.45 44.41 10.85
      vertex 37.6079 44.3997 10.85
    endloop
  endfacet
  facet normal 0.659463 0.751686 0.00877703
    outer loop
      vertex 38.3339 44.0839 6.3
      vertex 38.1866 44.16 10.85
      vertex 38.3056 44.0556 10.85
    endloop
  endfacet
  facet normal 0.751686 0.659463 0.00877703
    outer loop
      vertex 38.3339 44.0839 6.3
      vertex 38.3056 44.0556 10.85
      vertex 38.41 43.9366 10.85
    endloop
  endfacet
  facet normal 0.751751 0.659388 0.00877354
    outer loop
      vertex 38.4417 43.961 6.3
      vertex 38.3339 44.0839 6.3
      vertex 38.41 43.9366 10.85
    endloop
  endfacet
  facet normal 0.980737 -0.195137 0.00876184
    outer loop
      vertex 38.6497 43.0421 10.85
      vertex 38.6188 42.8868 10.85
      vertex 38.6574 42.8765 6.3
    endloop
  endfacet
  facet normal 0.442136 -0.896905 0.00876388
    outer loop
      vertex 38.055 42.1521 10.85
      vertex 37.913 42.0821 10.85
      vertex 38.075 42.1175 6.3
    endloop
  endfacet
  facet normal -0.555408 0.831532 0.00876465
    outer loop
      vertex 36.825 44.2825 6.3
      vertex 36.7134 44.16 10.85
      vertex 36.845 44.2479 10.85
    endloop
  endfacet
  facet normal 0.751686 -0.659463 0.00877703
    outer loop
      vertex 38.41 42.4634 10.85
      vertex 38.3056 42.3444 10.85
      vertex 38.3339 42.3161 6.3
    endloop
  endfacet
  facet normal -0.751686 0.659463 0.00877703
    outer loop
      vertex 36.5661 44.0839 6.3
      vertex 36.49 43.9366 10.85
      vertex 36.5944 44.0556 10.85
    endloop
  endfacet
  facet normal 0.195167 0.980731 0.00876293
    outer loop
      vertex 37.6132 44.4393 6.3
      vertex 37.6079 44.3997 10.85
      vertex 37.7735 44.4074 6.3
    endloop
  endfacet
  facet normal 0.0654207 -0.997819 0.00878245
    outer loop
      vertex 37.6079 42.0004 10.85
      vertex 37.45 41.95 6.3
      vertex 37.6132 41.9607 6.3
    endloop
  endfacet
  facet normal 0.195137 0.980737 0.00876184
    outer loop
      vertex 37.7735 44.4074 6.3
      vertex 37.6079 44.3997 10.85
      vertex 37.7632 44.3688 10.85
    endloop
  endfacet
  facet normal 0.195167 -0.980731 0.00878448
    outer loop
      vertex 37.7735 41.9926 6.3
      vertex 37.6079 42.0004 10.85
      vertex 37.6132 41.9607 6.3
    endloop
  endfacet
  facet normal -0.659463 0.751686 0.00877703
    outer loop
      vertex 36.7134 44.16 10.85
      vertex 36.5661 44.0839 6.3
      vertex 36.5944 44.0556 10.85
    endloop
  endfacet
  facet normal 0.831642 0.555243 0.00876476
    outer loop
      vertex 38.5325 43.825 6.3
      vertex 38.4417 43.961 6.3
      vertex 38.4979 43.805 10.85
    endloop
  endfacet
  facet normal 0.997819 -0.0654208 0.00876052
    outer loop
      vertex 38.7 43.2 6.3
      vertex 38.6497 43.0421 10.85
      vertex 38.6893 43.0368 6.3
    endloop
  endfacet
  facet normal -0.0650903 0.997841 0.00877223
    outer loop
      vertex 37.45 44.45 6.3
      vertex 37.2921 44.3997 10.85
      vertex 37.45 44.41 10.85
    endloop
  endfacet
  facet normal -0.896905 0.442136 0.00877026
    outer loop
      vertex 36.4021 43.805 10.85
      vertex 36.2952 43.6784 6.3
      vertex 36.3321 43.663 10.85
    endloop
  endfacet
  facet normal 0.831532 -0.555408 0.00876465
    outer loop
      vertex 38.4979 42.595 10.85
      vertex 38.41 42.4634 10.85
      vertex 38.5325 42.575 6.3
    endloop
  endfacet
  facet normal 0.442788 0.896584 0.0087643
    outer loop
      vertex 38.075 44.2825 6.3
      vertex 37.9284 44.3549 6.3
      vertex 38.055 44.2479 10.85
    endloop
  endfacet
  facet normal 0.442136 0.896905 0.00878997
    outer loop
      vertex 37.9284 44.3549 6.3
      vertex 37.913 44.3179 10.85
      vertex 38.055 44.2479 10.85
    endloop
  endfacet
  facet normal -0.321709 -0.946798 0.00876044
    outer loop
      vertex 37.1368 42.0312 10.85
      vertex 36.987 42.0821 10.85
      vertex 37.1265 41.9926 6.3
    endloop
  endfacet
  facet normal -0.442296 -0.896826 0.00877016
    outer loop
      vertex 36.987 42.0821 10.85
      vertex 36.825 42.1175 6.3
      vertex 36.9716 42.0452 6.3
    endloop
  endfacet
  facet normal 0.555408 0.831532 0.00876465
    outer loop
      vertex 38.075 44.2825 6.3
      vertex 38.055 44.2479 10.85
      vertex 38.1866 44.16 10.85
    endloop
  endfacet
  facet normal -0.442136 0.896905 0.00878997
    outer loop
      vertex 36.9716 44.3549 6.3
      vertex 36.845 44.2479 10.85
      vertex 36.987 44.3179 10.85
    endloop
  endfacet
  facet normal 0.997866 -0.0652929 0
    outer loop
      vertex 28.9295 42.8867 21.6
      vertex 28.95 43.2 10.85
      vertex 28.95 43.2 21.6
    endloop
  endfacet
  facet normal 0.997866 -0.0652929 0
    outer loop
      vertex 28.95 43.2 10.85
      vertex 28.9295 42.8867 21.6
      vertex 28.9295 42.8867 10.85
    endloop
  endfacet
  facet normal 0.44211 -0.896961 0
    outer loop
      vertex 27.4684 40.9827 10.85
      vertex 27.75 41.1215 21.6
      vertex 27.4684 40.9827 21.6
    endloop
  endfacet
  facet normal 0.44211 -0.896961 0
    outer loop
      vertex 27.75 41.1215 21.6
      vertex 27.4684 40.9827 10.85
      vertex 27.75 41.1215 10.85
    endloop
  endfacet
  facet normal -0.980752 -0.195258 0
    outer loop
      vertex 24.2318 42.5788 10.85
      vertex 24.1705 42.8867 21.6
      vertex 24.1705 42.8867 10.85
    endloop
  endfacet
  facet normal -0.980752 -0.195258 0
    outer loop
      vertex 24.1705 42.8867 21.6
      vertex 24.2318 42.5788 10.85
      vertex 24.2318 42.5788 21.6
    endloop
  endfacet
  facet normal -0.997866 -0.0652929 0
    outer loop
      vertex 24.1705 42.8867 10.85
      vertex 24.15 43.2 21.6
      vertex 24.15 43.2 10.85
    endloop
  endfacet
  facet normal -0.997866 -0.0652929 0
    outer loop
      vertex 24.15 43.2 21.6
      vertex 24.1705 42.8867 10.85
      vertex 24.1705 42.8867 21.6
    endloop
  endfacet
  facet normal -0.896961 0.44211 0
    outer loop
      vertex 24.3327 44.1184 10.85
      vertex 24.4715 44.4 21.6
      vertex 24.4715 44.4 10.85
    endloop
  endfacet
  facet normal -0.896961 0.44211 0
    outer loop
      vertex 24.4715 44.4 21.6
      vertex 24.3327 44.1184 10.85
      vertex 24.3327 44.1184 21.6
    endloop
  endfacet
  facet normal 0.32148 0.946916 -0
    outer loop
      vertex 27.4684 45.4173 10.85
      vertex 27.1712 45.5182 21.6
      vertex 27.4684 45.4173 21.6
    endloop
  endfacet
  facet normal 0.32148 0.946916 0
    outer loop
      vertex 27.1712 45.5182 21.6
      vertex 27.4684 45.4173 10.85
      vertex 27.1712 45.5182 10.85
    endloop
  endfacet
  facet normal 0.44211 0.896961 -0
    outer loop
      vertex 27.75 45.2785 10.85
      vertex 27.4684 45.4173 21.6
      vertex 27.75 45.2785 21.6
    endloop
  endfacet
  facet normal 0.44211 0.896961 0
    outer loop
      vertex 27.4684 45.4173 21.6
      vertex 27.75 45.2785 10.85
      vertex 27.4684 45.4173 10.85
    endloop
  endfacet
  facet normal 0.659068 -0.752083 0
    outer loop
      vertex 28.011 41.296 10.85
      vertex 28.2471 41.5029 21.6
      vertex 28.011 41.296 21.6
    endloop
  endfacet
  facet normal 0.659068 -0.752083 0
    outer loop
      vertex 28.2471 41.5029 21.6
      vertex 28.011 41.296 10.85
      vertex 28.2471 41.5029 10.85
    endloop
  endfacet
  facet normal 0.980752 0.195258 0
    outer loop
      vertex 28.9295 43.5133 21.6
      vertex 28.8682 43.8212 10.85
      vertex 28.8682 43.8212 21.6
    endloop
  endfacet
  facet normal 0.980752 0.195258 0
    outer loop
      vertex 28.8682 43.8212 10.85
      vertex 28.9295 43.5133 21.6
      vertex 28.9295 43.5133 10.85
    endloop
  endfacet
  facet normal 0.195258 0.980752 -0
    outer loop
      vertex 27.1712 45.5182 10.85
      vertex 26.8633 45.5795 21.6
      vertex 27.1712 45.5182 21.6
    endloop
  endfacet
  facet normal 0.195258 0.980752 0
    outer loop
      vertex 26.8633 45.5795 21.6
      vertex 27.1712 45.5182 10.85
      vertex 26.8633 45.5795 10.85
    endloop
  endfacet
  facet normal 0.831315 0.555802 0
    outer loop
      vertex 28.6285 44.4 21.6
      vertex 28.454 44.661 10.85
      vertex 28.454 44.661 21.6
    endloop
  endfacet
  facet normal 0.831315 0.555802 0
    outer loop
      vertex 28.454 44.661 10.85
      vertex 28.6285 44.4 21.6
      vertex 28.6285 44.4 10.85
    endloop
  endfacet
  facet normal -0.946916 0.32148 0
    outer loop
      vertex 24.2318 43.8212 10.85
      vertex 24.3327 44.1184 21.6
      vertex 24.3327 44.1184 10.85
    endloop
  endfacet
  facet normal -0.946916 0.32148 0
    outer loop
      vertex 24.3327 44.1184 21.6
      vertex 24.2318 43.8212 10.85
      vertex 24.2318 43.8212 21.6
    endloop
  endfacet
  facet normal 0.555802 -0.831315 0
    outer loop
      vertex 27.75 41.1215 10.85
      vertex 28.011 41.296 21.6
      vertex 27.75 41.1215 21.6
    endloop
  endfacet
  facet normal 0.555802 -0.831315 0
    outer loop
      vertex 28.011 41.296 21.6
      vertex 27.75 41.1215 10.85
      vertex 28.011 41.296 10.85
    endloop
  endfacet
  facet normal -0.0652929 0.997866 0
    outer loop
      vertex 26.55 45.6 10.85
      vertex 26.2367 45.5795 21.6
      vertex 26.55 45.6 21.6
    endloop
  endfacet
  facet normal -0.0652929 0.997866 0
    outer loop
      vertex 26.2367 45.5795 21.6
      vertex 26.55 45.6 10.85
      vertex 26.2367 45.5795 10.85
    endloop
  endfacet
  facet normal 0 0 1
    outer loop
      vertex 28.9295 43.5133 21.6
      vertex 28.9295 42.8867 21.6
      vertex 28.95 43.2 21.6
    endloop
  endfacet
  facet normal 0 0 1
    outer loop
      vertex 28.8682 43.8212 21.6
      vertex 28.9295 42.8867 21.6
      vertex 28.9295 43.5133 21.6
    endloop
  endfacet
  facet normal 0 0 1
    outer loop
      vertex 28.8682 43.8212 21.6
      vertex 28.8682 42.5788 21.6
      vertex 28.9295 42.8867 21.6
    endloop
  endfacet
  facet normal 0 0 1
    outer loop
      vertex 28.7673 44.1184 21.6
      vertex 28.8682 42.5788 21.6
      vertex 28.8682 43.8212 21.6
    endloop
  endfacet
  facet normal 0 0 1
    outer loop
      vertex 28.7673 44.1184 21.6
      vertex 28.7673 42.2816 21.6
      vertex 28.8682 42.5788 21.6
    endloop
  endfacet
  facet normal 0 0 1
    outer loop
      vertex 28.6285 44.4 21.6
      vertex 28.7673 42.2816 21.6
      vertex 28.7673 44.1184 21.6
    endloop
  endfacet
  facet normal 0 0 1
    outer loop
      vertex 28.6285 44.4 21.6
      vertex 28.6285 42 21.6
      vertex 28.7673 42.2816 21.6
    endloop
  endfacet
  facet normal 0 0 1
    outer loop
      vertex 28.454 44.661 21.6
      vertex 28.6285 42 21.6
      vertex 28.6285 44.4 21.6
    endloop
  endfacet
  facet normal 0 0 1
    outer loop
      vertex 28.454 44.661 21.6
      vertex 28.454 41.739 21.6
      vertex 28.6285 42 21.6
    endloop
  endfacet
  facet normal 0 0 1
    outer loop
      vertex 28.2471 44.8971 21.6
      vertex 28.454 41.739 21.6
      vertex 28.454 44.661 21.6
    endloop
  endfacet
  facet normal 0 0 1
    outer loop
      vertex 28.2471 44.8971 21.6
      vertex 28.2471 41.5029 21.6
      vertex 28.454 41.739 21.6
    endloop
  endfacet
  facet normal 0 0 1
    outer loop
      vertex 28.011 45.104 21.6
      vertex 28.2471 41.5029 21.6
      vertex 28.2471 44.8971 21.6
    endloop
  endfacet
  facet normal 0 0 1
    outer loop
      vertex 28.011 45.104 21.6
      vertex 28.011 41.296 21.6
      vertex 28.2471 41.5029 21.6
    endloop
  endfacet
  facet normal 0 0 1
    outer loop
      vertex 27.75 45.2785 21.6
      vertex 28.011 41.296 21.6
      vertex 28.011 45.104 21.6
    endloop
  endfacet
  facet normal 0 0 1
    outer loop
      vertex 27.75 45.2785 21.6
      vertex 27.75 41.1215 21.6
      vertex 28.011 41.296 21.6
    endloop
  endfacet
  facet normal 0 0 1
    outer loop
      vertex 27.4684 45.4173 21.6
      vertex 27.75 41.1215 21.6
      vertex 27.75 45.2785 21.6
    endloop
  endfacet
  facet normal 0 0 1
    outer loop
      vertex 27.4684 45.4173 21.6
      vertex 27.4684 40.9827 21.6
      vertex 27.75 41.1215 21.6
    endloop
  endfacet
  facet normal 0 0 1
    outer loop
      vertex 27.1712 45.5182 21.6
      vertex 27.4684 40.9827 21.6
      vertex 27.4684 45.4173 21.6
    endloop
  endfacet
  facet normal 0 0 1
    outer loop
      vertex 27.1712 45.5182 21.6
      vertex 27.1712 40.8818 21.6
      vertex 27.4684 40.9827 21.6
    endloop
  endfacet
  facet normal 0 0 1
    outer loop
      vertex 26.8633 45.5795 21.6
      vertex 27.1712 40.8818 21.6
      vertex 27.1712 45.5182 21.6
    endloop
  endfacet
  facet normal 0 0 1
    outer loop
      vertex 26.8633 45.5795 21.6
      vertex 26.8633 40.8205 21.6
      vertex 27.1712 40.8818 21.6
    endloop
  endfacet
  facet normal 0 0 1
    outer loop
      vertex 26.55 45.6 21.6
      vertex 26.8633 40.8205 21.6
      vertex 26.8633 45.5795 21.6
    endloop
  endfacet
  facet normal 0 0 1
    outer loop
      vertex 26.55 45.6 21.6
      vertex 26.55 40.8 21.6
      vertex 26.8633 40.8205 21.6
    endloop
  endfacet
  facet normal -0 0 1
    outer loop
      vertex 26.2367 45.5795 21.6
      vertex 26.55 40.8 21.6
      vertex 26.55 45.6 21.6
    endloop
  endfacet
  facet normal 0 0 1
    outer loop
      vertex 26.2367 45.5795 21.6
      vertex 26.2367 40.8205 21.6
      vertex 26.55 40.8 21.6
    endloop
  endfacet
  facet normal -0 0 1
    outer loop
      vertex 25.9288 45.5182 21.6
      vertex 26.2367 40.8205 21.6
      vertex 26.2367 45.5795 21.6
    endloop
  endfacet
  facet normal 0 0 1
    outer loop
      vertex 25.9288 45.5182 21.6
      vertex 25.9288 40.8818 21.6
      vertex 26.2367 40.8205 21.6
    endloop
  endfacet
  facet normal -0 0 1
    outer loop
      vertex 25.6316 45.4173 21.6
      vertex 25.9288 40.8818 21.6
      vertex 25.9288 45.5182 21.6
    endloop
  endfacet
  facet normal 0 0 1
    outer loop
      vertex 25.6316 45.4173 21.6
      vertex 25.6316 40.9827 21.6
      vertex 25.9288 40.8818 21.6
    endloop
  endfacet
  facet normal -0 0 1
    outer loop
      vertex 25.35 45.2785 21.6
      vertex 25.6316 40.9827 21.6
      vertex 25.6316 45.4173 21.6
    endloop
  endfacet
  facet normal 0 0 1
    outer loop
      vertex 25.35 45.2785 21.6
      vertex 25.35 41.1215 21.6
      vertex 25.6316 40.9827 21.6
    endloop
  endfacet
  facet normal -0 0 1
    outer loop
      vertex 25.089 45.104 21.6
      vertex 25.35 41.1215 21.6
      vertex 25.35 45.2785 21.6
    endloop
  endfacet
  facet normal 0 0 1
    outer loop
      vertex 25.089 45.104 21.6
      vertex 25.089 41.296 21.6
      vertex 25.35 41.1215 21.6
    endloop
  endfacet
  facet normal -0 0 1
    outer loop
      vertex 24.8529 44.8971 21.6
      vertex 25.089 41.296 21.6
      vertex 25.089 45.104 21.6
    endloop
  endfacet
  facet normal 0 0 1
    outer loop
      vertex 24.8529 44.8971 21.6
      vertex 24.8529 41.5029 21.6
      vertex 25.089 41.296 21.6
    endloop
  endfacet
  facet normal -0 0 1
    outer loop
      vertex 24.646 44.661 21.6
      vertex 24.8529 41.5029 21.6
      vertex 24.8529 44.8971 21.6
    endloop
  endfacet
  facet normal 0 0 1
    outer loop
      vertex 24.646 44.661 21.6
      vertex 24.646 41.739 21.6
      vertex 24.8529 41.5029 21.6
    endloop
  endfacet
  facet normal -0 0 1
    outer loop
      vertex 24.4715 44.4 21.6
      vertex 24.646 41.739 21.6
      vertex 24.646 44.661 21.6
    endloop
  endfacet
  facet normal 0 0 1
    outer loop
      vertex 24.4715 44.4 21.6
      vertex 24.4715 42 21.6
      vertex 24.646 41.739 21.6
    endloop
  endfacet
  facet normal -0 0 1
    outer loop
      vertex 24.3327 44.1184 21.6
      vertex 24.4715 42 21.6
      vertex 24.4715 44.4 21.6
    endloop
  endfacet
  facet normal 0 0 1
    outer loop
      vertex 24.3327 44.1184 21.6
      vertex 24.3327 42.2816 21.6
      vertex 24.4715 42 21.6
    endloop
  endfacet
  facet normal -0 0 1
    outer loop
      vertex 24.2318 43.8212 21.6
      vertex 24.3327 42.2816 21.6
      vertex 24.3327 44.1184 21.6
    endloop
  endfacet
  facet normal 0 0 1
    outer loop
      vertex 24.2318 43.8212 21.6
      vertex 24.2318 42.5788 21.6
      vertex 24.3327 42.2816 21.6
    endloop
  endfacet
  facet normal -0 0 1
    outer loop
      vertex 24.1705 43.5133 21.6
      vertex 24.2318 42.5788 21.6
      vertex 24.2318 43.8212 21.6
    endloop
  endfacet
  facet normal 0 0 1
    outer loop
      vertex 24.1705 43.5133 21.6
      vertex 24.1705 42.8867 21.6
      vertex 24.2318 42.5788 21.6
    endloop
  endfacet
  facet normal 0 -0 1
    outer loop
      vertex 24.1705 42.8867 21.6
      vertex 24.1705 43.5133 21.6
      vertex 24.15 43.2 21.6
    endloop
  endfacet
  facet normal 0.896961 -0.44211 0
    outer loop
      vertex 28.6285 42 21.6
      vertex 28.7673 42.2816 10.85
      vertex 28.7673 42.2816 21.6
    endloop
  endfacet
  facet normal 0.896961 -0.44211 0
    outer loop
      vertex 28.7673 42.2816 10.85
      vertex 28.6285 42 21.6
      vertex 28.6285 42 10.85
    endloop
  endfacet
  facet normal 0.32148 -0.946916 0
    outer loop
      vertex 27.1712 40.8818 10.85
      vertex 27.4684 40.9827 21.6
      vertex 27.1712 40.8818 21.6
    endloop
  endfacet
  facet normal 0.32148 -0.946916 0
    outer loop
      vertex 27.4684 40.9827 21.6
      vertex 27.1712 40.8818 10.85
      vertex 27.4684 40.9827 10.85
    endloop
  endfacet
  facet normal -0.32148 0.946916 0
    outer loop
      vertex 25.9288 45.5182 10.85
      vertex 25.6316 45.4173 21.6
      vertex 25.9288 45.5182 21.6
    endloop
  endfacet
  facet normal -0.32148 0.946916 0
    outer loop
      vertex 25.6316 45.4173 21.6
      vertex 25.9288 45.5182 10.85
      vertex 25.6316 45.4173 10.85
    endloop
  endfacet
  facet normal 0.0652929 -0.997866 0
    outer loop
      vertex 26.55 40.8 10.85
      vertex 26.8633 40.8205 21.6
      vertex 26.55 40.8 21.6
    endloop
  endfacet
  facet normal 0.0652929 -0.997866 0
    outer loop
      vertex 26.8633 40.8205 21.6
      vertex 26.55 40.8 10.85
      vertex 26.8633 40.8205 10.85
    endloop
  endfacet
  facet normal 0.946916 -0.32148 0
    outer loop
      vertex 28.7673 42.2816 21.6
      vertex 28.8682 42.5788 10.85
      vertex 28.8682 42.5788 21.6
    endloop
  endfacet
  facet normal 0.946916 -0.32148 0
    outer loop
      vertex 28.8682 42.5788 10.85
      vertex 28.7673 42.2816 21.6
      vertex 28.7673 42.2816 10.85
    endloop
  endfacet
  facet normal -0.0652929 -0.997866 0
    outer loop
      vertex 26.2367 40.8205 10.85
      vertex 26.55 40.8 21.6
      vertex 26.2367 40.8205 21.6
    endloop
  endfacet
  facet normal -0.0652929 -0.997866 -0
    outer loop
      vertex 26.55 40.8 21.6
      vertex 26.2367 40.8205 10.85
      vertex 26.55 40.8 10.85
    endloop
  endfacet
  facet normal 0.659068 0.752083 -0
    outer loop
      vertex 28.2471 44.8971 10.85
      vertex 28.011 45.104 21.6
      vertex 28.2471 44.8971 21.6
    endloop
  endfacet
  facet normal 0.659068 0.752083 0
    outer loop
      vertex 28.011 45.104 21.6
      vertex 28.2471 44.8971 10.85
      vertex 28.011 45.104 10.85
    endloop
  endfacet
  facet normal -0.752083 -0.659068 0
    outer loop
      vertex 24.8529 41.5029 10.85
      vertex 24.646 41.739 21.6
      vertex 24.646 41.739 10.85
    endloop
  endfacet
  facet normal -0.752083 -0.659068 0
    outer loop
      vertex 24.646 41.739 21.6
      vertex 24.8529 41.5029 10.85
      vertex 24.8529 41.5029 21.6
    endloop
  endfacet
  facet normal -0.195258 0.980752 0
    outer loop
      vertex 26.2367 45.5795 10.85
      vertex 25.9288 45.5182 21.6
      vertex 26.2367 45.5795 21.6
    endloop
  endfacet
  facet normal -0.195258 0.980752 0
    outer loop
      vertex 25.9288 45.5182 21.6
      vertex 26.2367 45.5795 10.85
      vertex 25.9288 45.5182 10.85
    endloop
  endfacet
  facet normal -0.831315 -0.555802 0
    outer loop
      vertex 24.646 41.739 10.85
      vertex 24.4715 42 21.6
      vertex 24.4715 42 10.85
    endloop
  endfacet
  facet normal -0.831315 -0.555802 0
    outer loop
      vertex 24.4715 42 21.6
      vertex 24.646 41.739 10.85
      vertex 24.646 41.739 21.6
    endloop
  endfacet
  facet normal -0.555802 0.831315 0
    outer loop
      vertex 25.35 45.2785 10.85
      vertex 25.089 45.104 21.6
      vertex 25.35 45.2785 21.6
    endloop
  endfacet
  facet normal -0.555802 0.831315 0
    outer loop
      vertex 25.089 45.104 21.6
      vertex 25.35 45.2785 10.85
      vertex 25.089 45.104 10.85
    endloop
  endfacet
  facet normal -0.997866 0.0652929 0
    outer loop
      vertex 24.15 43.2 10.85
      vertex 24.1705 43.5133 21.6
      vertex 24.1705 43.5133 10.85
    endloop
  endfacet
  facet normal -0.997866 0.0652929 0
    outer loop
      vertex 24.1705 43.5133 21.6
      vertex 24.15 43.2 10.85
      vertex 24.15 43.2 21.6
    endloop
  endfacet
  facet normal -0.32148 -0.946916 0
    outer loop
      vertex 25.6316 40.9827 10.85
      vertex 25.9288 40.8818 21.6
      vertex 25.6316 40.9827 21.6
    endloop
  endfacet
  facet normal -0.32148 -0.946916 -0
    outer loop
      vertex 25.9288 40.8818 21.6
      vertex 25.6316 40.9827 10.85
      vertex 25.9288 40.8818 10.85
    endloop
  endfacet
  facet normal -0.555802 -0.831315 0
    outer loop
      vertex 25.089 41.296 10.85
      vertex 25.35 41.1215 21.6
      vertex 25.089 41.296 21.6
    endloop
  endfacet
  facet normal -0.555802 -0.831315 -0
    outer loop
      vertex 25.35 41.1215 21.6
      vertex 25.089 41.296 10.85
      vertex 25.35 41.1215 10.85
    endloop
  endfacet
  facet normal -0.831315 0.555802 0
    outer loop
      vertex 24.4715 44.4 10.85
      vertex 24.646 44.661 21.6
      vertex 24.646 44.661 10.85
    endloop
  endfacet
  facet normal -0.831315 0.555802 0
    outer loop
      vertex 24.646 44.661 21.6
      vertex 24.4715 44.4 10.85
      vertex 24.4715 44.4 21.6
    endloop
  endfacet
  facet normal 0.831315 -0.555802 0
    outer loop
      vertex 28.454 41.739 21.6
      vertex 28.6285 42 10.85
      vertex 28.6285 42 21.6
    endloop
  endfacet
  facet normal 0.831315 -0.555802 0
    outer loop
      vertex 28.6285 42 10.85
      vertex 28.454 41.739 21.6
      vertex 28.454 41.739 10.85
    endloop
  endfacet
  facet normal -0.44211 0.896961 0
    outer loop
      vertex 25.6316 45.4173 10.85
      vertex 25.35 45.2785 21.6
      vertex 25.6316 45.4173 21.6
    endloop
  endfacet
  facet normal -0.44211 0.896961 0
    outer loop
      vertex 25.35 45.2785 21.6
      vertex 25.6316 45.4173 10.85
      vertex 25.35 45.2785 10.85
    endloop
  endfacet
  facet normal 0.555802 0.831315 -0
    outer loop
      vertex 28.011 45.104 10.85
      vertex 27.75 45.2785 21.6
      vertex 28.011 45.104 21.6
    endloop
  endfacet
  facet normal 0.555802 0.831315 0
    outer loop
      vertex 27.75 45.2785 21.6
      vertex 28.011 45.104 10.85
      vertex 27.75 45.2785 10.85
    endloop
  endfacet
  facet normal 0.752083 -0.659068 0
    outer loop
      vertex 28.2471 41.5029 21.6
      vertex 28.454 41.739 10.85
      vertex 28.454 41.739 21.6
    endloop
  endfacet
  facet normal 0.752083 -0.659068 0
    outer loop
      vertex 28.454 41.739 10.85
      vertex 28.2471 41.5029 21.6
      vertex 28.2471 41.5029 10.85
    endloop
  endfacet
  facet normal 0.896961 0.44211 0
    outer loop
      vertex 28.7673 44.1184 21.6
      vertex 28.6285 44.4 10.85
      vertex 28.6285 44.4 21.6
    endloop
  endfacet
  facet normal 0.896961 0.44211 0
    outer loop
      vertex 28.6285 44.4 10.85
      vertex 28.7673 44.1184 21.6
      vertex 28.7673 44.1184 10.85
    endloop
  endfacet
  facet normal -0.44211 -0.896961 0
    outer loop
      vertex 25.35 41.1215 10.85
      vertex 25.6316 40.9827 21.6
      vertex 25.35 41.1215 21.6
    endloop
  endfacet
  facet normal -0.44211 -0.896961 -0
    outer loop
      vertex 25.6316 40.9827 21.6
      vertex 25.35 41.1215 10.85
      vertex 25.6316 40.9827 10.85
    endloop
  endfacet
  facet normal -0.752083 0.659068 0
    outer loop
      vertex 24.646 44.661 10.85
      vertex 24.8529 44.8971 21.6
      vertex 24.8529 44.8971 10.85
    endloop
  endfacet
  facet normal -0.752083 0.659068 0
    outer loop
      vertex 24.8529 44.8971 21.6
      vertex 24.646 44.661 10.85
      vertex 24.646 44.661 21.6
    endloop
  endfacet
  facet normal -0.195258 -0.980752 0
    outer loop
      vertex 25.9288 40.8818 10.85
      vertex 26.2367 40.8205 21.6
      vertex 25.9288 40.8818 21.6
    endloop
  endfacet
  facet normal -0.195258 -0.980752 -0
    outer loop
      vertex 26.2367 40.8205 21.6
      vertex 25.9288 40.8818 10.85
      vertex 26.2367 40.8205 10.85
    endloop
  endfacet
  facet normal -0.980752 0.195258 0
    outer loop
      vertex 24.1705 43.5133 10.85
      vertex 24.2318 43.8212 21.6
      vertex 24.2318 43.8212 10.85
    endloop
  endfacet
  facet normal -0.980752 0.195258 0
    outer loop
      vertex 24.2318 43.8212 21.6
      vertex 24.1705 43.5133 10.85
      vertex 24.1705 43.5133 21.6
    endloop
  endfacet
  facet normal 0.997866 0.0652929 0
    outer loop
      vertex 28.95 43.2 21.6
      vertex 28.9295 43.5133 10.85
      vertex 28.9295 43.5133 21.6
    endloop
  endfacet
  facet normal 0.997866 0.0652929 0
    outer loop
      vertex 28.9295 43.5133 10.85
      vertex 28.95 43.2 21.6
      vertex 28.95 43.2 10.85
    endloop
  endfacet
  facet normal 0.0652929 0.997866 -0
    outer loop
      vertex 26.8633 45.5795 10.85
      vertex 26.55 45.6 21.6
      vertex 26.8633 45.5795 21.6
    endloop
  endfacet
  facet normal 0.0652929 0.997866 0
    outer loop
      vertex 26.55 45.6 21.6
      vertex 26.8633 45.5795 10.85
      vertex 26.55 45.6 10.85
    endloop
  endfacet
  facet normal -0.659068 0.752083 0
    outer loop
      vertex 25.089 45.104 10.85
      vertex 24.8529 44.8971 21.6
      vertex 25.089 45.104 21.6
    endloop
  endfacet
  facet normal -0.659068 0.752083 0
    outer loop
      vertex 24.8529 44.8971 21.6
      vertex 25.089 45.104 10.85
      vertex 24.8529 44.8971 10.85
    endloop
  endfacet
  facet normal -0.659068 -0.752083 0
    outer loop
      vertex 24.8529 41.5029 10.85
      vertex 25.089 41.296 21.6
      vertex 24.8529 41.5029 21.6
    endloop
  endfacet
  facet normal -0.659068 -0.752083 -0
    outer loop
      vertex 25.089 41.296 21.6
      vertex 24.8529 41.5029 10.85
      vertex 25.089 41.296 10.85
    endloop
  endfacet
  facet normal -0.896961 -0.44211 0
    outer loop
      vertex 24.4715 42 10.85
      vertex 24.3327 42.2816 21.6
      vertex 24.3327 42.2816 10.85
    endloop
  endfacet
  facet normal -0.896961 -0.44211 0
    outer loop
      vertex 24.3327 42.2816 21.6
      vertex 24.4715 42 10.85
      vertex 24.4715 42 21.6
    endloop
  endfacet
  facet normal -0.946916 -0.32148 0
    outer loop
      vertex 24.3327 42.2816 10.85
      vertex 24.2318 42.5788 21.6
      vertex 24.2318 42.5788 10.85
    endloop
  endfacet
  facet normal -0.946916 -0.32148 0
    outer loop
      vertex 24.2318 42.5788 21.6
      vertex 24.3327 42.2816 10.85
      vertex 24.3327 42.2816 21.6
    endloop
  endfacet
  facet normal 0.195258 -0.980752 0
    outer loop
      vertex 26.8633 40.8205 10.85
      vertex 27.1712 40.8818 21.6
      vertex 26.8633 40.8205 21.6
    endloop
  endfacet
  facet normal 0.195258 -0.980752 0
    outer loop
      vertex 27.1712 40.8818 21.6
      vertex 26.8633 40.8205 10.85
      vertex 27.1712 40.8818 10.85
    endloop
  endfacet
  facet normal 0.946916 0.32148 0
    outer loop
      vertex 28.8682 43.8212 21.6
      vertex 28.7673 44.1184 10.85
      vertex 28.7673 44.1184 21.6
    endloop
  endfacet
  facet normal 0.946916 0.32148 0
    outer loop
      vertex 28.7673 44.1184 10.85
      vertex 28.8682 43.8212 21.6
      vertex 28.8682 43.8212 10.85
    endloop
  endfacet
  facet normal 0.752083 0.659068 0
    outer loop
      vertex 28.454 44.661 21.6
      vertex 28.2471 44.8971 10.85
      vertex 28.2471 44.8971 21.6
    endloop
  endfacet
  facet normal 0.752083 0.659068 0
    outer loop
      vertex 28.2471 44.8971 10.85
      vertex 28.454 44.661 21.6
      vertex 28.454 44.661 10.85
    endloop
  endfacet
  facet normal 0 0 -1
    outer loop
      vertex 27.76 43.2 10.85
      vertex 28.95 43.2 10.85
      vertex 28.9295 42.8867 10.85
    endloop
  endfacet
  facet normal 0 0 -1
    outer loop
      vertex 27.7496 43.0421 10.85
      vertex 28.9295 42.8867 10.85
      vertex 28.8682 42.5788 10.85
    endloop
  endfacet
  facet normal 0 0 -1
    outer loop
      vertex 28.95 43.2 10.85
      vertex 27.76 43.2 10.85
      vertex 28.9295 43.5133 10.85
    endloop
  endfacet
  facet normal 0 0 -1
    outer loop
      vertex 27.7188 42.8868 10.85
      vertex 28.8682 42.5788 10.85
      vertex 28.7673 42.2816 10.85
    endloop
  endfacet
  facet normal 0 0 -1
    outer loop
      vertex 27.7496 43.3579 10.85
      vertex 28.9295 43.5133 10.85
      vertex 27.76 43.2 10.85
    endloop
  endfacet
  facet normal 0 0 -1
    outer loop
      vertex 27.6679 42.737 10.85
      vertex 28.7673 42.2816 10.85
      vertex 28.6285 42 10.85
    endloop
  endfacet
  facet normal -0 0 -1
    outer loop
      vertex 28.9295 43.5133 10.85
      vertex 27.7496 43.3579 10.85
      vertex 28.8682 43.8212 10.85
    endloop
  endfacet
  facet normal 0 0 -1
    outer loop
      vertex 27.5979 42.595 10.85
      vertex 28.6285 42 10.85
      vertex 28.454 41.739 10.85
    endloop
  endfacet
  facet normal 0 0 -1
    outer loop
      vertex 27.7188 43.5132 10.85
      vertex 28.8682 43.8212 10.85
      vertex 27.7496 43.3579 10.85
    endloop
  endfacet
  facet normal 0 0 -1
    outer loop
      vertex 27.51 42.4634 10.85
      vertex 28.454 41.739 10.85
      vertex 28.2471 41.5029 10.85
    endloop
  endfacet
  facet normal -0 0 -1
    outer loop
      vertex 28.8682 43.8212 10.85
      vertex 27.7188 43.5132 10.85
      vertex 28.7673 44.1184 10.85
    endloop
  endfacet
  facet normal 0 0 -1
    outer loop
      vertex 27.4056 42.3444 10.85
      vertex 28.2471 41.5029 10.85
      vertex 28.011 41.296 10.85
    endloop
  endfacet
  facet normal 0 0 -1
    outer loop
      vertex 27.6679 43.663 10.85
      vertex 28.7673 44.1184 10.85
      vertex 27.7188 43.5132 10.85
    endloop
  endfacet
  facet normal -0 0 -1
    outer loop
      vertex 28.7673 44.1184 10.85
      vertex 27.6679 43.663 10.85
      vertex 28.6285 44.4 10.85
    endloop
  endfacet
  facet normal 0 0 -1
    outer loop
      vertex 27.2866 42.24 10.85
      vertex 28.011 41.296 10.85
      vertex 27.75 41.1215 10.85
    endloop
  endfacet
  facet normal 0 0 -1
    outer loop
      vertex 28.9295 42.8867 10.85
      vertex 27.7496 43.0421 10.85
      vertex 27.76 43.2 10.85
    endloop
  endfacet
  facet normal 0 0 -1
    outer loop
      vertex 28.8682 42.5788 10.85
      vertex 27.7188 42.8868 10.85
      vertex 27.7496 43.0421 10.85
    endloop
  endfacet
  facet normal 0 0 -1
    outer loop
      vertex 28.7673 42.2816 10.85
      vertex 27.6679 42.737 10.85
      vertex 27.7188 42.8868 10.85
    endloop
  endfacet
  facet normal 0 0 -1
    outer loop
      vertex 28.6285 42 10.85
      vertex 27.5979 42.595 10.85
      vertex 27.6679 42.737 10.85
    endloop
  endfacet
  facet normal 0 0 -1
    outer loop
      vertex 28.454 41.739 10.85
      vertex 27.51 42.4634 10.85
      vertex 27.5979 42.595 10.85
    endloop
  endfacet
  facet normal 0 0 -1
    outer loop
      vertex 27.155 42.1521 10.85
      vertex 27.75 41.1215 10.85
      vertex 27.4684 40.9827 10.85
    endloop
  endfacet
  facet normal 0 0 -1
    outer loop
      vertex 28.2471 41.5029 10.85
      vertex 27.4056 42.3444 10.85
      vertex 27.51 42.4634 10.85
    endloop
  endfacet
  facet normal 0 0 -1
    outer loop
      vertex 28.011 41.296 10.85
      vertex 27.2866 42.24 10.85
      vertex 27.4056 42.3444 10.85
    endloop
  endfacet
  facet normal 0 0 -1
    outer loop
      vertex 27.013 42.0821 10.85
      vertex 27.4684 40.9827 10.85
      vertex 27.1712 40.8818 10.85
    endloop
  endfacet
  facet normal 0 0 -1
    outer loop
      vertex 27.75 41.1215 10.85
      vertex 27.155 42.1521 10.85
      vertex 27.2866 42.24 10.85
    endloop
  endfacet
  facet normal 0 0 -1
    outer loop
      vertex 27.4684 40.9827 10.85
      vertex 27.013 42.0821 10.85
      vertex 27.155 42.1521 10.85
    endloop
  endfacet
  facet normal 0 0 -1
    outer loop
      vertex 26.8632 42.0312 10.85
      vertex 27.1712 40.8818 10.85
      vertex 26.8633 40.8205 10.85
    endloop
  endfacet
  facet normal 0 0 -1
    outer loop
      vertex 27.1712 40.8818 10.85
      vertex 26.8632 42.0312 10.85
      vertex 27.013 42.0821 10.85
    endloop
  endfacet
  facet normal 0 0 -1
    outer loop
      vertex 26.8633 40.8205 10.85
      vertex 26.7079 42.0004 10.85
      vertex 26.8632 42.0312 10.85
    endloop
  endfacet
  facet normal 0 0 -1
    outer loop
      vertex 26.55 40.8 10.85
      vertex 26.7079 42.0004 10.85
      vertex 26.8633 40.8205 10.85
    endloop
  endfacet
  facet normal 0 0 -1
    outer loop
      vertex 26.55 40.8 10.85
      vertex 26.55 41.99 10.85
      vertex 26.7079 42.0004 10.85
    endloop
  endfacet
  facet normal 0 0 -1
    outer loop
      vertex 26.55 40.8 10.85
      vertex 26.3921 42.0004 10.85
      vertex 26.55 41.99 10.85
    endloop
  endfacet
  facet normal 0 0 -1
    outer loop
      vertex 26.2367 40.8205 10.85
      vertex 26.3921 42.0004 10.85
      vertex 26.55 40.8 10.85
    endloop
  endfacet
  facet normal -0 0 -1
    outer loop
      vertex 26.3921 42.0004 10.85
      vertex 26.2367 40.8205 10.85
      vertex 26.2368 42.0312 10.85
    endloop
  endfacet
  facet normal 0 0 -1
    outer loop
      vertex 25.9288 40.8818 10.85
      vertex 26.2368 42.0312 10.85
      vertex 26.2367 40.8205 10.85
    endloop
  endfacet
  facet normal -0 0 -1
    outer loop
      vertex 26.2368 42.0312 10.85
      vertex 25.9288 40.8818 10.85
      vertex 26.087 42.0821 10.85
    endloop
  endfacet
  facet normal 0 0 -1
    outer loop
      vertex 25.6316 40.9827 10.85
      vertex 26.087 42.0821 10.85
      vertex 25.9288 40.8818 10.85
    endloop
  endfacet
  facet normal -0 0 -1
    outer loop
      vertex 26.087 42.0821 10.85
      vertex 25.6316 40.9827 10.85
      vertex 25.945 42.1521 10.85
    endloop
  endfacet
  facet normal 0 0 -1
    outer loop
      vertex 25.35 41.1215 10.85
      vertex 25.945 42.1521 10.85
      vertex 25.6316 40.9827 10.85
    endloop
  endfacet
  facet normal -0 0 -1
    outer loop
      vertex 25.945 42.1521 10.85
      vertex 25.35 41.1215 10.85
      vertex 25.8134 42.24 10.85
    endloop
  endfacet
  facet normal 0 0 -1
    outer loop
      vertex 25.089 41.296 10.85
      vertex 25.8134 42.24 10.85
      vertex 25.35 41.1215 10.85
    endloop
  endfacet
  facet normal -0 0 -1
    outer loop
      vertex 25.8134 42.24 10.85
      vertex 25.089 41.296 10.85
      vertex 25.6944 42.3444 10.85
    endloop
  endfacet
  facet normal 0 0 -1
    outer loop
      vertex 24.8529 41.5029 10.85
      vertex 25.6944 42.3444 10.85
      vertex 25.089 41.296 10.85
    endloop
  endfacet
  facet normal -0 0 -1
    outer loop
      vertex 25.6944 42.3444 10.85
      vertex 24.8529 41.5029 10.85
      vertex 25.59 42.4634 10.85
    endloop
  endfacet
  facet normal 0 0 -1
    outer loop
      vertex 24.646 41.739 10.85
      vertex 25.59 42.4634 10.85
      vertex 24.8529 41.5029 10.85
    endloop
  endfacet
  facet normal -0 0 -1
    outer loop
      vertex 25.59 42.4634 10.85
      vertex 24.646 41.739 10.85
      vertex 25.5021 42.595 10.85
    endloop
  endfacet
  facet normal 0 0 -1
    outer loop
      vertex 24.4715 42 10.85
      vertex 25.5021 42.595 10.85
      vertex 24.646 41.739 10.85
    endloop
  endfacet
  facet normal -0 0 -1
    outer loop
      vertex 25.5021 42.595 10.85
      vertex 24.4715 42 10.85
      vertex 25.4321 42.737 10.85
    endloop
  endfacet
  facet normal 0 0 -1
    outer loop
      vertex 27.5979 43.805 10.85
      vertex 28.6285 44.4 10.85
      vertex 27.6679 43.663 10.85
    endloop
  endfacet
  facet normal -0 0 -1
    outer loop
      vertex 28.6285 44.4 10.85
      vertex 27.5979 43.805 10.85
      vertex 28.454 44.661 10.85
    endloop
  endfacet
  facet normal 0 0 -1
    outer loop
      vertex 27.51 43.9366 10.85
      vertex 28.454 44.661 10.85
      vertex 27.5979 43.805 10.85
    endloop
  endfacet
  facet normal -0 0 -1
    outer loop
      vertex 28.454 44.661 10.85
      vertex 27.51 43.9366 10.85
      vertex 28.2471 44.8971 10.85
    endloop
  endfacet
  facet normal 0 0 -1
    outer loop
      vertex 27.4056 44.0556 10.85
      vertex 28.2471 44.8971 10.85
      vertex 27.51 43.9366 10.85
    endloop
  endfacet
  facet normal -0 0 -1
    outer loop
      vertex 28.2471 44.8971 10.85
      vertex 27.4056 44.0556 10.85
      vertex 28.011 45.104 10.85
    endloop
  endfacet
  facet normal 0 0 -1
    outer loop
      vertex 27.2866 44.16 10.85
      vertex 28.011 45.104 10.85
      vertex 27.4056 44.0556 10.85
    endloop
  endfacet
  facet normal -0 0 -1
    outer loop
      vertex 28.011 45.104 10.85
      vertex 27.2866 44.16 10.85
      vertex 27.75 45.2785 10.85
    endloop
  endfacet
  facet normal 0 0 -1
    outer loop
      vertex 27.155 44.2479 10.85
      vertex 27.75 45.2785 10.85
      vertex 27.2866 44.16 10.85
    endloop
  endfacet
  facet normal -0 0 -1
    outer loop
      vertex 27.75 45.2785 10.85
      vertex 27.155 44.2479 10.85
      vertex 27.4684 45.4173 10.85
    endloop
  endfacet
  facet normal 0 0 -1
    outer loop
      vertex 27.013 44.3179 10.85
      vertex 27.4684 45.4173 10.85
      vertex 27.155 44.2479 10.85
    endloop
  endfacet
  facet normal -0 0 -1
    outer loop
      vertex 27.4684 45.4173 10.85
      vertex 27.013 44.3179 10.85
      vertex 27.1712 45.5182 10.85
    endloop
  endfacet
  facet normal 0 0 -1
    outer loop
      vertex 26.8632 44.3688 10.85
      vertex 27.1712 45.5182 10.85
      vertex 27.013 44.3179 10.85
    endloop
  endfacet
  facet normal -0 0 -1
    outer loop
      vertex 27.1712 45.5182 10.85
      vertex 26.8632 44.3688 10.85
      vertex 26.8633 45.5795 10.85
    endloop
  endfacet
  facet normal 0 0 -1
    outer loop
      vertex 26.7079 44.3997 10.85
      vertex 26.8633 45.5795 10.85
      vertex 26.8632 44.3688 10.85
    endloop
  endfacet
  facet normal 0 0 -1
    outer loop
      vertex 26.55 44.41 10.85
      vertex 26.8633 45.5795 10.85
      vertex 26.7079 44.3997 10.85
    endloop
  endfacet
  facet normal 0 0 -1
    outer loop
      vertex 26.55 44.41 10.85
      vertex 26.55 45.6 10.85
      vertex 26.8633 45.5795 10.85
    endloop
  endfacet
  facet normal 0 0 -1
    outer loop
      vertex 26.3921 44.3997 10.85
      vertex 26.55 45.6 10.85
      vertex 26.55 44.41 10.85
    endloop
  endfacet
  facet normal 0 0 -1
    outer loop
      vertex 26.2367 45.5795 10.85
      vertex 26.3921 44.3997 10.85
      vertex 26.2368 44.3688 10.85
    endloop
  endfacet
  facet normal 0 0 -1
    outer loop
      vertex 26.3921 44.3997 10.85
      vertex 26.2367 45.5795 10.85
      vertex 26.55 45.6 10.85
    endloop
  endfacet
  facet normal 0 0 -1
    outer loop
      vertex 25.9288 45.5182 10.85
      vertex 26.2368 44.3688 10.85
      vertex 26.087 44.3179 10.85
    endloop
  endfacet
  facet normal 0 0 -1
    outer loop
      vertex 25.6316 45.4173 10.85
      vertex 26.087 44.3179 10.85
      vertex 25.945 44.2479 10.85
    endloop
  endfacet
  facet normal 0 0 -1
    outer loop
      vertex 26.2368 44.3688 10.85
      vertex 25.9288 45.5182 10.85
      vertex 26.2367 45.5795 10.85
    endloop
  endfacet
  facet normal 0 0 -1
    outer loop
      vertex 25.35 45.2785 10.85
      vertex 25.945 44.2479 10.85
      vertex 25.8134 44.16 10.85
    endloop
  endfacet
  facet normal 0 0 -1
    outer loop
      vertex 25.089 45.104 10.85
      vertex 25.8134 44.16 10.85
      vertex 25.6944 44.0556 10.85
    endloop
  endfacet
  facet normal 0 0 -1
    outer loop
      vertex 26.087 44.3179 10.85
      vertex 25.6316 45.4173 10.85
      vertex 25.9288 45.5182 10.85
    endloop
  endfacet
  facet normal 0 0 -1
    outer loop
      vertex 24.8529 44.8971 10.85
      vertex 25.6944 44.0556 10.85
      vertex 25.59 43.9366 10.85
    endloop
  endfacet
  facet normal 0 0 -1
    outer loop
      vertex 24.646 44.661 10.85
      vertex 25.59 43.9366 10.85
      vertex 25.5021 43.805 10.85
    endloop
  endfacet
  facet normal 0 0 -1
    outer loop
      vertex 24.4715 44.4 10.85
      vertex 25.5021 43.805 10.85
      vertex 25.4321 43.663 10.85
    endloop
  endfacet
  facet normal 0 0 -1
    outer loop
      vertex 24.3327 44.1184 10.85
      vertex 25.4321 43.663 10.85
      vertex 25.3812 43.5132 10.85
    endloop
  endfacet
  facet normal 0 0 -1
    outer loop
      vertex 24.2318 43.8212 10.85
      vertex 25.3812 43.5132 10.85
      vertex 25.3504 43.3579 10.85
    endloop
  endfacet
  facet normal 0 0 -1
    outer loop
      vertex 25.945 44.2479 10.85
      vertex 25.35 45.2785 10.85
      vertex 25.6316 45.4173 10.85
    endloop
  endfacet
  facet normal 0 0 -1
    outer loop
      vertex 24.1705 43.5133 10.85
      vertex 25.3504 43.3579 10.85
      vertex 25.34 43.2 10.85
    endloop
  endfacet
  facet normal 0 0 -1
    outer loop
      vertex 24.3327 42.2816 10.85
      vertex 25.4321 42.737 10.85
      vertex 24.4715 42 10.85
    endloop
  endfacet
  facet normal 0 0 -1
    outer loop
      vertex 25.8134 44.16 10.85
      vertex 25.089 45.104 10.85
      vertex 25.35 45.2785 10.85
    endloop
  endfacet
  facet normal -0 0 -1
    outer loop
      vertex 25.4321 42.737 10.85
      vertex 24.3327 42.2816 10.85
      vertex 25.3812 42.8868 10.85
    endloop
  endfacet
  facet normal 0 0 -1
    outer loop
      vertex 25.6944 44.0556 10.85
      vertex 24.8529 44.8971 10.85
      vertex 25.089 45.104 10.85
    endloop
  endfacet
  facet normal 0 0 -1
    outer loop
      vertex 24.2318 42.5788 10.85
      vertex 25.3812 42.8868 10.85
      vertex 24.3327 42.2816 10.85
    endloop
  endfacet
  facet normal 0 0 -1
    outer loop
      vertex 25.59 43.9366 10.85
      vertex 24.646 44.661 10.85
      vertex 24.8529 44.8971 10.85
    endloop
  endfacet
  facet normal -0 0 -1
    outer loop
      vertex 25.3812 42.8868 10.85
      vertex 24.2318 42.5788 10.85
      vertex 25.3504 43.0421 10.85
    endloop
  endfacet
  facet normal 0 0 -1
    outer loop
      vertex 25.5021 43.805 10.85
      vertex 24.4715 44.4 10.85
      vertex 24.646 44.661 10.85
    endloop
  endfacet
  facet normal 0 0 -1
    outer loop
      vertex 24.1705 42.8867 10.85
      vertex 25.3504 43.0421 10.85
      vertex 24.2318 42.5788 10.85
    endloop
  endfacet
  facet normal 0 0 -1
    outer loop
      vertex 25.4321 43.663 10.85
      vertex 24.3327 44.1184 10.85
      vertex 24.4715 44.4 10.85
    endloop
  endfacet
  facet normal -0 0 -1
    outer loop
      vertex 25.3504 43.0421 10.85
      vertex 24.1705 42.8867 10.85
      vertex 25.34 43.2 10.85
    endloop
  endfacet
  facet normal 0 0 -1
    outer loop
      vertex 25.3812 43.5132 10.85
      vertex 24.2318 43.8212 10.85
      vertex 24.3327 44.1184 10.85
    endloop
  endfacet
  facet normal 0 0 -1
    outer loop
      vertex 24.15 43.2 10.85
      vertex 25.34 43.2 10.85
      vertex 24.1705 42.8867 10.85
    endloop
  endfacet
  facet normal 0 0 -1
    outer loop
      vertex 25.3504 43.3579 10.85
      vertex 24.1705 43.5133 10.85
      vertex 24.2318 43.8212 10.85
    endloop
  endfacet
  facet normal 0 0 -1
    outer loop
      vertex 25.34 43.2 10.85
      vertex 24.15 43.2 10.85
      vertex 24.1705 43.5133 10.85
    endloop
  endfacet
  facet normal 0.980752 -0.195258 0
    outer loop
      vertex 28.8682 42.5788 21.6
      vertex 28.9295 42.8867 10.85
      vertex 28.9295 42.8867 21.6
    endloop
  endfacet
  facet normal 0.980752 -0.195258 0
    outer loop
      vertex 28.9295 42.8867 10.85
      vertex 28.8682 42.5788 21.6
      vertex 28.8682 42.5788 10.85
    endloop
  endfacet
  facet normal 0.555243 -0.831642 0.00876476
    outer loop
      vertex 27.311 42.2083 6.3
      vertex 27.155 42.1521 10.85
      vertex 27.175 42.1175 6.3
    endloop
  endfacet
  facet normal 0.831532 -0.555408 0.00876465
    outer loop
      vertex 27.5979 42.595 10.85
      vertex 27.51 42.4634 10.85
      vertex 27.6325 42.575 6.3
    endloop
  endfacet
  facet normal -0.32098 0.947045 0.00876089
    outer loop
      vertex 26.2265 44.4074 6.3
      vertex 26.0716 44.3549 6.3
      vertex 26.2368 44.3688 10.85
    endloop
  endfacet
  facet normal -0.9978 -0.0657195 0.00877186
    outer loop
      vertex 25.34 43.2 10.85
      vertex 25.3 43.2 6.3
      vertex 25.3504 43.0421 10.85
    endloop
  endfacet
  facet normal -0.997819 -0.0654207 0.00878245
    outer loop
      vertex 25.3504 43.0421 10.85
      vertex 25.3 43.2 6.3
      vertex 25.3107 43.0368 6.3
    endloop
  endfacet
  facet normal -0.896826 -0.442296 0.00877016
    outer loop
      vertex 25.4321 42.737 10.85
      vertex 25.3952 42.7216 6.3
      vertex 25.4675 42.575 6.3
    endloop
  endfacet
  facet normal -0.442296 -0.896826 0.00877016
    outer loop
      vertex 26.087 42.0821 10.85
      vertex 25.925 42.1175 6.3
      vertex 26.0716 42.0452 6.3
    endloop
  endfacet
  facet normal 0.321529 -0.946859 0.00876718
    outer loop
      vertex 27.013 42.0821 10.85
      vertex 26.8735 41.9926 6.3
      vertex 27.0284 42.0452 6.3
    endloop
  endfacet
  facet normal -0.980731 0.195167 0.00878448
    outer loop
      vertex 25.3426 43.5235 6.3
      vertex 25.3107 43.3632 6.3
      vertex 25.3504 43.3579 10.85
    endloop
  endfacet
  facet normal -0.555408 -0.831532 0.00876465
    outer loop
      vertex 25.945 42.1521 10.85
      vertex 25.8134 42.24 10.85
      vertex 25.925 42.1175 6.3
    endloop
  endfacet
  facet normal -0.659388 -0.751751 0.00877354
    outer loop
      vertex 25.8134 42.24 10.85
      vertex 25.6661 42.3161 6.3
      vertex 25.789 42.2083 6.3
    endloop
  endfacet
  facet normal -0.831642 0.555243 0.00876476
    outer loop
      vertex 25.5583 43.961 6.3
      vertex 25.4675 43.825 6.3
      vertex 25.5021 43.805 10.85
    endloop
  endfacet
  facet normal 0.946859 0.321529 0.00876055
    outer loop
      vertex 27.7574 43.5235 6.3
      vertex 27.7048 43.6784 6.3
      vertex 27.7188 43.5132 10.85
    endloop
  endfacet
  facet normal -0.831642 -0.555243 0.00877164
    outer loop
      vertex 25.59 42.4634 10.85
      vertex 25.4675 42.575 6.3
      vertex 25.5583 42.439 6.3
    endloop
  endfacet
  facet normal -0.751686 0.659463 0.00877703
    outer loop
      vertex 25.6661 44.0839 6.3
      vertex 25.59 43.9366 10.85
      vertex 25.6944 44.0556 10.85
    endloop
  endfacet
  facet normal 0.0654207 -0.997819 0.00878245
    outer loop
      vertex 26.7079 42.0004 10.85
      vertex 26.55 41.95 6.3
      vertex 26.7132 41.9607 6.3
    endloop
  endfacet
  facet normal 0.321709 -0.946798 0.00876044
    outer loop
      vertex 27.013 42.0821 10.85
      vertex 26.8632 42.0312 10.85
      vertex 26.8735 41.9926 6.3
    endloop
  endfacet
  facet normal -0.321709 0.946798 0.0087881
    outer loop
      vertex 26.2368 44.3688 10.85
      vertex 26.0716 44.3549 6.3
      vertex 26.087 44.3179 10.85
    endloop
  endfacet
  facet normal -0.195167 -0.980731 0.00878448
    outer loop
      vertex 26.3921 42.0004 10.85
      vertex 26.2265 41.9926 6.3
      vertex 26.3868 41.9607 6.3
    endloop
  endfacet
  facet normal 0.555408 -0.831532 0.00877176
    outer loop
      vertex 27.2866 42.24 10.85
      vertex 27.155 42.1521 10.85
      vertex 27.311 42.2083 6.3
    endloop
  endfacet
  facet normal 0.659388 -0.751751 0.00877354
    outer loop
      vertex 27.4339 42.3161 6.3
      vertex 27.2866 42.24 10.85
      vertex 27.311 42.2083 6.3
    endloop
  endfacet
  facet normal 0.751686 -0.659463 0.00877703
    outer loop
      vertex 27.51 42.4634 10.85
      vertex 27.4056 42.3444 10.85
      vertex 27.4339 42.3161 6.3
    endloop
  endfacet
  facet normal 0.9978 -0.0657195 0.00877186
    outer loop
      vertex 27.76 43.2 10.85
      vertex 27.7496 43.0421 10.85
      vertex 27.8 43.2 6.3
    endloop
  endfacet
  facet normal 0.896905 0.442136 0.00877026
    outer loop
      vertex 27.7048 43.6784 6.3
      vertex 27.5979 43.805 10.85
      vertex 27.6679 43.663 10.85
    endloop
  endfacet
  facet normal -0.555243 -0.831642 0.00877164
    outer loop
      vertex 25.8134 42.24 10.85
      vertex 25.789 42.2083 6.3
      vertex 25.925 42.1175 6.3
    endloop
  endfacet
  facet normal 0.442296 -0.896826 0.00877016
    outer loop
      vertex 27.175 42.1175 6.3
      vertex 27.013 42.0821 10.85
      vertex 27.0284 42.0452 6.3
    endloop
  endfacet
  facet normal -0.831532 -0.555408 0.00876465
    outer loop
      vertex 25.5021 42.595 10.85
      vertex 25.4675 42.575 6.3
      vertex 25.59 42.4634 10.85
    endloop
  endfacet
  facet normal -0.194529 -0.980858 0.00876148
    outer loop
      vertex 26.2368 42.0312 10.85
      vertex 26.2265 41.9926 6.3
      vertex 26.3921 42.0004 10.85
    endloop
  endfacet
  facet normal -0.751751 0.659388 0.00877354
    outer loop
      vertex 25.6661 44.0839 6.3
      vertex 25.5583 43.961 6.3
      vertex 25.59 43.9366 10.85
    endloop
  endfacet
  facet normal -0.321529 -0.946859 0.00876718
    outer loop
      vertex 26.087 42.0821 10.85
      vertex 26.0716 42.0452 6.3
      vertex 26.2265 41.9926 6.3
    endloop
  endfacet
  facet normal -0.195167 0.980731 0.00876293
    outer loop
      vertex 26.3868 44.4393 6.3
      vertex 26.2265 44.4074 6.3
      vertex 26.3921 44.3997 10.85
    endloop
  endfacet
  facet normal -0.980858 -0.194529 0.00876148
    outer loop
      vertex 25.3504 43.0421 10.85
      vertex 25.3426 42.8765 6.3
      vertex 25.3812 42.8868 10.85
    endloop
  endfacet
  facet normal -0.831532 0.555408 0.00877176
    outer loop
      vertex 25.5583 43.961 6.3
      vertex 25.5021 43.805 10.85
      vertex 25.59 43.9366 10.85
    endloop
  endfacet
  facet normal -0.980731 -0.195167 0.00878448
    outer loop
      vertex 25.3504 43.0421 10.85
      vertex 25.3107 43.0368 6.3
      vertex 25.3426 42.8765 6.3
    endloop
  endfacet
  facet normal 0.659463 0.751686 0.00877703
    outer loop
      vertex 27.4339 44.0839 6.3
      vertex 27.2866 44.16 10.85
      vertex 27.4056 44.0556 10.85
    endloop
  endfacet
  facet normal -0.896905 0.442136 0.00876388
    outer loop
      vertex 25.4675 43.825 6.3
      vertex 25.4321 43.663 10.85
      vertex 25.5021 43.805 10.85
    endloop
  endfacet
  facet normal 0.831642 0.555243 0.00877164
    outer loop
      vertex 27.5417 43.961 6.3
      vertex 27.51 43.9366 10.85
      vertex 27.6325 43.825 6.3
    endloop
  endfacet
  facet normal -0.0654208 0.997819 0.00876052
    outer loop
      vertex 26.55 44.45 6.3
      vertex 26.3868 44.4393 6.3
      vertex 26.3921 44.3997 10.85
    endloop
  endfacet
  facet normal -0.896905 -0.442136 0.00876388
    outer loop
      vertex 25.5021 42.595 10.85
      vertex 25.4321 42.737 10.85
      vertex 25.4675 42.575 6.3
    endloop
  endfacet
  facet normal -0.442136 -0.896905 0.00876388
    outer loop
      vertex 25.945 42.1521 10.85
      vertex 25.925 42.1175 6.3
      vertex 26.087 42.0821 10.85
    endloop
  endfacet
  facet normal -0.321709 -0.946798 0.00876044
    outer loop
      vertex 26.2368 42.0312 10.85
      vertex 26.087 42.0821 10.85
      vertex 26.2265 41.9926 6.3
    endloop
  endfacet
  facet normal 0.659463 -0.751686 0.00877703
    outer loop
      vertex 27.4056 42.3444 10.85
      vertex 27.2866 42.24 10.85
      vertex 27.4339 42.3161 6.3
    endloop
  endfacet
  facet normal -0.751686 -0.659463 0.00877703
    outer loop
      vertex 25.6944 42.3444 10.85
      vertex 25.59 42.4634 10.85
      vertex 25.6661 42.3161 6.3
    endloop
  endfacet
  facet normal 0.555408 0.831532 0.00876465
    outer loop
      vertex 27.175 44.2825 6.3
      vertex 27.155 44.2479 10.85
      vertex 27.2866 44.16 10.85
    endloop
  endfacet
  facet normal 0.195167 -0.980731 0.00878448
    outer loop
      vertex 26.8735 41.9926 6.3
      vertex 26.7079 42.0004 10.85
      vertex 26.7132 41.9607 6.3
    endloop
  endfacet
  facet normal -0.659463 0.751686 0.00877703
    outer loop
      vertex 25.8134 44.16 10.85
      vertex 25.6661 44.0839 6.3
      vertex 25.6944 44.0556 10.85
    endloop
  endfacet
  facet normal 0.555243 0.831642 0.00877164
    outer loop
      vertex 27.311 44.1917 6.3
      vertex 27.175 44.2825 6.3
      vertex 27.2866 44.16 10.85
    endloop
  endfacet
  facet normal -0.997819 0.0654207 0.00878245
    outer loop
      vertex 25.3107 43.3632 6.3
      vertex 25.3 43.2 6.3
      vertex 25.3504 43.3579 10.85
    endloop
  endfacet
  facet normal -0.9978 0.0657195 0.00877186
    outer loop
      vertex 25.3504 43.3579 10.85
      vertex 25.3 43.2 6.3
      vertex 25.34 43.2 10.85
    endloop
  endfacet
  facet normal -0.0654207 -0.997819 0.00878245
    outer loop
      vertex 26.3921 42.0004 10.85
      vertex 26.3868 41.9607 6.3
      vertex 26.55 41.95 6.3
    endloop
  endfacet
  facet normal -0.896826 0.442296 0.00877016
    outer loop
      vertex 25.4675 43.825 6.3
      vertex 25.3952 43.6784 6.3
      vertex 25.4321 43.663 10.85
    endloop
  endfacet
  facet normal 0.980731 -0.195167 0.00878448
    outer loop
      vertex 27.7893 43.0368 6.3
      vertex 27.7496 43.0421 10.85
      vertex 27.7574 42.8765 6.3
    endloop
  endfacet
  facet normal -0.946859 0.321529 0.00876718
    outer loop
      vertex 25.3952 43.6784 6.3
      vertex 25.3426 43.5235 6.3
      vertex 25.4321 43.663 10.85
    endloop
  endfacet
  facet normal 0.997819 0.0654207 0.00878245
    outer loop
      vertex 27.7893 43.3632 6.3
      vertex 27.7496 43.3579 10.85
      vertex 27.8 43.2 6.3
    endloop
  endfacet
  facet normal 0.831642 -0.555243 0.00877164
    outer loop
      vertex 27.6325 42.575 6.3
      vertex 27.51 42.4634 10.85
      vertex 27.5417 42.439 6.3
    endloop
  endfacet
  facet normal 0.194529 -0.980858 0.00876148
    outer loop
      vertex 26.8632 42.0312 10.85
      vertex 26.7079 42.0004 10.85
      vertex 26.8735 41.9926 6.3
    endloop
  endfacet
  facet normal -0.946798 -0.321709 0.00876044
    outer loop
      vertex 25.3812 42.8868 10.85
      vertex 25.3426 42.8765 6.3
      vertex 25.4321 42.737 10.85
    endloop
  endfacet
  facet normal 0.0657195 -0.9978 0.00877186
    outer loop
      vertex 26.55 41.99 10.85
      vertex 26.55 41.95 6.3
      vertex 26.7079 42.0004 10.85
    endloop
  endfacet
  facet normal -0.659463 -0.751686 0.00877703
    outer loop
      vertex 25.6944 42.3444 10.85
      vertex 25.6661 42.3161 6.3
      vertex 25.8134 42.24 10.85
    endloop
  endfacet
  facet normal 0.32098 0.947045 0.00876089
    outer loop
      vertex 26.8735 44.4074 6.3
      vertex 26.8632 44.3688 10.85
      vertex 27.0284 44.3549 6.3
    endloop
  endfacet
  facet normal -0.946798 0.321709 0.00876044
    outer loop
      vertex 25.4321 43.663 10.85
      vertex 25.3426 43.5235 6.3
      vertex 25.3812 43.5132 10.85
    endloop
  endfacet
  facet normal -0.555408 0.831532 0.00876465
    outer loop
      vertex 25.925 44.2825 6.3
      vertex 25.8134 44.16 10.85
      vertex 25.945 44.2479 10.85
    endloop
  endfacet
  facet normal 0.195137 0.980737 0.00876184
    outer loop
      vertex 26.8735 44.4074 6.3
      vertex 26.7079 44.3997 10.85
      vertex 26.8632 44.3688 10.85
    endloop
  endfacet
  facet normal 0.659388 0.751751 0.00877354
    outer loop
      vertex 27.311 44.1917 6.3
      vertex 27.2866 44.16 10.85
      vertex 27.4339 44.0839 6.3
    endloop
  endfacet
  facet normal 0.751751 0.659388 0.00877354
    outer loop
      vertex 27.5417 43.961 6.3
      vertex 27.4339 44.0839 6.3
      vertex 27.51 43.9366 10.85
    endloop
  endfacet
  facet normal 0.442136 -0.896905 0.00876388
    outer loop
      vertex 27.155 42.1521 10.85
      vertex 27.013 42.0821 10.85
      vertex 27.175 42.1175 6.3
    endloop
  endfacet
  facet normal -0.442788 0.896584 0.0087643
    outer loop
      vertex 26.0716 44.3549 6.3
      vertex 25.925 44.2825 6.3
      vertex 25.945 44.2479 10.85
    endloop
  endfacet
  facet normal -0.195137 0.980737 0.00876184
    outer loop
      vertex 26.3921 44.3997 10.85
      vertex 26.2265 44.4074 6.3
      vertex 26.2368 44.3688 10.85
    endloop
  endfacet
  facet normal -0.751751 -0.659388 0.00877354
    outer loop
      vertex 25.59 42.4634 10.85
      vertex 25.5583 42.439 6.3
      vertex 25.6661 42.3161 6.3
    endloop
  endfacet
  facet normal 0.946859 -0.321529 0.00876055
    outer loop
      vertex 27.7188 42.8868 10.85
      vertex 27.7048 42.7216 6.3
      vertex 27.7574 42.8765 6.3
    endloop
  endfacet
  facet normal -0.0650903 0.997841 0.00877223
    outer loop
      vertex 26.55 44.45 6.3
      vertex 26.3921 44.3997 10.85
      vertex 26.55 44.41 10.85
    endloop
  endfacet
  facet normal -0.946859 -0.321529 0.00876718
    outer loop
      vertex 25.4321 42.737 10.85
      vertex 25.3426 42.8765 6.3
      vertex 25.3952 42.7216 6.3
    endloop
  endfacet
  facet normal 0.9978 0.0657195 0.00877186
    outer loop
      vertex 27.8 43.2 6.3
      vertex 27.7496 43.3579 10.85
      vertex 27.76 43.2 10.85
    endloop
  endfacet
  facet normal 0.946798 0.321709 0.00876729
    outer loop
      vertex 27.7048 43.6784 6.3
      vertex 27.6679 43.663 10.85
      vertex 27.7188 43.5132 10.85
    endloop
  endfacet
  facet normal 0.195167 0.980731 0.00876293
    outer loop
      vertex 26.7132 44.4393 6.3
      vertex 26.7079 44.3997 10.85
      vertex 26.8735 44.4074 6.3
    endloop
  endfacet
  facet normal 0.997819 -0.0654207 0.00878245
    outer loop
      vertex 27.8 43.2 6.3
      vertex 27.7496 43.0421 10.85
      vertex 27.7893 43.0368 6.3
    endloop
  endfacet
  facet normal 0.980731 0.195167 0.00878448
    outer loop
      vertex 27.7574 43.5235 6.3
      vertex 27.7496 43.3579 10.85
      vertex 27.7893 43.3632 6.3
    endloop
  endfacet
  facet normal 0.980858 0.194529 0.00876148
    outer loop
      vertex 27.7574 43.5235 6.3
      vertex 27.7188 43.5132 10.85
      vertex 27.7496 43.3579 10.85
    endloop
  endfacet
  facet normal 0.442788 0.896584 0.0087643
    outer loop
      vertex 27.175 44.2825 6.3
      vertex 27.0284 44.3549 6.3
      vertex 27.155 44.2479 10.85
    endloop
  endfacet
  facet normal -0.555243 0.831642 0.00877164
    outer loop
      vertex 25.925 44.2825 6.3
      vertex 25.789 44.1917 6.3
      vertex 25.8134 44.16 10.85
    endloop
  endfacet
  facet normal 0.831532 0.555408 0.00876465
    outer loop
      vertex 27.6325 43.825 6.3
      vertex 27.51 43.9366 10.85
      vertex 27.5979 43.805 10.85
    endloop
  endfacet
  facet normal 0.896826 0.442296 0.00876398
    outer loop
      vertex 27.6325 43.825 6.3
      vertex 27.5979 43.805 10.85
      vertex 27.7048 43.6784 6.3
    endloop
  endfacet
  facet normal 0.751751 -0.659388 0.00877354
    outer loop
      vertex 27.51 42.4634 10.85
      vertex 27.4339 42.3161 6.3
      vertex 27.5417 42.439 6.3
    endloop
  endfacet
  facet normal 0.0654208 0.997819 0.00876052
    outer loop
      vertex 26.7132 44.4393 6.3
      vertex 26.55 44.45 6.3
      vertex 26.7079 44.3997 10.85
    endloop
  endfacet
  facet normal -0.659388 0.751751 0.00877354
    outer loop
      vertex 25.789 44.1917 6.3
      vertex 25.6661 44.0839 6.3
      vertex 25.8134 44.16 10.85
    endloop
  endfacet
  facet normal -0.442136 0.896905 0.00878997
    outer loop
      vertex 26.0716 44.3549 6.3
      vertex 25.945 44.2479 10.85
      vertex 26.087 44.3179 10.85
    endloop
  endfacet
  facet normal 0 0 -1
    outer loop
      vertex 27.7893 43.0368 6.3
      vertex 27.7893 43.3632 6.3
      vertex 27.8 43.2 6.3
    endloop
  endfacet
  facet normal 0 0 -1
    outer loop
      vertex 27.7574 42.8765 6.3
      vertex 27.7893 43.3632 6.3
      vertex 27.7893 43.0368 6.3
    endloop
  endfacet
  facet normal 0 0 -1
    outer loop
      vertex 27.7574 42.8765 6.3
      vertex 27.7574 43.5235 6.3
      vertex 27.7893 43.3632 6.3
    endloop
  endfacet
  facet normal 0 0 -1
    outer loop
      vertex 27.7048 42.7216 6.3
      vertex 27.7574 43.5235 6.3
      vertex 27.7574 42.8765 6.3
    endloop
  endfacet
  facet normal 0 0 -1
    outer loop
      vertex 27.7048 42.7216 6.3
      vertex 27.7048 43.6784 6.3
      vertex 27.7574 43.5235 6.3
    endloop
  endfacet
  facet normal 0 0 -1
    outer loop
      vertex 27.6325 42.575 6.3
      vertex 27.7048 43.6784 6.3
      vertex 27.7048 42.7216 6.3
    endloop
  endfacet
  facet normal 0 0 -1
    outer loop
      vertex 27.6325 42.575 6.3
      vertex 27.6325 43.825 6.3
      vertex 27.7048 43.6784 6.3
    endloop
  endfacet
  facet normal 0 0 -1
    outer loop
      vertex 27.5417 42.439 6.3
      vertex 27.6325 43.825 6.3
      vertex 27.6325 42.575 6.3
    endloop
  endfacet
  facet normal 0 0 -1
    outer loop
      vertex 27.5417 42.439 6.3
      vertex 27.5417 43.961 6.3
      vertex 27.6325 43.825 6.3
    endloop
  endfacet
  facet normal 0 0 -1
    outer loop
      vertex 27.4339 42.3161 6.3
      vertex 27.5417 43.961 6.3
      vertex 27.5417 42.439 6.3
    endloop
  endfacet
  facet normal 0 0 -1
    outer loop
      vertex 27.4339 42.3161 6.3
      vertex 27.4339 44.0839 6.3
      vertex 27.5417 43.961 6.3
    endloop
  endfacet
  facet normal 0 0 -1
    outer loop
      vertex 27.311 42.2083 6.3
      vertex 27.4339 44.0839 6.3
      vertex 27.4339 42.3161 6.3
    endloop
  endfacet
  facet normal 0 0 -1
    outer loop
      vertex 27.311 42.2083 6.3
      vertex 27.311 44.1917 6.3
      vertex 27.4339 44.0839 6.3
    endloop
  endfacet
  facet normal 0 0 -1
    outer loop
      vertex 27.175 42.1175 6.3
      vertex 27.311 44.1917 6.3
      vertex 27.311 42.2083 6.3
    endloop
  endfacet
  facet normal 0 0 -1
    outer loop
      vertex 27.175 42.1175 6.3
      vertex 27.175 44.2825 6.3
      vertex 27.311 44.1917 6.3
    endloop
  endfacet
  facet normal 0 0 -1
    outer loop
      vertex 27.0284 42.0452 6.3
      vertex 27.175 44.2825 6.3
      vertex 27.175 42.1175 6.3
    endloop
  endfacet
  facet normal 0 0 -1
    outer loop
      vertex 27.0284 42.0452 6.3
      vertex 27.0284 44.3549 6.3
      vertex 27.175 44.2825 6.3
    endloop
  endfacet
  facet normal 0 0 -1
    outer loop
      vertex 26.8735 41.9926 6.3
      vertex 27.0284 44.3549 6.3
      vertex 27.0284 42.0452 6.3
    endloop
  endfacet
  facet normal 0 0 -1
    outer loop
      vertex 26.8735 41.9926 6.3
      vertex 26.8735 44.4074 6.3
      vertex 27.0284 44.3549 6.3
    endloop
  endfacet
  facet normal 0 0 -1
    outer loop
      vertex 26.7132 41.9607 6.3
      vertex 26.8735 44.4074 6.3
      vertex 26.8735 41.9926 6.3
    endloop
  endfacet
  facet normal 0 0 -1
    outer loop
      vertex 26.7132 41.9607 6.3
      vertex 26.7132 44.4393 6.3
      vertex 26.8735 44.4074 6.3
    endloop
  endfacet
  facet normal 0 0 -1
    outer loop
      vertex 26.55 41.95 6.3
      vertex 26.7132 44.4393 6.3
      vertex 26.7132 41.9607 6.3
    endloop
  endfacet
  facet normal 0 0 -1
    outer loop
      vertex 26.55 41.95 6.3
      vertex 26.55 44.45 6.3
      vertex 26.7132 44.4393 6.3
    endloop
  endfacet
  facet normal 0 0 -1
    outer loop
      vertex 26.3868 41.9607 6.3
      vertex 26.55 44.45 6.3
      vertex 26.55 41.95 6.3
    endloop
  endfacet
  facet normal 0 0 -1
    outer loop
      vertex 26.3868 41.9607 6.3
      vertex 26.3868 44.4393 6.3
      vertex 26.55 44.45 6.3
    endloop
  endfacet
  facet normal 0 0 -1
    outer loop
      vertex 26.2265 41.9926 6.3
      vertex 26.3868 44.4393 6.3
      vertex 26.3868 41.9607 6.3
    endloop
  endfacet
  facet normal 0 0 -1
    outer loop
      vertex 26.2265 41.9926 6.3
      vertex 26.2265 44.4074 6.3
      vertex 26.3868 44.4393 6.3
    endloop
  endfacet
  facet normal 0 0 -1
    outer loop
      vertex 26.0716 42.0452 6.3
      vertex 26.2265 44.4074 6.3
      vertex 26.2265 41.9926 6.3
    endloop
  endfacet
  facet normal 0 0 -1
    outer loop
      vertex 26.0716 42.0452 6.3
      vertex 26.0716 44.3549 6.3
      vertex 26.2265 44.4074 6.3
    endloop
  endfacet
  facet normal 0 0 -1
    outer loop
      vertex 25.925 42.1175 6.3
      vertex 26.0716 44.3549 6.3
      vertex 26.0716 42.0452 6.3
    endloop
  endfacet
  facet normal 0 0 -1
    outer loop
      vertex 25.925 42.1175 6.3
      vertex 25.925 44.2825 6.3
      vertex 26.0716 44.3549 6.3
    endloop
  endfacet
  facet normal 0 0 -1
    outer loop
      vertex 25.789 42.2083 6.3
      vertex 25.925 44.2825 6.3
      vertex 25.925 42.1175 6.3
    endloop
  endfacet
  facet normal 0 0 -1
    outer loop
      vertex 25.789 42.2083 6.3
      vertex 25.789 44.1917 6.3
      vertex 25.925 44.2825 6.3
    endloop
  endfacet
  facet normal 0 0 -1
    outer loop
      vertex 25.6661 42.3161 6.3
      vertex 25.789 44.1917 6.3
      vertex 25.789 42.2083 6.3
    endloop
  endfacet
  facet normal 0 0 -1
    outer loop
      vertex 25.6661 42.3161 6.3
      vertex 25.6661 44.0839 6.3
      vertex 25.789 44.1917 6.3
    endloop
  endfacet
  facet normal 0 0 -1
    outer loop
      vertex 25.5583 42.439 6.3
      vertex 25.6661 44.0839 6.3
      vertex 25.6661 42.3161 6.3
    endloop
  endfacet
  facet normal 0 0 -1
    outer loop
      vertex 25.5583 42.439 6.3
      vertex 25.5583 43.961 6.3
      vertex 25.6661 44.0839 6.3
    endloop
  endfacet
  facet normal 0 0 -1
    outer loop
      vertex 25.4675 42.575 6.3
      vertex 25.5583 43.961 6.3
      vertex 25.5583 42.439 6.3
    endloop
  endfacet
  facet normal 0 0 -1
    outer loop
      vertex 25.4675 42.575 6.3
      vertex 25.4675 43.825 6.3
      vertex 25.5583 43.961 6.3
    endloop
  endfacet
  facet normal 0 0 -1
    outer loop
      vertex 25.3952 42.7216 6.3
      vertex 25.4675 43.825 6.3
      vertex 25.4675 42.575 6.3
    endloop
  endfacet
  facet normal 0 0 -1
    outer loop
      vertex 25.3952 42.7216 6.3
      vertex 25.3952 43.6784 6.3
      vertex 25.4675 43.825 6.3
    endloop
  endfacet
  facet normal 0 0 -1
    outer loop
      vertex 25.3426 42.8765 6.3
      vertex 25.3952 43.6784 6.3
      vertex 25.3952 42.7216 6.3
    endloop
  endfacet
  facet normal 0 0 -1
    outer loop
      vertex 25.3426 42.8765 6.3
      vertex 25.3426 43.5235 6.3
      vertex 25.3952 43.6784 6.3
    endloop
  endfacet
  facet normal 0 0 -1
    outer loop
      vertex 25.3107 43.0368 6.3
      vertex 25.3426 43.5235 6.3
      vertex 25.3426 42.8765 6.3
    endloop
  endfacet
  facet normal 0 0 -1
    outer loop
      vertex 25.3107 43.0368 6.3
      vertex 25.3107 43.3632 6.3
      vertex 25.3426 43.5235 6.3
    endloop
  endfacet
  facet normal 0 -0 -1
    outer loop
      vertex 25.3107 43.3632 6.3
      vertex 25.3107 43.0368 6.3
      vertex 25.3 43.2 6.3
    endloop
  endfacet
  facet normal -0.980858 0.194529 0.00876148
    outer loop
      vertex 25.3812 43.5132 10.85
      vertex 25.3426 43.5235 6.3
      vertex 25.3504 43.3579 10.85
    endloop
  endfacet
  facet normal 0.946798 -0.321709 0.00876729
    outer loop
      vertex 27.7188 42.8868 10.85
      vertex 27.6679 42.737 10.85
      vertex 27.7048 42.7216 6.3
    endloop
  endfacet
  facet normal 0.442136 0.896905 0.00878997
    outer loop
      vertex 27.0284 44.3549 6.3
      vertex 27.013 44.3179 10.85
      vertex 27.155 44.2479 10.85
    endloop
  endfacet
  facet normal -0.0657195 -0.9978 0.00877186
    outer loop
      vertex 26.55 41.99 10.85
      vertex 26.3921 42.0004 10.85
      vertex 26.55 41.95 6.3
    endloop
  endfacet
  facet normal 0.980858 -0.194529 0.00876148
    outer loop
      vertex 27.7496 43.0421 10.85
      vertex 27.7188 42.8868 10.85
      vertex 27.7574 42.8765 6.3
    endloop
  endfacet
  facet normal 0.321709 0.946798 0.0087881
    outer loop
      vertex 27.0284 44.3549 6.3
      vertex 26.8632 44.3688 10.85
      vertex 27.013 44.3179 10.85
    endloop
  endfacet
  facet normal 0.0650903 0.997841 0.00877223
    outer loop
      vertex 26.55 44.45 6.3
      vertex 26.55 44.41 10.85
      vertex 26.7079 44.3997 10.85
    endloop
  endfacet
  facet normal 0.751686 0.659463 0.00877703
    outer loop
      vertex 27.4339 44.0839 6.3
      vertex 27.4056 44.0556 10.85
      vertex 27.51 43.9366 10.85
    endloop
  endfacet
  facet normal 0.896905 -0.442136 0.00877026
    outer loop
      vertex 27.6679 42.737 10.85
      vertex 27.5979 42.595 10.85
      vertex 27.7048 42.7216 6.3
    endloop
  endfacet
  facet normal 0.896826 -0.442296 0.00876398
    outer loop
      vertex 27.7048 42.7216 6.3
      vertex 27.5979 42.595 10.85
      vertex 27.6325 42.575 6.3
    endloop
  endfacet
endsolid OpenSCAD_Model
