solid OpenSCAD_Model
  facet normal 1 -0 0
    outer loop
      vertex 61.6 8.5 2.25
      vertex 61.6 15.5 2.1
      vertex 61.6 15.5 2.25
    endloop
  endfacet
  facet normal 1 0 0
    outer loop
      vertex 61.6 15.5 2.1
      vertex 61.6 8.5 2.25
      vertex 61.6 8.5 2.1
    endloop
  endfacet
  facet normal 0 0 -1
    outer loop
      vertex 60.5 8.5 2.1
      vertex 61.6 15.5 2.1
      vertex 61.6 8.5 2.1
    endloop
  endfacet
  facet normal -0 0 -1
    outer loop
      vertex 61.6 15.5 2.1
      vertex 60.5 8.5 2.1
      vertex 60.5 15.5 2.1
    endloop
  endfacet
  facet normal -1 0 0
    outer loop
      vertex 60.5 8.5 2.1
      vertex 60.5 15.5 2.5
      vertex 60.5 15.5 2.1
    endloop
  endfacet
  facet normal -1 -0 0
    outer loop
      vertex 60.5 15.5 2.5
      vertex 60.5 8.5 2.1
      vertex 60.5 8.5 2.5
    endloop
  endfacet
  facet normal 0 1 0
    outer loop
      vertex 61.6 15.5 2.25
      vertex 61.6 15.5 2.5
      vertex 62.7 15.5 2.5
    endloop
  endfacet
  facet normal 0 1 0
    outer loop
      vertex 61.6 15.5 2.25
      vertex 62.7 15.5 2.5
      vertex 62.7 15.5 2.25
    endloop
  endfacet
  facet normal 0 1 0
    outer loop
      vertex 61.6 15.5 2.5
      vertex 61.6 15.5 2.25
      vertex 60.5 15.5 2.5
    endloop
  endfacet
  facet normal 0 1 0
    outer loop
      vertex 60.5 15.5 2.1
      vertex 61.6 15.5 2.25
      vertex 61.6 15.5 2.1
    endloop
  endfacet
  facet normal 0 1 0
    outer loop
      vertex 61.6 15.5 2.25
      vertex 60.5 15.5 2.1
      vertex 60.5 15.5 2.5
    endloop
  endfacet
  facet normal 0 -1 0
    outer loop
      vertex 61.6 8.5 2.25
      vertex 61.6 8.5 2.5
      vertex 60.5 8.5 2.5
    endloop
  endfacet
  facet normal 0 -1 0
    outer loop
      vertex 61.6 8.5 2.5
      vertex 61.6 8.5 2.25
      vertex 62.7 8.5 2.5
    endloop
  endfacet
  facet normal 0 -1 0
    outer loop
      vertex 60.5 8.5 2.1
      vertex 61.6 8.5 2.25
      vertex 60.5 8.5 2.5
    endloop
  endfacet
  facet normal 0 -1 -0
    outer loop
      vertex 61.6 8.5 2.25
      vertex 60.5 8.5 2.1
      vertex 61.6 8.5 2.1
    endloop
  endfacet
  facet normal 0 -1 -0
    outer loop
      vertex 62.7 8.5 2.5
      vertex 61.6 8.5 2.25
      vertex 62.7 8.5 2.25
    endloop
  endfacet
  facet normal 1 -0 0
    outer loop
      vertex 62.7 8.5 2.5
      vertex 62.7 15.5 2.25
      vertex 62.7 15.5 2.5
    endloop
  endfacet
  facet normal 1 0 0
    outer loop
      vertex 62.7 15.5 2.25
      vertex 62.7 8.5 2.5
      vertex 62.7 8.5 2.25
    endloop
  endfacet
  facet normal 0 0 -1
    outer loop
      vertex 61.6 8.5 2.25
      vertex 62.7 15.5 2.25
      vertex 62.7 8.5 2.25
    endloop
  endfacet
  facet normal -0 0 -1
    outer loop
      vertex 62.7 15.5 2.25
      vertex 61.6 8.5 2.25
      vertex 61.6 15.5 2.25
    endloop
  endfacet
  facet normal 1 -0 0
    outer loop
      vertex 61.6 34.3 2.25
      vertex 61.6 41.3 2.1
      vertex 61.6 41.3 2.25
    endloop
  endfacet
  facet normal 1 0 0
    outer loop
      vertex 61.6 41.3 2.1
      vertex 61.6 34.3 2.25
      vertex 61.6 34.3 2.1
    endloop
  endfacet
  facet normal 0 0 -1
    outer loop
      vertex 60.5 34.3 2.1
      vertex 61.6 41.3 2.1
      vertex 61.6 34.3 2.1
    endloop
  endfacet
  facet normal -0 0 -1
    outer loop
      vertex 61.6 41.3 2.1
      vertex 60.5 34.3 2.1
      vertex 60.5 41.3 2.1
    endloop
  endfacet
  facet normal -1 0 0
    outer loop
      vertex 60.5 34.3 2.1
      vertex 60.5 41.3 2.5
      vertex 60.5 41.3 2.1
    endloop
  endfacet
  facet normal -1 -0 0
    outer loop
      vertex 60.5 41.3 2.5
      vertex 60.5 34.3 2.1
      vertex 60.5 34.3 2.5
    endloop
  endfacet
  facet normal 0 1 0
    outer loop
      vertex 61.6 41.3 2.25
      vertex 61.6 41.3 2.5
      vertex 62.7 41.3 2.5
    endloop
  endfacet
  facet normal 0 1 0
    outer loop
      vertex 61.6 41.3 2.25
      vertex 62.7 41.3 2.5
      vertex 62.7 41.3 2.25
    endloop
  endfacet
  facet normal 0 1 0
    outer loop
      vertex 61.6 41.3 2.5
      vertex 61.6 41.3 2.25
      vertex 60.5 41.3 2.5
    endloop
  endfacet
  facet normal 0 1 0
    outer loop
      vertex 60.5 41.3 2.1
      vertex 61.6 41.3 2.25
      vertex 61.6 41.3 2.1
    endloop
  endfacet
  facet normal 0 1 0
    outer loop
      vertex 61.6 41.3 2.25
      vertex 60.5 41.3 2.1
      vertex 60.5 41.3 2.5
    endloop
  endfacet
  facet normal 0 -1 0
    outer loop
      vertex 61.6 34.3 2.25
      vertex 61.6 34.3 2.5
      vertex 60.5 34.3 2.5
    endloop
  endfacet
  facet normal 0 -1 0
    outer loop
      vertex 61.6 34.3 2.5
      vertex 61.6 34.3 2.25
      vertex 62.7 34.3 2.5
    endloop
  endfacet
  facet normal 0 -1 0
    outer loop
      vertex 60.5 34.3 2.1
      vertex 61.6 34.3 2.25
      vertex 60.5 34.3 2.5
    endloop
  endfacet
  facet normal 0 -1 -0
    outer loop
      vertex 61.6 34.3 2.25
      vertex 60.5 34.3 2.1
      vertex 61.6 34.3 2.1
    endloop
  endfacet
  facet normal 0 -1 -0
    outer loop
      vertex 62.7 34.3 2.5
      vertex 61.6 34.3 2.25
      vertex 62.7 34.3 2.25
    endloop
  endfacet
  facet normal 1 -0 0
    outer loop
      vertex 62.7 34.3 2.5
      vertex 62.7 41.3 2.25
      vertex 62.7 41.3 2.5
    endloop
  endfacet
  facet normal 1 0 0
    outer loop
      vertex 62.7 41.3 2.25
      vertex 62.7 34.3 2.5
      vertex 62.7 34.3 2.25
    endloop
  endfacet
  facet normal 0 0 -1
    outer loop
      vertex 61.6 34.3 2.25
      vertex 62.7 41.3 2.25
      vertex 62.7 34.3 2.25
    endloop
  endfacet
  facet normal -0 0 -1
    outer loop
      vertex 62.7 41.3 2.25
      vertex 61.6 34.3 2.25
      vertex 61.6 41.3 2.25
    endloop
  endfacet
  facet normal 1 -0 0
    outer loop
      vertex 23.5 2.4 2.5
      vertex 23.5 3.5 2.1
      vertex 23.5 3.5 2.5
    endloop
  endfacet
  facet normal 1 0 0
    outer loop
      vertex 23.5 3.5 2.1
      vertex 23.5 2.4 2.5
      vertex 23.5 2.4 2.1
    endloop
  endfacet
  facet normal 0 0 -1
    outer loop
      vertex 16.5 2.4 2.1
      vertex 23.5 3.5 2.1
      vertex 23.5 2.4 2.1
    endloop
  endfacet
  facet normal -0 0 -1
    outer loop
      vertex 23.5 3.5 2.1
      vertex 16.5 2.4 2.1
      vertex 16.5 3.5 2.1
    endloop
  endfacet
  facet normal -1 0 0
    outer loop
      vertex 16.5 2.4 2.1
      vertex 16.5 3.5 2.5
      vertex 16.5 3.5 2.1
    endloop
  endfacet
  facet normal -1 -0 0
    outer loop
      vertex 16.5 3.5 2.5
      vertex 16.5 2.4 2.1
      vertex 16.5 2.4 2.5
    endloop
  endfacet
  facet normal 0 1 -0
    outer loop
      vertex 23.5 3.5 2.1
      vertex 16.5 3.5 2.5
      vertex 23.5 3.5 2.5
    endloop
  endfacet
  facet normal 0 1 0
    outer loop
      vertex 16.5 3.5 2.5
      vertex 23.5 3.5 2.1
      vertex 16.5 3.5 2.1
    endloop
  endfacet
  facet normal 0 -1 0
    outer loop
      vertex 16.5 2.4 2.1
      vertex 23.5 2.4 2.5
      vertex 16.5 2.4 2.5
    endloop
  endfacet
  facet normal 0 -1 -0
    outer loop
      vertex 23.5 2.4 2.5
      vertex 16.5 2.4 2.1
      vertex 23.5 2.4 2.1
    endloop
  endfacet
  facet normal 1 -0 0
    outer loop
      vertex 55.5 2.4 2.5
      vertex 55.5 3.5 2.1
      vertex 55.5 3.5 2.5
    endloop
  endfacet
  facet normal 1 0 0
    outer loop
      vertex 55.5 3.5 2.1
      vertex 55.5 2.4 2.5
      vertex 55.5 2.4 2.1
    endloop
  endfacet
  facet normal 0 0 -1
    outer loop
      vertex 48.5 2.4 2.1
      vertex 55.5 3.5 2.1
      vertex 55.5 2.4 2.1
    endloop
  endfacet
  facet normal -0 0 -1
    outer loop
      vertex 55.5 3.5 2.1
      vertex 48.5 2.4 2.1
      vertex 48.5 3.5 2.1
    endloop
  endfacet
  facet normal -1 0 0
    outer loop
      vertex 48.5 2.4 2.1
      vertex 48.5 3.5 2.5
      vertex 48.5 3.5 2.1
    endloop
  endfacet
  facet normal -1 -0 0
    outer loop
      vertex 48.5 3.5 2.5
      vertex 48.5 2.4 2.1
      vertex 48.5 2.4 2.5
    endloop
  endfacet
  facet normal 0 1 -0
    outer loop
      vertex 55.5 3.5 2.1
      vertex 48.5 3.5 2.5
      vertex 55.5 3.5 2.5
    endloop
  endfacet
  facet normal 0 1 0
    outer loop
      vertex 48.5 3.5 2.5
      vertex 55.5 3.5 2.1
      vertex 48.5 3.5 2.1
    endloop
  endfacet
  facet normal 0 -1 0
    outer loop
      vertex 48.5 2.4 2.1
      vertex 55.5 2.4 2.5
      vertex 48.5 2.4 2.5
    endloop
  endfacet
  facet normal 0 -1 -0
    outer loop
      vertex 55.5 2.4 2.5
      vertex 48.5 2.4 2.1
      vertex 55.5 2.4 2.1
    endloop
  endfacet
  facet normal -1 0 0
    outer loop
      vertex 0 21.7 13.4
      vertex 0 45.8 2.5
      vertex 0 21.7 9.4
    endloop
  endfacet
  facet normal -1 0 0
    outer loop
      vertex 0 4 2.5
      vertex 0 21.7 9.4
      vertex 0 45.8 2.5
    endloop
  endfacet
  facet normal -1 -0 0
    outer loop
      vertex 0 11.1 9.4
      vertex 0 4 2.5
      vertex 0 11.1 13.4
    endloop
  endfacet
  facet normal -1 -0 0
    outer loop
      vertex 0 21.7 9.4
      vertex 0 4 2.5
      vertex 0 11.1 9.4
    endloop
  endfacet
  facet normal -1 0 0
    outer loop
      vertex 0 45.8 2.5
      vertex 0 21.7 13.4
      vertex 0 45.8 24
    endloop
  endfacet
  facet normal -1 0 0
    outer loop
      vertex 0 4 24
      vertex 0 21.7 13.4
      vertex 0 11.1 13.4
    endloop
  endfacet
  facet normal -1 0 0
    outer loop
      vertex 0 21.7 13.4
      vertex 0 4 24
      vertex 0 45.8 24
    endloop
  endfacet
  facet normal -1 0 0
    outer loop
      vertex 0 4 24
      vertex 0 11.1 13.4
      vertex 0 4 2.5
    endloop
  endfacet
  facet normal 0.997861 0.0653646 0
    outer loop
      vertex 64 45.8 24
      vertex 63.9658 46.3221 2.5
      vertex 63.9658 46.3221 24
    endloop
  endfacet
  facet normal 0.997861 0.0653646 0
    outer loop
      vertex 63.9658 46.3221 2.5
      vertex 64 45.8 24
      vertex 64 45.8 2.5
    endloop
  endfacet
  facet normal 0.19508 -0.980787 0
    outer loop
      vertex 60.5221 0.0342197 2.5
      vertex 61.0353 0.136296 24
      vertex 60.5221 0.0342197 24
    endloop
  endfacet
  facet normal 0.19508 -0.980787 0
    outer loop
      vertex 61.0353 0.136296 24
      vertex 60.5221 0.0342197 2.5
      vertex 61.0353 0.136296 2.5
    endloop
  endfacet
  facet normal -0.997859 0.0654021 0
    outer loop
      vertex 0 45.8 2.5
      vertex 0.0342197 46.3221 24
      vertex 0.0342197 46.3221 2.5
    endloop
  endfacet
  facet normal -0.997859 0.0654021 0
    outer loop
      vertex 0.0342197 46.3221 24
      vertex 0 45.8 2.5
      vertex 0 45.8 24
    endloop
  endfacet
  facet normal -0.321469 0.94692 0
    outer loop
      vertex 2.96472 49.6637 2.5
      vertex 2.46927 49.4955 24
      vertex 2.96472 49.6637 24
    endloop
  endfacet
  facet normal -0.321469 0.94692 0
    outer loop
      vertex 2.46927 49.4955 24
      vertex 2.96472 49.6637 2.5
      vertex 2.46927 49.4955 2.5
    endloop
  endfacet
  facet normal -0.980787 0.19508 0
    outer loop
      vertex 0.0342197 46.3221 2.5
      vertex 0.136296 46.8353 24
      vertex 0.136296 46.8353 2.5
    endloop
  endfacet
  facet normal -0.980787 0.19508 0
    outer loop
      vertex 0.136296 46.8353 24
      vertex 0.0342197 46.3221 2.5
      vertex 0.0342197 46.3221 24
    endloop
  endfacet
  facet normal 0.442262 -0.896886 0
    outer loop
      vertex 61.5307 0.304482 2.5
      vertex 62 0.535898 24
      vertex 61.5307 0.304482 24
    endloop
  endfacet
  facet normal 0.442262 -0.896886 0
    outer loop
      vertex 62 0.535898 24
      vertex 61.5307 0.304482 2.5
      vertex 62 0.535898 2.5
    endloop
  endfacet
  facet normal 0.997862 -0.0653634 0
    outer loop
      vertex 63.9658 3.47789 24
      vertex 64 4 2.5
      vertex 64 4 24
    endloop
  endfacet
  facet normal 0.997862 -0.0653634 0
    outer loop
      vertex 64 4 2.5
      vertex 63.9658 3.47789 24
      vertex 63.9658 3.47789 2.5
    endloop
  endfacet
  facet normal -0.896886 0.442262 0
    outer loop
      vertex 0.304482 47.3307 2.5
      vertex 0.535898 47.8 24
      vertex 0.535898 47.8 2.5
    endloop
  endfacet
  facet normal -0.896886 0.442262 0
    outer loop
      vertex 0.535898 47.8 24
      vertex 0.304482 47.3307 2.5
      vertex 0.304482 47.3307 24
    endloop
  endfacet
  facet normal 0 -1 0
    outer loop
      vertex 4 0 24
      vertex 25 0 4.95
      vertex 60 0 24
    endloop
  endfacet
  facet normal 0 -1 0
    outer loop
      vertex 4 0 2.5
      vertex 25 0 4.95
      vertex 4 0 24
    endloop
  endfacet
  facet normal 0 -1 -0
    outer loop
      vertex 25 0 4.95
      vertex 4 0 2.5
      vertex 25 0 2.5
    endloop
  endfacet
  facet normal 0 -1 0
    outer loop
      vertex 39 0 4.95
      vertex 60 0 24
      vertex 25 0 4.95
    endloop
  endfacet
  facet normal 0 -1 0
    outer loop
      vertex 60 0 2.5
      vertex 39 0 4.95
      vertex 39 0 2.5
    endloop
  endfacet
  facet normal 0 -1 0
    outer loop
      vertex 39 0 4.95
      vertex 60 0 2.5
      vertex 60 0 24
    endloop
  endfacet
  facet normal 0.321498 0.94691 -0
    outer loop
      vertex 61.5307 49.4955 2.5
      vertex 61.0353 49.6637 24
      vertex 61.5307 49.4955 24
    endloop
  endfacet
  facet normal 0.321498 0.94691 0
    outer loop
      vertex 61.0353 49.6637 24
      vertex 61.5307 49.4955 2.5
      vertex 61.0353 49.6637 2.5
    endloop
  endfacet
  facet normal -0.555582 0.831462 0
    outer loop
      vertex 2 49.2641 2.5
      vertex 1.56495 48.9734 24
      vertex 2 49.2641 24
    endloop
  endfacet
  facet normal -0.555582 0.831462 0
    outer loop
      vertex 1.56495 48.9734 24
      vertex 2 49.2641 2.5
      vertex 1.56495 48.9734 2.5
    endloop
  endfacet
  facet normal -0.659362 0.751826 0
    outer loop
      vertex 1.56495 48.9734 2.5
      vertex 1.17157 48.6284 24
      vertex 1.56495 48.9734 24
    endloop
  endfacet
  facet normal -0.659362 0.751826 0
    outer loop
      vertex 1.17157 48.6284 24
      vertex 1.56495 48.9734 2.5
      vertex 1.17157 48.6284 2.5
    endloop
  endfacet
  facet normal 0.555626 0.831432 -0
    outer loop
      vertex 62.435 48.9734 2.5
      vertex 62 49.2641 24
      vertex 62.435 48.9734 24
    endloop
  endfacet
  facet normal 0.555626 0.831432 0
    outer loop
      vertex 62 49.2641 24
      vertex 62.435 48.9734 2.5
      vertex 62 49.2641 2.5
    endloop
  endfacet
  facet normal -0.0653634 0.997862 0
    outer loop
      vertex 4 49.8 2.5
      vertex 3.47789 49.7658 24
      vertex 4 49.8 24
    endloop
  endfacet
  facet normal -0.0653634 0.997862 0
    outer loop
      vertex 3.47789 49.7658 24
      vertex 4 49.8 2.5
      vertex 3.47789 49.7658 2.5
    endloop
  endfacet
  facet normal -0.659345 -0.751841 0
    outer loop
      vertex 1.17157 1.17157 2.5
      vertex 1.56495 0.826586 24
      vertex 1.17157 1.17157 24
    endloop
  endfacet
  facet normal -0.659345 -0.751841 -0
    outer loop
      vertex 1.56495 0.826586 24
      vertex 1.17157 1.17157 2.5
      vertex 1.56495 0.826586 2.5
    endloop
  endfacet
  facet normal 0.896887 -0.44226 0
    outer loop
      vertex 63.4641 2 24
      vertex 63.6955 2.46927 2.5
      vertex 63.6955 2.46927 24
    endloop
  endfacet
  facet normal 0.896887 -0.44226 0
    outer loop
      vertex 63.6955 2.46927 2.5
      vertex 63.4641 2 24
      vertex 63.4641 2 2.5
    endloop
  endfacet
  facet normal -0.831472 -0.555566 0
    outer loop
      vertex 0.826586 1.56495 2.5
      vertex 0.535898 2 24
      vertex 0.535898 2 2.5
    endloop
  endfacet
  facet normal -0.831472 -0.555566 0
    outer loop
      vertex 0.535898 2 24
      vertex 0.826586 1.56495 2.5
      vertex 0.826586 1.56495 24
    endloop
  endfacet
  facet normal -0.442285 -0.896875 0
    outer loop
      vertex 2 0.535898 2.5
      vertex 2.46927 0.304482 24
      vertex 2 0.535898 24
    endloop
  endfacet
  facet normal -0.442285 -0.896875 -0
    outer loop
      vertex 2.46927 0.304482 24
      vertex 2 0.535898 2.5
      vertex 2.46927 0.304482 2.5
    endloop
  endfacet
  facet normal 0 1 0
    outer loop
      vertex 60 49.8 24
      vertex 38 49.8 15.6917
      vertex 4 49.8 24
    endloop
  endfacet
  facet normal 0 1 0
    outer loop
      vertex 60 49.8 24
      vertex 38 49.8 14.8417
      vertex 38 49.8 15.6917
    endloop
  endfacet
  facet normal 0 1 0
    outer loop
      vertex 38 49.8 14.8417
      vertex 38 49.8 14.3583
      vertex 26 49.8 14.8417
    endloop
  endfacet
  facet normal 0 1 0
    outer loop
      vertex 60 49.8 24
      vertex 38 49.8 14.3583
      vertex 38 49.8 14.8417
    endloop
  endfacet
  facet normal 0 1 0
    outer loop
      vertex 60 49.8 24
      vertex 38 49.8 13.5083
      vertex 38 49.8 14.3583
    endloop
  endfacet
  facet normal 0 1 0
    outer loop
      vertex 38 49.8 13.5083
      vertex 38 49.8 13.025
      vertex 26 49.8 13.5083
    endloop
  endfacet
  facet normal 0 1 0
    outer loop
      vertex 60 49.8 24
      vertex 38 49.8 13.025
      vertex 38 49.8 13.5083
    endloop
  endfacet
  facet normal 0 1 -0
    outer loop
      vertex 60 49.8 2.5
      vertex 38 49.8 13.025
      vertex 60 49.8 24
    endloop
  endfacet
  facet normal 0 1 0
    outer loop
      vertex 38 49.8 12.175
      vertex 38 49.8 11.6917
      vertex 26 49.8 12.175
    endloop
  endfacet
  facet normal 0 1 0
    outer loop
      vertex 38 49.8 13.025
      vertex 60 49.8 2.5
      vertex 38 49.8 12.175
    endloop
  endfacet
  facet normal 0 1 0
    outer loop
      vertex 38 49.8 12.175
      vertex 60 49.8 2.5
      vertex 38 49.8 11.6917
    endloop
  endfacet
  facet normal 0 1 0
    outer loop
      vertex 38 49.8 10.8417
      vertex 38 49.8 10.3583
      vertex 26 49.8 10.8417
    endloop
  endfacet
  facet normal 0 1 0
    outer loop
      vertex 38 49.8 11.6917
      vertex 60 49.8 2.5
      vertex 38 49.8 10.8417
    endloop
  endfacet
  facet normal 0 1 0
    outer loop
      vertex 38 49.8 10.8417
      vertex 60 49.8 2.5
      vertex 38 49.8 10.3583
    endloop
  endfacet
  facet normal 0 1 0
    outer loop
      vertex 38 49.8 9.50833
      vertex 60 49.8 2.5
      vertex 26 49.8 9.50833
    endloop
  endfacet
  facet normal 0 1 0
    outer loop
      vertex 38 49.8 10.3583
      vertex 60 49.8 2.5
      vertex 38 49.8 9.50833
    endloop
  endfacet
  facet normal 0 1 -0
    outer loop
      vertex 26 49.8 15.6917
      vertex 4 49.8 24
      vertex 38 49.8 15.6917
    endloop
  endfacet
  facet normal 0 1 -0
    outer loop
      vertex 26 49.8 14.8417
      vertex 4 49.8 24
      vertex 26 49.8 15.6917
    endloop
  endfacet
  facet normal 0 1 0
    outer loop
      vertex 26 49.8 14.3583
      vertex 26 49.8 14.8417
      vertex 38 49.8 14.3583
    endloop
  endfacet
  facet normal 0 1 -0
    outer loop
      vertex 26 49.8 14.3583
      vertex 4 49.8 24
      vertex 26 49.8 14.8417
    endloop
  endfacet
  facet normal 0 1 -0
    outer loop
      vertex 26 49.8 13.5083
      vertex 4 49.8 24
      vertex 26 49.8 14.3583
    endloop
  endfacet
  facet normal 0 1 0
    outer loop
      vertex 26 49.8 13.025
      vertex 26 49.8 13.5083
      vertex 38 49.8 13.025
    endloop
  endfacet
  facet normal 0 1 -0
    outer loop
      vertex 26 49.8 13.025
      vertex 4 49.8 24
      vertex 26 49.8 13.5083
    endloop
  endfacet
  facet normal 0 1 0
    outer loop
      vertex 4 49.8 2.5
      vertex 26 49.8 13.025
      vertex 26 49.8 12.175
    endloop
  endfacet
  facet normal 0 1 0
    outer loop
      vertex 26 49.8 11.6917
      vertex 26 49.8 12.175
      vertex 38 49.8 11.6917
    endloop
  endfacet
  facet normal 0 1 0
    outer loop
      vertex 4 49.8 2.5
      vertex 26 49.8 12.175
      vertex 26 49.8 11.6917
    endloop
  endfacet
  facet normal 0 1 0
    outer loop
      vertex 4 49.8 2.5
      vertex 26 49.8 11.6917
      vertex 26 49.8 10.8417
    endloop
  endfacet
  facet normal 0 1 0
    outer loop
      vertex 26 49.8 10.3583
      vertex 26 49.8 10.8417
      vertex 38 49.8 10.3583
    endloop
  endfacet
  facet normal 0 1 0
    outer loop
      vertex 4 49.8 2.5
      vertex 26 49.8 10.8417
      vertex 26 49.8 10.3583
    endloop
  endfacet
  facet normal 0 1 0
    outer loop
      vertex 4 49.8 2.5
      vertex 26 49.8 10.3583
      vertex 26 49.8 9.50833
    endloop
  endfacet
  facet normal 0 1 0
    outer loop
      vertex 26 49.8 13.025
      vertex 4 49.8 2.5
      vertex 4 49.8 24
    endloop
  endfacet
  facet normal 0 1 0
    outer loop
      vertex 4 49.8 2.5
      vertex 26 49.8 9.50833
      vertex 60 49.8 2.5
    endloop
  endfacet
  facet normal 0.659326 -0.751857 0
    outer loop
      vertex 62.435 0.826586 2.5
      vertex 62.8284 1.17157 24
      vertex 62.435 0.826586 24
    endloop
  endfacet
  facet normal 0.659326 -0.751857 0
    outer loop
      vertex 62.8284 1.17157 24
      vertex 62.435 0.826586 2.5
      vertex 62.8284 1.17157 2.5
    endloop
  endfacet
  facet normal -0.751857 0.659326 0
    outer loop
      vertex 0.826586 48.235 2.5
      vertex 1.17157 48.6284 24
      vertex 1.17157 48.6284 2.5
    endloop
  endfacet
  facet normal -0.751857 0.659326 0
    outer loop
      vertex 1.17157 48.6284 24
      vertex 0.826586 48.235 2.5
      vertex 0.826586 48.235 24
    endloop
  endfacet
  facet normal -0.195135 0.980776 0
    outer loop
      vertex 3.47789 49.7658 2.5
      vertex 2.96472 49.6637 24
      vertex 3.47789 49.7658 24
    endloop
  endfacet
  facet normal -0.195135 0.980776 0
    outer loop
      vertex 2.96472 49.6637 24
      vertex 3.47789 49.7658 2.5
      vertex 2.96472 49.6637 2.5
    endloop
  endfacet
  facet normal 0.94692 -0.321469 0
    outer loop
      vertex 63.6955 2.46927 24
      vertex 63.8637 2.96472 2.5
      vertex 63.8637 2.96472 24
    endloop
  endfacet
  facet normal 0.94692 -0.321469 0
    outer loop
      vertex 63.8637 2.96472 2.5
      vertex 63.6955 2.46927 24
      vertex 63.6955 2.46927 2.5
    endloop
  endfacet
  facet normal 0.831462 -0.555582 0
    outer loop
      vertex 63.1734 1.56495 24
      vertex 63.4641 2 2.5
      vertex 63.4641 2 24
    endloop
  endfacet
  facet normal 0.831462 -0.555582 0
    outer loop
      vertex 63.4641 2 2.5
      vertex 63.1734 1.56495 24
      vertex 63.1734 1.56495 2.5
    endloop
  endfacet
  facet normal -0.896875 -0.442285 0
    outer loop
      vertex 0.535898 2 2.5
      vertex 0.304482 2.46927 24
      vertex 0.304482 2.46927 2.5
    endloop
  endfacet
  facet normal -0.896875 -0.442285 0
    outer loop
      vertex 0.304482 2.46927 24
      vertex 0.535898 2 2.5
      vertex 0.535898 2 24
    endloop
  endfacet
  facet normal 1 -0 0
    outer loop
      vertex 64 4 24
      vertex 64 45.8 2.5
      vertex 64 45.8 24
    endloop
  endfacet
  facet normal 1 0 0
    outer loop
      vertex 64 45.8 2.5
      vertex 64 4 24
      vertex 64 4 2.5
    endloop
  endfacet
  facet normal -0.195091 -0.980785 0
    outer loop
      vertex 2.96472 0.136296 2.5
      vertex 3.47789 0.0342197 24
      vertex 2.96472 0.136296 24
    endloop
  endfacet
  facet normal -0.195091 -0.980785 -0
    outer loop
      vertex 3.47789 0.0342197 24
      vertex 2.96472 0.136296 2.5
      vertex 3.47789 0.0342197 2.5
    endloop
  endfacet
  facet normal -0.946918 0.321474 0
    outer loop
      vertex 0.136296 46.8353 2.5
      vertex 0.304482 47.3307 24
      vertex 0.304482 47.3307 2.5
    endloop
  endfacet
  facet normal -0.946918 0.321474 0
    outer loop
      vertex 0.304482 47.3307 24
      vertex 0.136296 46.8353 2.5
      vertex 0.136296 46.8353 24
    endloop
  endfacet
  facet normal -0.980785 -0.195091 0
    outer loop
      vertex 0.136296 2.96472 2.5
      vertex 0.0342197 3.47789 24
      vertex 0.0342197 3.47789 2.5
    endloop
  endfacet
  facet normal -0.980785 -0.195091 0
    outer loop
      vertex 0.0342197 3.47789 24
      vertex 0.136296 2.96472 2.5
      vertex 0.136296 2.96472 24
    endloop
  endfacet
  facet normal -0.997859 -0.0654009 0
    outer loop
      vertex 0.0342197 3.47789 2.5
      vertex 0 4 24
      vertex 0 4 2.5
    endloop
  endfacet
  facet normal -0.997859 -0.0654009 0
    outer loop
      vertex 0 4 24
      vertex 0.0342197 3.47789 2.5
      vertex 0.0342197 3.47789 24
    endloop
  endfacet
  facet normal 0.751842 0.659343 0
    outer loop
      vertex 63.1734 48.235 24
      vertex 62.8284 48.6284 2.5
      vertex 62.8284 48.6284 24
    endloop
  endfacet
  facet normal 0.751842 0.659343 0
    outer loop
      vertex 62.8284 48.6284 2.5
      vertex 63.1734 48.235 24
      vertex 63.1734 48.235 2.5
    endloop
  endfacet
  facet normal 0.896898 0.442238 0
    outer loop
      vertex 63.6955 47.3307 24
      vertex 63.4641 47.8 2.5
      vertex 63.4641 47.8 24
    endloop
  endfacet
  facet normal 0.896898 0.442238 0
    outer loop
      vertex 63.4641 47.8 2.5
      vertex 63.6955 47.3307 24
      vertex 63.6955 47.3307 2.5
    endloop
  endfacet
  facet normal -0.751841 -0.659345 0
    outer loop
      vertex 1.17157 1.17157 2.5
      vertex 0.826586 1.56495 24
      vertex 0.826586 1.56495 2.5
    endloop
  endfacet
  facet normal -0.751841 -0.659345 0
    outer loop
      vertex 0.826586 1.56495 24
      vertex 1.17157 1.17157 2.5
      vertex 1.17157 1.17157 24
    endloop
  endfacet
  facet normal -0.946928 -0.321445 0
    outer loop
      vertex 0.304482 2.46927 2.5
      vertex 0.136296 2.96472 24
      vertex 0.136296 2.96472 2.5
    endloop
  endfacet
  facet normal -0.946928 -0.321445 0
    outer loop
      vertex 0.136296 2.96472 24
      vertex 0.304482 2.46927 2.5
      vertex 0.304482 2.46927 24
    endloop
  endfacet
  facet normal -0.0654009 -0.997859 0
    outer loop
      vertex 3.47789 0.0342197 2.5
      vertex 4 0 24
      vertex 3.47789 0.0342197 24
    endloop
  endfacet
  facet normal -0.0654009 -0.997859 -0
    outer loop
      vertex 4 0 24
      vertex 3.47789 0.0342197 2.5
      vertex 4 0 2.5
    endloop
  endfacet
  facet normal -0.44226 0.896887 0
    outer loop
      vertex 2.46927 49.4955 2.5
      vertex 2 49.2641 24
      vertex 2.46927 49.4955 24
    endloop
  endfacet
  facet normal -0.44226 0.896887 0
    outer loop
      vertex 2 49.2641 24
      vertex 2.46927 49.4955 2.5
      vertex 2 49.2641 2.5
    endloop
  endfacet
  facet normal -0.831443 0.55561 0
    outer loop
      vertex 0.535898 47.8 2.5
      vertex 0.826586 48.235 24
      vertex 0.826586 48.235 2.5
    endloop
  endfacet
  facet normal -0.831443 0.55561 0
    outer loop
      vertex 0.826586 48.235 24
      vertex 0.535898 47.8 2.5
      vertex 0.535898 47.8 24
    endloop
  endfacet
  facet normal -0.555566 -0.831472 0
    outer loop
      vertex 1.56495 0.826586 2.5
      vertex 2 0.535898 24
      vertex 1.56495 0.826586 24
    endloop
  endfacet
  facet normal -0.555566 -0.831472 -0
    outer loop
      vertex 2 0.535898 24
      vertex 1.56495 0.826586 2.5
      vertex 2 0.535898 2.5
    endloop
  endfacet
  facet normal 0.195124 0.980779 -0
    outer loop
      vertex 61.0353 49.6637 2.5
      vertex 60.5221 49.7658 24
      vertex 61.0353 49.6637 24
    endloop
  endfacet
  facet normal 0.195124 0.980779 0
    outer loop
      vertex 60.5221 49.7658 24
      vertex 61.0353 49.6637 2.5
      vertex 60.5221 49.7658 2.5
    endloop
  endfacet
  facet normal 0.751826 -0.659362 0
    outer loop
      vertex 62.8284 1.17157 24
      vertex 63.1734 1.56495 2.5
      vertex 63.1734 1.56495 24
    endloop
  endfacet
  facet normal 0.751826 -0.659362 0
    outer loop
      vertex 63.1734 1.56495 2.5
      vertex 62.8284 1.17157 24
      vertex 62.8284 1.17157 2.5
    endloop
  endfacet
  facet normal -0.321445 -0.946928 0
    outer loop
      vertex 2.46927 0.304482 2.5
      vertex 2.96472 0.136296 24
      vertex 2.46927 0.304482 24
    endloop
  endfacet
  facet normal -0.321445 -0.946928 -0
    outer loop
      vertex 2.96472 0.136296 24
      vertex 2.46927 0.304482 2.5
      vertex 2.96472 0.136296 2.5
    endloop
  endfacet
  facet normal 0.980776 -0.195135 0
    outer loop
      vertex 63.8637 2.96472 24
      vertex 63.9658 3.47789 2.5
      vertex 63.9658 3.47789 24
    endloop
  endfacet
  facet normal 0.980776 -0.195135 0
    outer loop
      vertex 63.9658 3.47789 2.5
      vertex 63.8637 2.96472 24
      vertex 63.8637 2.96472 2.5
    endloop
  endfacet
  facet normal 0.442238 0.896898 -0
    outer loop
      vertex 62 49.2641 2.5
      vertex 61.5307 49.4955 24
      vertex 62 49.2641 24
    endloop
  endfacet
  facet normal 0.442238 0.896898 0
    outer loop
      vertex 61.5307 49.4955 24
      vertex 62 49.2641 2.5
      vertex 61.5307 49.4955 2.5
    endloop
  endfacet
  facet normal 0.0654021 -0.997859 0
    outer loop
      vertex 60 0 2.5
      vertex 60.5221 0.0342197 24
      vertex 60 0 24
    endloop
  endfacet
  facet normal 0.0654021 -0.997859 0
    outer loop
      vertex 60.5221 0.0342197 24
      vertex 60 0 2.5
      vertex 60.5221 0.0342197 2.5
    endloop
  endfacet
  facet normal 0.94691 0.321498 0
    outer loop
      vertex 63.8637 46.8353 24
      vertex 63.6955 47.3307 2.5
      vertex 63.6955 47.3307 24
    endloop
  endfacet
  facet normal 0.94691 0.321498 0
    outer loop
      vertex 63.6955 47.3307 2.5
      vertex 63.8637 46.8353 24
      vertex 63.8637 46.8353 2.5
    endloop
  endfacet
  facet normal 0.980779 0.195124 0
    outer loop
      vertex 63.9658 46.3221 24
      vertex 63.8637 46.8353 2.5
      vertex 63.8637 46.8353 24
    endloop
  endfacet
  facet normal 0.980779 0.195124 0
    outer loop
      vertex 63.8637 46.8353 2.5
      vertex 63.9658 46.3221 24
      vertex 63.9658 46.3221 2.5
    endloop
  endfacet
  facet normal 0.321474 -0.946918 0
    outer loop
      vertex 61.0353 0.136296 2.5
      vertex 61.5307 0.304482 24
      vertex 61.0353 0.136296 24
    endloop
  endfacet
  facet normal 0.321474 -0.946918 0
    outer loop
      vertex 61.5307 0.304482 24
      vertex 61.0353 0.136296 2.5
      vertex 61.5307 0.304482 2.5
    endloop
  endfacet
  facet normal 0.831432 0.555626 0
    outer loop
      vertex 63.4641 47.8 24
      vertex 63.1734 48.235 2.5
      vertex 63.1734 48.235 24
    endloop
  endfacet
  facet normal 0.831432 0.555626 0
    outer loop
      vertex 63.1734 48.235 2.5
      vertex 63.4641 47.8 24
      vertex 63.4641 47.8 2.5
    endloop
  endfacet
  facet normal 0.55561 -0.831443 0
    outer loop
      vertex 62 0.535898 2.5
      vertex 62.435 0.826586 24
      vertex 62 0.535898 24
    endloop
  endfacet
  facet normal 0.55561 -0.831443 0
    outer loop
      vertex 62.435 0.826586 24
      vertex 62 0.535898 2.5
      vertex 62.435 0.826586 2.5
    endloop
  endfacet
  facet normal 0.659343 0.751842 -0
    outer loop
      vertex 62.8284 48.6284 2.5
      vertex 62.435 48.9734 24
      vertex 62.8284 48.6284 24
    endloop
  endfacet
  facet normal 0.659343 0.751842 0
    outer loop
      vertex 62.435 48.9734 24
      vertex 62.8284 48.6284 2.5
      vertex 62.435 48.9734 2.5
    endloop
  endfacet
  facet normal -0 0 1
    outer loop
      vertex 22.482 23.1047 24
      vertex 23.045 21.8759 24
      vertex 23.045 23.4888 24
    endloop
  endfacet
  facet normal -0 0 1
    outer loop
      vertex 22.482 22.0586 24
      vertex 23.045 21.8759 24
      vertex 22.482 23.1047 24
    endloop
  endfacet
  facet normal 0 0 1
    outer loop
      vertex 22.482 23.1047 24
      vertex 23.045 23.4888 24
      vertex 22.6826 23.4888 24
    endloop
  endfacet
  facet normal 0 0 1
    outer loop
      vertex 23.045 21.8759 24
      vertex 22.482 22.0586 24
      vertex 22.8813 21.7414 24
    endloop
  endfacet
  facet normal 0 0 1
    outer loop
      vertex 17.1258 25.0161 24
      vertex 24.2384 35.0222 24
      vertex 23.7622 35.4984 24
    endloop
  endfacet
  facet normal 0 0 1
    outer loop
      vertex 24.2384 35.0222 24
      vertex 23.3378 24.823 24
      vertex 23.9402 24.823 24
    endloop
  endfacet
  facet normal 0 0 1
    outer loop
      vertex 25.0656 36.6893 24
      vertex 25.3235 36.1072 24
      vertex 25.4293 36.3256 24
    endloop
  endfacet
  facet normal 0 0 1
    outer loop
      vertex 25.0656 36.6893 24
      vertex 24.8472 36.5835 24
      vertex 25.3235 36.1072 24
    endloop
  endfacet
  facet normal 0 0 1
    outer loop
      vertex 24.7706 37.1106 24
      vertex 24.8472 36.5835 24
      vertex 25.0656 36.6893 24
    endloop
  endfacet
  facet normal 0 0 1
    outer loop
      vertex 23.7622 35.4984 24
      vertex 24.7706 37.1106 24
      vertex 24.5532 37.5768 24
    endloop
  endfacet
  facet normal 0 0 1
    outer loop
      vertex 24.1573 38.2492 24
      vertex 24.3753 38.586 24
      vertex 24.1573 38.9227 24
    endloop
  endfacet
  facet normal 0 0 1
    outer loop
      vertex 24.3753 38.586 24
      vertex 24.1573 38.2492 24
      vertex 24.4201 38.0736 24
    endloop
  endfacet
  facet normal 0 0 1
    outer loop
      vertex 24.4201 38.0736 24
      vertex 24.1573 38.2492 24
      vertex 24.5532 37.5768 24
    endloop
  endfacet
  facet normal -0 0 1
    outer loop
      vertex 22.6228 38.2492 24
      vertex 24.5532 37.5768 24
      vertex 24.1573 38.2492 24
    endloop
  endfacet
  facet normal 0 0 1
    outer loop
      vertex 24.7706 37.1106 24
      vertex 23.7622 35.4984 24
      vertex 24.8472 36.5835 24
    endloop
  endfacet
  facet normal 0 0 1
    outer loop
      vertex 24.2384 35.0222 24
      vertex 21.2737 24.2048 24
      vertex 23.3378 24.823 24
    endloop
  endfacet
  facet normal 0 0 1
    outer loop
      vertex 23.3378 24.823 24
      vertex 22.6826 24.1513 24
      vertex 23.105 24.1513 24
    endloop
  endfacet
  facet normal -0 0 1
    outer loop
      vertex 22.4045 23.5643 24
      vertex 22.6826 23.4888 24
      vertex 22.6826 24.1513 24
    endloop
  endfacet
  facet normal 0 0 1
    outer loop
      vertex 24.5532 37.5768 24
      vertex 22.6228 38.2492 24
      vertex 23.7622 35.4984 24
    endloop
  endfacet
  facet normal 0 0 1
    outer loop
      vertex 14.9806 25.0161 24
      vertex 23.7622 35.4984 24
      vertex 22.6228 38.2492 24
    endloop
  endfacet
  facet normal 0 -0 1
    outer loop
      vertex 21.7787 24.1345 24
      vertex 23.3378 24.823 24
      vertex 21.2737 24.2048 24
    endloop
  endfacet
  facet normal 0 0 1
    outer loop
      vertex 22.8813 21.7414 24
      vertex 22.482 22.0586 24
      vertex 22.7129 21.7166 24
    endloop
  endfacet
  facet normal 0 0 1
    outer loop
      vertex 26.3168 35.8132 24
      vertex 26.3448 35.7028 24
      vertex 26.3777 35.7969 24
    endloop
  endfacet
  facet normal 0 0 1
    outer loop
      vertex 25.8506 36.0306 24
      vertex 26.3448 35.7028 24
      vertex 26.3168 35.8132 24
    endloop
  endfacet
  facet normal 0 0 1
    outer loop
      vertex 27.2306 33.1715 24
      vertex 25.9023 24.0437 24
      vertex 26.1745 24.165 24
    endloop
  endfacet
  facet normal 0 0 1
    outer loop
      vertex 26.3448 35.7028 24
      vertex 25.8506 36.0306 24
      vertex 26.2816 35.142 24
    endloop
  endfacet
  facet normal 0 0 1
    outer loop
      vertex 25.3235 36.1072 24
      vertex 26.2816 35.142 24
      vertex 25.8506 36.0306 24
    endloop
  endfacet
  facet normal 0 0 1
    outer loop
      vertex 26.3448 34.5812 24
      vertex 25.6594 25.2144 24
      vertex 25.9023 24.0437 24
    endloop
  endfacet
  facet normal -0 0 1
    outer loop
      vertex 25.6594 24.0626 24
      vertex 25.9023 24.0437 24
      vertex 25.6594 25.2144 24
    endloop
  endfacet
  facet normal -0 0 1
    outer loop
      vertex 25.3235 36.1072 24
      vertex 25.8506 36.0306 24
      vertex 25.4293 36.3256 24
    endloop
  endfacet
  facet normal 0 0 1
    outer loop
      vertex 26.2816 35.142 24
      vertex 25.3235 36.1072 24
      vertex 24.2384 35.0222 24
    endloop
  endfacet
  facet normal 0 -0 1
    outer loop
      vertex 24.7562 25.2144 24
      vertex 26.3448 34.5812 24
      vertex 24.2384 35.0222 24
    endloop
  endfacet
  facet normal -0 0 1
    outer loop
      vertex 24.4823 23.4888 24
      vertex 24.7562 21.1297 24
      vertex 24.7562 25.2144 24
    endloop
  endfacet
  facet normal 0 0 1
    outer loop
      vertex 26.3448 34.5812 24
      vertex 24.7562 25.2144 24
      vertex 25.6594 25.2144 24
    endloop
  endfacet
  facet normal 0 0 1
    outer loop
      vertex 24.4823 23.4888 24
      vertex 24.7562 25.2144 24
      vertex 24.4823 24.1513 24
    endloop
  endfacet
  facet normal 0 0 1
    outer loop
      vertex 23.9402 24.823 24
      vertex 24.7562 25.2144 24
      vertex 24.2384 35.0222 24
    endloop
  endfacet
  facet normal 0 0 1
    outer loop
      vertex 24.7562 25.2144 24
      vertex 23.9402 24.823 24
      vertex 24.4823 24.1513 24
    endloop
  endfacet
  facet normal 0 0 1
    outer loop
      vertex 24.4823 24.1513 24
      vertex 23.9402 24.823 24
      vertex 23.9402 24.1513 24
    endloop
  endfacet
  facet normal 0 0 1
    outer loop
      vertex 25.9023 24.0437 24
      vertex 25.6594 24.0626 24
      vertex 25.676 23.8339 24
    endloop
  endfacet
  facet normal 0 0 1
    outer loop
      vertex 25.676 23.8339 24
      vertex 25.6594 24.0626 24
      vertex 25.6545 23.7981 24
    endloop
  endfacet
  facet normal 0 0 1
    outer loop
      vertex 25.3235 41.0648 24
      vertex 25.0656 40.4827 24
      vertex 25.4293 40.8464 24
    endloop
  endfacet
  facet normal -0 0 1
    outer loop
      vertex 24.8472 40.5885 24
      vertex 25.0656 40.4827 24
      vertex 25.3235 41.0648 24
    endloop
  endfacet
  facet normal 0 0 1
    outer loop
      vertex 24.8472 40.5885 24
      vertex 24.7706 40.0613 24
      vertex 25.0656 40.4827 24
    endloop
  endfacet
  facet normal 0 0 1
    outer loop
      vertex 23.7622 41.6736 24
      vertex 24.7706 40.0613 24
      vertex 24.8472 40.5885 24
    endloop
  endfacet
  facet normal 0 0 1
    outer loop
      vertex 24.4201 39.0984 24
      vertex 24.1573 38.9227 24
      vertex 24.3753 38.586 24
    endloop
  endfacet
  facet normal 0 0 1
    outer loop
      vertex 24.5532 39.5952 24
      vertex 24.1573 38.9227 24
      vertex 24.4201 39.0984 24
    endloop
  endfacet
  facet normal 0 0 1
    outer loop
      vertex 24.7706 40.0613 24
      vertex 23.7622 41.6736 24
      vertex 24.5532 39.5952 24
    endloop
  endfacet
  facet normal 0 0 1
    outer loop
      vertex 22.6228 38.9227 24
      vertex 24.5532 39.5952 24
      vertex 23.7622 41.6736 24
    endloop
  endfacet
  facet normal 0 0 1
    outer loop
      vertex 24.5532 39.5952 24
      vertex 22.6228 38.9227 24
      vertex 24.1573 38.9227 24
    endloop
  endfacet
  facet normal 0 0 1
    outer loop
      vertex 24.7562 21.1297 24
      vertex 24.4823 23.4888 24
      vertex 24.5141 21.8092 24
    endloop
  endfacet
  facet normal -0 0 1
    outer loop
      vertex 23.9402 22.0868 24
      vertex 24.5141 21.8092 24
      vertex 24.4823 23.4888 24
    endloop
  endfacet
  facet normal 0 0 1
    outer loop
      vertex 24.5141 21.8092 24
      vertex 23.9402 22.0868 24
      vertex 24.2801 21.7638 24
    endloop
  endfacet
  facet normal -0 -0 1
    outer loop
      vertex 23.9581 21.9229 24
      vertex 24.2801 21.7638 24
      vertex 23.9402 22.0868 24
    endloop
  endfacet
  facet normal 0 0 1
    outer loop
      vertex 24.2801 21.7638 24
      vertex 23.9581 21.9229 24
      vertex 24.1888 21.7558 24
    endloop
  endfacet
  facet normal 0 0 1
    outer loop
      vertex 24.1888 21.7558 24
      vertex 23.9581 21.9229 24
      vertex 24.0728 21.7757 24
    endloop
  endfacet
  facet normal 0 0 1
    outer loop
      vertex 23.9402 22.0868 24
      vertex 24.4823 23.4888 24
      vertex 23.9402 23.4888 24
    endloop
  endfacet
  facet normal 0 0 1
    outer loop
      vertex 24.0728 21.7757 24
      vertex 23.9581 21.9229 24
      vertex 24.0033 21.8268 24
    endloop
  endfacet
  facet normal -0 -0 1
    outer loop
      vertex 22.5262 21.768 24
      vertex 22.6438 21.7133 24
      vertex 22.4947 21.8677 24
    endloop
  endfacet
  facet normal 0 0 1
    outer loop
      vertex 21.0368 23.014 24
      vertex 21.5788 23.0861 24
      vertex 21.556 23.3143 24
    endloop
  endfacet
  facet normal 0 0 1
    outer loop
      vertex 21.3982 23.5336 24
      vertex 21.556 23.3143 24
      vertex 21.4953 23.4566 24
    endloop
  endfacet
  facet normal 0 0 1
    outer loop
      vertex 21.556 23.3143 24
      vertex 21.3982 23.5336 24
      vertex 21.2391 23.5619 24
    endloop
  endfacet
  facet normal 0 0 1
    outer loop
      vertex 21.556 23.3143 24
      vertex 21.2391 23.5619 24
      vertex 21.0368 23.014 24
    endloop
  endfacet
  facet normal 0 0 1
    outer loop
      vertex 20.9348 23.3933 24
      vertex 21.2391 23.5619 24
      vertex 21.0881 23.5421 24
    endloop
  endfacet
  facet normal 0 0 1
    outer loop
      vertex 21.5788 23.0861 24
      vertex 21.0368 23.014 24
      vertex 21.5788 23.0233 24
    endloop
  endfacet
  facet normal 0 0 1
    outer loop
      vertex 20.9348 23.3933 24
      vertex 21.0881 23.5421 24
      vertex 20.9951 23.4893 24
    endloop
  endfacet
  facet normal 0 0 1
    outer loop
      vertex 21.2391 23.5619 24
      vertex 20.9348 23.3933 24
      vertex 21.0368 23.014 24
    endloop
  endfacet
  facet normal -0 0 1
    outer loop
      vertex 20.8811 23.1551 24
      vertex 21.0368 23.014 24
      vertex 20.9348 23.3933 24
    endloop
  endfacet
  facet normal 0 0 1
    outer loop
      vertex 20.8811 23.1551 24
      vertex 20.5341 22.9495 24
      vertex 21.0368 23.014 24
    endloop
  endfacet
  facet normal 0 0 1
    outer loop
      vertex 19.9313 23.2005 24
      vertex 20.5341 22.9495 24
      vertex 20.8811 23.1551 24
    endloop
  endfacet
  facet normal 0 0 1
    outer loop
      vertex 20.5341 22.9495 24
      vertex 19.9313 23.2005 24
      vertex 20.1506 22.7594 24
    endloop
  endfacet
  facet normal 0 0 1
    outer loop
      vertex 19.72 22.5235 24
      vertex 20.1506 22.7594 24
      vertex 19.9313 23.2005 24
    endloop
  endfacet
  facet normal 0 0 1
    outer loop
      vertex 19.8322 22.02 24
      vertex 19.72 22.4177 24
      vertex 19.7525 22.0012 24
    endloop
  endfacet
  facet normal 0 0 1
    outer loop
      vertex 19.72 22.4177 24
      vertex 18.8573 22.0789 24
      vertex 19.7525 22.0012 24
    endloop
  endfacet
  facet normal 0 0 1
    outer loop
      vertex 18.8573 22.0789 24
      vertex 18.3975 21.7362 24
      vertex 18.6718 21.8091 24
    endloop
  endfacet
  facet normal -0 0 1
    outer loop
      vertex 18.0251 21.9159 24
      vertex 18.3975 21.7362 24
      vertex 18.8573 22.0789 24
    endloop
  endfacet
  facet normal 0 0 1
    outer loop
      vertex 18.3975 21.7362 24
      vertex 18.0251 21.9159 24
      vertex 18.1831 21.7814 24
    endloop
  endfacet
  facet normal -0 0 1
    outer loop
      vertex 17.8934 22.4177 24
      vertex 18.8573 22.0789 24
      vertex 19.72 22.4177 24
    endloop
  endfacet
  facet normal -0 -0 1
    outer loop
      vertex 17.9215 22.1518 24
      vertex 18.8573 22.0789 24
      vertex 17.8934 22.4177 24
    endloop
  endfacet
  facet normal 0 0 1
    outer loop
      vertex 18.8573 22.0789 24
      vertex 17.9215 22.1518 24
      vertex 18.0251 21.9159 24
    endloop
  endfacet
  facet normal 0 0 1
    outer loop
      vertex 17.1258 25.0161 24
      vertex 17.0352 23.3068 24
      vertex 17.3159 23.7992 24
    endloop
  endfacet
  facet normal 0 0 1
    outer loop
      vertex 16.1218 21.1297 24
      vertex 17.0352 23.3068 24
      vertex 17.1258 25.0161 24
    endloop
  endfacet
  facet normal 0 0 1
    outer loop
      vertex 17.0352 23.3068 24
      vertex 16.1218 21.1297 24
      vertex 16.9436 22.654 24
    endloop
  endfacet
  facet normal -0 0 1
    outer loop
      vertex 25.6985 23.0481 24
      vertex 26.6101 22.8035 24
      vertex 26.4929 23.3228 24
    endloop
  endfacet
  facet normal 0 0 1
    outer loop
      vertex 27.9116 23.3068 24
      vertex 27.4473 23.5232 24
      vertex 27.5106 23.0291 24
    endloop
  endfacet
  facet normal 0 0 1
    outer loop
      vertex 29.1676 30.7708 24
      vertex 27.2491 23.898 24
      vertex 27.4473 23.5232 24
    endloop
  endfacet
  facet normal 0 0 1
    outer loop
      vertex 29.1676 30.7708 24
      vertex 27.2306 33.1715 24
      vertex 26.1745 24.165 24
    endloop
  endfacet
  facet normal 0 0 1
    outer loop
      vertex 29.1676 30.7708 24
      vertex 26.9227 24.1298 24
      vertex 27.2491 23.898 24
    endloop
  endfacet
  facet normal 0 0 1
    outer loop
      vertex 25.9023 24.0437 24
      vertex 27.2306 33.1715 24
      vertex 26.8315 33.5706 24
    endloop
  endfacet
  facet normal 0 0 1
    outer loop
      vertex 25.9023 24.0437 24
      vertex 26.8315 33.5706 24
      vertex 26.5312 34.0485 24
    endloop
  endfacet
  facet normal 0 0 1
    outer loop
      vertex 29.1676 30.7708 24
      vertex 26.491 24.205 24
      vertex 26.9227 24.1298 24
    endloop
  endfacet
  facet normal 0 0 1
    outer loop
      vertex 25.9023 24.0437 24
      vertex 26.5312 34.0485 24
      vertex 26.3448 34.5812 24
    endloop
  endfacet
  facet normal -0 0 1
    outer loop
      vertex 24.2384 35.0222 24
      vertex 26.3448 34.5812 24
      vertex 26.2816 35.142 24
    endloop
  endfacet
  facet normal 0 0 1
    outer loop
      vertex 29.1676 30.7708 24
      vertex 26.1745 24.165 24
      vertex 26.491 24.205 24
    endloop
  endfacet
  facet normal 0 0 1
    outer loop
      vertex 28.3352 41.3588 24
      vertex 27.6628 41.7547 24
      vertex 27.8384 41.4919 24
    endloop
  endfacet
  facet normal 0 0 1
    outer loop
      vertex 27.6628 41.7547 24
      vertex 27.326 41.5367 24
      vertex 27.8384 41.4919 24
    endloop
  endfacet
  facet normal -0 0 1
    outer loop
      vertex 26.9893 41.7547 24
      vertex 27.326 41.5367 24
      vertex 27.6628 41.7547 24
    endloop
  endfacet
  facet normal 0 0 1
    outer loop
      vertex 27.326 41.5367 24
      vertex 26.9893 41.7547 24
      vertex 26.8136 41.4919 24
    endloop
  endfacet
  facet normal 0 0 1
    outer loop
      vertex 30.263 31.0913 24
      vertex 30.6005 31.0913 24
      vertex 30.5646 31.452 24
    endloop
  endfacet
  facet normal 0 0 1
    outer loop
      vertex 30.6005 31.0913 24
      vertex 30.5129 23.2348 24
      vertex 30.5964 22.5235 24
    endloop
  endfacet
  facet normal 0 0 1
    outer loop
      vertex 30.5964 22.5235 24
      vertex 30.9033 24.1513 24
      vertex 30.6005 31.0913 24
    endloop
  endfacet
  facet normal 0 0 1
    outer loop
      vertex 30.9033 24.1513 24
      vertex 30.5964 22.5235 24
      vertex 30.6289 22.0012 24
    endloop
  endfacet
  facet normal -0 0 1
    outer loop
      vertex 30.5964 22.4177 24
      vertex 30.6289 22.0012 24
      vertex 30.5964 22.5235 24
    endloop
  endfacet
  facet normal 0 0 1
    outer loop
      vertex 30.5964 22.4177 24
      vertex 29.7337 22.0789 24
      vertex 30.6289 22.0012 24
    endloop
  endfacet
  facet normal 0 0 1
    outer loop
      vertex 29.7337 22.0789 24
      vertex 29.2739 21.7362 24
      vertex 29.5482 21.8091 24
    endloop
  endfacet
  facet normal -0 0 1
    outer loop
      vertex 28.9015 21.9159 24
      vertex 29.2739 21.7362 24
      vertex 29.7337 22.0789 24
    endloop
  endfacet
  facet normal 0 0 1
    outer loop
      vertex 29.2739 21.7362 24
      vertex 28.9015 21.9159 24
      vertex 29.0595 21.7814 24
    endloop
  endfacet
  facet normal -0 0 1
    outer loop
      vertex 28.7699 22.4177 24
      vertex 29.7337 22.0789 24
      vertex 30.5964 22.4177 24
    endloop
  endfacet
  facet normal -0 -0 1
    outer loop
      vertex 28.7979 22.1518 24
      vertex 29.7337 22.0789 24
      vertex 28.7699 22.4177 24
    endloop
  endfacet
  facet normal 0 0 1
    outer loop
      vertex 29.7337 22.0789 24
      vertex 28.7979 22.1518 24
      vertex 28.9015 21.9159 24
    endloop
  endfacet
  facet normal -0 0 1
    outer loop
      vertex 29.8814 40.0613 24
      vertex 31.3379 39.1548 24
      vertex 30.8898 41.6736 24
    endloop
  endfacet
  facet normal 0 0 1
    outer loop
      vertex 31.3379 39.1548 24
      vertex 30.0988 39.5952 24
      vertex 30.8546 38.9227 24
    endloop
  endfacet
  facet normal 0 0 1
    outer loop
      vertex 30.4948 38.9227 24
      vertex 30.2717 38.6429 24
      vertex 30.4948 38.75 24
    endloop
  endfacet
  facet normal 0 0 1
    outer loop
      vertex 30.8546 38.9227 24
      vertex 30.0988 39.5952 24
      vertex 30.4948 38.9227 24
    endloop
  endfacet
  facet normal 0 0 1
    outer loop
      vertex 30.4948 38.9227 24
      vertex 30.2319 39.0984 24
      vertex 30.2717 38.6429 24
    endloop
  endfacet
  facet normal 0 0 1
    outer loop
      vertex 30.4948 38.9227 24
      vertex 30.0988 39.5952 24
      vertex 30.2319 39.0984 24
    endloop
  endfacet
  facet normal 0 0 1
    outer loop
      vertex 31.3379 39.1548 24
      vertex 29.8814 40.0613 24
      vertex 30.0988 39.5952 24
    endloop
  endfacet
  facet normal -0 0 1
    outer loop
      vertex 29.8048 40.5885 24
      vertex 29.8814 40.0613 24
      vertex 30.8898 41.6736 24
    endloop
  endfacet
  facet normal 0 0 1
    outer loop
      vertex 29.8048 40.5885 24
      vertex 29.5864 40.4827 24
      vertex 29.8814 40.0613 24
    endloop
  endfacet
  facet normal 0 0 1
    outer loop
      vertex 29.3285 41.0648 24
      vertex 29.5864 40.4827 24
      vertex 29.8048 40.5885 24
    endloop
  endfacet
  facet normal 0 0 1
    outer loop
      vertex 29.5864 40.4827 24
      vertex 29.3285 41.0648 24
      vertex 29.2227 40.8464 24
    endloop
  endfacet
  facet normal -0 0 1
    outer loop
      vertex 30.5098 17.5987 24
      vertex 31.1567 16.0906 24
      vertex 31.1567 18.0605 24
    endloop
  endfacet
  facet normal 0 0 1
    outer loop
      vertex 31.1567 16.0906 24
      vertex 30.5098 17.5987 24
      vertex 30.4264 16.0906 24
    endloop
  endfacet
  facet normal 0 0 1
    outer loop
      vertex 30.6005 31.0913 24
      vertex 30.263 31.0913 24
      vertex 30.1584 30.7708 24
    endloop
  endfacet
  facet normal 0 0 1
    outer loop
      vertex 29.9937 30.5263 24
      vertex 30.6005 31.0913 24
      vertex 30.1584 30.7708 24
    endloop
  endfacet
  facet normal 0 0 1
    outer loop
      vertex 30.6005 31.0913 24
      vertex 30.2549 23.7674 24
      vertex 30.5129 23.2348 24
    endloop
  endfacet
  facet normal 0 0 1
    outer loop
      vertex 30.6005 31.0913 24
      vertex 29.9937 30.5263 24
      vertex 30.2549 23.7674 24
    endloop
  endfacet
  facet normal 0 0 1
    outer loop
      vertex 29.9937 30.5263 24
      vertex 29.8267 24.0971 24
      vertex 30.2549 23.7674 24
    endloop
  endfacet
  facet normal -0 0 1
    outer loop
      vertex 29.7806 30.389 24
      vertex 29.8267 24.0971 24
      vertex 29.9937 30.5263 24
    endloop
  endfacet
  facet normal 0 0 1
    outer loop
      vertex 29.2504 24.2054 24
      vertex 29.7806 30.389 24
      vertex 29.5454 30.389 24
    endloop
  endfacet
  facet normal 0 0 1
    outer loop
      vertex 28.6474 24.105 24
      vertex 29.5454 30.389 24
      vertex 29.3323 30.5263 24
    endloop
  endfacet
  facet normal 0 0 1
    outer loop
      vertex 29.7806 30.389 24
      vertex 29.2504 24.2054 24
      vertex 29.8267 24.0971 24
    endloop
  endfacet
  facet normal 0 0 1
    outer loop
      vertex 27.4473 23.5232 24
      vertex 29.3323 30.5263 24
      vertex 29.1676 30.7708 24
    endloop
  endfacet
  facet normal 0 0 1
    outer loop
      vertex 27.7085 32.8712 24
      vertex 29.1676 30.7708 24
      vertex 29.063 31.0913 24
    endloop
  endfacet
  facet normal 0 0 1
    outer loop
      vertex 27.7085 32.8712 24
      vertex 29.063 31.0913 24
      vertex 29.0271 31.452 24
    endloop
  endfacet
  facet normal 0 0 1
    outer loop
      vertex 29.063 31.8127 24
      vertex 28.2412 32.6848 24
      vertex 29.0271 31.452 24
    endloop
  endfacet
  facet normal 0 0 1
    outer loop
      vertex 29.5454 30.389 24
      vertex 28.6474 24.105 24
      vertex 29.2504 24.2054 24
    endloop
  endfacet
  facet normal 0 0 1
    outer loop
      vertex 27.7085 32.8712 24
      vertex 29.0271 31.452 24
      vertex 28.2412 32.6848 24
    endloop
  endfacet
  facet normal 0 0 1
    outer loop
      vertex 27.2306 33.1715 24
      vertex 29.1676 30.7708 24
      vertex 27.7085 32.8712 24
    endloop
  endfacet
  facet normal 0 0 1
    outer loop
      vertex 27.4473 23.5232 24
      vertex 28.6474 24.105 24
      vertex 29.3323 30.5263 24
    endloop
  endfacet
  facet normal 0 0 1
    outer loop
      vertex 28.6474 24.105 24
      vertex 27.4473 23.5232 24
      vertex 28.1923 23.7992 24
    endloop
  endfacet
  facet normal -0 0 1
    outer loop
      vertex 27.4473 23.5232 24
      vertex 27.9116 23.3068 24
      vertex 28.1923 23.7992 24
    endloop
  endfacet
  facet normal 0 0 1
    outer loop
      vertex 30.6289 22.0012 24
      vertex 30.9292 23.3989 24
      vertex 30.9276 23.6137 24
    endloop
  endfacet
  facet normal 0 0 1
    outer loop
      vertex 31.8324 21.1297 24
      vertex 31.2424 18.6458 24
      vertex 31.685 18.6458 24
    endloop
  endfacet
  facet normal -0 0 1
    outer loop
      vertex 30.9292 21.1297 24
      vertex 31.2424 18.6458 24
      vertex 31.8324 21.1297 24
    endloop
  endfacet
  facet normal 0 0 1
    outer loop
      vertex 30.6289 22.0012 24
      vertex 30.9276 23.6137 24
      vertex 30.9227 23.7896 24
    endloop
  endfacet
  facet normal 0 0 1
    outer loop
      vertex 30.6289 22.0012 24
      vertex 30.9227 23.7896 24
      vertex 30.9158 23.936 24
    endloop
  endfacet
  facet normal 0 0 1
    outer loop
      vertex 30.6289 22.0012 24
      vertex 30.9158 23.936 24
      vertex 30.9033 24.1513 24
    endloop
  endfacet
  facet normal 0 0 1
    outer loop
      vertex 30.7051 30.7708 24
      vertex 30.9033 24.1513 24
      vertex 30.8698 30.5263 24
    endloop
  endfacet
  facet normal 0 0 1
    outer loop
      vertex 30.6005 31.0913 24
      vertex 30.9033 24.1513 24
      vertex 30.7051 30.7708 24
    endloop
  endfacet
  facet normal 0 0 1
    outer loop
      vertex 30.9292 23.3989 24
      vertex 30.6289 22.0012 24
      vertex 30.9292 21.1297 24
    endloop
  endfacet
  facet normal -0 0 1
    outer loop
      vertex 30.0591 21.2803 24
      vertex 30.9292 21.1297 24
      vertex 30.6289 22.0012 24
    endloop
  endfacet
  facet normal 0 0 1
    outer loop
      vertex 30.9292 21.1297 24
      vertex 30.0591 21.2803 24
      vertex 31.2424 18.6458 24
    endloop
  endfacet
  facet normal -0 0 1
    outer loop
      vertex 30.3387 17.9806 24
      vertex 30.5098 17.5987 24
      vertex 30.5098 18.142 24
    endloop
  endfacet
  facet normal -0 0 1
    outer loop
      vertex 29.2422 21.0752 24
      vertex 31.2424 18.6458 24
      vertex 30.0591 21.2803 24
    endloop
  endfacet
  facet normal 0 0 1
    outer loop
      vertex 30.5098 17.5987 24
      vertex 29.4571 15.6194 24
      vertex 30.4264 16.0906 24
    endloop
  endfacet
  facet normal 0 0 1
    outer loop
      vertex 29.4571 15.6194 24
      vertex 30.5098 17.5987 24
      vertex 30.3387 17.9806 24
    endloop
  endfacet
  facet normal 0 0 1
    outer loop
      vertex 31.2424 18.6458 24
      vertex 29.2422 21.0752 24
      vertex 30.5098 18.142 24
    endloop
  endfacet
  facet normal 0 0 1
    outer loop
      vertex 30.5098 18.142 24
      vertex 29.7781 17.9806 24
      vertex 30.3387 17.9806 24
    endloop
  endfacet
  facet normal 0 0 1
    outer loop
      vertex 30.5098 18.142 24
      vertex 29.2422 21.0752 24
      vertex 29.7781 17.9806 24
    endloop
  endfacet
  facet normal 0 0 1
    outer loop
      vertex 29.7781 17.9806 24
      vertex 29.2422 21.0752 24
      vertex 28.6168 17.9806 24
    endloop
  endfacet
  facet normal 0 0 1
    outer loop
      vertex 29.7781 17.9806 24
      vertex 28.6168 17.9806 24
      vertex 29.2587 16.49 24
    endloop
  endfacet
  facet normal 0 0 1
    outer loop
      vertex 29.2587 16.49 24
      vertex 29.1686 16.3297 24
      vertex 29.1859 16.2696 24
    endloop
  endfacet
  facet normal 0 0 1
    outer loop
      vertex 29.2587 16.49 24
      vertex 29.1198 16.4927 24
      vertex 29.1686 16.3297 24
    endloop
  endfacet
  facet normal 0 0 1
    outer loop
      vertex 28.6168 17.9806 24
      vertex 29.2422 21.0752 24
      vertex 28.6379 21.1764 24
    endloop
  endfacet
  facet normal 0 0 1
    outer loop
      vertex 29.2587 16.49 24
      vertex 28.6168 17.9806 24
      vertex 29.1198 16.4927 24
    endloop
  endfacet
  facet normal 0 0 1
    outer loop
      vertex 27.5106 21.1297 24
      vertex 28.6379 21.1764 24
      vertex 28.1864 21.4836 24
    endloop
  endfacet
  facet normal 0 -0 1
    outer loop
      vertex 28.0546 17.9806 24
      vertex 28.6379 21.1764 24
      vertex 27.5106 21.1297 24
    endloop
  endfacet
  facet normal 0 0 1
    outer loop
      vertex 27.5106 21.1297 24
      vertex 28.1864 21.4836 24
      vertex 27.9101 21.9832 24
    endloop
  endfacet
  facet normal 0 0 1
    outer loop
      vertex 33.7269 17.7982 24
      vertex 32.7524 16.2249 24
      vertex 33.3091 16.2249 24
    endloop
  endfacet
  facet normal 0 0 1
    outer loop
      vertex 31.9742 23.2333 24
      vertex 32.3459 23.4247 24
      vertex 32.1308 23.3758 24
    endloop
  endfacet
  facet normal 0 0 1
    outer loop
      vertex 32.3459 23.4247 24
      vertex 31.9742 23.2333 24
      vertex 31.8695 22.9817 24
    endloop
  endfacet
  facet normal 0 0 1
    outer loop
      vertex 32.3459 23.4247 24
      vertex 31.8695 22.9817 24
      vertex 31.8324 22.6101 24
    endloop
  endfacet
  facet normal 0 0 1
    outer loop
      vertex 32.3459 23.4247 24
      vertex 31.8324 22.6101 24
      vertex 31.8324 21.1297 24
    endloop
  endfacet
  facet normal 0 0 1
    outer loop
      vertex 33.7269 17.7982 24
      vertex 31.685 18.6458 24
      vertex 32.7524 16.2249 24
    endloop
  endfacet
  facet normal 0 0 1
    outer loop
      vertex 32.7524 16.2249 24
      vertex 31.685 18.6458 24
      vertex 32.3827 16.0906 24
    endloop
  endfacet
  facet normal 0 0 1
    outer loop
      vertex 32.3827 16.0906 24
      vertex 31.685 18.6458 24
      vertex 31.685 16.0906 24
    endloop
  endfacet
  facet normal 0 -0 1
    outer loop
      vertex 32.7369 24.147 24
      vertex 34.8209 24.7894 24
      vertex 32.5702 24.196 24
    endloop
  endfacet
  facet normal 0 0 1
    outer loop
      vertex 32.7369 23.3704 24
      vertex 34.4093 23.9553 24
      vertex 32.7369 24.147 24
    endloop
  endfacet
  facet normal 0 0 1
    outer loop
      vertex 34.5108 24.4324 24
      vertex 32.7369 24.147 24
      vertex 34.4093 23.9553 24
    endloop
  endfacet
  facet normal 0 0 1
    outer loop
      vertex 34.4093 23.9553 24
      vertex 32.7369 23.3704 24
      vertex 34.2023 22.2428 24
    endloop
  endfacet
  facet normal 0 0 1
    outer loop
      vertex 33.9189 18.2874 24
      vertex 31.685 18.6458 24
      vertex 33.7269 17.7982 24
    endloop
  endfacet
  facet normal 0 0 1
    outer loop
      vertex 31.8324 21.1297 24
      vertex 32.4779 23.4158 24
      vertex 32.3459 23.4247 24
    endloop
  endfacet
  facet normal 0 0 1
    outer loop
      vertex 32.5702 24.196 24
      vertex 32.9171 30.389 24
      vertex 32.6819 30.389 24
    endloop
  endfacet
  facet normal 0 0 1
    outer loop
      vertex 34.8209 24.7894 24
      vertex 32.7369 24.147 24
      vertex 34.5108 24.4324 24
    endloop
  endfacet
  facet normal 0 0 1
    outer loop
      vertex 31.3181 30.389 24
      vertex 32.6819 30.389 24
      vertex 32.4688 30.5263 24
    endloop
  endfacet
  facet normal 0 0 1
    outer loop
      vertex 32.6819 30.389 24
      vertex 32.4262 24.2071 24
      vertex 32.5702 24.196 24
    endloop
  endfacet
  facet normal 0 0 1
    outer loop
      vertex 31.5312 30.5263 24
      vertex 32.4688 30.5263 24
      vertex 32.3041 30.7708 24
    endloop
  endfacet
  facet normal 0 -0 1
    outer loop
      vertex 32.2499 24.1907 24
      vertex 32.6819 30.389 24
      vertex 31.3181 30.389 24
    endloop
  endfacet
  facet normal 0 0 1
    outer loop
      vertex 31.6959 30.7708 24
      vertex 32.3041 30.7708 24
      vertex 32.1995 31.0913 24
    endloop
  endfacet
  facet normal 0 0 1
    outer loop
      vertex 31.8005 31.0913 24
      vertex 32.1995 31.0913 24
      vertex 32.1635 31.452 24
    endloop
  endfacet
  facet normal 0 0 1
    outer loop
      vertex 32.3041 30.7708 24
      vertex 31.6959 30.7708 24
      vertex 31.5312 30.5263 24
    endloop
  endfacet
  facet normal 0 0 1
    outer loop
      vertex 32.6819 30.389 24
      vertex 32.2499 24.1907 24
      vertex 32.4262 24.2071 24
    endloop
  endfacet
  facet normal 0 -0 1
    outer loop
      vertex 31.7695 24.1513 24
      vertex 32.2499 24.1907 24
      vertex 31.3181 30.389 24
    endloop
  endfacet
  facet normal 0 0 1
    outer loop
      vertex 31.8687 23.9305 24
      vertex 31.7859 23.9814 24
      vertex 31.7972 23.7982 24
    endloop
  endfacet
  facet normal 0 0 1
    outer loop
      vertex 31.9735 24.0519 24
      vertex 31.7859 23.9814 24
      vertex 31.8687 23.9305 24
    endloop
  endfacet
  facet normal 0 -0 1
    outer loop
      vertex 31.7859 23.9814 24
      vertex 31.9735 24.0519 24
      vertex 31.7695 24.1513 24
    endloop
  endfacet
  facet normal 0 0 1
    outer loop
      vertex 32.0994 24.1394 24
      vertex 31.7695 24.1513 24
      vertex 31.9735 24.0519 24
    endloop
  endfacet
  facet normal 0 0 1
    outer loop
      vertex 32.2499 24.1907 24
      vertex 31.7695 24.1513 24
      vertex 32.0994 24.1394 24
    endloop
  endfacet
  facet normal 0 0 1
    outer loop
      vertex 30.9033 24.1513 24
      vertex 31.3181 30.389 24
      vertex 31.0829 30.389 24
    endloop
  endfacet
  facet normal 0 0 1
    outer loop
      vertex 31.3181 30.389 24
      vertex 30.9033 24.1513 24
      vertex 31.7695 24.1513 24
    endloop
  endfacet
  facet normal 0 -0 1
    outer loop
      vertex 30.9033 24.1513 24
      vertex 31.0829 30.389 24
      vertex 30.8698 30.5263 24
    endloop
  endfacet
  facet normal 0 0 1
    outer loop
      vertex 38.7948 21.0817 24
      vertex 35.7552 17.7931 24
      vertex 35.8173 17.1334 24
    endloop
  endfacet
  facet normal 0 0 1
    outer loop
      vertex 36.6741 21.151 24
      vertex 35.5635 18.2828 24
      vertex 35.7552 17.7931 24
    endloop
  endfacet
  facet normal 0 0 1
    outer loop
      vertex 35.2261 18.5892 24
      vertex 35.9631 21.0764 24
      vertex 35.3046 21.1418 24
    endloop
  endfacet
  facet normal 0 0 1
    outer loop
      vertex 35.9631 21.0764 24
      vertex 35.2261 18.5892 24
      vertex 35.5635 18.2828 24
    endloop
  endfacet
  facet normal 0 0 1
    outer loop
      vertex 34.7485 18.6902 24
      vertex 35.3046 21.1418 24
      vertex 34.7951 21.342 24
    endloop
  endfacet
  facet normal 0 0 1
    outer loop
      vertex 35.3046 21.1418 24
      vertex 34.7485 18.6902 24
      vertex 35.2261 18.5892 24
    endloop
  endfacet
  facet normal 0 0 1
    outer loop
      vertex 31.8324 21.1297 24
      vertex 34.7951 21.342 24
      vertex 34.4371 21.6837 24
    endloop
  endfacet
  facet normal 0 0 1
    outer loop
      vertex 34.7951 21.342 24
      vertex 34.2603 18.5906 24
      vertex 34.7485 18.6902 24
    endloop
  endfacet
  facet normal 0 0 1
    outer loop
      vertex 31.8324 21.1297 24
      vertex 34.4371 21.6837 24
      vertex 34.2023 22.2428 24
    endloop
  endfacet
  facet normal 0 0 1
    outer loop
      vertex 34.2194 30.389 24
      vertex 32.9171 30.389 24
      vertex 34.8209 24.7894 24
    endloop
  endfacet
  facet normal 0 0 1
    outer loop
      vertex 34.7951 21.342 24
      vertex 31.8324 21.1297 24
      vertex 34.2603 18.5906 24
    endloop
  endfacet
  facet normal 0 0 1
    outer loop
      vertex 33.2949 30.7708 24
      vertex 33.8416 30.7708 24
      vertex 33.3995 31.0913 24
    endloop
  endfacet
  facet normal -0 0 1
    outer loop
      vertex 33.3995 31.0913 24
      vertex 33.8416 30.7708 24
      vertex 33.737 31.0913 24
    endloop
  endfacet
  facet normal 0 0 1
    outer loop
      vertex 32.5702 24.196 24
      vertex 34.8209 24.7894 24
      vertex 32.9171 30.389 24
    endloop
  endfacet
  facet normal 0 0 1
    outer loop
      vertex 33.3995 31.0913 24
      vertex 33.737 31.0913 24
      vertex 33.701 31.452 24
    endloop
  endfacet
  facet normal -0 0 1
    outer loop
      vertex 31.685 18.6458 24
      vertex 34.2603 18.5906 24
      vertex 31.8324 21.1297 24
    endloop
  endfacet
  facet normal -0 0 1
    outer loop
      vertex 37.1464 33.4387 24
      vertex 43.0321 24.823 24
      vertex 37.5163 33.8086 24
    endloop
  endfacet
  facet normal 0 0 1
    outer loop
      vertex 43.0321 24.823 24
      vertex 37.1464 33.4387 24
      vertex 38.9311 24.823 24
    endloop
  endfacet
  facet normal -0 0 1
    outer loop
      vertex 36.7035 33.1605 24
      vertex 38.9311 24.823 24
      vertex 37.1464 33.4387 24
    endloop
  endfacet
  facet normal -0 0 1
    outer loop
      vertex 37.5729 23.9923 24
      vertex 37.6736 23.4888 24
      vertex 37.6736 24.1513 24
    endloop
  endfacet
  facet normal -0 0 1
    outer loop
      vertex 34.8324 30.7708 24
      vertex 38.9311 24.823 24
      vertex 36.7035 33.1605 24
    endloop
  endfacet
  facet normal 0 0 1
    outer loop
      vertex 36.9469 23.3004 24
      vertex 37.6736 23.4888 24
      vertex 37.5729 23.9923 24
    endloop
  endfacet
  facet normal 0 0 1
    outer loop
      vertex 37.6736 23.4888 24
      vertex 37.6216 22.5167 24
      vertex 37.641 22.2784 24
    endloop
  endfacet
  facet normal 0 0 1
    outer loop
      vertex 38.3287 24.823 24
      vertex 37.6736 24.1513 24
      vertex 38.096 24.1513 24
    endloop
  endfacet
  facet normal 0 0 1
    outer loop
      vertex 37.6736 24.1513 24
      vertex 37.3689 24.5314 24
      vertex 37.5729 23.9923 24
    endloop
  endfacet
  facet normal 0 -0 1
    outer loop
      vertex 37.3689 24.5314 24
      vertex 38.3287 24.823 24
      vertex 37.0586 24.8435 24
    endloop
  endfacet
  facet normal 0 -0 1
    outer loop
      vertex 37.6736 24.1513 24
      vertex 38.3287 24.823 24
      vertex 37.3689 24.5314 24
    endloop
  endfacet
  facet normal 0 0 1
    outer loop
      vertex 38.9311 24.823 24
      vertex 34.8324 30.7708 24
      vertex 38.3287 24.823 24
    endloop
  endfacet
  facet normal -0 -0 1
    outer loop
      vertex 36.598 25.0161 24
      vertex 38.3287 24.823 24
      vertex 34.8324 30.7708 24
    endloop
  endfacet
  facet normal 0 0 1
    outer loop
      vertex 34.937 31.0913 24
      vertex 36.7035 33.1605 24
      vertex 36.2098 32.9877 24
    endloop
  endfacet
  facet normal 0 0 1
    outer loop
      vertex 38.3287 24.823 24
      vertex 36.598 25.0161 24
      vertex 37.0586 24.8435 24
    endloop
  endfacet
  facet normal 0 0 1
    outer loop
      vertex 34.937 31.8127 24
      vertex 36.2098 32.9877 24
      vertex 35.6947 32.9297 24
    endloop
  endfacet
  facet normal 0 0 1
    outer loop
      vertex 36.7035 33.1605 24
      vertex 34.937 31.0913 24
      vertex 34.8324 30.7708 24
    endloop
  endfacet
  facet normal 0 0 1
    outer loop
      vertex 36.2098 32.9877 24
      vertex 34.9729 31.452 24
      vertex 34.937 31.0913 24
    endloop
  endfacet
  facet normal 0 0 1
    outer loop
      vertex 36.2098 32.9877 24
      vertex 34.937 31.8127 24
      vertex 34.9729 31.452 24
    endloop
  endfacet
  facet normal 0 0 1
    outer loop
      vertex 35.6947 32.9297 24
      vertex 34.8324 32.1332 24
      vertex 34.937 31.8127 24
    endloop
  endfacet
  facet normal 0 0 1
    outer loop
      vertex 35.6947 32.9297 24
      vertex 34.6677 32.3778 24
      vertex 34.8324 32.1332 24
    endloop
  endfacet
  facet normal 0 0 1
    outer loop
      vertex 35.6947 32.9297 24
      vertex 34.4546 32.515 24
      vertex 34.6677 32.3778 24
    endloop
  endfacet
  facet normal 0 0 1
    outer loop
      vertex 35.6947 32.9297 24
      vertex 34.2194 32.515 24
      vertex 34.4546 32.515 24
    endloop
  endfacet
  facet normal 0 0 1
    outer loop
      vertex 33.3995 31.0913 24
      vertex 33.701 31.452 24
      vertex 33.4354 31.452 24
    endloop
  endfacet
  facet normal 0 0 1
    outer loop
      vertex 33.737 31.8127 24
      vertex 33.4354 31.452 24
      vertex 33.701 31.452 24
    endloop
  endfacet
  facet normal 0 0 1
    outer loop
      vertex 33.3995 31.8127 24
      vertex 33.737 31.8127 24
      vertex 33.8416 32.1332 24
    endloop
  endfacet
  facet normal 0 0 1
    outer loop
      vertex 33.737 31.8127 24
      vertex 33.3995 31.8127 24
      vertex 33.4354 31.452 24
    endloop
  endfacet
  facet normal 0 0 1
    outer loop
      vertex 33.2949 32.1332 24
      vertex 33.8416 32.1332 24
      vertex 34.0063 32.3778 24
    endloop
  endfacet
  facet normal 0 0 1
    outer loop
      vertex 33.8416 32.1332 24
      vertex 33.2949 32.1332 24
      vertex 33.3995 31.8127 24
    endloop
  endfacet
  facet normal 0 0 1
    outer loop
      vertex 33.1302 32.3778 24
      vertex 34.0063 32.3778 24
      vertex 34.2194 32.515 24
    endloop
  endfacet
  facet normal 0 0 1
    outer loop
      vertex 34.0063 32.3778 24
      vertex 33.1302 32.3778 24
      vertex 33.2949 32.1332 24
    endloop
  endfacet
  facet normal 0 0 1
    outer loop
      vertex 32.9171 32.515 24
      vertex 34.2194 32.515 24
      vertex 35.6947 32.9297 24
    endloop
  endfacet
  facet normal 0 0 1
    outer loop
      vertex 34.2194 32.515 24
      vertex 32.9171 32.515 24
      vertex 33.1302 32.3778 24
    endloop
  endfacet
  facet normal 0 0 1
    outer loop
      vertex 35.6947 32.9297 24
      vertex 32.6819 32.515 24
      vertex 32.9171 32.515 24
    endloop
  endfacet
  facet normal 0 0 1
    outer loop
      vertex 31.8005 31.0913 24
      vertex 32.1635 31.452 24
      vertex 31.8365 31.452 24
    endloop
  endfacet
  facet normal 0 0 1
    outer loop
      vertex 32.1995 31.0913 24
      vertex 31.8005 31.0913 24
      vertex 31.6959 30.7708 24
    endloop
  endfacet
  facet normal 0 0 1
    outer loop
      vertex 32.4688 30.5263 24
      vertex 31.5312 30.5263 24
      vertex 31.3181 30.389 24
    endloop
  endfacet
  facet normal 0 0 1
    outer loop
      vertex 32.1995 31.8127 24
      vertex 31.8365 31.452 24
      vertex 32.1635 31.452 24
    endloop
  endfacet
  facet normal 0 0 1
    outer loop
      vertex 31.8005 31.8127 24
      vertex 32.1995 31.8127 24
      vertex 32.3041 32.1332 24
    endloop
  endfacet
  facet normal 0 0 1
    outer loop
      vertex 31.6959 32.1332 24
      vertex 32.3041 32.1332 24
      vertex 32.4688 32.3778 24
    endloop
  endfacet
  facet normal 0 0 1
    outer loop
      vertex 32.1995 31.8127 24
      vertex 31.8005 31.8127 24
      vertex 31.8365 31.452 24
    endloop
  endfacet
  facet normal 0 0 1
    outer loop
      vertex 32.3041 32.1332 24
      vertex 31.6959 32.1332 24
      vertex 31.8005 31.8127 24
    endloop
  endfacet
  facet normal 0 0 1
    outer loop
      vertex 31.5312 32.3778 24
      vertex 32.4688 32.3778 24
      vertex 32.6819 32.515 24
    endloop
  endfacet
  facet normal 0 0 1
    outer loop
      vertex 32.4688 32.3778 24
      vertex 31.5312 32.3778 24
      vertex 31.6959 32.1332 24
    endloop
  endfacet
  facet normal 0 0 1
    outer loop
      vertex 31.3181 32.515 24
      vertex 32.6819 32.515 24
      vertex 35.6947 32.9297 24
    endloop
  endfacet
  facet normal 0 0 1
    outer loop
      vertex 32.6819 32.515 24
      vertex 31.3181 32.515 24
      vertex 31.5312 32.3778 24
    endloop
  endfacet
  facet normal 0 0 1
    outer loop
      vertex 35.6947 32.9297 24
      vertex 31.0829 32.515 24
      vertex 31.3181 32.515 24
    endloop
  endfacet
  facet normal 0 0 1
    outer loop
      vertex 30.263 31.0913 24
      vertex 30.5646 31.452 24
      vertex 30.299 31.452 24
    endloop
  endfacet
  facet normal 0 0 1
    outer loop
      vertex 30.6005 31.8127 24
      vertex 30.299 31.452 24
      vertex 30.5646 31.452 24
    endloop
  endfacet
  facet normal 0 0 1
    outer loop
      vertex 30.263 31.8127 24
      vertex 30.6005 31.8127 24
      vertex 30.7051 32.1332 24
    endloop
  endfacet
  facet normal 0 0 1
    outer loop
      vertex 30.6005 31.8127 24
      vertex 30.263 31.8127 24
      vertex 30.299 31.452 24
    endloop
  endfacet
  facet normal 0 0 1
    outer loop
      vertex 30.1584 32.1332 24
      vertex 30.7051 32.1332 24
      vertex 30.8698 32.3778 24
    endloop
  endfacet
  facet normal 0 0 1
    outer loop
      vertex 30.7051 32.1332 24
      vertex 30.1584 32.1332 24
      vertex 30.263 31.8127 24
    endloop
  endfacet
  facet normal 0 0 1
    outer loop
      vertex 29.9937 32.3778 24
      vertex 30.8698 32.3778 24
      vertex 31.0829 32.515 24
    endloop
  endfacet
  facet normal 0 0 1
    outer loop
      vertex 30.8698 32.3778 24
      vertex 29.9937 32.3778 24
      vertex 30.1584 32.1332 24
    endloop
  endfacet
  facet normal 0 0 1
    outer loop
      vertex 31.0829 32.515 24
      vertex 29.7806 32.515 24
      vertex 29.9937 32.3778 24
    endloop
  endfacet
  facet normal -0 0 1
    outer loop
      vertex 28.8 32.6219 24
      vertex 31.0829 32.515 24
      vertex 35.6947 32.9297 24
    endloop
  endfacet
  facet normal 0 0 1
    outer loop
      vertex 31.0829 32.515 24
      vertex 28.8 32.6219 24
      vertex 29.7806 32.515 24
    endloop
  endfacet
  facet normal 0 0 1
    outer loop
      vertex 28.2412 32.6848 24
      vertex 29.063 31.8127 24
      vertex 28.8 32.6219 24
    endloop
  endfacet
  facet normal 0 0 1
    outer loop
      vertex 29.1676 32.1332 24
      vertex 28.8 32.6219 24
      vertex 29.063 31.8127 24
    endloop
  endfacet
  facet normal 0 0 1
    outer loop
      vertex 29.3323 32.3778 24
      vertex 28.8 32.6219 24
      vertex 29.1676 32.1332 24
    endloop
  endfacet
  facet normal 0 0 1
    outer loop
      vertex 29.5454 32.515 24
      vertex 28.8 32.6219 24
      vertex 29.3323 32.3778 24
    endloop
  endfacet
  facet normal 0 0 1
    outer loop
      vertex 29.7806 32.515 24
      vertex 28.8 32.6219 24
      vertex 29.5454 32.515 24
    endloop
  endfacet
  facet normal 0 0 1
    outer loop
      vertex 37.6736 23.4888 24
      vertex 37.5637 22.7244 24
      vertex 37.6216 22.5167 24
    endloop
  endfacet
  facet normal 0 0 1
    outer loop
      vertex 37.6736 23.4888 24
      vertex 37.4684 22.9056 24
      vertex 37.5637 22.7244 24
    endloop
  endfacet
  facet normal 0 0 1
    outer loop
      vertex 37.6736 23.4888 24
      vertex 37.338 23.0599 24
      vertex 37.4684 22.9056 24
    endloop
  endfacet
  facet normal 0 0 1
    outer loop
      vertex 37.6736 23.4888 24
      vertex 37.1661 23.19 24
      vertex 37.338 23.0599 24
    endloop
  endfacet
  facet normal 0 0 1
    outer loop
      vertex 37.6736 23.4888 24
      vertex 36.9469 23.3004 24
      vertex 37.1661 23.19 24
    endloop
  endfacet
  facet normal -0 0 1
    outer loop
      vertex 36.656 23.8673 24
      vertex 36.9469 23.3004 24
      vertex 37.5729 23.9923 24
    endloop
  endfacet
  facet normal 0 0 1
    outer loop
      vertex 36.656 23.8673 24
      vertex 36.6303 23.4042 24
      vertex 36.9469 23.3004 24
    endloop
  endfacet
  facet normal 0 0 1
    outer loop
      vertex 36.1665 23.5144 24
      vertex 36.656 23.8673 24
      vertex 36.55 24.1207 24
    endloop
  endfacet
  facet normal 0 0 1
    outer loop
      vertex 36.1665 23.5144 24
      vertex 36.55 24.1207 24
      vertex 36.4235 24.2497 24
    endloop
  endfacet
  facet normal 0 0 1
    outer loop
      vertex 36.1665 23.5144 24
      vertex 36.4235 24.2497 24
      vertex 36.2322 24.3301 24
    endloop
  endfacet
  facet normal 0 0 1
    outer loop
      vertex 36.656 23.8673 24
      vertex 36.1665 23.5144 24
      vertex 36.6303 23.4042 24
    endloop
  endfacet
  facet normal 0 0 1
    outer loop
      vertex 35.7936 23.6032 24
      vertex 36.2322 24.3301 24
      vertex 35.9618 24.358 24
    endloop
  endfacet
  facet normal 0 0 1
    outer loop
      vertex 36.2322 24.3301 24
      vertex 35.7936 23.6032 24
      vertex 36.1665 23.5144 24
    endloop
  endfacet
  facet normal 0 0 1
    outer loop
      vertex 35.9618 24.358 24
      vertex 35.5797 23.6729 24
      vertex 35.7936 23.6032 24
    endloop
  endfacet
  facet normal -0 0 1
    outer loop
      vertex 35.4791 24.2571 24
      vertex 35.5797 23.6729 24
      vertex 35.9618 24.358 24
    endloop
  endfacet
  facet normal 0 0 1
    outer loop
      vertex 35.4791 24.2571 24
      vertex 35.4648 23.7363 24
      vertex 35.5797 23.6729 24
    endloop
  endfacet
  facet normal -0 0 1
    outer loop
      vertex 35.3317 23.98 24
      vertex 35.4648 23.7363 24
      vertex 35.4791 24.2571 24
    endloop
  endfacet
  facet normal 0 0 1
    outer loop
      vertex 35.4648 23.7363 24
      vertex 35.3317 23.98 24
      vertex 35.3884 23.8063 24
    endloop
  endfacet
  facet normal 0 0 1
    outer loop
      vertex 35.3884 23.8063 24
      vertex 35.3317 23.98 24
      vertex 35.3449 23.8876 24
    endloop
  endfacet
  facet normal -0 0 1
    outer loop
      vertex 34.6677 30.5263 24
      vertex 36.598 25.0161 24
      vertex 34.8324 30.7708 24
    endloop
  endfacet
  facet normal 0 0 1
    outer loop
      vertex 36.598 25.0161 24
      vertex 34.6677 30.5263 24
      vertex 35.9729 25.072 24
    endloop
  endfacet
  facet normal -0 0 1
    outer loop
      vertex 34.4546 30.389 24
      vertex 35.9729 25.072 24
      vertex 34.6677 30.5263 24
    endloop
  endfacet
  facet normal 0 0 1
    outer loop
      vertex 35.9729 25.072 24
      vertex 34.4546 30.389 24
      vertex 35.3146 25.0028 24
    endloop
  endfacet
  facet normal -0 0 1
    outer loop
      vertex 34.2194 30.389 24
      vertex 35.3146 25.0028 24
      vertex 34.4546 30.389 24
    endloop
  endfacet
  facet normal 0 0 1
    outer loop
      vertex 35.3146 25.0028 24
      vertex 34.2194 30.389 24
      vertex 34.8209 24.7894 24
    endloop
  endfacet
  facet normal 0 0 1
    outer loop
      vertex 33.1302 30.5263 24
      vertex 34.0063 30.5263 24
      vertex 33.2949 30.7708 24
    endloop
  endfacet
  facet normal 0 0 1
    outer loop
      vertex 34.0063 30.5263 24
      vertex 33.1302 30.5263 24
      vertex 34.2194 30.389 24
    endloop
  endfacet
  facet normal 0 0 1
    outer loop
      vertex 36.6458 22.4475 24
      vertex 36.718 22.2528 24
      vertex 36.7013 22.3552 24
    endloop
  endfacet
  facet normal 0 0 1
    outer loop
      vertex 36.5499 22.5277 24
      vertex 36.718 22.2528 24
      vertex 36.6458 22.4475 24
    endloop
  endfacet
  facet normal 0 0 1
    outer loop
      vertex 36.5499 22.5277 24
      vertex 36.5447 21.9366 24
      vertex 36.718 22.2528 24
    endloop
  endfacet
  facet normal 0 0 1
    outer loop
      vertex 36.4128 22.5978 24
      vertex 36.5447 21.9366 24
      vertex 36.5499 22.5277 24
    endloop
  endfacet
  facet normal 0 0 1
    outer loop
      vertex 35.9798 21.8221 24
      vertex 36.4128 22.5978 24
      vertex 36.1736 22.6708 24
    endloop
  endfacet
  facet normal 0 0 1
    outer loop
      vertex 36.4128 22.5978 24
      vertex 35.9798 21.8221 24
      vertex 36.5447 21.9366 24
    endloop
  endfacet
  facet normal 0 0 1
    outer loop
      vertex 35.77 22.761 24
      vertex 35.9798 21.8221 24
      vertex 36.1736 22.6708 24
    endloop
  endfacet
  facet normal 0 0 1
    outer loop
      vertex 35.77 22.761 24
      vertex 35.6513 21.8533 24
      vertex 35.9798 21.8221 24
    endloop
  endfacet
  facet normal 0 0 1
    outer loop
      vertex 35.1171 22.3936 24
      vertex 35.77 22.761 24
      vertex 35.4127 22.85 24
    endloop
  endfacet
  facet normal 0 0 1
    outer loop
      vertex 35.77 22.761 24
      vertex 35.411 21.9441 24
      vertex 35.6513 21.8533 24
    endloop
  endfacet
  facet normal 0 0 1
    outer loop
      vertex 35.77 22.761 24
      vertex 35.2487 22.0963 24
      vertex 35.411 21.9441 24
    endloop
  endfacet
  facet normal 0 0 1
    outer loop
      vertex 35.1171 22.3936 24
      vertex 35.4127 22.85 24
      vertex 35.1795 22.9208 24
    endloop
  endfacet
  facet normal 0 0 1
    outer loop
      vertex 35.77 22.761 24
      vertex 35.1171 22.3936 24
      vertex 35.2487 22.0963 24
    endloop
  endfacet
  facet normal 0 0 1
    outer loop
      vertex 35.0161 22.9886 24
      vertex 35.1171 22.3936 24
      vertex 35.1795 22.9208 24
    endloop
  endfacet
  facet normal 0 0 1
    outer loop
      vertex 34.8677 23.0685 24
      vertex 35.1171 22.3936 24
      vertex 35.0161 22.9886 24
    endloop
  endfacet
  facet normal 0 0 1
    outer loop
      vertex 34.2023 22.2428 24
      vertex 34.8677 23.0685 24
      vertex 34.7354 23.1646 24
    endloop
  endfacet
  facet normal 0 0 1
    outer loop
      vertex 34.2023 22.2428 24
      vertex 34.7354 23.1646 24
      vertex 34.623 23.2803 24
    endloop
  endfacet
  facet normal 0 0 1
    outer loop
      vertex 34.2023 22.2428 24
      vertex 34.623 23.2803 24
      vertex 34.5326 23.4161 24
    endloop
  endfacet
  facet normal 0 0 1
    outer loop
      vertex 34.8677 23.0685 24
      vertex 34.2023 22.2428 24
      vertex 35.1171 22.3936 24
    endloop
  endfacet
  facet normal 0 0 1
    outer loop
      vertex 34.4651 23.5727 24
      vertex 34.2023 22.2428 24
      vertex 34.5326 23.4161 24
    endloop
  endfacet
  facet normal 0 0 1
    outer loop
      vertex 34.4234 23.7505 24
      vertex 34.2023 22.2428 24
      vertex 34.4651 23.5727 24
    endloop
  endfacet
  facet normal 0 0 1
    outer loop
      vertex 34.4093 23.9553 24
      vertex 34.2023 22.2428 24
      vertex 34.4234 23.7505 24
    endloop
  endfacet
  facet normal 0 0 1
    outer loop
      vertex 33.8416 30.7708 24
      vertex 33.2949 30.7708 24
      vertex 34.0063 30.5263 24
    endloop
  endfacet
  facet normal 0 0 1
    outer loop
      vertex 32.9171 30.389 24
      vertex 34.2194 30.389 24
      vertex 33.1302 30.5263 24
    endloop
  endfacet
  facet normal 0 0 1
    outer loop
      vertex 37.641 22.2784 24
      vertex 38.0359 23.4888 24
      vertex 37.6736 23.4888 24
    endloop
  endfacet
  facet normal -0 0 1
    outer loop
      vertex 42.1763 23.1047 24
      vertex 42.7393 21.8759 24
      vertex 42.7393 23.4888 24
    endloop
  endfacet
  facet normal -0 0 1
    outer loop
      vertex 42.1763 22.0586 24
      vertex 42.7393 21.8759 24
      vertex 42.1763 23.1047 24
    endloop
  endfacet
  facet normal 0 0 1
    outer loop
      vertex 42.1763 23.1047 24
      vertex 42.7393 23.4888 24
      vertex 42.377 23.4888 24
    endloop
  endfacet
  facet normal 0 0 1
    outer loop
      vertex 42.7393 21.8759 24
      vertex 42.1763 22.0586 24
      vertex 42.5757 21.7414 24
    endloop
  endfacet
  facet normal -0 0 1
    outer loop
      vertex 44.4505 24.507 24
      vertex 45.3537 24.1513 24
      vertex 45.3537 24.507 24
    endloop
  endfacet
  facet normal 0 0 1
    outer loop
      vertex 45.3537 24.1513 24
      vertex 44.4505 24.507 24
      vertex 44.4505 24.1513 24
    endloop
  endfacet
  facet normal 0 0 1
    outer loop
      vertex 44.4505 24.1513 24
      vertex 44.1767 23.4888 24
      vertex 44.2084 21.8092 24
    endloop
  endfacet
  facet normal -0 0 1
    outer loop
      vertex 43.6345 22.0868 24
      vertex 44.2084 21.8092 24
      vertex 44.1767 23.4888 24
    endloop
  endfacet
  facet normal 0 0 1
    outer loop
      vertex 44.2084 21.8092 24
      vertex 43.6345 22.0868 24
      vertex 43.9744 21.7638 24
    endloop
  endfacet
  facet normal -0 -0 1
    outer loop
      vertex 43.6524 21.9229 24
      vertex 43.9744 21.7638 24
      vertex 43.6345 22.0868 24
    endloop
  endfacet
  facet normal 0 0 1
    outer loop
      vertex 43.9744 21.7638 24
      vertex 43.6524 21.9229 24
      vertex 43.8831 21.7558 24
    endloop
  endfacet
  facet normal 0 0 1
    outer loop
      vertex 43.8831 21.7558 24
      vertex 43.6524 21.9229 24
      vertex 43.7672 21.7757 24
    endloop
  endfacet
  facet normal 0 0 1
    outer loop
      vertex 43.6345 22.0868 24
      vertex 44.1767 23.4888 24
      vertex 43.6345 23.4888 24
    endloop
  endfacet
  facet normal 0 0 1
    outer loop
      vertex 43.7672 21.7757 24
      vertex 43.6524 21.9229 24
      vertex 43.6976 21.8268 24
    endloop
  endfacet
  facet normal 0 0 1
    outer loop
      vertex 44.1767 24.1513 24
      vertex 43.6345 24.823 24
      vertex 43.6345 24.1513 24
    endloop
  endfacet
  facet normal 0 0 1
    outer loop
      vertex 42.4072 21.7166 24
      vertex 42.189 21.8677 24
      vertex 42.3381 21.7133 24
    endloop
  endfacet
  facet normal 0 0 1
    outer loop
      vertex 40.7312 23.014 24
      vertex 41.2731 23.0861 24
      vertex 41.2503 23.3143 24
    endloop
  endfacet
  facet normal 0 0 1
    outer loop
      vertex 41.0925 23.5336 24
      vertex 41.2503 23.3143 24
      vertex 41.1897 23.4566 24
    endloop
  endfacet
  facet normal 0 0 1
    outer loop
      vertex 41.2503 23.3143 24
      vertex 41.0925 23.5336 24
      vertex 40.9334 23.5619 24
    endloop
  endfacet
  facet normal 0 0 1
    outer loop
      vertex 41.2503 23.3143 24
      vertex 40.9334 23.5619 24
      vertex 40.7312 23.014 24
    endloop
  endfacet
  facet normal 0 0 1
    outer loop
      vertex 40.6291 23.3933 24
      vertex 40.9334 23.5619 24
      vertex 40.7824 23.5421 24
    endloop
  endfacet
  facet normal 0 0 1
    outer loop
      vertex 41.2731 23.0861 24
      vertex 40.7312 23.014 24
      vertex 41.2731 23.0233 24
    endloop
  endfacet
  facet normal 0 0 1
    outer loop
      vertex 40.6291 23.3933 24
      vertex 40.7824 23.5421 24
      vertex 40.6895 23.4893 24
    endloop
  endfacet
  facet normal 0 0 1
    outer loop
      vertex 40.9334 23.5619 24
      vertex 40.6291 23.3933 24
      vertex 40.7312 23.014 24
    endloop
  endfacet
  facet normal -0 0 1
    outer loop
      vertex 40.5754 23.1551 24
      vertex 40.7312 23.014 24
      vertex 40.6291 23.3933 24
    endloop
  endfacet
  facet normal 0 0 1
    outer loop
      vertex 40.5754 23.1551 24
      vertex 40.2285 22.9495 24
      vertex 40.7312 23.014 24
    endloop
  endfacet
  facet normal 0 0 1
    outer loop
      vertex 39.6256 23.2005 24
      vertex 40.2285 22.9495 24
      vertex 40.5754 23.1551 24
    endloop
  endfacet
  facet normal 0 0 1
    outer loop
      vertex 40.2285 22.9495 24
      vertex 39.6256 23.2005 24
      vertex 39.8449 22.7594 24
    endloop
  endfacet
  facet normal 0 0 1
    outer loop
      vertex 39.8449 22.7594 24
      vertex 39.6256 23.2005 24
      vertex 39.6048 22.4437 24
    endloop
  endfacet
  facet normal 0 0 1
    outer loop
      vertex 39.6048 22.4437 24
      vertex 38.9311 22.0868 24
      vertex 39.5265 22.02 24
    endloop
  endfacet
  facet normal 0 -0 1
    outer loop
      vertex 39.271 21.7638 24
      vertex 39.5265 22.02 24
      vertex 38.9311 22.0868 24
    endloop
  endfacet
  facet normal 0 0 1
    outer loop
      vertex 39.5265 22.02 24
      vertex 39.271 21.7638 24
      vertex 39.505 21.8092 24
    endloop
  endfacet
  facet normal -0 -0 1
    outer loop
      vertex 38.9491 21.9229 24
      vertex 39.271 21.7638 24
      vertex 38.9311 22.0868 24
    endloop
  endfacet
  facet normal 0 0 1
    outer loop
      vertex 39.271 21.7638 24
      vertex 38.9491 21.9229 24
      vertex 39.1797 21.7558 24
    endloop
  endfacet
  facet normal 0 0 1
    outer loop
      vertex 39.1797 21.7558 24
      vertex 38.9491 21.9229 24
      vertex 39.0638 21.7757 24
    endloop
  endfacet
  facet normal 0 0 1
    outer loop
      vertex 38.9311 22.0868 24
      vertex 39.4733 23.4888 24
      vertex 38.9311 23.4888 24
    endloop
  endfacet
  facet normal 0 0 1
    outer loop
      vertex 39.0638 21.7757 24
      vertex 38.9491 21.9229 24
      vertex 38.9942 21.8268 24
    endloop
  endfacet
  facet normal 0 0 1
    outer loop
      vertex 39.4733 24.1513 24
      vertex 38.9311 24.823 24
      vertex 38.9311 24.1513 24
    endloop
  endfacet
  facet normal 0 0 1
    outer loop
      vertex 48.7036 23.3034 24
      vertex 49.1514 23.4306 24
      vertex 49.1497 23.6389 24
    endloop
  endfacet
  facet normal -0 0 1
    outer loop
      vertex 50.0937 23.0507 24
      vertex 51.0053 22.8061 24
      vertex 50.8881 23.3254 24
    endloop
  endfacet
  facet normal 0 0 1
    outer loop
      vertex 60 49.8 24
      vertex 64 45.8 24
      vertex 63.9658 46.3221 24
    endloop
  endfacet
  facet normal 0 0 1
    outer loop
      vertex 64 45.8 24
      vertex 51.9058 23.0317 24
      vertex 64 4 24
    endloop
  endfacet
  facet normal 0 0 1
    outer loop
      vertex 60 49.8 24
      vertex 63.9658 46.3221 24
      vertex 63.8637 46.8353 24
    endloop
  endfacet
  facet normal -0 0 1
    outer loop
      vertex 51.9058 21.1297 24
      vertex 64 4 24
      vertex 51.9058 23.0317 24
    endloop
  endfacet
  facet normal 0 0 1
    outer loop
      vertex 60 49.8 24
      vertex 63.8637 46.8353 24
      vertex 63.6955 47.3307 24
    endloop
  endfacet
  facet normal 0 -0 1
    outer loop
      vertex 60 0 24
      vertex 64 4 24
      vertex 51.9058 21.1297 24
    endloop
  endfacet
  facet normal 0 0 1
    outer loop
      vertex 60 49.8 24
      vertex 63.6955 47.3307 24
      vertex 63.4641 47.8 24
    endloop
  endfacet
  facet normal 0 0 1
    outer loop
      vertex 64 4 24
      vertex 60 0 24
      vertex 63.9658 3.47789 24
    endloop
  endfacet
  facet normal 0 0 1
    outer loop
      vertex 60 49.8 24
      vertex 63.4641 47.8 24
      vertex 63.1734 48.235 24
    endloop
  endfacet
  facet normal 0 0 1
    outer loop
      vertex 63.9658 3.47789 24
      vertex 60 0 24
      vertex 63.8637 2.96472 24
    endloop
  endfacet
  facet normal 0 0 1
    outer loop
      vertex 60 49.8 24
      vertex 63.1734 48.235 24
      vertex 62.8284 48.6284 24
    endloop
  endfacet
  facet normal 0 0 1
    outer loop
      vertex 63.8637 2.96472 24
      vertex 60 0 24
      vertex 63.6955 2.46927 24
    endloop
  endfacet
  facet normal 0 0 1
    outer loop
      vertex 60 49.8 24
      vertex 62.8284 48.6284 24
      vertex 62.435 48.9734 24
    endloop
  endfacet
  facet normal 0 0 1
    outer loop
      vertex 63.6955 2.46927 24
      vertex 60 0 24
      vertex 63.4641 2 24
    endloop
  endfacet
  facet normal 0 0 1
    outer loop
      vertex 60 49.8 24
      vertex 62.435 48.9734 24
      vertex 62 49.2641 24
    endloop
  endfacet
  facet normal 0 0 1
    outer loop
      vertex 63.4641 2 24
      vertex 60 0 24
      vertex 63.1734 1.56495 24
    endloop
  endfacet
  facet normal 0 0 1
    outer loop
      vertex 60 49.8 24
      vertex 62 49.2641 24
      vertex 61.5307 49.4955 24
    endloop
  endfacet
  facet normal 0 0 1
    outer loop
      vertex 63.1734 1.56495 24
      vertex 60 0 24
      vertex 62.8284 1.17157 24
    endloop
  endfacet
  facet normal 0 0 1
    outer loop
      vertex 60 49.8 24
      vertex 61.5307 49.4955 24
      vertex 61.0353 49.6637 24
    endloop
  endfacet
  facet normal 0 0 1
    outer loop
      vertex 62.8284 1.17157 24
      vertex 60 0 24
      vertex 62.435 0.826586 24
    endloop
  endfacet
  facet normal 0 0 1
    outer loop
      vertex 60 49.8 24
      vertex 61.0353 49.6637 24
      vertex 60.5221 49.7658 24
    endloop
  endfacet
  facet normal 0 0 1
    outer loop
      vertex 62.435 0.826586 24
      vertex 60 0 24
      vertex 62 0.535898 24
    endloop
  endfacet
  facet normal 0 0 1
    outer loop
      vertex 64 45.8 24
      vertex 60 49.8 24
      vertex 50.8862 24.2077 24
    endloop
  endfacet
  facet normal 0 0 1
    outer loop
      vertex 62 0.535898 24
      vertex 60 0 24
      vertex 61.5307 0.304482 24
    endloop
  endfacet
  facet normal 0 0 1
    outer loop
      vertex 61.5307 0.304482 24
      vertex 60 0 24
      vertex 61.0353 0.136296 24
    endloop
  endfacet
  facet normal 0 0 1
    outer loop
      vertex 64 45.8 24
      vertex 51.8425 23.5259 24
      vertex 51.9058 23.0317 24
    endloop
  endfacet
  facet normal 0 0 1
    outer loop
      vertex 64 45.8 24
      vertex 51.6443 23.9007 24
      vertex 51.8425 23.5259 24
    endloop
  endfacet
  facet normal 0 0 1
    outer loop
      vertex 64 45.8 24
      vertex 51.3179 24.1324 24
      vertex 51.6443 23.9007 24
    endloop
  endfacet
  facet normal 0 0 1
    outer loop
      vertex 64 45.8 24
      vertex 50.8862 24.2077 24
      vertex 51.3179 24.1324 24
    endloop
  endfacet
  facet normal -0 0 1
    outer loop
      vertex 37.9673 35.7848 24
      vertex 50.8862 24.2077 24
      vertex 60 49.8 24
    endloop
  endfacet
  facet normal -0 -0 1
    outer loop
      vertex 38.0259 35.265 24
      vertex 50.8862 24.2077 24
      vertex 37.9673 35.7848 24
    endloop
  endfacet
  facet normal 0 0 1
    outer loop
      vertex 50.5696 24.1676 24
      vertex 49.9913 24.1513 24
      vertex 50.2975 24.0463 24
    endloop
  endfacet
  facet normal 0 -0 1
    outer loop
      vertex 50.008 23.9857 24
      vertex 50.2975 24.0463 24
      vertex 49.9913 24.1513 24
    endloop
  endfacet
  facet normal 0 0 1
    outer loop
      vertex 50.0712 23.8366 24
      vertex 50.02 23.8077 24
      vertex 50.0228 23.756 24
    endloop
  endfacet
  facet normal 0 0 1
    outer loop
      vertex 50.0712 23.8366 24
      vertex 50.008 23.9857 24
      vertex 50.02 23.8077 24
    endloop
  endfacet
  facet normal 0 0 1
    outer loop
      vertex 50.2975 24.0463 24
      vertex 50.008 23.9857 24
      vertex 50.0712 23.8366 24
    endloop
  endfacet
  facet normal -0 -0 1
    outer loop
      vertex 45.3537 25.2144 24
      vertex 50.8862 24.2077 24
      vertex 38.0259 35.265 24
    endloop
  endfacet
  facet normal 0 0 1
    outer loop
      vertex 49.1514 23.4306 24
      vertex 48.7036 23.3034 24
      vertex 48.7998 22.6427 24
    endloop
  endfacet
  facet normal 0 -0 1
    outer loop
      vertex 49.9913 24.1513 24
      vertex 50.8862 24.2077 24
      vertex 45.3537 25.2144 24
    endloop
  endfacet
  facet normal 0 0 1
    outer loop
      vertex 49.138 23.9424 24
      vertex 48.409 23.7993 24
      vertex 48.7036 23.3034 24
    endloop
  endfacet
  facet normal 0 0 1
    outer loop
      vertex 49.1252 24.1513 24
      vertex 47.9268 24.1051 24
      vertex 48.409 23.7993 24
    endloop
  endfacet
  facet normal 0 0 1
    outer loop
      vertex 49.1252 24.1513 24
      vertex 45.3537 25.2144 24
      vertex 47.9268 24.1051 24
    endloop
  endfacet
  facet normal 0 0 1
    outer loop
      vertex 47.9268 24.1051 24
      vertex 45.3537 25.2144 24
      vertex 47.2799 24.2051 24
    endloop
  endfacet
  facet normal 0 0 1
    outer loop
      vertex 47.2799 24.2051 24
      vertex 45.3537 25.2144 24
      vertex 46.6419 24.1016 24
    endloop
  endfacet
  facet normal -0 0 1
    outer loop
      vertex 45.3537 24.507 24
      vertex 46.6419 24.1016 24
      vertex 45.3537 25.2144 24
    endloop
  endfacet
  facet normal -0 0 1
    outer loop
      vertex 45.3537 24.1513 24
      vertex 46.1556 23.7859 24
      vertex 45.3537 24.507 24
    endloop
  endfacet
  facet normal 0 0 1
    outer loop
      vertex 46.6419 24.1016 24
      vertex 45.3537 24.507 24
      vertex 46.1556 23.7859 24
    endloop
  endfacet
  facet normal 0 0 1
    outer loop
      vertex 50.8862 24.2077 24
      vertex 49.9913 24.1513 24
      vertex 50.5696 24.1676 24
    endloop
  endfacet
  facet normal -0 0 1
    outer loop
      vertex 43.6345 24.823 24
      vertex 44.4505 24.507 24
      vertex 44.4505 25.2144 24
    endloop
  endfacet
  facet normal 0 0 1
    outer loop
      vertex 44.4505 24.507 24
      vertex 44.1767 24.1513 24
      vertex 44.4505 24.1513 24
    endloop
  endfacet
  facet normal 0 0 1
    outer loop
      vertex 44.1767 23.4888 24
      vertex 44.4505 24.1513 24
      vertex 44.1767 24.1513 24
    endloop
  endfacet
  facet normal 0 0 1
    outer loop
      vertex 44.4505 24.1513 24
      vertex 44.2084 21.8092 24
      vertex 44.4505 21.1297 24
    endloop
  endfacet
  facet normal 0 0 1
    outer loop
      vertex 44.4505 24.507 24
      vertex 43.6345 24.823 24
      vertex 44.1767 24.1513 24
    endloop
  endfacet
  facet normal 0 0 1
    outer loop
      vertex 49.9913 24.1513 24
      vertex 45.3537 25.2144 24
      vertex 49.1252 24.1513 24
    endloop
  endfacet
  facet normal 0 0 1
    outer loop
      vertex 45.3537 25.2144 24
      vertex 37.9673 34.7452 24
      vertex 44.4505 25.2144 24
    endloop
  endfacet
  facet normal 0 0 1
    outer loop
      vertex 43.0321 24.823 24
      vertex 42.377 24.1513 24
      vertex 42.7994 24.1513 24
    endloop
  endfacet
  facet normal 0 0 1
    outer loop
      vertex 44.4505 25.2144 24
      vertex 43.0321 24.823 24
      vertex 43.6345 24.823 24
    endloop
  endfacet
  facet normal -0 0 1
    outer loop
      vertex 42.0989 23.5643 24
      vertex 42.377 23.4888 24
      vertex 42.377 24.1513 24
    endloop
  endfacet
  facet normal 0 0 1
    outer loop
      vertex 42.5757 21.7414 24
      vertex 42.1763 22.0586 24
      vertex 42.4072 21.7166 24
    endloop
  endfacet
  facet normal -0 -0 1
    outer loop
      vertex 42.189 21.8677 24
      vertex 42.4072 21.7166 24
      vertex 42.1763 22.0586 24
    endloop
  endfacet
  facet normal -0 -0 1
    outer loop
      vertex 42.2205 21.768 24
      vertex 42.3381 21.7133 24
      vertex 42.189 21.8677 24
    endloop
  endfacet
  facet normal 0 0 1
    outer loop
      vertex 42.3381 21.7133 24
      vertex 42.2205 21.768 24
      vertex 42.2614 21.7293 24
    endloop
  endfacet
  facet normal 0 0 1
    outer loop
      vertex 42.377 23.4888 24
      vertex 42.0989 23.5643 24
      vertex 42.1763 23.1047 24
    endloop
  endfacet
  facet normal 0 0 1
    outer loop
      vertex 42.377 24.1513 24
      vertex 41.8583 23.9175 24
      vertex 42.0989 23.5643 24
    endloop
  endfacet
  facet normal -0 0 1
    outer loop
      vertex 37.7945 34.2515 24
      vertex 44.4505 25.2144 24
      vertex 37.9673 34.7452 24
    endloop
  endfacet
  facet normal 0 -0 1
    outer loop
      vertex 41.4731 24.1345 24
      vertex 43.0321 24.823 24
      vertex 40.9681 24.2048 24
    endloop
  endfacet
  facet normal 0 0 1
    outer loop
      vertex 42.377 24.1513 24
      vertex 41.4731 24.1345 24
      vertex 41.8583 23.9175 24
    endloop
  endfacet
  facet normal 0 0 1
    outer loop
      vertex 43.0321 24.823 24
      vertex 41.4731 24.1345 24
      vertex 42.377 24.1513 24
    endloop
  endfacet
  facet normal 0 0 1
    outer loop
      vertex 43.0321 24.823 24
      vertex 38.9311 24.823 24
      vertex 40.9681 24.2048 24
    endloop
  endfacet
  facet normal 0 0 1
    outer loop
      vertex 40.9681 24.2048 24
      vertex 38.9311 24.823 24
      vertex 40.4656 24.1484 24
    endloop
  endfacet
  facet normal 0 0 1
    outer loop
      vertex 38.9311 22.0868 24
      vertex 39.6256 23.2005 24
      vertex 39.4733 23.4888 24
    endloop
  endfacet
  facet normal 0 0 1
    outer loop
      vertex 39.7988 23.6852 24
      vertex 39.4733 23.4888 24
      vertex 39.6256 23.2005 24
    endloop
  endfacet
  facet normal 0 0 1
    outer loop
      vertex 39.6256 23.2005 24
      vertex 38.9311 22.0868 24
      vertex 39.6048 22.4437 24
    endloop
  endfacet
  facet normal 0 0 1
    outer loop
      vertex 39.4733 23.4888 24
      vertex 39.7988 23.6852 24
      vertex 39.4733 24.1513 24
    endloop
  endfacet
  facet normal -0 -0 1
    outer loop
      vertex 39.4733 24.1513 24
      vertex 40.4656 24.1484 24
      vertex 38.9311 24.823 24
    endloop
  endfacet
  facet normal 0 0 1
    outer loop
      vertex 40.0723 23.9753 24
      vertex 39.4733 24.1513 24
      vertex 39.7988 23.6852 24
    endloop
  endfacet
  facet normal 0 0 1
    outer loop
      vertex 40.4656 24.1484 24
      vertex 39.4733 24.1513 24
      vertex 40.0723 23.9753 24
    endloop
  endfacet
  facet normal 0 0 1
    outer loop
      vertex 44.4505 25.2144 24
      vertex 37.5163 33.8086 24
      vertex 43.0321 24.823 24
    endloop
  endfacet
  facet normal -0 0 1
    outer loop
      vertex 37.5163 33.8086 24
      vertex 44.4505 25.2144 24
      vertex 37.7945 34.2515 24
    endloop
  endfacet
  facet normal -0 0 1
    outer loop
      vertex 37.9673 34.7452 24
      vertex 45.3537 25.2144 24
      vertex 38.0259 35.265 24
    endloop
  endfacet
  facet normal 0 0 1
    outer loop
      vertex 60 49.8 24
      vertex 37.7945 36.2785 24
      vertex 37.9673 35.7848 24
    endloop
  endfacet
  facet normal 0 0 1
    outer loop
      vertex 60 49.8 24
      vertex 37.5163 36.7214 24
      vertex 37.7945 36.2785 24
    endloop
  endfacet
  facet normal 0 0 1
    outer loop
      vertex 60 49.8 24
      vertex 37.1465 37.0911 24
      vertex 37.5163 36.7214 24
    endloop
  endfacet
  facet normal 0 0 1
    outer loop
      vertex 60 49.8 24
      vertex 34.4492 38.8056 24
      vertex 37.1465 37.0911 24
    endloop
  endfacet
  facet normal 0 0 1
    outer loop
      vertex 60 49.8 24
      vertex 33.8953 39.1536 24
      vertex 34.4492 38.8056 24
    endloop
  endfacet
  facet normal -0 0 1
    outer loop
      vertex 30.8898 41.6736 24
      vertex 33.8953 39.1536 24
      vertex 60 49.8 24
    endloop
  endfacet
  facet normal 0 0 1
    outer loop
      vertex 33.8953 39.1536 24
      vertex 30.8898 41.6736 24
      vertex 33.2716 39.3719 24
    endloop
  endfacet
  facet normal 0 0 1
    outer loop
      vertex 33.2716 39.3719 24
      vertex 30.8898 41.6736 24
      vertex 32.615 39.4459 24
    endloop
  endfacet
  facet normal 0 0 1
    outer loop
      vertex 32.615 39.4459 24
      vertex 30.8898 41.6736 24
      vertex 31.9584 39.3719 24
    endloop
  endfacet
  facet normal 0 0 1
    outer loop
      vertex 31.9584 39.3719 24
      vertex 30.8898 41.6736 24
      vertex 31.3379 39.1548 24
    endloop
  endfacet
  facet normal 0 0 1
    outer loop
      vertex 60 49.8 24
      vertex 30.4136 42.1498 24
      vertex 30.8898 41.6736 24
    endloop
  endfacet
  facet normal 0 0 1
    outer loop
      vertex 29.3285 41.0648 24
      vertex 28.8014 41.1414 24
      vertex 29.2227 40.8464 24
    endloop
  endfacet
  facet normal 0 0 1
    outer loop
      vertex 30.4136 42.1498 24
      vertex 28.8014 41.1414 24
      vertex 29.3285 41.0648 24
    endloop
  endfacet
  facet normal 0 0 1
    outer loop
      vertex 30.4136 42.1498 24
      vertex 28.3352 41.3588 24
      vertex 28.8014 41.1414 24
    endloop
  endfacet
  facet normal 0 0 1
    outer loop
      vertex 27.6628 43.2892 24
      vertex 28.3352 41.3588 24
      vertex 30.4136 42.1498 24
    endloop
  endfacet
  facet normal -0 0 1
    outer loop
      vertex 27.6628 43.2892 24
      vertex 30.4136 42.1498 24
      vertex 60 49.8 24
    endloop
  endfacet
  facet normal -0 0 1
    outer loop
      vertex 27.6628 41.7547 24
      vertex 28.3352 41.3588 24
      vertex 27.6628 43.2892 24
    endloop
  endfacet
  facet normal -0 0 1
    outer loop
      vertex 4 49.8 24
      vertex 27.6628 43.2892 24
      vertex 60 49.8 24
    endloop
  endfacet
  facet normal 0 0 1
    outer loop
      vertex 26.3168 41.3588 24
      vertex 26.9893 41.7547 24
      vertex 26.9893 43.2892 24
    endloop
  endfacet
  facet normal 0 0 1
    outer loop
      vertex 26.9893 41.7547 24
      vertex 26.3168 41.3588 24
      vertex 26.8136 41.4919 24
    endloop
  endfacet
  facet normal -0 0 1
    outer loop
      vertex 24.2384 42.1498 24
      vertex 26.3168 41.3588 24
      vertex 26.9893 43.2892 24
    endloop
  endfacet
  facet normal 0 0 1
    outer loop
      vertex 26.3168 41.3588 24
      vertex 24.2384 42.1498 24
      vertex 25.8506 41.1414 24
    endloop
  endfacet
  facet normal 0 0 1
    outer loop
      vertex 25.8506 41.1414 24
      vertex 25.3235 41.0648 24
      vertex 25.4293 40.8464 24
    endloop
  endfacet
  facet normal 0 0 1
    outer loop
      vertex 25.8506 41.1414 24
      vertex 24.2384 42.1498 24
      vertex 25.3235 41.0648 24
    endloop
  endfacet
  facet normal 0 0 1
    outer loop
      vertex 0 45.8 24
      vertex 22.6228 38.2492 24
      vertex 22.6228 38.9227 24
    endloop
  endfacet
  facet normal -0 -0 1
    outer loop
      vertex 22.4947 21.8677 24
      vertex 22.7129 21.7166 24
      vertex 22.482 22.0586 24
    endloop
  endfacet
  facet normal 0 0 1
    outer loop
      vertex 22.7129 21.7166 24
      vertex 22.4947 21.8677 24
      vertex 22.6438 21.7133 24
    endloop
  endfacet
  facet normal 0 0 1
    outer loop
      vertex 22.6438 21.7133 24
      vertex 22.5262 21.768 24
      vertex 22.5671 21.7293 24
    endloop
  endfacet
  facet normal 0 0 1
    outer loop
      vertex 22.6826 23.4888 24
      vertex 22.4045 23.5643 24
      vertex 22.482 23.1047 24
    endloop
  endfacet
  facet normal 0 0 1
    outer loop
      vertex 22.6826 24.1513 24
      vertex 22.164 23.9175 24
      vertex 22.4045 23.5643 24
    endloop
  endfacet
  facet normal 0 0 1
    outer loop
      vertex 22.6826 24.1513 24
      vertex 21.7787 24.1345 24
      vertex 22.164 23.9175 24
    endloop
  endfacet
  facet normal 0 0 1
    outer loop
      vertex 23.3378 24.823 24
      vertex 21.7787 24.1345 24
      vertex 22.6826 24.1513 24
    endloop
  endfacet
  facet normal 0 0 1
    outer loop
      vertex 24.2384 35.0222 24
      vertex 17.1258 25.0161 24
      vertex 21.2737 24.2048 24
    endloop
  endfacet
  facet normal 0 0 1
    outer loop
      vertex 21.2737 24.2048 24
      vertex 17.1258 25.0161 24
      vertex 20.7713 24.1484 24
    endloop
  endfacet
  facet normal 0 -0 1
    outer loop
      vertex 18.9502 24.0971 24
      vertex 20.7713 24.1484 24
      vertex 17.1258 25.0161 24
    endloop
  endfacet
  facet normal 0 -0 1
    outer loop
      vertex 19.3784 23.7674 24
      vertex 20.378 23.9753 24
      vertex 18.9502 24.0971 24
    endloop
  endfacet
  facet normal 0 0 1
    outer loop
      vertex 20.1506 22.7594 24
      vertex 19.72 22.5235 24
      vertex 19.9105 22.4437 24
    endloop
  endfacet
  facet normal 0 0 1
    outer loop
      vertex 19.72 22.4177 24
      vertex 19.9105 22.4437 24
      vertex 19.72 22.5235 24
    endloop
  endfacet
  facet normal -0 0 1
    outer loop
      vertex 19.72 22.4177 24
      vertex 19.8322 22.02 24
      vertex 19.9105 22.4437 24
    endloop
  endfacet
  facet normal 0 -0 1
    outer loop
      vertex 19.6365 23.2348 24
      vertex 20.1045 23.6852 24
      vertex 19.3784 23.7674 24
    endloop
  endfacet
  facet normal 0 0 1
    outer loop
      vertex 19.9313 23.2005 24
      vertex 19.6365 23.2348 24
      vertex 19.72 22.5235 24
    endloop
  endfacet
  facet normal 0 0 1
    outer loop
      vertex 20.1045 23.6852 24
      vertex 19.6365 23.2348 24
      vertex 19.9313 23.2005 24
    endloop
  endfacet
  facet normal 0 0 1
    outer loop
      vertex 20.378 23.9753 24
      vertex 19.3784 23.7674 24
      vertex 20.1045 23.6852 24
    endloop
  endfacet
  facet normal 0 0 1
    outer loop
      vertex 20.7713 24.1484 24
      vertex 18.9502 24.0971 24
      vertex 20.378 23.9753 24
    endloop
  endfacet
  facet normal 0 0 1
    outer loop
      vertex 18.9502 24.0971 24
      vertex 17.1258 25.0161 24
      vertex 18.3739 24.2054 24
    endloop
  endfacet
  facet normal 0 0 1
    outer loop
      vertex 18.3739 24.2054 24
      vertex 17.1258 25.0161 24
      vertex 17.771 24.105 24
    endloop
  endfacet
  facet normal 0 0 1
    outer loop
      vertex 17.771 24.105 24
      vertex 17.1258 25.0161 24
      vertex 17.3159 23.7992 24
    endloop
  endfacet
  facet normal 0 0 1
    outer loop
      vertex 23.7622 35.4984 24
      vertex 16.1673 25.0161 24
      vertex 17.1258 25.0161 24
    endloop
  endfacet
  facet normal 0 0 1
    outer loop
      vertex 4 49.8 24
      vertex 22.6228 38.9227 24
      vertex 23.7622 41.6736 24
    endloop
  endfacet
  facet normal -0 0 1
    outer loop
      vertex 15.4662 22.9699 24
      vertex 15.704 22.8796 24
      vertex 16.1673 25.0161 24
    endloop
  endfacet
  facet normal 0 0 1
    outer loop
      vertex 15.704 22.8796 24
      vertex 15.5414 22.6053 24
      vertex 15.5844 22.3608 24
    endloop
  endfacet
  facet normal 0 0 1
    outer loop
      vertex 15.704 22.8796 24
      vertex 15.4662 22.9699 24
      vertex 15.5414 22.6053 24
    endloop
  endfacet
  facet normal 0 0 1
    outer loop
      vertex 16.1673 25.0161 24
      vertex 14.9806 25.0161 24
      vertex 15.4662 22.9699 24
    endloop
  endfacet
  facet normal 0 0 1
    outer loop
      vertex 23.7622 35.4984 24
      vertex 14.9806 25.0161 24
      vertex 16.1673 25.0161 24
    endloop
  endfacet
  facet normal 0 0 1
    outer loop
      vertex 22.6228 38.2492 24
      vertex 13.9811 25.0161 24
      vertex 14.9806 25.0161 24
    endloop
  endfacet
  facet normal 0 0 1
    outer loop
      vertex 13.4388 22.6667 24
      vertex 13.3294 22.5463 24
      vertex 13.3718 22.3435 24
    endloop
  endfacet
  facet normal 0 0 1
    outer loop
      vertex 13.606 23.4065 24
      vertex 13.3294 22.5463 24
      vertex 13.4388 22.6667 24
    endloop
  endfacet
  facet normal -0 0 1
    outer loop
      vertex 12.7758 25.0161 24
      vertex 13.606 23.4065 24
      vertex 13.9811 25.0161 24
    endloop
  endfacet
  facet normal 0 0 1
    outer loop
      vertex 13.606 23.4065 24
      vertex 12.7758 25.0161 24
      vertex 13.3294 22.5463 24
    endloop
  endfacet
  facet normal 0 0 1
    outer loop
      vertex 22.6228 38.2492 24
      vertex 12.7758 25.0161 24
      vertex 13.9811 25.0161 24
    endloop
  endfacet
  facet normal 0 0 1
    outer loop
      vertex 22.6228 38.2492 24
      vertex 11.8177 25.0161 24
      vertex 12.7758 25.0161 24
    endloop
  endfacet
  facet normal 0 0 1
    outer loop
      vertex 22.6228 38.9227 24
      vertex 4 49.8 24
      vertex 0 45.8 24
    endloop
  endfacet
  facet normal 0 0 1
    outer loop
      vertex 24.2384 42.1498 24
      vertex 4 49.8 24
      vertex 23.7622 41.6736 24
    endloop
  endfacet
  facet normal 0 0 1
    outer loop
      vertex 26.9893 43.2892 24
      vertex 4 49.8 24
      vertex 24.2384 42.1498 24
    endloop
  endfacet
  facet normal 0 0 1
    outer loop
      vertex 27.6628 43.2892 24
      vertex 4 49.8 24
      vertex 26.9893 43.2892 24
    endloop
  endfacet
  facet normal 0 0 1
    outer loop
      vertex 61.0353 0.136296 24
      vertex 60 0 24
      vertex 60.5221 0.0342197 24
    endloop
  endfacet
  facet normal -0 0 1
    outer loop
      vertex 51.0053 21.1297 24
      vertex 60 0 24
      vertex 51.9058 21.1297 24
    endloop
  endfacet
  facet normal 0 0 1
    outer loop
      vertex 50.2055 23.2888 24
      vertex 50.8881 23.3254 24
      vertex 50.5654 23.4843 24
    endloop
  endfacet
  facet normal 0 0 1
    outer loop
      vertex 50.2055 23.2888 24
      vertex 50.5654 23.4843 24
      vertex 50.3698 23.4378 24
    endloop
  endfacet
  facet normal 0 0 1
    outer loop
      vertex 50.8881 23.3254 24
      vertex 50.2055 23.2888 24
      vertex 50.0937 23.0507 24
    endloop
  endfacet
  facet normal 0 0 1
    outer loop
      vertex 51.0053 22.8061 24
      vertex 50.0937 23.0507 24
      vertex 50.0546 22.7387 24
    endloop
  endfacet
  facet normal 0 0 1
    outer loop
      vertex 51.0053 22.8061 24
      vertex 50.0546 22.7387 24
      vertex 51.0053 21.1297 24
    endloop
  endfacet
  facet normal 0 0 1
    outer loop
      vertex 51.0053 21.1297 24
      vertex 50.0546 22.7387 24
      vertex 50.0546 21.1297 24
    endloop
  endfacet
  facet normal 0 0 1
    outer loop
      vertex 51.0053 21.1297 24
      vertex 50.0546 21.1297 24
      vertex 60 0 24
    endloop
  endfacet
  facet normal -0 0 1
    outer loop
      vertex 49.1514 21.1297 24
      vertex 60 0 24
      vertex 50.0546 21.1297 24
    endloop
  endfacet
  facet normal 0 0 1
    outer loop
      vertex 48.7036 23.3034 24
      vertex 49.1497 23.6389 24
      vertex 49.1448 23.8055 24
    endloop
  endfacet
  facet normal 0 0 1
    outer loop
      vertex 48.7036 23.3034 24
      vertex 49.1448 23.8055 24
      vertex 49.138 23.9424 24
    endloop
  endfacet
  facet normal 0 0 1
    outer loop
      vertex 48.409 23.7993 24
      vertex 49.138 23.9424 24
      vertex 49.1252 24.1513 24
    endloop
  endfacet
  facet normal 0 0 1
    outer loop
      vertex 49.1514 23.4306 24
      vertex 48.7998 22.6427 24
      vertex 49.1514 21.1297 24
    endloop
  endfacet
  facet normal -0 0 1
    outer loop
      vertex 48.699 21.9944 24
      vertex 49.1514 21.1297 24
      vertex 48.7998 22.6427 24
    endloop
  endfacet
  facet normal -0 0 1
    outer loop
      vertex 48.3914 21.4948 24
      vertex 49.1514 21.1297 24
      vertex 48.699 21.9944 24
    endloop
  endfacet
  facet normal -0 0 1
    outer loop
      vertex 47.9019 21.1794 24
      vertex 49.1514 21.1297 24
      vertex 48.3914 21.4948 24
    endloop
  endfacet
  facet normal 0 0 1
    outer loop
      vertex 47.2643 21.0758 24
      vertex 49.1514 21.1297 24
      vertex 47.9019 21.1794 24
    endloop
  endfacet
  facet normal 0 0 1
    outer loop
      vertex 49.1514 21.1297 24
      vertex 47.2643 21.0758 24
      vertex 60 0 24
    endloop
  endfacet
  facet normal -0 0 1
    outer loop
      vertex 45.3537 21.1297 24
      vertex 47.2643 21.0758 24
      vertex 46.6375 21.1799 24
    endloop
  endfacet
  facet normal 0 0 1
    outer loop
      vertex 45.3537 21.1297 24
      vertex 46.6375 21.1799 24
      vertex 46.1554 21.4966 24
    endloop
  endfacet
  facet normal 0 0 1
    outer loop
      vertex 46.1556 23.7859 24
      vertex 45.3537 24.1513 24
      vertex 45.8522 23.2876 24
    endloop
  endfacet
  facet normal 0 0 1
    outer loop
      vertex 45.8522 23.2876 24
      vertex 45.3537 24.1513 24
      vertex 45.7526 22.6432 24
    endloop
  endfacet
  facet normal 0 0 1
    outer loop
      vertex 45.3537 21.1297 24
      vertex 45.7526 22.6432 24
      vertex 45.3537 24.1513 24
    endloop
  endfacet
  facet normal 0 0 1
    outer loop
      vertex 45.7526 22.6432 24
      vertex 45.3537 21.1297 24
      vertex 45.8522 21.9964 24
    endloop
  endfacet
  facet normal 0 0 1
    outer loop
      vertex 45.3537 21.1297 24
      vertex 46.1554 21.4966 24
      vertex 45.8522 21.9964 24
    endloop
  endfacet
  facet normal 0 0 1
    outer loop
      vertex 47.2643 21.0758 24
      vertex 45.3537 21.1297 24
      vertex 35.5508 15.99 24
    endloop
  endfacet
  facet normal 0 0 1
    outer loop
      vertex 35.5508 15.99 24
      vertex 45.3537 21.1297 24
      vertex 44.4505 21.1297 24
    endloop
  endfacet
  facet normal -0 0 1
    outer loop
      vertex 44.2084 21.1883 24
      vertex 44.4505 21.1297 24
      vertex 44.2084 21.8092 24
    endloop
  endfacet
  facet normal 0 0 1
    outer loop
      vertex 43.8459 21.1052 24
      vertex 44.4505 21.1297 24
      vertex 44.2084 21.1883 24
    endloop
  endfacet
  facet normal 0 0 1
    outer loop
      vertex 35.5508 15.99 24
      vertex 44.4505 21.1297 24
      vertex 43.8459 21.1052 24
    endloop
  endfacet
  facet normal 0 0 1
    outer loop
      vertex 35.5508 15.99 24
      vertex 43.8459 21.1052 24
      vertex 43.4982 21.0817 24
    endloop
  endfacet
  facet normal -0 0 1
    outer loop
      vertex 42.283 21.1174 24
      vertex 43.4982 21.0817 24
      vertex 43.183 21.1301 24
    endloop
  endfacet
  facet normal -0 0 1
    outer loop
      vertex 42.5757 21.1838 24
      vertex 43.183 21.1301 24
      vertex 42.9376 21.283 24
    endloop
  endfacet
  facet normal -0 0 1
    outer loop
      vertex 42.5757 21.7414 24
      vertex 42.7866 21.5381 24
      vertex 42.7393 21.8759 24
    endloop
  endfacet
  facet normal 0 0 1
    outer loop
      vertex 42.5757 21.1838 24
      vertex 42.7866 21.5381 24
      vertex 42.5757 21.7414 24
    endloop
  endfacet
  facet normal 0 0 1
    outer loop
      vertex 42.7866 21.5381 24
      vertex 42.5757 21.1838 24
      vertex 42.9376 21.283 24
    endloop
  endfacet
  facet normal -0 0 1
    outer loop
      vertex 42.4521 21.1539 24
      vertex 43.183 21.1301 24
      vertex 42.5757 21.1838 24
    endloop
  endfacet
  facet normal -0 0 1
    outer loop
      vertex 42.395 21.1398 24
      vertex 43.183 21.1301 24
      vertex 42.4521 21.1539 24
    endloop
  endfacet
  facet normal 0 0 1
    outer loop
      vertex 42.3394 21.1273 24
      vertex 43.183 21.1301 24
      vertex 42.395 21.1398 24
    endloop
  endfacet
  facet normal 0 0 1
    outer loop
      vertex 42.283 21.1174 24
      vertex 43.183 21.1301 24
      vertex 42.3394 21.1273 24
    endloop
  endfacet
  facet normal 0 0 1
    outer loop
      vertex 43.4982 21.0817 24
      vertex 42.283 21.1174 24
      vertex 42.2257 21.1098 24
    endloop
  endfacet
  facet normal 0 0 1
    outer loop
      vertex 43.4982 21.0817 24
      vertex 42.2257 21.1098 24
      vertex 42.165 21.1035 24
    endloop
  endfacet
  facet normal 0 0 1
    outer loop
      vertex 35.752 16.4809 24
      vertex 43.4982 21.0817 24
      vertex 42.165 21.1035 24
    endloop
  endfacet
  facet normal 0 0 1
    outer loop
      vertex 35.752 16.4809 24
      vertex 42.165 21.1035 24
      vertex 42.0972 21.0993 24
    endloop
  endfacet
  facet normal 0 0 1
    outer loop
      vertex 35.752 16.4809 24
      vertex 42.0972 21.0993 24
      vertex 42.0147 21.0979 24
    endloop
  endfacet
  facet normal 0 0 1
    outer loop
      vertex 40.4924 21.0753 24
      vertex 42.0147 21.0979 24
      vertex 41.7486 21.1354 24
    endloop
  endfacet
  facet normal -0 0 1
    outer loop
      vertex 41.0811 21.226 24
      vertex 41.7486 21.1354 24
      vertex 41.548 21.2569 24
    endloop
  endfacet
  facet normal 0 0 1
    outer loop
      vertex 41.0811 21.226 24
      vertex 41.424 21.4544 24
      vertex 41.3981 21.5682 24
    endloop
  endfacet
  facet normal 0 0 1
    outer loop
      vertex 41.0811 21.226 24
      vertex 41.548 21.2569 24
      vertex 41.424 21.4544 24
    endloop
  endfacet
  facet normal 0 0 1
    outer loop
      vertex 41.7486 21.1354 24
      vertex 41.0811 21.226 24
      vertex 40.4924 21.0753 24
    endloop
  endfacet
  facet normal 0 0 1
    outer loop
      vertex 42.0147 21.0979 24
      vertex 40.4924 21.0753 24
      vertex 35.752 16.4809 24
    endloop
  endfacet
  facet normal -0 0 1
    outer loop
      vertex 39.1425 21.1052 24
      vertex 40.4924 21.0753 24
      vertex 40.0908 21.1367 24
    endloop
  endfacet
  facet normal -0 0 1
    outer loop
      vertex 39.505 21.1883 24
      vertex 40.0908 21.1367 24
      vertex 39.783 21.3242 24
    endloop
  endfacet
  facet normal -0 0 1
    outer loop
      vertex 39.505 21.8092 24
      vertex 39.5895 21.6259 24
      vertex 39.5265 22.02 24
    endloop
  endfacet
  facet normal 0 0 1
    outer loop
      vertex 39.505 21.1883 24
      vertex 39.5895 21.6259 24
      vertex 39.505 21.8092 24
    endloop
  endfacet
  facet normal 0 0 1
    outer loop
      vertex 39.505 21.1883 24
      vertex 39.783 21.3242 24
      vertex 39.5895 21.6259 24
    endloop
  endfacet
  facet normal 0 0 1
    outer loop
      vertex 39.1425 21.1052 24
      vertex 40.0908 21.1367 24
      vertex 39.505 21.1883 24
    endloop
  endfacet
  facet normal 0 0 1
    outer loop
      vertex 40.4924 21.0753 24
      vertex 39.1425 21.1052 24
      vertex 35.8173 17.1334 24
    endloop
  endfacet
  facet normal 0 0 1
    outer loop
      vertex 35.8173 17.1334 24
      vertex 39.1425 21.1052 24
      vertex 38.7948 21.0817 24
    endloop
  endfacet
  facet normal 0 0 1
    outer loop
      vertex 35.7552 17.7931 24
      vertex 38.7948 21.0817 24
      vertex 38.4796 21.1301 24
    endloop
  endfacet
  facet normal 0 0 1
    outer loop
      vertex 37.203 21.3803 24
      vertex 38.4796 21.1301 24
      vertex 38.2342 21.283 24
    endloop
  endfacet
  facet normal 0 0 1
    outer loop
      vertex 38.0359 23.4888 24
      vertex 37.641 22.2784 24
      vertex 38.0359 21.8759 24
    endloop
  endfacet
  facet normal 0 0 1
    outer loop
      vertex 37.5329 21.7639 24
      vertex 38.0359 21.8759 24
      vertex 37.641 22.2784 24
    endloop
  endfacet
  facet normal 0 0 1
    outer loop
      vertex 38.0359 21.8759 24
      vertex 37.5329 21.7639 24
      vertex 38.0832 21.5381 24
    endloop
  endfacet
  facet normal 0 0 1
    outer loop
      vertex 37.203 21.3803 24
      vertex 38.0832 21.5381 24
      vertex 37.5329 21.7639 24
    endloop
  endfacet
  facet normal 0 0 1
    outer loop
      vertex 38.0832 21.5381 24
      vertex 37.203 21.3803 24
      vertex 38.2342 21.283 24
    endloop
  endfacet
  facet normal 0 0 1
    outer loop
      vertex 38.4796 21.1301 24
      vertex 37.203 21.3803 24
      vertex 36.6741 21.151 24
    endloop
  endfacet
  facet normal 0 0 1
    outer loop
      vertex 35.7552 17.7931 24
      vertex 38.4796 21.1301 24
      vertex 36.6741 21.151 24
    endloop
  endfacet
  facet normal 0 0 1
    outer loop
      vertex 35.5635 18.2828 24
      vertex 36.6741 21.151 24
      vertex 35.9631 21.0764 24
    endloop
  endfacet
  facet normal 0 0 1
    outer loop
      vertex 40.4924 21.0753 24
      vertex 35.8173 17.1334 24
      vertex 35.752 16.4809 24
    endloop
  endfacet
  facet normal 0 0 1
    outer loop
      vertex 43.4982 21.0817 24
      vertex 35.752 16.4809 24
      vertex 35.5508 15.99 24
    endloop
  endfacet
  facet normal 0 0 1
    outer loop
      vertex 47.2643 21.0758 24
      vertex 35.5508 15.99 24
      vertex 60 0 24
    endloop
  endfacet
  facet normal -0 0 1
    outer loop
      vertex 35.2079 15.6797 24
      vertex 60 0 24
      vertex 35.5508 15.99 24
    endloop
  endfacet
  facet normal -0 0 1
    outer loop
      vertex 34.736 15.5768 24
      vertex 60 0 24
      vertex 35.2079 15.6797 24
    endloop
  endfacet
  facet normal -0 0 1
    outer loop
      vertex 33.3091 15.6194 24
      vertex 34.736 15.5768 24
      vertex 34.2652 15.6792 24
    endloop
  endfacet
  facet normal 0 0 1
    outer loop
      vertex 34.2603 18.5906 24
      vertex 31.685 18.6458 24
      vertex 33.9189 18.2874 24
    endloop
  endfacet
  facet normal 0 0 1
    outer loop
      vertex 33.7269 17.7982 24
      vertex 33.3091 16.2249 24
      vertex 33.6649 17.1334 24
    endloop
  endfacet
  facet normal 0 0 1
    outer loop
      vertex 33.3091 16.2249 24
      vertex 33.7288 16.4787 24
      vertex 33.6649 17.1334 24
    endloop
  endfacet
  facet normal -0 0 1
    outer loop
      vertex 33.3091 16.2249 24
      vertex 33.9261 15.9882 24
      vertex 33.7288 16.4787 24
    endloop
  endfacet
  facet normal 0 0 1
    outer loop
      vertex 33.3091 15.6194 24
      vertex 33.9261 15.9882 24
      vertex 33.3091 16.2249 24
    endloop
  endfacet
  facet normal 0 0 1
    outer loop
      vertex 33.9261 15.9882 24
      vertex 33.3091 15.6194 24
      vertex 34.2652 15.6792 24
    endloop
  endfacet
  facet normal 0 0 1
    outer loop
      vertex 34.736 15.5768 24
      vertex 33.3091 15.6194 24
      vertex 60 0 24
    endloop
  endfacet
  facet normal -0 0 1
    outer loop
      vertex 32.7524 15.6194 24
      vertex 60 0 24
      vertex 33.3091 15.6194 24
    endloop
  endfacet
  facet normal 0 0 1
    outer loop
      vertex 32.4779 23.4158 24
      vertex 31.8324 21.1297 24
      vertex 32.7369 23.3704 24
    endloop
  endfacet
  facet normal 0 0 1
    outer loop
      vertex 32.7369 23.3704 24
      vertex 31.8324 21.1297 24
      vertex 34.2023 22.2428 24
    endloop
  endfacet
  facet normal 0 0 1
    outer loop
      vertex 32.7524 16.2249 24
      vertex 32.3827 16.0906 24
      vertex 32.7524 15.6194 24
    endloop
  endfacet
  facet normal 0 0 1
    outer loop
      vertex 32.3827 15.6194 24
      vertex 32.7524 15.6194 24
      vertex 32.3827 16.0906 24
    endloop
  endfacet
  facet normal -0 0 1
    outer loop
      vertex 32.3827 15.6194 24
      vertex 60 0 24
      vertex 32.7524 15.6194 24
    endloop
  endfacet
  facet normal 0 0 1
    outer loop
      vertex 4 0 24
      vertex 32.3827 15.6194 24
      vertex 30.4264 15.6194 24
    endloop
  endfacet
  facet normal 0 0 1
    outer loop
      vertex 30.4264 16.0906 24
      vertex 29.4571 15.6194 24
      vertex 30.4264 15.6194 24
    endloop
  endfacet
  facet normal 0 0 1
    outer loop
      vertex 4 0 24
      vertex 30.4264 15.6194 24
      vertex 29.4571 15.6194 24
    endloop
  endfacet
  facet normal 0 0 1
    outer loop
      vertex 4 0 24
      vertex 29.4571 15.6194 24
      vertex 28.9122 15.6194 24
    endloop
  endfacet
  facet normal 0 0 1
    outer loop
      vertex 27.5106 23.0291 24
      vertex 27.9101 21.9832 24
      vertex 27.82 22.654 24
    endloop
  endfacet
  facet normal 0 0 1
    outer loop
      vertex 27.9116 23.3068 24
      vertex 27.5106 23.0291 24
      vertex 27.82 22.654 24
    endloop
  endfacet
  facet normal 0 0 1
    outer loop
      vertex 27.9101 21.9832 24
      vertex 27.5106 23.0291 24
      vertex 27.5106 21.1297 24
    endloop
  endfacet
  facet normal 0 0 1
    outer loop
      vertex 28.6379 21.1764 24
      vertex 28.0546 17.9806 24
      vertex 28.6168 17.9806 24
    endloop
  endfacet
  facet normal -0 0 1
    outer loop
      vertex 26.6101 21.1297 24
      vertex 28.0546 17.9806 24
      vertex 27.5106 21.1297 24
    endloop
  endfacet
  facet normal -0 0 1
    outer loop
      vertex 25.6594 21.1297 24
      vertex 28.0546 17.9806 24
      vertex 26.6101 21.1297 24
    endloop
  endfacet
  facet normal 0 0 1
    outer loop
      vertex 25.8103 23.2862 24
      vertex 26.4929 23.3228 24
      vertex 26.1702 23.4816 24
    endloop
  endfacet
  facet normal 0 0 1
    outer loop
      vertex 25.8103 23.2862 24
      vertex 26.1702 23.4816 24
      vertex 25.9746 23.4352 24
    endloop
  endfacet
  facet normal 0 0 1
    outer loop
      vertex 26.4929 23.3228 24
      vertex 25.8103 23.2862 24
      vertex 25.6985 23.0481 24
    endloop
  endfacet
  facet normal 0 0 1
    outer loop
      vertex 26.6101 22.8035 24
      vertex 25.6985 23.0481 24
      vertex 25.6594 22.736 24
    endloop
  endfacet
  facet normal 0 0 1
    outer loop
      vertex 26.6101 22.8035 24
      vertex 25.6594 22.736 24
      vertex 26.6101 21.1297 24
    endloop
  endfacet
  facet normal 0 0 1
    outer loop
      vertex 25.6594 21.1297 24
      vertex 26.6101 21.1297 24
      vertex 25.6594 22.736 24
    endloop
  endfacet
  facet normal -0 0 1
    outer loop
      vertex 24.7562 21.1297 24
      vertex 28.0546 17.9806 24
      vertex 25.6594 21.1297 24
    endloop
  endfacet
  facet normal -0 0 1
    outer loop
      vertex 24.1516 21.1052 24
      vertex 28.0546 17.9806 24
      vertex 24.7562 21.1297 24
    endloop
  endfacet
  facet normal -0 0 1
    outer loop
      vertex 24.5141 21.1883 24
      vertex 24.7562 21.1297 24
      vertex 24.5141 21.8092 24
    endloop
  endfacet
  facet normal 0 0 1
    outer loop
      vertex 24.1516 21.1052 24
      vertex 24.7562 21.1297 24
      vertex 24.5141 21.1883 24
    endloop
  endfacet
  facet normal -0 0 1
    outer loop
      vertex 23.8038 21.0817 24
      vertex 28.0546 17.9806 24
      vertex 24.1516 21.1052 24
    endloop
  endfacet
  facet normal 0 0 1
    outer loop
      vertex 22.4707 21.1035 24
      vertex 28.0546 17.9806 24
      vertex 23.8038 21.0817 24
    endloop
  endfacet
  facet normal -0 0 1
    outer loop
      vertex 22.5887 21.1174 24
      vertex 23.8038 21.0817 24
      vertex 23.4886 21.1301 24
    endloop
  endfacet
  facet normal -0 0 1
    outer loop
      vertex 22.8813 21.1838 24
      vertex 23.4886 21.1301 24
      vertex 23.2433 21.283 24
    endloop
  endfacet
  facet normal -0 0 1
    outer loop
      vertex 22.8813 21.7414 24
      vertex 23.0922 21.5381 24
      vertex 23.045 21.8759 24
    endloop
  endfacet
  facet normal 0 0 1
    outer loop
      vertex 22.8813 21.1838 24
      vertex 23.0922 21.5381 24
      vertex 22.8813 21.7414 24
    endloop
  endfacet
  facet normal 0 0 1
    outer loop
      vertex 23.0922 21.5381 24
      vertex 22.8813 21.1838 24
      vertex 23.2433 21.283 24
    endloop
  endfacet
  facet normal -0 0 1
    outer loop
      vertex 22.7577 21.1539 24
      vertex 23.4886 21.1301 24
      vertex 22.8813 21.1838 24
    endloop
  endfacet
  facet normal -0 0 1
    outer loop
      vertex 22.7007 21.1398 24
      vertex 23.4886 21.1301 24
      vertex 22.7577 21.1539 24
    endloop
  endfacet
  facet normal 0 0 1
    outer loop
      vertex 22.6451 21.1273 24
      vertex 23.4886 21.1301 24
      vertex 22.7007 21.1398 24
    endloop
  endfacet
  facet normal 0 0 1
    outer loop
      vertex 22.5887 21.1174 24
      vertex 23.4886 21.1301 24
      vertex 22.6451 21.1273 24
    endloop
  endfacet
  facet normal 0 0 1
    outer loop
      vertex 23.8038 21.0817 24
      vertex 22.5887 21.1174 24
      vertex 22.5314 21.1098 24
    endloop
  endfacet
  facet normal -0 0 1
    outer loop
      vertex 22.4707 21.1035 24
      vertex 23.8038 21.0817 24
      vertex 22.5314 21.1098 24
    endloop
  endfacet
  facet normal -0 0 1
    outer loop
      vertex 22.4028 21.0993 24
      vertex 28.0546 17.9806 24
      vertex 22.4707 21.1035 24
    endloop
  endfacet
  facet normal 0 0 1
    outer loop
      vertex 28.0546 17.9806 24
      vertex 22.4028 21.0993 24
      vertex 28.9122 15.6194 24
    endloop
  endfacet
  facet normal -0 0 1
    outer loop
      vertex 22.3204 21.0979 24
      vertex 28.9122 15.6194 24
      vertex 22.4028 21.0993 24
    endloop
  endfacet
  facet normal 0 0 1
    outer loop
      vertex 20.798 21.0753 24
      vertex 22.3204 21.0979 24
      vertex 22.0542 21.1354 24
    endloop
  endfacet
  facet normal -0 0 1
    outer loop
      vertex 21.3868 21.226 24
      vertex 22.0542 21.1354 24
      vertex 21.8537 21.2569 24
    endloop
  endfacet
  facet normal 0 0 1
    outer loop
      vertex 21.3868 21.226 24
      vertex 21.7296 21.4544 24
      vertex 21.7038 21.5682 24
    endloop
  endfacet
  facet normal 0 0 1
    outer loop
      vertex 21.3868 21.226 24
      vertex 21.8537 21.2569 24
      vertex 21.7296 21.4544 24
    endloop
  endfacet
  facet normal 0 0 1
    outer loop
      vertex 22.0542 21.1354 24
      vertex 21.3868 21.226 24
      vertex 20.798 21.0753 24
    endloop
  endfacet
  facet normal 0 0 1
    outer loop
      vertex 22.3204 21.0979 24
      vertex 20.798 21.0753 24
      vertex 28.9122 15.6194 24
    endloop
  endfacet
  facet normal 0 0 1
    outer loop
      vertex 18.3658 21.0752 24
      vertex 20.798 21.0753 24
      vertex 20.3965 21.1367 24
    endloop
  endfacet
  facet normal -0 0 1
    outer loop
      vertex 19.1827 21.2803 24
      vertex 20.3965 21.1367 24
      vertex 20.0887 21.3242 24
    endloop
  endfacet
  facet normal -0 0 1
    outer loop
      vertex 19.7525 22.0012 24
      vertex 19.8952 21.6259 24
      vertex 19.8322 22.02 24
    endloop
  endfacet
  facet normal 0 0 1
    outer loop
      vertex 19.1827 21.2803 24
      vertex 19.8952 21.6259 24
      vertex 19.7525 22.0012 24
    endloop
  endfacet
  facet normal 0 0 1
    outer loop
      vertex 19.1827 21.2803 24
      vertex 20.0887 21.3242 24
      vertex 19.8952 21.6259 24
    endloop
  endfacet
  facet normal 0 0 1
    outer loop
      vertex 20.3965 21.1367 24
      vertex 19.1827 21.2803 24
      vertex 18.3658 21.0752 24
    endloop
  endfacet
  facet normal 0 0 1
    outer loop
      vertex 20.798 21.0753 24
      vertex 18.3658 21.0752 24
      vertex 28.9122 15.6194 24
    endloop
  endfacet
  facet normal -0 0 1
    outer loop
      vertex 16.1218 21.1297 24
      vertex 18.3658 21.0752 24
      vertex 17.7615 21.1764 24
    endloop
  endfacet
  facet normal 0 0 1
    outer loop
      vertex 18.3658 21.0752 24
      vertex 4 0 24
      vertex 28.9122 15.6194 24
    endloop
  endfacet
  facet normal 0 0 1
    outer loop
      vertex 16.1218 21.1297 24
      vertex 17.0337 21.9832 24
      vertex 16.9436 22.654 24
    endloop
  endfacet
  facet normal 0 0 1
    outer loop
      vertex 16.1218 21.1297 24
      vertex 17.31 21.4836 24
      vertex 17.0337 21.9832 24
    endloop
  endfacet
  facet normal 0 0 1
    outer loop
      vertex 16.1218 21.1297 24
      vertex 17.7615 21.1764 24
      vertex 17.31 21.4836 24
    endloop
  endfacet
  facet normal 0 0 1
    outer loop
      vertex 18.3658 21.0752 24
      vertex 16.1218 21.1297 24
      vertex 4 0 24
    endloop
  endfacet
  facet normal 0 0 1
    outer loop
      vertex 4 0 24
      vertex 16.1218 21.1297 24
      vertex 15.0708 21.1297 24
    endloop
  endfacet
  facet normal -0 0 1
    outer loop
      vertex 14.4481 23.6165 24
      vertex 14.5511 23.3474 24
      vertex 14.4694 23.7204 24
    endloop
  endfacet
  facet normal 0 0 1
    outer loop
      vertex 14.2872 22.919 24
      vertex 14.5511 23.3474 24
      vertex 14.4481 23.6165 24
    endloop
  endfacet
  facet normal 0 0 1
    outer loop
      vertex 14.5511 23.3474 24
      vertex 14.2872 22.919 24
      vertex 15.0708 21.1297 24
    endloop
  endfacet
  facet normal 0 0 1
    outer loop
      vertex 13.8701 21.1297 24
      vertex 15.0708 21.1297 24
      vertex 14.2872 22.919 24
    endloop
  endfacet
  facet normal 0 0 1
    outer loop
      vertex 4 0 24
      vertex 15.0708 21.1297 24
      vertex 13.8701 21.1297 24
    endloop
  endfacet
  facet normal 0 0 1
    outer loop
      vertex 4 0 24
      vertex 13.8701 21.1297 24
      vertex 12.819 21.1297 24
    endloop
  endfacet
  facet normal 0 0 1
    outer loop
      vertex 22.6228 38.2492 24
      vertex 0 45.8 24
      vertex 11.8177 25.0161 24
    endloop
  endfacet
  facet normal 0 0 1
    outer loop
      vertex 32.3827 15.6194 24
      vertex 4 0 24
      vertex 60 0 24
    endloop
  endfacet
  facet normal 0 0 1
    outer loop
      vertex 0 4 24
      vertex 11.8177 25.0161 24
      vertex 0 45.8 24
    endloop
  endfacet
  facet normal 0 0 1
    outer loop
      vertex 0 45.8 24
      vertex 4 49.8 24
      vertex 3.47789 49.7658 24
    endloop
  endfacet
  facet normal 0 0 1
    outer loop
      vertex 11.8177 25.0161 24
      vertex 0 4 24
      vertex 12.819 21.1297 24
    endloop
  endfacet
  facet normal 0 0 1
    outer loop
      vertex 0 45.8 24
      vertex 3.47789 49.7658 24
      vertex 2.96472 49.6637 24
    endloop
  endfacet
  facet normal 0 0 1
    outer loop
      vertex 12.819 21.1297 24
      vertex 0 4 24
      vertex 4 0 24
    endloop
  endfacet
  facet normal 0 0 1
    outer loop
      vertex 0 45.8 24
      vertex 2.96472 49.6637 24
      vertex 2.46927 49.4955 24
    endloop
  endfacet
  facet normal 0 0 1
    outer loop
      vertex 4 0 24
      vertex 0 4 24
      vertex 3.47789 0.0342197 24
    endloop
  endfacet
  facet normal 0 0 1
    outer loop
      vertex 0 45.8 24
      vertex 2.46927 49.4955 24
      vertex 2 49.2641 24
    endloop
  endfacet
  facet normal 0 0 1
    outer loop
      vertex 3.47789 0.0342197 24
      vertex 0 4 24
      vertex 2.96472 0.136296 24
    endloop
  endfacet
  facet normal 0 0 1
    outer loop
      vertex 0 45.8 24
      vertex 2 49.2641 24
      vertex 1.56495 48.9734 24
    endloop
  endfacet
  facet normal 0 0 1
    outer loop
      vertex 2.96472 0.136296 24
      vertex 0 4 24
      vertex 2.46927 0.304482 24
    endloop
  endfacet
  facet normal 0 0 1
    outer loop
      vertex 0 45.8 24
      vertex 1.56495 48.9734 24
      vertex 1.17157 48.6284 24
    endloop
  endfacet
  facet normal 0 0 1
    outer loop
      vertex 2.46927 0.304482 24
      vertex 0 4 24
      vertex 2 0.535898 24
    endloop
  endfacet
  facet normal 0 0 1
    outer loop
      vertex 0 45.8 24
      vertex 1.17157 48.6284 24
      vertex 0.826586 48.235 24
    endloop
  endfacet
  facet normal 0 0 1
    outer loop
      vertex 2 0.535898 24
      vertex 0 4 24
      vertex 1.56495 0.826586 24
    endloop
  endfacet
  facet normal 0 0 1
    outer loop
      vertex 0 45.8 24
      vertex 0.826586 48.235 24
      vertex 0.535898 47.8 24
    endloop
  endfacet
  facet normal 0 0 1
    outer loop
      vertex 1.56495 0.826586 24
      vertex 0 4 24
      vertex 1.17157 1.17157 24
    endloop
  endfacet
  facet normal 0 0 1
    outer loop
      vertex 0 45.8 24
      vertex 0.535898 47.8 24
      vertex 0.304482 47.3307 24
    endloop
  endfacet
  facet normal 0 0 1
    outer loop
      vertex 1.17157 1.17157 24
      vertex 0 4 24
      vertex 0.826586 1.56495 24
    endloop
  endfacet
  facet normal 0 0 1
    outer loop
      vertex 0 45.8 24
      vertex 0.304482 47.3307 24
      vertex 0.136296 46.8353 24
    endloop
  endfacet
  facet normal 0 0 1
    outer loop
      vertex 0.826586 1.56495 24
      vertex 0 4 24
      vertex 0.535898 2 24
    endloop
  endfacet
  facet normal 0 0 1
    outer loop
      vertex 0 45.8 24
      vertex 0.136296 46.8353 24
      vertex 0.0342197 46.3221 24
    endloop
  endfacet
  facet normal 0 0 1
    outer loop
      vertex 0.535898 2 24
      vertex 0 4 24
      vertex 0.304482 2.46927 24
    endloop
  endfacet
  facet normal 0 0 1
    outer loop
      vertex 0.304482 2.46927 24
      vertex 0 4 24
      vertex 0.136296 2.96472 24
    endloop
  endfacet
  facet normal 0 0 1
    outer loop
      vertex 0.136296 2.96472 24
      vertex 0 4 24
      vertex 0.0342197 3.47789 24
    endloop
  endfacet
  facet normal 0 0 1
    outer loop
      vertex 18.3626 23.5745 24
      vertex 18.7917 23.2402 24
      vertex 18.6915 23.4299 24
    endloop
  endfacet
  facet normal 0 0 1
    outer loop
      vertex 18.3626 23.5745 24
      vertex 18.6915 23.4299 24
      vertex 18.5497 23.5378 24
    endloop
  endfacet
  facet normal 0 0 1
    outer loop
      vertex 18.7917 23.2402 24
      vertex 18.3626 23.5745 24
      vertex 17.9285 23.2308 24
    endloop
  endfacet
  facet normal 0 0 1
    outer loop
      vertex 18.0231 23.4221 24
      vertex 18.3626 23.5745 24
      vertex 18.1654 23.5357 24
    endloop
  endfacet
  facet normal 0 0 1
    outer loop
      vertex 17.9285 23.2308 24
      vertex 18.3626 23.5745 24
      vertex 18.0231 23.4221 24
    endloop
  endfacet
  facet normal 0 0 1
    outer loop
      vertex 17.9019 23.0432 24
      vertex 18.7917 23.2402 24
      vertex 17.9285 23.2308 24
    endloop
  endfacet
  facet normal 0 0 1
    outer loop
      vertex 18.7917 23.2402 24
      vertex 17.9019 23.0432 24
      vertex 18.8256 23.0432 24
    endloop
  endfacet
  facet normal -0 0 1
    outer loop
      vertex 21.2822 22.4495 24
      vertex 21.5788 22.3936 24
      vertex 21.5788 22.4536 24
    endloop
  endfacet
  facet normal 0 0 1
    outer loop
      vertex 21.5788 22.3936 24
      vertex 21.2822 22.4495 24
      vertex 21.5599 22.2246 24
    endloop
  endfacet
  facet normal 0 0 1
    outer loop
      vertex 21.5599 22.2246 24
      vertex 21.2822 22.4495 24
      vertex 21.5046 22.0693 24
    endloop
  endfacet
  facet normal 0 0 1
    outer loop
      vertex 21.5046 22.0693 24
      vertex 21.2822 22.4495 24
      vertex 21.4182 21.9366 24
    endloop
  endfacet
  facet normal -0 0 1
    outer loop
      vertex 21.0699 22.4308 24
      vertex 21.4182 21.9366 24
      vertex 21.2822 22.4495 24
    endloop
  endfacet
  facet normal 0 0 1
    outer loop
      vertex 21.4182 21.9366 24
      vertex 21.0699 22.4308 24
      vertex 21.3063 21.8379 24
    endloop
  endfacet
  facet normal 0 0 1
    outer loop
      vertex 21.3063 21.8379 24
      vertex 21.0699 22.4308 24
      vertex 21.1758 21.7765 24
    endloop
  endfacet
  facet normal -0 0 1
    outer loop
      vertex 20.7687 22.0785 24
      vertex 21.1758 21.7765 24
      vertex 21.0699 22.4308 24
    endloop
  endfacet
  facet normal 0 0 1
    outer loop
      vertex 20.781 22.2014 24
      vertex 21.0699 22.4308 24
      vertex 20.9419 22.398 24
    endloop
  endfacet
  facet normal 0 0 1
    outer loop
      vertex 21.1758 21.7765 24
      vertex 20.7687 22.0785 24
      vertex 21.0334 21.7562 24
    endloop
  endfacet
  facet normal 0 0 1
    outer loop
      vertex 20.781 22.2014 24
      vertex 20.9419 22.398 24
      vertex 20.8677 22.3526 24
    endloop
  endfacet
  facet normal -0 -0 1
    outer loop
      vertex 20.789 21.9254 24
      vertex 21.0334 21.7562 24
      vertex 20.7687 22.0785 24
    endloop
  endfacet
  facet normal 0 0 1
    outer loop
      vertex 20.781 22.2014 24
      vertex 20.8677 22.3526 24
      vertex 20.815 22.2898 24
    endloop
  endfacet
  facet normal 0 0 1
    outer loop
      vertex 21.0334 21.7562 24
      vertex 20.789 21.9254 24
      vertex 20.9223 21.7758 24
    endloop
  endfacet
  facet normal 0 0 1
    outer loop
      vertex 21.0699 22.4308 24
      vertex 20.781 22.2014 24
      vertex 20.7687 22.0785 24
    endloop
  endfacet
  facet normal 0 0 1
    outer loop
      vertex 20.9223 21.7758 24
      vertex 20.789 21.9254 24
      vertex 20.8426 21.8299 24
    endloop
  endfacet
  facet normal 0 0 1
    outer loop
      vertex 29.239 23.5745 24
      vertex 29.6681 23.2402 24
      vertex 29.5679 23.4299 24
    endloop
  endfacet
  facet normal 0 0 1
    outer loop
      vertex 29.239 23.5745 24
      vertex 29.5679 23.4299 24
      vertex 29.4261 23.5378 24
    endloop
  endfacet
  facet normal 0 0 1
    outer loop
      vertex 29.6681 23.2402 24
      vertex 29.239 23.5745 24
      vertex 28.805 23.2308 24
    endloop
  endfacet
  facet normal 0 0 1
    outer loop
      vertex 28.8995 23.4221 24
      vertex 29.239 23.5745 24
      vertex 29.0419 23.5357 24
    endloop
  endfacet
  facet normal 0 0 1
    outer loop
      vertex 28.805 23.2308 24
      vertex 29.239 23.5745 24
      vertex 28.8995 23.4221 24
    endloop
  endfacet
  facet normal 0 0 1
    outer loop
      vertex 28.7784 23.0432 24
      vertex 29.6681 23.2402 24
      vertex 28.805 23.2308 24
    endloop
  endfacet
  facet normal 0 0 1
    outer loop
      vertex 29.6681 23.2402 24
      vertex 28.7784 23.0432 24
      vertex 29.7021 23.0432 24
    endloop
  endfacet
  facet normal 0 0 1
    outer loop
      vertex 34.1957 17.1337 24
      vertex 35.2844 17.1338 24
      vertex 35.2495 17.6545 24
    endloop
  endfacet
  facet normal -0 0 1
    outer loop
      vertex 34.2316 17.6592 24
      vertex 35.2495 17.6545 24
      vertex 35.1497 17.9926 24
    endloop
  endfacet
  facet normal 0 0 1
    outer loop
      vertex 35.2844 17.1338 24
      vertex 34.1957 17.1337 24
      vertex 35.2479 16.6277 24
    endloop
  endfacet
  facet normal 0 0 1
    outer loop
      vertex 34.7478 18.2292 24
      vertex 35.1497 17.9926 24
      vertex 34.9884 18.17 24
    endloop
  endfacet
  facet normal 0 -0 1
    outer loop
      vertex 34.2321 16.6199 24
      vertex 35.2479 16.6277 24
      vertex 34.1957 17.1337 24
    endloop
  endfacet
  facet normal 0 0 1
    outer loop
      vertex 35.1497 17.9926 24
      vertex 34.7478 18.2292 24
      vertex 34.334 17.9955 24
    endloop
  endfacet
  facet normal 0 0 1
    outer loop
      vertex 35.2479 16.6277 24
      vertex 34.2321 16.6199 24
      vertex 35.1428 16.2869 24
    endloop
  endfacet
  facet normal 0 -0 1
    outer loop
      vertex 34.3362 16.2812 24
      vertex 35.1428 16.2869 24
      vertex 34.2321 16.6199 24
    endloop
  endfacet
  facet normal 0 0 1
    outer loop
      vertex 34.334 17.9955 24
      vertex 34.7478 18.2292 24
      vertex 34.4997 18.1705 24
    endloop
  endfacet
  facet normal 0 -0 1
    outer loop
      vertex 34.7398 16.0403 24
      vertex 35.1428 16.2869 24
      vertex 34.3362 16.2812 24
    endloop
  endfacet
  facet normal 0 0 1
    outer loop
      vertex 35.1497 17.9926 24
      vertex 34.334 17.9955 24
      vertex 34.2316 17.6592 24
    endloop
  endfacet
  facet normal 0 0 1
    outer loop
      vertex 35.1428 16.2869 24
      vertex 34.7398 16.0403 24
      vertex 34.9769 16.1014 24
    endloop
  endfacet
  facet normal 0 0 1
    outer loop
      vertex 35.2495 17.6545 24
      vertex 34.2316 17.6592 24
      vertex 34.1957 17.1337 24
    endloop
  endfacet
  facet normal 0 0 1
    outer loop
      vertex 34.7398 16.0403 24
      vertex 34.3362 16.2812 24
      vertex 34.5014 16.1002 24
    endloop
  endfacet
  facet normal -0 0 1
    outer loop
      vertex 40.9765 22.4495 24
      vertex 41.2731 22.3936 24
      vertex 41.2731 22.4536 24
    endloop
  endfacet
  facet normal 0 0 1
    outer loop
      vertex 41.2731 22.3936 24
      vertex 40.9765 22.4495 24
      vertex 41.2542 22.2246 24
    endloop
  endfacet
  facet normal 0 0 1
    outer loop
      vertex 41.2542 22.2246 24
      vertex 40.9765 22.4495 24
      vertex 41.1989 22.0693 24
    endloop
  endfacet
  facet normal 0 0 1
    outer loop
      vertex 41.1989 22.0693 24
      vertex 40.9765 22.4495 24
      vertex 41.1125 21.9366 24
    endloop
  endfacet
  facet normal -0 0 1
    outer loop
      vertex 40.7643 22.4308 24
      vertex 41.1125 21.9366 24
      vertex 40.9765 22.4495 24
    endloop
  endfacet
  facet normal 0 0 1
    outer loop
      vertex 41.1125 21.9366 24
      vertex 40.7643 22.4308 24
      vertex 41.0007 21.8379 24
    endloop
  endfacet
  facet normal 0 0 1
    outer loop
      vertex 41.0007 21.8379 24
      vertex 40.7643 22.4308 24
      vertex 40.8701 21.7765 24
    endloop
  endfacet
  facet normal -0 0 1
    outer loop
      vertex 40.4631 22.0785 24
      vertex 40.8701 21.7765 24
      vertex 40.7643 22.4308 24
    endloop
  endfacet
  facet normal 0 0 1
    outer loop
      vertex 40.4753 22.2014 24
      vertex 40.7643 22.4308 24
      vertex 40.6362 22.398 24
    endloop
  endfacet
  facet normal 0 0 1
    outer loop
      vertex 40.8701 21.7765 24
      vertex 40.4631 22.0785 24
      vertex 40.7277 21.7562 24
    endloop
  endfacet
  facet normal 0 0 1
    outer loop
      vertex 40.4753 22.2014 24
      vertex 40.6362 22.398 24
      vertex 40.5621 22.3526 24
    endloop
  endfacet
  facet normal -0 -0 1
    outer loop
      vertex 40.4833 21.9254 24
      vertex 40.7277 21.7562 24
      vertex 40.4631 22.0785 24
    endloop
  endfacet
  facet normal 0 0 1
    outer loop
      vertex 40.4753 22.2014 24
      vertex 40.5621 22.3526 24
      vertex 40.5093 22.2898 24
    endloop
  endfacet
  facet normal 0 0 1
    outer loop
      vertex 40.7277 21.7562 24
      vertex 40.4833 21.9254 24
      vertex 40.6166 21.7758 24
    endloop
  endfacet
  facet normal 0 0 1
    outer loop
      vertex 40.7643 22.4308 24
      vertex 40.4753 22.2014 24
      vertex 40.4631 22.0785 24
    endloop
  endfacet
  facet normal 0 0 1
    outer loop
      vertex 40.6166 21.7758 24
      vertex 40.4833 21.9254 24
      vertex 40.537 21.8299 24
    endloop
  endfacet
  facet normal 0 0 1
    outer loop
      vertex 47.3011 23.53 24
      vertex 47.8212 23.0639 24
      vertex 47.7084 23.335 24
    endloop
  endfacet
  facet normal 0 0 1
    outer loop
      vertex 46.6947 22.6378 24
      vertex 47.8212 23.0639 24
      vertex 46.8523 23.3155 24
    endloop
  endfacet
  facet normal 0 0 1
    outer loop
      vertex 47.3011 23.53 24
      vertex 47.7084 23.335 24
      vertex 47.5344 23.482 24
    endloop
  endfacet
  facet normal 0 0 1
    outer loop
      vertex 47.8212 23.0639 24
      vertex 47.3011 23.53 24
      vertex 46.8523 23.3155 24
    endloop
  endfacet
  facet normal 0 -0 1
    outer loop
      vertex 46.7336 22.2409 24
      vertex 47.8605 22.6486 24
      vertex 46.6947 22.6378 24
    endloop
  endfacet
  facet normal 0 0 1
    outer loop
      vertex 47.8605 22.6486 24
      vertex 46.7336 22.2409 24
      vertex 47.701 21.9649 24
    endloop
  endfacet
  facet normal 0 0 1
    outer loop
      vertex 47.8212 23.0639 24
      vertex 46.6947 22.6378 24
      vertex 47.8605 22.6486 24
    endloop
  endfacet
  facet normal 0 -0 1
    outer loop
      vertex 46.8466 21.961 24
      vertex 47.701 21.9649 24
      vertex 46.7336 22.2409 24
    endloop
  endfacet
  facet normal 0 0 1
    outer loop
      vertex 47.701 21.9649 24
      vertex 46.8466 21.961 24
      vertex 47.2471 21.7488 24
    endloop
  endfacet
  facet normal 0 0 1
    outer loop
      vertex 47.2471 21.7488 24
      vertex 46.8466 21.961 24
      vertex 47.0197 21.8004 24
    endloop
  endfacet
  facet normal 0.0653646 0.997861 -0
    outer loop
      vertex 60.5221 49.7658 2.5
      vertex 60 49.8 24
      vertex 60.5221 49.7658 24
    endloop
  endfacet
  facet normal 0.0653646 0.997861 0
    outer loop
      vertex 60 49.8 24
      vertex 60.5221 49.7658 2.5
      vertex 60 49.8 2.5
    endloop
  endfacet
  facet normal 0 0 -1
    outer loop
      vertex 25 0 2.5
      vertex 23.5 2.4 2.5
      vertex 25 2.4 2.5
    endloop
  endfacet
  facet normal 0 0 -1
    outer loop
      vertex 25 0 2.5
      vertex 16.5 2.4 2.5
      vertex 23.5 2.4 2.5
    endloop
  endfacet
  facet normal 0 0 -1
    outer loop
      vertex 4 0 2.5
      vertex 16.5 2.4 2.5
      vertex 25 0 2.5
    endloop
  endfacet
  facet normal 0 0 -1
    outer loop
      vertex 4 0 2.5
      vertex 4 2.4 2.5
      vertex 16.5 2.4 2.5
    endloop
  endfacet
  facet normal 0 0 -1
    outer loop
      vertex 4 0 2.5
      vertex 3.79116 2.41369 2.5
      vertex 4 2.4 2.5
    endloop
  endfacet
  facet normal 0 0 -1
    outer loop
      vertex 3.47789 0.0342197 2.5
      vertex 3.79116 2.41369 2.5
      vertex 4 0 2.5
    endloop
  endfacet
  facet normal -0 0 -1
    outer loop
      vertex 3.79116 2.41369 2.5
      vertex 3.47789 0.0342197 2.5
      vertex 3.58589 2.45452 2.5
    endloop
  endfacet
  facet normal 0 0 -1
    outer loop
      vertex 2.96472 0.136296 2.5
      vertex 3.58589 2.45452 2.5
      vertex 3.47789 0.0342197 2.5
    endloop
  endfacet
  facet normal -0 0 -1
    outer loop
      vertex 3.58589 2.45452 2.5
      vertex 2.96472 0.136296 2.5
      vertex 3.38771 2.52179 2.5
    endloop
  endfacet
  facet normal 0 0 -1
    outer loop
      vertex 2.46927 0.304482 2.5
      vertex 3.38771 2.52179 2.5
      vertex 2.96472 0.136296 2.5
    endloop
  endfacet
  facet normal -0 0 -1
    outer loop
      vertex 3.38771 2.52179 2.5
      vertex 2.46927 0.304482 2.5
      vertex 3.2 2.61436 2.5
    endloop
  endfacet
  facet normal 0 0 -1
    outer loop
      vertex 2 0.535898 2.5
      vertex 3.2 2.61436 2.5
      vertex 2.46927 0.304482 2.5
    endloop
  endfacet
  facet normal -0 0 -1
    outer loop
      vertex 3.2 2.61436 2.5
      vertex 2 0.535898 2.5
      vertex 3.02598 2.73063 2.5
    endloop
  endfacet
  facet normal 0 0 -1
    outer loop
      vertex 1.56495 0.826586 2.5
      vertex 3.02598 2.73063 2.5
      vertex 2 0.535898 2.5
    endloop
  endfacet
  facet normal -0 0 -1
    outer loop
      vertex 3.02598 2.73063 2.5
      vertex 1.56495 0.826586 2.5
      vertex 2.86863 2.86863 2.5
    endloop
  endfacet
  facet normal 0 0 -1
    outer loop
      vertex 1.17157 1.17157 2.5
      vertex 2.86863 2.86863 2.5
      vertex 1.56495 0.826586 2.5
    endloop
  endfacet
  facet normal -0 0 -1
    outer loop
      vertex 2.86863 2.86863 2.5
      vertex 1.17157 1.17157 2.5
      vertex 2.73063 3.02598 2.5
    endloop
  endfacet
  facet normal 0 0 -1
    outer loop
      vertex 0.826586 1.56495 2.5
      vertex 2.73063 3.02598 2.5
      vertex 1.17157 1.17157 2.5
    endloop
  endfacet
  facet normal -0 0 -1
    outer loop
      vertex 2.73063 3.02598 2.5
      vertex 0.826586 1.56495 2.5
      vertex 2.61436 3.2 2.5
    endloop
  endfacet
  facet normal -0 0 -1
    outer loop
      vertex 2.61436 3.2 2.5
      vertex 0.535898 2 2.5
      vertex 2.52179 3.38771 2.5
    endloop
  endfacet
  facet normal 0 0 -1
    outer loop
      vertex 0.535898 2 2.5
      vertex 2.61436 3.2 2.5
      vertex 0.826586 1.56495 2.5
    endloop
  endfacet
  facet normal 0 0 -1
    outer loop
      vertex 63.9658 3.47789 2.5
      vertex 61.5863 3.79116 2.5
      vertex 61.6 4 2.5
    endloop
  endfacet
  facet normal 0 0 -1
    outer loop
      vertex 62.435 0.826586 2.5
      vertex 61.5455 3.58589 2.5
      vertex 61.5863 3.79116 2.5
    endloop
  endfacet
  facet normal 0 0 -1
    outer loop
      vertex 60.8 2.61436 2.5
      vertex 62 0.535898 2.5
      vertex 61.5307 0.304482 2.5
    endloop
  endfacet
  facet normal 0 0 -1
    outer loop
      vertex 62.435 0.826586 2.5
      vertex 61.4782 3.38771 2.5
      vertex 61.5455 3.58589 2.5
    endloop
  endfacet
  facet normal 0 0 -1
    outer loop
      vertex 62.435 0.826586 2.5
      vertex 61.3856 3.2 2.5
      vertex 61.4782 3.38771 2.5
    endloop
  endfacet
  facet normal 0 0 -1
    outer loop
      vertex 62.435 0.826586 2.5
      vertex 61.2694 3.02598 2.5
      vertex 61.3856 3.2 2.5
    endloop
  endfacet
  facet normal 0 0 -1
    outer loop
      vertex 62.435 0.826586 2.5
      vertex 61.1314 2.86863 2.5
      vertex 61.2694 3.02598 2.5
    endloop
  endfacet
  facet normal 0 0 -1
    outer loop
      vertex 60.6123 2.52179 2.5
      vertex 61.5307 0.304482 2.5
      vertex 61.0353 0.136296 2.5
    endloop
  endfacet
  facet normal 0 0 -1
    outer loop
      vertex 62.435 0.826586 2.5
      vertex 60.974 2.73063 2.5
      vertex 61.1314 2.86863 2.5
    endloop
  endfacet
  facet normal 0 0 -1
    outer loop
      vertex 62 0.535898 2.5
      vertex 60.8 2.61436 2.5
      vertex 60.974 2.73063 2.5
    endloop
  endfacet
  facet normal 0 0 -1
    outer loop
      vertex 61.5307 0.304482 2.5
      vertex 60.6123 2.52179 2.5
      vertex 60.8 2.61436 2.5
    endloop
  endfacet
  facet normal 0 0 -1
    outer loop
      vertex 60.4141 2.45452 2.5
      vertex 61.0353 0.136296 2.5
      vertex 60.5221 0.0342197 2.5
    endloop
  endfacet
  facet normal 0 0 -1
    outer loop
      vertex 61.0353 0.136296 2.5
      vertex 60.4141 2.45452 2.5
      vertex 60.6123 2.52179 2.5
    endloop
  endfacet
  facet normal 0 0 -1
    outer loop
      vertex 60.5221 0.0342197 2.5
      vertex 60.2088 2.41369 2.5
      vertex 60.4141 2.45452 2.5
    endloop
  endfacet
  facet normal 0 0 -1
    outer loop
      vertex 60 0 2.5
      vertex 60.2088 2.41369 2.5
      vertex 60.5221 0.0342197 2.5
    endloop
  endfacet
  facet normal 0 0 -1
    outer loop
      vertex 60 0 2.5
      vertex 60 2.4 2.5
      vertex 60.2088 2.41369 2.5
    endloop
  endfacet
  facet normal 0 0 -1
    outer loop
      vertex 60 0 2.5
      vertex 55.5 2.4 2.5
      vertex 60 2.4 2.5
    endloop
  endfacet
  facet normal 0 0 -1
    outer loop
      vertex 60 0 2.5
      vertex 48.5 2.4 2.5
      vertex 55.5 2.4 2.5
    endloop
  endfacet
  facet normal 0 0 -1
    outer loop
      vertex 39 0 2.5
      vertex 48.5 2.4 2.5
      vertex 60 0 2.5
    endloop
  endfacet
  facet normal -0 0 -1
    outer loop
      vertex 48.5 2.4 2.5
      vertex 39 0 2.5
      vertex 39 2.4 2.5
    endloop
  endfacet
  facet normal 0 0 -1
    outer loop
      vertex 61.6 15.5 2.5
      vertex 62.7 34.3 2.5
      vertex 62.7 15.5 2.5
    endloop
  endfacet
  facet normal -0 0 -1
    outer loop
      vertex 62.7 34.3 2.5
      vertex 61.6 15.5 2.5
      vertex 61.6 34.3 2.5
    endloop
  endfacet
  facet normal 0 0 -1
    outer loop
      vertex 61.6 4 2.5
      vertex 64 4 2.5
      vertex 63.9658 3.47789 2.5
    endloop
  endfacet
  facet normal 0 0 -1
    outer loop
      vertex 64 4 2.5
      vertex 62.7 15.5 2.5
      vertex 64 45.8 2.5
    endloop
  endfacet
  facet normal 0 0 -1
    outer loop
      vertex 61.5863 3.79116 2.5
      vertex 63.9658 3.47789 2.5
      vertex 63.8637 2.96472 2.5
    endloop
  endfacet
  facet normal 0 0 -1
    outer loop
      vertex 62.7 34.3 2.5
      vertex 64 45.8 2.5
      vertex 62.7 15.5 2.5
    endloop
  endfacet
  facet normal 0 0 -1
    outer loop
      vertex 61.5863 3.79116 2.5
      vertex 63.8637 2.96472 2.5
      vertex 63.6955 2.46927 2.5
    endloop
  endfacet
  facet normal 0 0 -1
    outer loop
      vertex 62.7 41.3 2.5
      vertex 64 45.8 2.5
      vertex 62.7 34.3 2.5
    endloop
  endfacet
  facet normal 0 0 -1
    outer loop
      vertex 61.5863 3.79116 2.5
      vertex 63.6955 2.46927 2.5
      vertex 63.4641 2 2.5
    endloop
  endfacet
  facet normal 0 0 -1
    outer loop
      vertex 61.6 45.8 2.5
      vertex 64 45.8 2.5
      vertex 62.7 41.3 2.5
    endloop
  endfacet
  facet normal 0 0 -1
    outer loop
      vertex 61.5863 3.79116 2.5
      vertex 63.4641 2 2.5
      vertex 63.1734 1.56495 2.5
    endloop
  endfacet
  facet normal 0 0 -1
    outer loop
      vertex 64 45.8 2.5
      vertex 61.6 45.8 2.5
      vertex 63.9658 46.3221 2.5
    endloop
  endfacet
  facet normal 0 0 -1
    outer loop
      vertex 61.5863 3.79116 2.5
      vertex 63.1734 1.56495 2.5
      vertex 62.8284 1.17157 2.5
    endloop
  endfacet
  facet normal 0 0 -1
    outer loop
      vertex 61.5863 46.0088 2.5
      vertex 63.9658 46.3221 2.5
      vertex 61.6 45.8 2.5
    endloop
  endfacet
  facet normal 0 0 -1
    outer loop
      vertex 64 4 2.5
      vertex 62.7 8.5 2.5
      vertex 62.7 15.5 2.5
    endloop
  endfacet
  facet normal 0 0 -1
    outer loop
      vertex 61.5863 3.79116 2.5
      vertex 62.8284 1.17157 2.5
      vertex 62.435 0.826586 2.5
    endloop
  endfacet
  facet normal 0 0 -1
    outer loop
      vertex 60.974 2.73063 2.5
      vertex 62.435 0.826586 2.5
      vertex 62 0.535898 2.5
    endloop
  endfacet
  facet normal 0 0 -1
    outer loop
      vertex 64 4 2.5
      vertex 61.6 4 2.5
      vertex 62.7 8.5 2.5
    endloop
  endfacet
  facet normal -0 0 -1
    outer loop
      vertex 62.7 8.5 2.5
      vertex 61.6 4 2.5
      vertex 61.6 8.5 2.5
    endloop
  endfacet
  facet normal -0 0 -1
    outer loop
      vertex 63.9658 46.3221 2.5
      vertex 61.5863 46.0088 2.5
      vertex 63.8637 46.8353 2.5
    endloop
  endfacet
  facet normal 0 0 -1
    outer loop
      vertex 61.5455 46.2141 2.5
      vertex 63.8637 46.8353 2.5
      vertex 61.5863 46.0088 2.5
    endloop
  endfacet
  facet normal -0 0 -1
    outer loop
      vertex 63.8637 46.8353 2.5
      vertex 61.5455 46.2141 2.5
      vertex 63.6955 47.3307 2.5
    endloop
  endfacet
  facet normal 0 0 -1
    outer loop
      vertex 61.4782 46.4123 2.5
      vertex 63.6955 47.3307 2.5
      vertex 61.5455 46.2141 2.5
    endloop
  endfacet
  facet normal -0 0 -1
    outer loop
      vertex 63.6955 47.3307 2.5
      vertex 61.4782 46.4123 2.5
      vertex 63.4641 47.8 2.5
    endloop
  endfacet
  facet normal 0 0 -1
    outer loop
      vertex 61.6 45.8 2.5
      vertex 62.7 41.3 2.5
      vertex 61.6 41.3 2.5
    endloop
  endfacet
  facet normal 0 0 -1
    outer loop
      vertex 61.3856 46.6 2.5
      vertex 63.4641 47.8 2.5
      vertex 61.4782 46.4123 2.5
    endloop
  endfacet
  facet normal -0 0 -1
    outer loop
      vertex 63.4641 47.8 2.5
      vertex 61.3856 46.6 2.5
      vertex 63.1734 48.235 2.5
    endloop
  endfacet
  facet normal 0 0 -1
    outer loop
      vertex 61.2694 46.774 2.5
      vertex 63.1734 48.235 2.5
      vertex 61.3856 46.6 2.5
    endloop
  endfacet
  facet normal -0 0 -1
    outer loop
      vertex 63.1734 48.235 2.5
      vertex 61.2694 46.774 2.5
      vertex 62.8284 48.6284 2.5
    endloop
  endfacet
  facet normal 0 0 -1
    outer loop
      vertex 61.1314 46.9314 2.5
      vertex 62.8284 48.6284 2.5
      vertex 61.2694 46.774 2.5
    endloop
  endfacet
  facet normal -0 0 -1
    outer loop
      vertex 62.8284 48.6284 2.5
      vertex 61.1314 46.9314 2.5
      vertex 62.435 48.9734 2.5
    endloop
  endfacet
  facet normal 0 0 -1
    outer loop
      vertex 60.974 47.0694 2.5
      vertex 62.435 48.9734 2.5
      vertex 61.1314 46.9314 2.5
    endloop
  endfacet
  facet normal -0 0 -1
    outer loop
      vertex 62.435 48.9734 2.5
      vertex 60.974 47.0694 2.5
      vertex 62 49.2641 2.5
    endloop
  endfacet
  facet normal 0 0 -1
    outer loop
      vertex 60.8 47.1856 2.5
      vertex 62 49.2641 2.5
      vertex 60.974 47.0694 2.5
    endloop
  endfacet
  facet normal -0 0 -1
    outer loop
      vertex 62 49.2641 2.5
      vertex 60.8 47.1856 2.5
      vertex 61.5307 49.4955 2.5
    endloop
  endfacet
  facet normal 0 0 -1
    outer loop
      vertex 60.6123 47.2782 2.5
      vertex 61.5307 49.4955 2.5
      vertex 60.8 47.1856 2.5
    endloop
  endfacet
  facet normal -0 0 -1
    outer loop
      vertex 61.5307 49.4955 2.5
      vertex 60.6123 47.2782 2.5
      vertex 61.0353 49.6637 2.5
    endloop
  endfacet
  facet normal 0 0 -1
    outer loop
      vertex 60.4141 47.3455 2.5
      vertex 61.0353 49.6637 2.5
      vertex 60.6123 47.2782 2.5
    endloop
  endfacet
  facet normal -0 0 -1
    outer loop
      vertex 61.0353 49.6637 2.5
      vertex 60.4141 47.3455 2.5
      vertex 60.5221 49.7658 2.5
    endloop
  endfacet
  facet normal 0 0 -1
    outer loop
      vertex 60.2088 47.3863 2.5
      vertex 60.5221 49.7658 2.5
      vertex 60.4141 47.3455 2.5
    endloop
  endfacet
  facet normal 0 0 -1
    outer loop
      vertex 60 47.4 2.5
      vertex 60.5221 49.7658 2.5
      vertex 60.2088 47.3863 2.5
    endloop
  endfacet
  facet normal 0 0 -1
    outer loop
      vertex 60 47.4 2.5
      vertex 60 49.8 2.5
      vertex 60.5221 49.7658 2.5
    endloop
  endfacet
  facet normal 0 0 -1
    outer loop
      vertex 60 47.4 2.5
      vertex 4 49.8 2.5
      vertex 60 49.8 2.5
    endloop
  endfacet
  facet normal 0 0 -1
    outer loop
      vertex 4 47.4 2.5
      vertex 4 49.8 2.5
      vertex 60 47.4 2.5
    endloop
  endfacet
  facet normal 0 0 -1
    outer loop
      vertex 3.79116 47.3863 2.5
      vertex 4 49.8 2.5
      vertex 4 47.4 2.5
    endloop
  endfacet
  facet normal 0 0 -1
    outer loop
      vertex 3.47789 49.7658 2.5
      vertex 3.79116 47.3863 2.5
      vertex 3.58589 47.3455 2.5
    endloop
  endfacet
  facet normal 0 0 -1
    outer loop
      vertex 3.79116 47.3863 2.5
      vertex 3.47789 49.7658 2.5
      vertex 4 49.8 2.5
    endloop
  endfacet
  facet normal 0 0 -1
    outer loop
      vertex 2.96472 49.6637 2.5
      vertex 3.58589 47.3455 2.5
      vertex 3.38771 47.2782 2.5
    endloop
  endfacet
  facet normal 0 0 -1
    outer loop
      vertex 2.46927 49.4955 2.5
      vertex 3.38771 47.2782 2.5
      vertex 3.2 47.1856 2.5
    endloop
  endfacet
  facet normal 0 0 -1
    outer loop
      vertex 2 49.2641 2.5
      vertex 3.2 47.1856 2.5
      vertex 3.02598 47.0694 2.5
    endloop
  endfacet
  facet normal 0 0 -1
    outer loop
      vertex 3.58589 47.3455 2.5
      vertex 2.96472 49.6637 2.5
      vertex 3.47789 49.7658 2.5
    endloop
  endfacet
  facet normal 0 0 -1
    outer loop
      vertex 1.56495 48.9734 2.5
      vertex 3.02598 47.0694 2.5
      vertex 2.86863 46.9314 2.5
    endloop
  endfacet
  facet normal 0 0 -1
    outer loop
      vertex 1.17157 48.6284 2.5
      vertex 2.86863 46.9314 2.5
      vertex 2.73063 46.774 2.5
    endloop
  endfacet
  facet normal 0 0 -1
    outer loop
      vertex 0.826586 48.235 2.5
      vertex 2.73063 46.774 2.5
      vertex 2.61436 46.6 2.5
    endloop
  endfacet
  facet normal 0 0 -1
    outer loop
      vertex 0.535898 47.8 2.5
      vertex 2.61436 46.6 2.5
      vertex 2.52179 46.4123 2.5
    endloop
  endfacet
  facet normal 0 0 -1
    outer loop
      vertex 3.38771 47.2782 2.5
      vertex 2.46927 49.4955 2.5
      vertex 2.96472 49.6637 2.5
    endloop
  endfacet
  facet normal 0 0 -1
    outer loop
      vertex 0.304482 47.3307 2.5
      vertex 2.52179 46.4123 2.5
      vertex 2.45452 46.2141 2.5
    endloop
  endfacet
  facet normal 0 0 -1
    outer loop
      vertex 0.136296 46.8353 2.5
      vertex 2.45452 46.2141 2.5
      vertex 2.41369 46.0088 2.5
    endloop
  endfacet
  facet normal 0 0 -1
    outer loop
      vertex 0.0342197 46.3221 2.5
      vertex 2.41369 46.0088 2.5
      vertex 2.4 45.8 2.5
    endloop
  endfacet
  facet normal 0 0 -1
    outer loop
      vertex 3.2 47.1856 2.5
      vertex 2 49.2641 2.5
      vertex 2.46927 49.4955 2.5
    endloop
  endfacet
  facet normal 0 0 -1
    outer loop
      vertex 2.4 4 2.5
      vertex 0 4 2.5
      vertex 2.4 45.8 2.5
    endloop
  endfacet
  facet normal 0 0 -1
    outer loop
      vertex 0.304482 2.46927 2.5
      vertex 2.52179 3.38771 2.5
      vertex 0.535898 2 2.5
    endloop
  endfacet
  facet normal 0 0 -1
    outer loop
      vertex 0 45.8 2.5
      vertex 2.4 45.8 2.5
      vertex 0 4 2.5
    endloop
  endfacet
  facet normal -0 0 -1
    outer loop
      vertex 2.52179 3.38771 2.5
      vertex 0.304482 2.46927 2.5
      vertex 2.45452 3.58589 2.5
    endloop
  endfacet
  facet normal 0 -0 -1
    outer loop
      vertex 0.0342197 46.3221 2.5
      vertex 2.4 45.8 2.5
      vertex 0 45.8 2.5
    endloop
  endfacet
  facet normal 0 0 -1
    outer loop
      vertex 0.136296 2.96472 2.5
      vertex 2.45452 3.58589 2.5
      vertex 0.304482 2.46927 2.5
    endloop
  endfacet
  facet normal 0 0 -1
    outer loop
      vertex 3.02598 47.0694 2.5
      vertex 1.56495 48.9734 2.5
      vertex 2 49.2641 2.5
    endloop
  endfacet
  facet normal -0 0 -1
    outer loop
      vertex 2.45452 3.58589 2.5
      vertex 0.136296 2.96472 2.5
      vertex 2.41369 3.79116 2.5
    endloop
  endfacet
  facet normal 0 0 -1
    outer loop
      vertex 2.86863 46.9314 2.5
      vertex 1.17157 48.6284 2.5
      vertex 1.56495 48.9734 2.5
    endloop
  endfacet
  facet normal 0 0 -1
    outer loop
      vertex 0.0342197 3.47789 2.5
      vertex 2.41369 3.79116 2.5
      vertex 0.136296 2.96472 2.5
    endloop
  endfacet
  facet normal 0 0 -1
    outer loop
      vertex 2.73063 46.774 2.5
      vertex 0.826586 48.235 2.5
      vertex 1.17157 48.6284 2.5
    endloop
  endfacet
  facet normal -0 0 -1
    outer loop
      vertex 2.41369 3.79116 2.5
      vertex 0.0342197 3.47789 2.5
      vertex 2.4 4 2.5
    endloop
  endfacet
  facet normal 0 0 -1
    outer loop
      vertex 2.61436 46.6 2.5
      vertex 0.535898 47.8 2.5
      vertex 0.826586 48.235 2.5
    endloop
  endfacet
  facet normal -0 0 -1
    outer loop
      vertex 2.4 4 2.5
      vertex 0.0342197 3.47789 2.5
      vertex 0 4 2.5
    endloop
  endfacet
  facet normal 0 0 -1
    outer loop
      vertex 2.52179 46.4123 2.5
      vertex 0.304482 47.3307 2.5
      vertex 0.535898 47.8 2.5
    endloop
  endfacet
  facet normal 0 0 -1
    outer loop
      vertex 2.45452 46.2141 2.5
      vertex 0.136296 46.8353 2.5
      vertex 0.304482 47.3307 2.5
    endloop
  endfacet
  facet normal 0 0 -1
    outer loop
      vertex 2.41369 46.0088 2.5
      vertex 0.0342197 46.3221 2.5
      vertex 0.136296 46.8353 2.5
    endloop
  endfacet
  facet normal -0 0 1
    outer loop
      vertex 16.5 3.5 2.5
      vertex 23.5 2.4 2.5
      vertex 23.5 3.5 2.5
    endloop
  endfacet
  facet normal 0 0 1
    outer loop
      vertex 23.5 2.4 2.5
      vertex 16.5 3.5 2.5
      vertex 16.5 2.4 2.5
    endloop
  endfacet
  facet normal -0 0 1
    outer loop
      vertex 48.5 3.5 2.5
      vertex 55.5 2.4 2.5
      vertex 55.5 3.5 2.5
    endloop
  endfacet
  facet normal 0 0 1
    outer loop
      vertex 55.5 2.4 2.5
      vertex 48.5 3.5 2.5
      vertex 48.5 2.4 2.5
    endloop
  endfacet
  facet normal -0 0 1
    outer loop
      vertex 60.5 15.5 2.5
      vertex 61.6 8.5 2.5
      vertex 61.6 15.5 2.5
    endloop
  endfacet
  facet normal 0 0 1
    outer loop
      vertex 61.6 8.5 2.5
      vertex 60.5 15.5 2.5
      vertex 60.5 8.5 2.5
    endloop
  endfacet
  facet normal -0 0 1
    outer loop
      vertex 60.5 41.3 2.5
      vertex 61.6 34.3 2.5
      vertex 61.6 41.3 2.5
    endloop
  endfacet
  facet normal 0 0 1
    outer loop
      vertex 61.6 34.3 2.5
      vertex 60.5 41.3 2.5
      vertex 60.5 34.3 2.5
    endloop
  endfacet
  facet normal -1 0 0
    outer loop
      vertex 38 47.4 9.50833
      vertex 38 49.8 10.3583
      vertex 38 49.8 9.50833
    endloop
  endfacet
  facet normal -1 -0 0
    outer loop
      vertex 38 49.8 10.3583
      vertex 38 47.4 9.50833
      vertex 38 47.4 10.3583
    endloop
  endfacet
  facet normal 0 0 -1
    outer loop
      vertex 26 47.4 10.3583
      vertex 38 49.8 10.3583
      vertex 38 47.4 10.3583
    endloop
  endfacet
  facet normal -0 0 -1
    outer loop
      vertex 38 49.8 10.3583
      vertex 26 47.4 10.3583
      vertex 26 49.8 10.3583
    endloop
  endfacet
  facet normal -0 0 1
    outer loop
      vertex 26 49.8 9.50833
      vertex 38 47.4 9.50833
      vertex 38 49.8 9.50833
    endloop
  endfacet
  facet normal 0 0 1
    outer loop
      vertex 38 47.4 9.50833
      vertex 26 49.8 9.50833
      vertex 26 47.4 9.50833
    endloop
  endfacet
  facet normal 1 -0 0
    outer loop
      vertex 26 47.4 10.3583
      vertex 26 49.8 9.50833
      vertex 26 49.8 10.3583
    endloop
  endfacet
  facet normal 1 0 0
    outer loop
      vertex 26 49.8 9.50833
      vertex 26 47.4 10.3583
      vertex 26 47.4 9.50833
    endloop
  endfacet
  facet normal -1 0 0
    outer loop
      vertex 38 47.4 10.8417
      vertex 38 49.8 11.6917
      vertex 38 49.8 10.8417
    endloop
  endfacet
  facet normal -1 -0 0
    outer loop
      vertex 38 49.8 11.6917
      vertex 38 47.4 10.8417
      vertex 38 47.4 11.6917
    endloop
  endfacet
  facet normal 0 0 -1
    outer loop
      vertex 26 47.4 11.6917
      vertex 38 49.8 11.6917
      vertex 38 47.4 11.6917
    endloop
  endfacet
  facet normal -0 0 -1
    outer loop
      vertex 38 49.8 11.6917
      vertex 26 47.4 11.6917
      vertex 26 49.8 11.6917
    endloop
  endfacet
  facet normal -0 0 1
    outer loop
      vertex 26 49.8 10.8417
      vertex 38 47.4 10.8417
      vertex 38 49.8 10.8417
    endloop
  endfacet
  facet normal 0 0 1
    outer loop
      vertex 38 47.4 10.8417
      vertex 26 49.8 10.8417
      vertex 26 47.4 10.8417
    endloop
  endfacet
  facet normal 1 -0 0
    outer loop
      vertex 26 47.4 11.6917
      vertex 26 49.8 10.8417
      vertex 26 49.8 11.6917
    endloop
  endfacet
  facet normal 1 0 0
    outer loop
      vertex 26 49.8 10.8417
      vertex 26 47.4 11.6917
      vertex 26 47.4 10.8417
    endloop
  endfacet
  facet normal -1 0 0
    outer loop
      vertex 38 47.4 12.175
      vertex 38 49.8 13.025
      vertex 38 49.8 12.175
    endloop
  endfacet
  facet normal -1 -0 0
    outer loop
      vertex 38 49.8 13.025
      vertex 38 47.4 12.175
      vertex 38 47.4 13.025
    endloop
  endfacet
  facet normal 0 0 -1
    outer loop
      vertex 26 47.4 13.025
      vertex 38 49.8 13.025
      vertex 38 47.4 13.025
    endloop
  endfacet
  facet normal -0 0 -1
    outer loop
      vertex 38 49.8 13.025
      vertex 26 47.4 13.025
      vertex 26 49.8 13.025
    endloop
  endfacet
  facet normal -0 0 1
    outer loop
      vertex 26 49.8 12.175
      vertex 38 47.4 12.175
      vertex 38 49.8 12.175
    endloop
  endfacet
  facet normal 0 0 1
    outer loop
      vertex 38 47.4 12.175
      vertex 26 49.8 12.175
      vertex 26 47.4 12.175
    endloop
  endfacet
  facet normal 1 -0 0
    outer loop
      vertex 26 47.4 13.025
      vertex 26 49.8 12.175
      vertex 26 49.8 13.025
    endloop
  endfacet
  facet normal 1 0 0
    outer loop
      vertex 26 49.8 12.175
      vertex 26 47.4 13.025
      vertex 26 47.4 12.175
    endloop
  endfacet
  facet normal -1 0 0
    outer loop
      vertex 38 47.4 13.5083
      vertex 38 49.8 14.3583
      vertex 38 49.8 13.5083
    endloop
  endfacet
  facet normal -1 -0 0
    outer loop
      vertex 38 49.8 14.3583
      vertex 38 47.4 13.5083
      vertex 38 47.4 14.3583
    endloop
  endfacet
  facet normal 0 0 -1
    outer loop
      vertex 26 47.4 14.3583
      vertex 38 49.8 14.3583
      vertex 38 47.4 14.3583
    endloop
  endfacet
  facet normal -0 0 -1
    outer loop
      vertex 38 49.8 14.3583
      vertex 26 47.4 14.3583
      vertex 26 49.8 14.3583
    endloop
  endfacet
  facet normal -0 0 1
    outer loop
      vertex 26 49.8 13.5083
      vertex 38 47.4 13.5083
      vertex 38 49.8 13.5083
    endloop
  endfacet
  facet normal 0 0 1
    outer loop
      vertex 38 47.4 13.5083
      vertex 26 49.8 13.5083
      vertex 26 47.4 13.5083
    endloop
  endfacet
  facet normal 1 -0 0
    outer loop
      vertex 26 47.4 14.3583
      vertex 26 49.8 13.5083
      vertex 26 49.8 14.3583
    endloop
  endfacet
  facet normal 1 0 0
    outer loop
      vertex 26 49.8 13.5083
      vertex 26 47.4 14.3583
      vertex 26 47.4 13.5083
    endloop
  endfacet
  facet normal -1 0 0
    outer loop
      vertex 38 47.4 14.8417
      vertex 38 49.8 15.6917
      vertex 38 49.8 14.8417
    endloop
  endfacet
  facet normal -1 -0 0
    outer loop
      vertex 38 49.8 15.6917
      vertex 38 47.4 14.8417
      vertex 38 47.4 15.6917
    endloop
  endfacet
  facet normal 0 0 -1
    outer loop
      vertex 26 47.4 15.6917
      vertex 38 49.8 15.6917
      vertex 38 47.4 15.6917
    endloop
  endfacet
  facet normal -0 0 -1
    outer loop
      vertex 38 49.8 15.6917
      vertex 26 47.4 15.6917
      vertex 26 49.8 15.6917
    endloop
  endfacet
  facet normal -0 0 1
    outer loop
      vertex 26 49.8 14.8417
      vertex 38 47.4 14.8417
      vertex 38 49.8 14.8417
    endloop
  endfacet
  facet normal 0 0 1
    outer loop
      vertex 38 47.4 14.8417
      vertex 26 49.8 14.8417
      vertex 26 47.4 14.8417
    endloop
  endfacet
  facet normal 1 -0 0
    outer loop
      vertex 26 47.4 15.6917
      vertex 26 49.8 14.8417
      vertex 26 49.8 15.6917
    endloop
  endfacet
  facet normal 1 0 0
    outer loop
      vertex 26 49.8 14.8417
      vertex 26 47.4 15.6917
      vertex 26 47.4 14.8417
    endloop
  endfacet
  facet normal 0 0 -1
    outer loop
      vertex 0 11.1 13.4
      vertex 1.6 21.7 13.4
      vertex 1.6 11.1 13.4
    endloop
  endfacet
  facet normal -0 0 -1
    outer loop
      vertex 1.6 21.7 13.4
      vertex 0 11.1 13.4
      vertex 0 21.7 13.4
    endloop
  endfacet
  facet normal -0 0 1
    outer loop
      vertex 0 21.7 9.4
      vertex 1.6 11.1 9.4
      vertex 1.6 21.7 9.4
    endloop
  endfacet
  facet normal 0 0 1
    outer loop
      vertex 1.6 11.1 9.4
      vertex 0 21.7 9.4
      vertex 0 11.1 9.4
    endloop
  endfacet
  facet normal 0 -1 0
    outer loop
      vertex 0 21.7 9.4
      vertex 1.6 21.7 13.4
      vertex 0 21.7 13.4
    endloop
  endfacet
  facet normal 0 -1 -0
    outer loop
      vertex 1.6 21.7 13.4
      vertex 0 21.7 9.4
      vertex 1.6 21.7 9.4
    endloop
  endfacet
  facet normal 0 1 -0
    outer loop
      vertex 1.6 11.1 9.4
      vertex 0 11.1 13.4
      vertex 1.6 11.1 13.4
    endloop
  endfacet
  facet normal 0 1 0
    outer loop
      vertex 0 11.1 13.4
      vertex 1.6 11.1 9.4
      vertex 0 11.1 9.4
    endloop
  endfacet
  facet normal 0 0 -1
    outer loop
      vertex 1.6 9.9 14.4
      vertex 2.4 22.9 14.4
      vertex 2.4 9.9 14.4
    endloop
  endfacet
  facet normal -0 0 -1
    outer loop
      vertex 2.4 22.9 14.4
      vertex 1.6 9.9 14.4
      vertex 1.6 22.9 14.4
    endloop
  endfacet
  facet normal -0 0 1
    outer loop
      vertex 1.6 22.9 8.4
      vertex 2.4 9.9 8.4
      vertex 2.4 22.9 8.4
    endloop
  endfacet
  facet normal 0 0 1
    outer loop
      vertex 2.4 9.9 8.4
      vertex 1.6 22.9 8.4
      vertex 1.6 9.9 8.4
    endloop
  endfacet
  facet normal 1 0 0
    outer loop
      vertex 1.6 22.9 14.4
      vertex 1.6 21.7 13.4
      vertex 1.6 22.9 8.4
    endloop
  endfacet
  facet normal 1 0 0
    outer loop
      vertex 1.6 22.9 14.4
      vertex 1.6 11.1 13.4
      vertex 1.6 21.7 13.4
    endloop
  endfacet
  facet normal 1 0 0
    outer loop
      vertex 1.6 11.1 13.4
      vertex 1.6 9.9 14.4
      vertex 1.6 11.1 9.4
    endloop
  endfacet
  facet normal 1 -0 0
    outer loop
      vertex 1.6 9.9 14.4
      vertex 1.6 11.1 13.4
      vertex 1.6 22.9 14.4
    endloop
  endfacet
  facet normal 1 -0 0
    outer loop
      vertex 1.6 21.7 9.4
      vertex 1.6 22.9 8.4
      vertex 1.6 21.7 13.4
    endloop
  endfacet
  facet normal 1 -0 0
    outer loop
      vertex 1.6 11.1 9.4
      vertex 1.6 22.9 8.4
      vertex 1.6 21.7 9.4
    endloop
  endfacet
  facet normal 1 0 0
    outer loop
      vertex 1.6 11.1 9.4
      vertex 1.6 9.9 8.4
      vertex 1.6 22.9 8.4
    endloop
  endfacet
  facet normal 1 0 0
    outer loop
      vertex 1.6 9.9 8.4
      vertex 1.6 11.1 9.4
      vertex 1.6 9.9 14.4
    endloop
  endfacet
  facet normal 0 -1 0
    outer loop
      vertex 1.6 22.9 8.4
      vertex 2.4 22.9 14.4
      vertex 1.6 22.9 14.4
    endloop
  endfacet
  facet normal 0 -1 -0
    outer loop
      vertex 2.4 22.9 14.4
      vertex 1.6 22.9 8.4
      vertex 2.4 22.9 8.4
    endloop
  endfacet
  facet normal 0 1 -0
    outer loop
      vertex 2.4 9.9 8.4
      vertex 1.6 9.9 14.4
      vertex 2.4 9.9 14.4
    endloop
  endfacet
  facet normal 0 1 0
    outer loop
      vertex 1.6 9.9 14.4
      vertex 2.4 9.9 8.4
      vertex 1.6 9.9 8.4
    endloop
  endfacet
  facet normal 0.0654122 0.997858 -0
    outer loop
      vertex 4 2.4 2.5
      vertex 3.79116 2.41369 21.61
      vertex 4 2.4 21.61
    endloop
  endfacet
  facet normal 0.0654122 0.997858 0
    outer loop
      vertex 3.79116 2.41369 21.61
      vertex 4 2.4 2.5
      vertex 3.79116 2.41369 2.5
    endloop
  endfacet
  facet normal -0.195059 0.980791 0
    outer loop
      vertex 60.4141 2.45452 2.5
      vertex 60.2088 2.41369 21.61
      vertex 60.4141 2.45452 21.61
    endloop
  endfacet
  facet normal -0.195059 0.980791 0
    outer loop
      vertex 60.2088 2.41369 21.61
      vertex 60.4141 2.45452 2.5
      vertex 60.2088 2.41369 2.5
    endloop
  endfacet
  facet normal -0.831638 0.555318 0
    outer loop
      vertex 61.2694 3.02598 2.5
      vertex 61.3856 3.2 21.61
      vertex 61.3856 3.2 2.5
    endloop
  endfacet
  facet normal -0.831638 0.555318 0
    outer loop
      vertex 61.3856 3.2 21.61
      vertex 61.2694 3.02598 2.5
      vertex 61.2694 3.02598 21.61
    endloop
  endfacet
  facet normal 0.751821 0.659367 0
    outer loop
      vertex 2.86863 2.86863 21.61
      vertex 2.73063 3.02598 2.5
      vertex 2.73063 3.02598 21.61
    endloop
  endfacet
  facet normal 0.751821 0.659367 0
    outer loop
      vertex 2.73063 3.02598 2.5
      vertex 2.86863 2.86863 21.61
      vertex 2.86863 2.86863 2.5
    endloop
  endfacet
  facet normal -0.0654722 -0.997854 0
    outer loop
      vertex 60 47.4 2.5
      vertex 60.2088 47.3863 21.61
      vertex 60 47.4 21.61
    endloop
  endfacet
  facet normal -0.0654722 -0.997854 -0
    outer loop
      vertex 60.2088 47.3863 21.61
      vertex 60 47.4 2.5
      vertex 60.2088 47.3863 2.5
    endloop
  endfacet
  facet normal 0 1 0
    outer loop
      vertex 60 2.4 21.61
      vertex 39 2.4 4.95
      vertex 4 2.4 21.61
    endloop
  endfacet
  facet normal 0 1 0
    outer loop
      vertex 55.5 2.4 2.5
      vertex 60 2.4 21.61
      vertex 60 2.4 2.5
    endloop
  endfacet
  facet normal 0 1 0
    outer loop
      vertex 48.5 2.4 2.5
      vertex 60 2.4 21.61
      vertex 55.5 2.4 2.5
    endloop
  endfacet
  facet normal 0 1 0
    outer loop
      vertex 60 2.4 21.61
      vertex 48.5 2.4 2.5
      vertex 39 2.4 4.95
    endloop
  endfacet
  facet normal 0 1 0
    outer loop
      vertex 39 2.4 4.95
      vertex 48.5 2.4 2.5
      vertex 39 2.4 2.5
    endloop
  endfacet
  facet normal 0 1 -0
    outer loop
      vertex 25 2.4 4.95
      vertex 4 2.4 21.61
      vertex 39 2.4 4.95
    endloop
  endfacet
  facet normal 0 1 0
    outer loop
      vertex 23.5 2.4 2.5
      vertex 25 2.4 4.95
      vertex 25 2.4 2.5
    endloop
  endfacet
  facet normal 0 1 0
    outer loop
      vertex 16.5 2.4 2.5
      vertex 25 2.4 4.95
      vertex 23.5 2.4 2.5
    endloop
  endfacet
  facet normal 0 1 0
    outer loop
      vertex 25 2.4 4.95
      vertex 16.5 2.4 2.5
      vertex 4 2.4 21.61
    endloop
  endfacet
  facet normal 0 1 0
    outer loop
      vertex 4 2.4 21.61
      vertex 16.5 2.4 2.5
      vertex 4 2.4 2.5
    endloop
  endfacet
  facet normal 0.555549 0.831484 -0
    outer loop
      vertex 3.2 2.61436 2.5
      vertex 3.02598 2.73063 21.61
      vertex 3.2 2.61436 21.61
    endloop
  endfacet
  facet normal 0.555549 0.831484 0
    outer loop
      vertex 3.02598 2.73063 21.61
      vertex 3.2 2.61436 2.5
      vertex 3.02598 2.73063 2.5
    endloop
  endfacet
  facet normal 1 0 0
    outer loop
      vertex 2.4 45.8 21.61
      vertex 2.4 22.9 14.4
      vertex 2.4 45.8 2.5
    endloop
  endfacet
  facet normal 1 -0 0
    outer loop
      vertex 2.4 4 21.61
      vertex 2.4 22.9 14.4
      vertex 2.4 45.8 21.61
    endloop
  endfacet
  facet normal 1 0 0
    outer loop
      vertex 2.4 4 2.5
      vertex 2.4 9.9 14.4
      vertex 2.4 4 21.61
    endloop
  endfacet
  facet normal 1 0 0
    outer loop
      vertex 2.4 22.9 14.4
      vertex 2.4 4 21.61
      vertex 2.4 9.9 14.4
    endloop
  endfacet
  facet normal 1 -0 0
    outer loop
      vertex 2.4 22.9 8.4
      vertex 2.4 45.8 2.5
      vertex 2.4 22.9 14.4
    endloop
  endfacet
  facet normal 1 0 0
    outer loop
      vertex 2.4 4 2.5
      vertex 2.4 22.9 8.4
      vertex 2.4 9.9 8.4
    endloop
  endfacet
  facet normal 1 0 0
    outer loop
      vertex 2.4 22.9 8.4
      vertex 2.4 4 2.5
      vertex 2.4 45.8 2.5
    endloop
  endfacet
  facet normal 1 0 0
    outer loop
      vertex 2.4 9.9 14.4
      vertex 2.4 4 2.5
      vertex 2.4 9.9 8.4
    endloop
  endfacet
  facet normal -0.194922 -0.980819 0
    outer loop
      vertex 60.2088 47.3863 2.5
      vertex 60.4141 47.3455 21.61
      vertex 60.2088 47.3863 21.61
    endloop
  endfacet
  facet normal -0.194922 -0.980819 -0
    outer loop
      vertex 60.4141 47.3455 21.61
      vertex 60.2088 47.3863 2.5
      vertex 60.4141 47.3455 2.5
    endloop
  endfacet
  facet normal 0.195087 0.980786 -0
    outer loop
      vertex 3.79116 2.41369 2.5
      vertex 3.58589 2.45452 21.61
      vertex 3.79116 2.41369 21.61
    endloop
  endfacet
  facet normal 0.195087 0.980786 0
    outer loop
      vertex 3.58589 2.45452 21.61
      vertex 3.79116 2.41369 2.5
      vertex 3.58589 2.45452 2.5
    endloop
  endfacet
  facet normal 0.89686 -0.442314 0
    outer loop
      vertex 2.52179 46.4123 21.61
      vertex 2.61436 46.6 2.5
      vertex 2.61436 46.6 21.61
    endloop
  endfacet
  facet normal 0.89686 -0.442314 0
    outer loop
      vertex 2.61436 46.6 2.5
      vertex 2.52179 46.4123 21.61
      vertex 2.52179 46.4123 2.5
    endloop
  endfacet
  facet normal 0.89687 0.442295 0
    outer loop
      vertex 2.61436 3.2 21.61
      vertex 2.52179 3.38771 2.5
      vertex 2.52179 3.38771 21.61
    endloop
  endfacet
  facet normal 0.89687 0.442295 0
    outer loop
      vertex 2.52179 3.38771 2.5
      vertex 2.61436 3.2 21.61
      vertex 2.61436 3.2 2.5
    endloop
  endfacet
  facet normal -0.321397 0.946944 0
    outer loop
      vertex 60.6123 2.52179 2.5
      vertex 60.4141 2.45452 21.61
      vertex 60.6123 2.52179 21.61
    endloop
  endfacet
  facet normal -0.321397 0.946944 0
    outer loop
      vertex 60.4141 2.45452 21.61
      vertex 60.6123 2.52179 2.5
      vertex 60.4141 2.45452 2.5
    endloop
  endfacet
  facet normal -0.321526 -0.946901 0
    outer loop
      vertex 60.4141 47.3455 2.5
      vertex 60.6123 47.2782 21.61
      vertex 60.4141 47.3455 21.61
    endloop
  endfacet
  facet normal -0.321526 -0.946901 -0
    outer loop
      vertex 60.6123 47.2782 21.61
      vertex 60.4141 47.3455 2.5
      vertex 60.6123 47.2782 2.5
    endloop
  endfacet
  facet normal 0 -1 0
    outer loop
      vertex 4 47.4 21.61
      vertex 26 47.4 15.6917
      vertex 60 47.4 21.61
    endloop
  endfacet
  facet normal 0 -1 0
    outer loop
      vertex 4 47.4 21.61
      vertex 26 47.4 14.8417
      vertex 26 47.4 15.6917
    endloop
  endfacet
  facet normal 0 -1 0
    outer loop
      vertex 26 47.4 14.8417
      vertex 26 47.4 14.3583
      vertex 38 47.4 14.8417
    endloop
  endfacet
  facet normal 0 -1 0
    outer loop
      vertex 4 47.4 21.61
      vertex 26 47.4 14.3583
      vertex 26 47.4 14.8417
    endloop
  endfacet
  facet normal 0 -1 0
    outer loop
      vertex 4 47.4 21.61
      vertex 26 47.4 13.5083
      vertex 26 47.4 14.3583
    endloop
  endfacet
  facet normal 0 -1 0
    outer loop
      vertex 26 47.4 13.5083
      vertex 26 47.4 13.025
      vertex 38 47.4 13.5083
    endloop
  endfacet
  facet normal 0 -1 0
    outer loop
      vertex 4 47.4 21.61
      vertex 26 47.4 13.025
      vertex 26 47.4 13.5083
    endloop
  endfacet
  facet normal 0 -1 0
    outer loop
      vertex 4 47.4 21.61
      vertex 26 47.4 12.175
      vertex 26 47.4 13.025
    endloop
  endfacet
  facet normal 0 -1 0
    outer loop
      vertex 26 47.4 12.175
      vertex 26 47.4 11.6917
      vertex 38 47.4 12.175
    endloop
  endfacet
  facet normal 0 -1 0
    outer loop
      vertex 4 47.4 21.61
      vertex 26 47.4 11.6917
      vertex 26 47.4 12.175
    endloop
  endfacet
  facet normal 0 -1 0
    outer loop
      vertex 4 47.4 2.5
      vertex 26 47.4 11.6917
      vertex 4 47.4 21.61
    endloop
  endfacet
  facet normal 0 -1 0
    outer loop
      vertex 26 47.4 10.8417
      vertex 26 47.4 10.3583
      vertex 38 47.4 10.8417
    endloop
  endfacet
  facet normal 0 -1 -0
    outer loop
      vertex 26 47.4 11.6917
      vertex 4 47.4 2.5
      vertex 26 47.4 10.8417
    endloop
  endfacet
  facet normal 0 -1 -0
    outer loop
      vertex 26 47.4 10.8417
      vertex 4 47.4 2.5
      vertex 26 47.4 10.3583
    endloop
  endfacet
  facet normal 0 -1 -0
    outer loop
      vertex 26 47.4 9.50833
      vertex 4 47.4 2.5
      vertex 38 47.4 9.50833
    endloop
  endfacet
  facet normal 0 -1 -0
    outer loop
      vertex 26 47.4 10.3583
      vertex 4 47.4 2.5
      vertex 26 47.4 9.50833
    endloop
  endfacet
  facet normal 0 -1 0
    outer loop
      vertex 38 47.4 15.6917
      vertex 60 47.4 21.61
      vertex 26 47.4 15.6917
    endloop
  endfacet
  facet normal 0 -1 0
    outer loop
      vertex 38 47.4 14.8417
      vertex 60 47.4 21.61
      vertex 38 47.4 15.6917
    endloop
  endfacet
  facet normal 0 -1 0
    outer loop
      vertex 38 47.4 14.3583
      vertex 38 47.4 14.8417
      vertex 26 47.4 14.3583
    endloop
  endfacet
  facet normal 0 -1 0
    outer loop
      vertex 38 47.4 14.3583
      vertex 60 47.4 21.61
      vertex 38 47.4 14.8417
    endloop
  endfacet
  facet normal 0 -1 0
    outer loop
      vertex 38 47.4 13.5083
      vertex 60 47.4 21.61
      vertex 38 47.4 14.3583
    endloop
  endfacet
  facet normal 0 -1 0
    outer loop
      vertex 38 47.4 13.025
      vertex 38 47.4 13.5083
      vertex 26 47.4 13.025
    endloop
  endfacet
  facet normal 0 -1 0
    outer loop
      vertex 38 47.4 13.025
      vertex 60 47.4 21.61
      vertex 38 47.4 13.5083
    endloop
  endfacet
  facet normal 0 -1 0
    outer loop
      vertex 38 47.4 12.175
      vertex 60 47.4 21.61
      vertex 38 47.4 13.025
    endloop
  endfacet
  facet normal 0 -1 0
    outer loop
      vertex 38 47.4 11.6917
      vertex 38 47.4 12.175
      vertex 26 47.4 11.6917
    endloop
  endfacet
  facet normal 0 -1 0
    outer loop
      vertex 38 47.4 11.6917
      vertex 60 47.4 21.61
      vertex 38 47.4 12.175
    endloop
  endfacet
  facet normal 0 -1 0
    outer loop
      vertex 60 47.4 2.5
      vertex 38 47.4 11.6917
      vertex 38 47.4 10.8417
    endloop
  endfacet
  facet normal 0 -1 0
    outer loop
      vertex 38 47.4 10.3583
      vertex 38 47.4 10.8417
      vertex 26 47.4 10.3583
    endloop
  endfacet
  facet normal 0 -1 0
    outer loop
      vertex 60 47.4 2.5
      vertex 38 47.4 10.8417
      vertex 38 47.4 10.3583
    endloop
  endfacet
  facet normal 0 -1 0
    outer loop
      vertex 60 47.4 2.5
      vertex 38 47.4 10.3583
      vertex 38 47.4 9.50833
    endloop
  endfacet
  facet normal 0 -1 0
    outer loop
      vertex 38 47.4 11.6917
      vertex 60 47.4 2.5
      vertex 60 47.4 21.61
    endloop
  endfacet
  facet normal 0 -1 0
    outer loop
      vertex 60 47.4 2.5
      vertex 38 47.4 9.50833
      vertex 4 47.4 2.5
    endloop
  endfacet
  facet normal 0.946935 0.321426 0
    outer loop
      vertex 2.52179 3.38771 21.61
      vertex 2.45452 3.58589 2.5
      vertex 2.45452 3.58589 21.61
    endloop
  endfacet
  facet normal 0.946935 0.321426 0
    outer loop
      vertex 2.45452 3.58589 2.5
      vertex 2.52179 3.38771 21.61
      vertex 2.52179 3.38771 2.5
    endloop
  endfacet
  facet normal 0.831484 0.555549 0
    outer loop
      vertex 2.73063 3.02598 21.61
      vertex 2.61436 3.2 2.5
      vertex 2.61436 3.2 21.61
    endloop
  endfacet
  facet normal 0.831484 0.555549 0
    outer loop
      vertex 2.61436 3.2 2.5
      vertex 2.73063 3.02598 21.61
      vertex 2.73063 3.02598 2.5
    endloop
  endfacet
  facet normal -1 0 0
    outer loop
      vertex 61.6 41.3 2.5
      vertex 61.6 45.8 21.61
      vertex 61.6 45.8 2.5
    endloop
  endfacet
  facet normal -1 0 0
    outer loop
      vertex 61.6 34.3 2.5
      vertex 61.6 45.8 21.61
      vertex 61.6 41.3 2.5
    endloop
  endfacet
  facet normal -1 0 0
    outer loop
      vertex 61.6 15.5 2.5
      vertex 61.6 45.8 21.61
      vertex 61.6 34.3 2.5
    endloop
  endfacet
  facet normal -1 0 0
    outer loop
      vertex 61.6 4 21.61
      vertex 61.6 15.5 2.5
      vertex 61.6 8.5 2.5
    endloop
  endfacet
  facet normal -1 0 0
    outer loop
      vertex 61.6 4 21.61
      vertex 61.6 8.5 2.5
      vertex 61.6 4 2.5
    endloop
  endfacet
  facet normal -1 0 0
    outer loop
      vertex 61.6 15.5 2.5
      vertex 61.6 4 21.61
      vertex 61.6 45.8 21.61
    endloop
  endfacet
  facet normal 0.44241 -0.896813 0
    outer loop
      vertex 3.2 47.1856 2.5
      vertex 3.38771 47.2782 21.61
      vertex 3.2 47.1856 21.61
    endloop
  endfacet
  facet normal 0.44241 -0.896813 0
    outer loop
      vertex 3.38771 47.2782 21.61
      vertex 3.2 47.1856 2.5
      vertex 3.38771 47.2782 2.5
    endloop
  endfacet
  facet normal 0.997858 0.0654122 0
    outer loop
      vertex 2.41369 3.79116 21.61
      vertex 2.4 4 2.5
      vertex 2.4 4 21.61
    endloop
  endfacet
  facet normal 0.997858 0.0654122 0
    outer loop
      vertex 2.4 4 2.5
      vertex 2.41369 3.79116 21.61
      vertex 2.41369 3.79116 2.5
    endloop
  endfacet
  facet normal -0.980819 -0.194922 0
    outer loop
      vertex 61.5863 46.0088 2.5
      vertex 61.5455 46.2141 21.61
      vertex 61.5455 46.2141 2.5
    endloop
  endfacet
  facet normal -0.980819 -0.194922 0
    outer loop
      vertex 61.5455 46.2141 21.61
      vertex 61.5863 46.0088 2.5
      vertex 61.5863 46.0088 21.61
    endloop
  endfacet
  facet normal 0.321555 -0.946891 0
    outer loop
      vertex 3.38771 47.2782 2.5
      vertex 3.58589 47.3455 21.61
      vertex 3.38771 47.2782 21.61
    endloop
  endfacet
  facet normal 0.321555 -0.946891 0
    outer loop
      vertex 3.58589 47.3455 21.61
      vertex 3.38771 47.2782 2.5
      vertex 3.58589 47.3455 2.5
    endloop
  endfacet
  facet normal 0.946944 -0.321397 0
    outer loop
      vertex 2.45452 46.2141 21.61
      vertex 2.52179 46.4123 2.5
      vertex 2.52179 46.4123 21.61
    endloop
  endfacet
  facet normal 0.946944 -0.321397 0
    outer loop
      vertex 2.52179 46.4123 2.5
      vertex 2.45452 46.2141 21.61
      vertex 2.45452 46.2141 2.5
    endloop
  endfacet
  facet normal -0.0654247 0.997858 0
    outer loop
      vertex 60.2088 2.41369 2.5
      vertex 60 2.4 21.61
      vertex 60.2088 2.41369 21.61
    endloop
  endfacet
  facet normal -0.0654247 0.997858 0
    outer loop
      vertex 60 2.4 21.61
      vertex 60.2088 2.41369 2.5
      vertex 60 2.4 2.5
    endloop
  endfacet
  facet normal -0.946891 0.321555 0
    outer loop
      vertex 61.4782 3.38771 2.5
      vertex 61.5455 3.58589 21.61
      vertex 61.5455 3.58589 2.5
    endloop
  endfacet
  facet normal -0.946891 0.321555 0
    outer loop
      vertex 61.5455 3.58589 21.61
      vertex 61.4782 3.38771 2.5
      vertex 61.4782 3.38771 21.61
    endloop
  endfacet
  facet normal 0.997858 -0.0654247 0
    outer loop
      vertex 2.4 45.8 21.61
      vertex 2.41369 46.0088 2.5
      vertex 2.41369 46.0088 21.61
    endloop
  endfacet
  facet normal 0.997858 -0.0654247 0
    outer loop
      vertex 2.41369 46.0088 2.5
      vertex 2.4 45.8 21.61
      vertex 2.4 45.8 2.5
    endloop
  endfacet
  facet normal -0.980813 0.194949 0
    outer loop
      vertex 61.5455 3.58589 2.5
      vertex 61.5863 3.79116 21.61
      vertex 61.5863 3.79116 2.5
    endloop
  endfacet
  facet normal -0.980813 0.194949 0
    outer loop
      vertex 61.5863 3.79116 21.61
      vertex 61.5455 3.58589 2.5
      vertex 61.5455 3.58589 21.61
    endloop
  endfacet
  facet normal -0.555593 0.831454 0
    outer loop
      vertex 60.974 2.73063 2.5
      vertex 60.8 2.61436 21.61
      vertex 60.974 2.73063 21.61
    endloop
  endfacet
  facet normal -0.555593 0.831454 0
    outer loop
      vertex 60.8 2.61436 21.61
      vertex 60.974 2.73063 2.5
      vertex 60.8 2.61436 2.5
    endloop
  endfacet
  facet normal -0.997854 -0.0654722 0
    outer loop
      vertex 61.6 45.8 2.5
      vertex 61.5863 46.0088 21.61
      vertex 61.5863 46.0088 2.5
    endloop
  endfacet
  facet normal -0.997854 -0.0654722 0
    outer loop
      vertex 61.5863 46.0088 21.61
      vertex 61.6 45.8 2.5
      vertex 61.6 45.8 21.61
    endloop
  endfacet
  facet normal 0.659367 0.751821 -0
    outer loop
      vertex 3.02598 2.73063 2.5
      vertex 2.86863 2.86863 21.61
      vertex 3.02598 2.73063 21.61
    endloop
  endfacet
  facet normal 0.659367 0.751821 0
    outer loop
      vertex 2.86863 2.86863 21.61
      vertex 3.02598 2.73063 2.5
      vertex 2.86863 2.86863 2.5
    endloop
  endfacet
  facet normal -0.946901 -0.321526 0
    outer loop
      vertex 61.5455 46.2141 2.5
      vertex 61.4782 46.4123 21.61
      vertex 61.4782 46.4123 2.5
    endloop
  endfacet
  facet normal -0.946901 -0.321526 0
    outer loop
      vertex 61.4782 46.4123 21.61
      vertex 61.5455 46.2141 2.5
      vertex 61.5455 46.2141 21.61
    endloop
  endfacet
  facet normal -0.659248 -0.751925 0
    outer loop
      vertex 60.974 47.0694 2.5
      vertex 61.1314 46.9314 21.61
      vertex 60.974 47.0694 21.61
    endloop
  endfacet
  facet normal -0.659248 -0.751925 -0
    outer loop
      vertex 61.1314 46.9314 21.61
      vertex 60.974 47.0694 2.5
      vertex 61.1314 46.9314 2.5
    endloop
  endfacet
  facet normal 0.751925 -0.659248 0
    outer loop
      vertex 2.73063 46.774 21.61
      vertex 2.86863 46.9314 2.5
      vertex 2.86863 46.9314 21.61
    endloop
  endfacet
  facet normal 0.751925 -0.659248 0
    outer loop
      vertex 2.86863 46.9314 2.5
      vertex 2.73063 46.774 21.61
      vertex 2.73063 46.774 2.5
    endloop
  endfacet
  facet normal 0.659367 -0.751821 0
    outer loop
      vertex 2.86863 46.9314 2.5
      vertex 3.02598 47.0694 21.61
      vertex 2.86863 46.9314 21.61
    endloop
  endfacet
  facet normal 0.659367 -0.751821 0
    outer loop
      vertex 3.02598 47.0694 21.61
      vertex 2.86863 46.9314 2.5
      vertex 3.02598 47.0694 2.5
    endloop
  endfacet
  facet normal -0.997855 0.0654598 0
    outer loop
      vertex 61.5863 3.79116 2.5
      vertex 61.6 4 21.61
      vertex 61.6 4 2.5
    endloop
  endfacet
  facet normal -0.997855 0.0654598 0
    outer loop
      vertex 61.6 4 21.61
      vertex 61.5863 3.79116 2.5
      vertex 61.5863 3.79116 21.61
    endloop
  endfacet
  facet normal 0 0 -1
    outer loop
      vertex 60 2.4 21.61
      vertex 61.6 4 21.61
      vertex 61.5863 3.79116 21.61
    endloop
  endfacet
  facet normal -0 0 -1
    outer loop
      vertex 61.6 4 21.61
      vertex 60 2.4 21.61
      vertex 61.6 45.8 21.61
    endloop
  endfacet
  facet normal 0 0 -1
    outer loop
      vertex 60 2.4 21.61
      vertex 61.5863 3.79116 21.61
      vertex 61.5455 3.58589 21.61
    endloop
  endfacet
  facet normal 0 0 -1
    outer loop
      vertex 60 47.4 21.61
      vertex 61.6 45.8 21.61
      vertex 60 2.4 21.61
    endloop
  endfacet
  facet normal 0 0 -1
    outer loop
      vertex 60 2.4 21.61
      vertex 61.5455 3.58589 21.61
      vertex 61.4782 3.38771 21.61
    endloop
  endfacet
  facet normal 0 0 -1
    outer loop
      vertex 61.6 45.8 21.61
      vertex 60 47.4 21.61
      vertex 61.5863 46.0088 21.61
    endloop
  endfacet
  facet normal 0 0 -1
    outer loop
      vertex 60 2.4 21.61
      vertex 61.4782 3.38771 21.61
      vertex 61.3856 3.2 21.61
    endloop
  endfacet
  facet normal 0 0 -1
    outer loop
      vertex 61.5863 46.0088 21.61
      vertex 60 47.4 21.61
      vertex 61.5455 46.2141 21.61
    endloop
  endfacet
  facet normal 0 0 -1
    outer loop
      vertex 60 2.4 21.61
      vertex 61.3856 3.2 21.61
      vertex 61.2694 3.02598 21.61
    endloop
  endfacet
  facet normal 0 0 -1
    outer loop
      vertex 61.5455 46.2141 21.61
      vertex 60 47.4 21.61
      vertex 61.4782 46.4123 21.61
    endloop
  endfacet
  facet normal 0 0 -1
    outer loop
      vertex 60 2.4 21.61
      vertex 61.2694 3.02598 21.61
      vertex 61.1314 2.86863 21.61
    endloop
  endfacet
  facet normal 0 0 -1
    outer loop
      vertex 61.4782 46.4123 21.61
      vertex 60 47.4 21.61
      vertex 61.3856 46.6 21.61
    endloop
  endfacet
  facet normal 0 0 -1
    outer loop
      vertex 60 2.4 21.61
      vertex 61.1314 2.86863 21.61
      vertex 60.974 2.73063 21.61
    endloop
  endfacet
  facet normal 0 0 -1
    outer loop
      vertex 61.3856 46.6 21.61
      vertex 60 47.4 21.61
      vertex 61.2694 46.774 21.61
    endloop
  endfacet
  facet normal 0 0 -1
    outer loop
      vertex 60 2.4 21.61
      vertex 60.974 2.73063 21.61
      vertex 60.8 2.61436 21.61
    endloop
  endfacet
  facet normal 0 0 -1
    outer loop
      vertex 61.2694 46.774 21.61
      vertex 60 47.4 21.61
      vertex 61.1314 46.9314 21.61
    endloop
  endfacet
  facet normal 0 0 -1
    outer loop
      vertex 60 2.4 21.61
      vertex 60.8 2.61436 21.61
      vertex 60.6123 2.52179 21.61
    endloop
  endfacet
  facet normal 0 0 -1
    outer loop
      vertex 61.1314 46.9314 21.61
      vertex 60 47.4 21.61
      vertex 60.974 47.0694 21.61
    endloop
  endfacet
  facet normal 0 0 -1
    outer loop
      vertex 60 2.4 21.61
      vertex 60.6123 2.52179 21.61
      vertex 60.4141 2.45452 21.61
    endloop
  endfacet
  facet normal 0 0 -1
    outer loop
      vertex 60.974 47.0694 21.61
      vertex 60 47.4 21.61
      vertex 60.8 47.1856 21.61
    endloop
  endfacet
  facet normal 0 0 -1
    outer loop
      vertex 60 2.4 21.61
      vertex 60.4141 2.45452 21.61
      vertex 60.2088 2.41369 21.61
    endloop
  endfacet
  facet normal 0 0 -1
    outer loop
      vertex 60.8 47.1856 21.61
      vertex 60 47.4 21.61
      vertex 60.6123 47.2782 21.61
    endloop
  endfacet
  facet normal 0 0 -1
    outer loop
      vertex 60.6123 47.2782 21.61
      vertex 60 47.4 21.61
      vertex 60.4141 47.3455 21.61
    endloop
  endfacet
  facet normal 0 0 -1
    outer loop
      vertex 60.4141 47.3455 21.61
      vertex 60 47.4 21.61
      vertex 60.2088 47.3863 21.61
    endloop
  endfacet
  facet normal 0 0 -1
    outer loop
      vertex 4 2.4 21.61
      vertex 60 47.4 21.61
      vertex 60 2.4 21.61
    endloop
  endfacet
  facet normal 0 0 -1
    outer loop
      vertex 4 2.4 21.61
      vertex 4 47.4 21.61
      vertex 60 47.4 21.61
    endloop
  endfacet
  facet normal 0 0 -1
    outer loop
      vertex 2.4 4 21.61
      vertex 4 2.4 21.61
      vertex 3.79116 2.41369 21.61
    endloop
  endfacet
  facet normal 0 0 -1
    outer loop
      vertex 4 2.4 21.61
      vertex 2.4 4 21.61
      vertex 4 47.4 21.61
    endloop
  endfacet
  facet normal 0 0 -1
    outer loop
      vertex 2.4 4 21.61
      vertex 3.79116 2.41369 21.61
      vertex 3.58589 2.45452 21.61
    endloop
  endfacet
  facet normal 0 0 -1
    outer loop
      vertex 2.4 45.8 21.61
      vertex 4 47.4 21.61
      vertex 2.4 4 21.61
    endloop
  endfacet
  facet normal 0 0 -1
    outer loop
      vertex 2.4 4 21.61
      vertex 3.58589 2.45452 21.61
      vertex 3.38771 2.52179 21.61
    endloop
  endfacet
  facet normal 0 0 -1
    outer loop
      vertex 4 47.4 21.61
      vertex 2.4 45.8 21.61
      vertex 3.79116 47.3863 21.61
    endloop
  endfacet
  facet normal 0 0 -1
    outer loop
      vertex 2.4 4 21.61
      vertex 3.38771 2.52179 21.61
      vertex 3.2 2.61436 21.61
    endloop
  endfacet
  facet normal 0 0 -1
    outer loop
      vertex 3.79116 47.3863 21.61
      vertex 2.4 45.8 21.61
      vertex 3.58589 47.3455 21.61
    endloop
  endfacet
  facet normal 0 0 -1
    outer loop
      vertex 2.4 4 21.61
      vertex 3.2 2.61436 21.61
      vertex 3.02598 2.73063 21.61
    endloop
  endfacet
  facet normal 0 0 -1
    outer loop
      vertex 3.58589 47.3455 21.61
      vertex 2.4 45.8 21.61
      vertex 3.38771 47.2782 21.61
    endloop
  endfacet
  facet normal 0 0 -1
    outer loop
      vertex 2.4 4 21.61
      vertex 3.02598 2.73063 21.61
      vertex 2.86863 2.86863 21.61
    endloop
  endfacet
  facet normal 0 0 -1
    outer loop
      vertex 3.38771 47.2782 21.61
      vertex 2.4 45.8 21.61
      vertex 3.2 47.1856 21.61
    endloop
  endfacet
  facet normal 0 0 -1
    outer loop
      vertex 2.4 4 21.61
      vertex 2.86863 2.86863 21.61
      vertex 2.73063 3.02598 21.61
    endloop
  endfacet
  facet normal 0 0 -1
    outer loop
      vertex 3.2 47.1856 21.61
      vertex 2.4 45.8 21.61
      vertex 3.02598 47.0694 21.61
    endloop
  endfacet
  facet normal 0 0 -1
    outer loop
      vertex 2.4 4 21.61
      vertex 2.73063 3.02598 21.61
      vertex 2.61436 3.2 21.61
    endloop
  endfacet
  facet normal 0 0 -1
    outer loop
      vertex 3.02598 47.0694 21.61
      vertex 2.4 45.8 21.61
      vertex 2.86863 46.9314 21.61
    endloop
  endfacet
  facet normal 0 0 -1
    outer loop
      vertex 2.4 4 21.61
      vertex 2.61436 3.2 21.61
      vertex 2.52179 3.38771 21.61
    endloop
  endfacet
  facet normal 0 0 -1
    outer loop
      vertex 2.86863 46.9314 21.61
      vertex 2.4 45.8 21.61
      vertex 2.73063 46.774 21.61
    endloop
  endfacet
  facet normal 0 0 -1
    outer loop
      vertex 2.4 4 21.61
      vertex 2.52179 3.38771 21.61
      vertex 2.45452 3.58589 21.61
    endloop
  endfacet
  facet normal 0 0 -1
    outer loop
      vertex 2.73063 46.774 21.61
      vertex 2.4 45.8 21.61
      vertex 2.61436 46.6 21.61
    endloop
  endfacet
  facet normal 0 0 -1
    outer loop
      vertex 2.4 4 21.61
      vertex 2.45452 3.58589 21.61
      vertex 2.41369 3.79116 21.61
    endloop
  endfacet
  facet normal 0 0 -1
    outer loop
      vertex 2.61436 46.6 21.61
      vertex 2.4 45.8 21.61
      vertex 2.52179 46.4123 21.61
    endloop
  endfacet
  facet normal 0 0 -1
    outer loop
      vertex 2.52179 46.4123 21.61
      vertex 2.4 45.8 21.61
      vertex 2.45452 46.2141 21.61
    endloop
  endfacet
  facet normal 0 0 -1
    outer loop
      vertex 2.45452 46.2141 21.61
      vertex 2.4 45.8 21.61
      vertex 2.41369 46.0088 21.61
    endloop
  endfacet
  facet normal 0.980786 0.195087 0
    outer loop
      vertex 2.45452 3.58589 21.61
      vertex 2.41369 3.79116 2.5
      vertex 2.41369 3.79116 21.61
    endloop
  endfacet
  facet normal 0.980786 0.195087 0
    outer loop
      vertex 2.41369 3.79116 2.5
      vertex 2.45452 3.58589 21.61
      vertex 2.45452 3.58589 2.5
    endloop
  endfacet
  facet normal -0.442314 0.89686 0
    outer loop
      vertex 60.8 2.61436 2.5
      vertex 60.6123 2.52179 21.61
      vertex 60.8 2.61436 21.61
    endloop
  endfacet
  facet normal -0.442314 0.89686 0
    outer loop
      vertex 60.6123 2.52179 21.61
      vertex 60.8 2.61436 2.5
      vertex 60.6123 2.52179 2.5
    endloop
  endfacet
  facet normal -0.831609 -0.555362 0
    outer loop
      vertex 61.3856 46.6 2.5
      vertex 61.2694 46.774 21.61
      vertex 61.2694 46.774 2.5
    endloop
  endfacet
  facet normal -0.831609 -0.555362 0
    outer loop
      vertex 61.2694 46.774 21.61
      vertex 61.3856 46.6 2.5
      vertex 61.3856 46.6 21.61
    endloop
  endfacet
  facet normal -0.442429 -0.896803 0
    outer loop
      vertex 60.6123 47.2782 2.5
      vertex 60.8 47.1856 21.61
      vertex 60.6123 47.2782 21.61
    endloop
  endfacet
  facet normal -0.442429 -0.896803 -0
    outer loop
      vertex 60.8 47.1856 21.61
      vertex 60.6123 47.2782 2.5
      vertex 60.8 47.1856 2.5
    endloop
  endfacet
  facet normal 0.555318 -0.831638 0
    outer loop
      vertex 3.02598 47.0694 2.5
      vertex 3.2 47.1856 21.61
      vertex 3.02598 47.0694 21.61
    endloop
  endfacet
  facet normal 0.555318 -0.831638 0
    outer loop
      vertex 3.2 47.1856 21.61
      vertex 3.02598 47.0694 2.5
      vertex 3.2 47.1856 2.5
    endloop
  endfacet
  facet normal -0.555362 -0.831609 0
    outer loop
      vertex 60.8 47.1856 2.5
      vertex 60.974 47.0694 21.61
      vertex 60.8 47.1856 21.61
    endloop
  endfacet
  facet normal -0.555362 -0.831609 -0
    outer loop
      vertex 60.974 47.0694 21.61
      vertex 60.8 47.1856 2.5
      vertex 60.974 47.0694 2.5
    endloop
  endfacet
  facet normal -0.659248 0.751925 0
    outer loop
      vertex 61.1314 2.86863 2.5
      vertex 60.974 2.73063 21.61
      vertex 61.1314 2.86863 21.61
    endloop
  endfacet
  facet normal -0.659248 0.751925 0
    outer loop
      vertex 60.974 2.73063 21.61
      vertex 61.1314 2.86863 2.5
      vertex 60.974 2.73063 2.5
    endloop
  endfacet
  facet normal 0.321426 0.946935 -0
    outer loop
      vertex 3.58589 2.45452 2.5
      vertex 3.38771 2.52179 21.61
      vertex 3.58589 2.45452 21.61
    endloop
  endfacet
  facet normal 0.321426 0.946935 0
    outer loop
      vertex 3.38771 2.52179 21.61
      vertex 3.58589 2.45452 2.5
      vertex 3.38771 2.52179 2.5
    endloop
  endfacet
  facet normal -0.896803 -0.442429 0
    outer loop
      vertex 61.4782 46.4123 2.5
      vertex 61.3856 46.6 21.61
      vertex 61.3856 46.6 2.5
    endloop
  endfacet
  facet normal -0.896803 -0.442429 0
    outer loop
      vertex 61.3856 46.6 21.61
      vertex 61.4782 46.4123 2.5
      vertex 61.4782 46.4123 21.61
    endloop
  endfacet
  facet normal -0.896813 0.44241 0
    outer loop
      vertex 61.3856 3.2 2.5
      vertex 61.4782 3.38771 21.61
      vertex 61.4782 3.38771 2.5
    endloop
  endfacet
  facet normal -0.896813 0.44241 0
    outer loop
      vertex 61.4782 3.38771 21.61
      vertex 61.3856 3.2 2.5
      vertex 61.3856 3.2 21.61
    endloop
  endfacet
  facet normal 0.442295 0.89687 -0
    outer loop
      vertex 3.38771 2.52179 2.5
      vertex 3.2 2.61436 21.61
      vertex 3.38771 2.52179 21.61
    endloop
  endfacet
  facet normal 0.442295 0.89687 0
    outer loop
      vertex 3.2 2.61436 21.61
      vertex 3.38771 2.52179 2.5
      vertex 3.2 2.61436 2.5
    endloop
  endfacet
  facet normal -0.751925 -0.659248 0
    outer loop
      vertex 61.2694 46.774 2.5
      vertex 61.1314 46.9314 21.61
      vertex 61.1314 46.9314 2.5
    endloop
  endfacet
  facet normal -0.751925 -0.659248 0
    outer loop
      vertex 61.1314 46.9314 21.61
      vertex 61.2694 46.774 2.5
      vertex 61.2694 46.774 21.61
    endloop
  endfacet
  facet normal 0.0654598 -0.997855 0
    outer loop
      vertex 3.79116 47.3863 2.5
      vertex 4 47.4 21.61
      vertex 3.79116 47.3863 21.61
    endloop
  endfacet
  facet normal 0.0654598 -0.997855 0
    outer loop
      vertex 4 47.4 21.61
      vertex 3.79116 47.3863 2.5
      vertex 4 47.4 2.5
    endloop
  endfacet
  facet normal -0.751821 0.659367 0
    outer loop
      vertex 61.1314 2.86863 2.5
      vertex 61.2694 3.02598 21.61
      vertex 61.2694 3.02598 2.5
    endloop
  endfacet
  facet normal -0.751821 0.659367 0
    outer loop
      vertex 61.2694 3.02598 21.61
      vertex 61.1314 2.86863 2.5
      vertex 61.1314 2.86863 21.61
    endloop
  endfacet
  facet normal 0.831454 -0.555593 0
    outer loop
      vertex 2.61436 46.6 21.61
      vertex 2.73063 46.774 2.5
      vertex 2.73063 46.774 21.61
    endloop
  endfacet
  facet normal 0.831454 -0.555593 0
    outer loop
      vertex 2.73063 46.774 2.5
      vertex 2.61436 46.6 21.61
      vertex 2.61436 46.6 2.5
    endloop
  endfacet
  facet normal 0.980791 -0.195059 0
    outer loop
      vertex 2.41369 46.0088 21.61
      vertex 2.45452 46.2141 2.5
      vertex 2.45452 46.2141 21.61
    endloop
  endfacet
  facet normal 0.980791 -0.195059 0
    outer loop
      vertex 2.45452 46.2141 2.5
      vertex 2.41369 46.0088 21.61
      vertex 2.41369 46.0088 2.5
    endloop
  endfacet
  facet normal 0.194949 -0.980813 0
    outer loop
      vertex 3.58589 47.3455 2.5
      vertex 3.79116 47.3863 21.61
      vertex 3.58589 47.3455 21.61
    endloop
  endfacet
  facet normal 0.194949 -0.980813 0
    outer loop
      vertex 3.79116 47.3863 21.61
      vertex 3.58589 47.3455 2.5
      vertex 3.79116 47.3863 2.5
    endloop
  endfacet
  facet normal -1 0 0
    outer loop
      vertex 39 0 2.5
      vertex 39 2.4 4.95
      vertex 39 2.4 2.5
    endloop
  endfacet
  facet normal -1 -0 0
    outer loop
      vertex 39 2.4 4.95
      vertex 39 0 2.5
      vertex 39 0 4.95
    endloop
  endfacet
  facet normal 0 0 -1
    outer loop
      vertex 25 0 4.95
      vertex 39 2.4 4.95
      vertex 39 0 4.95
    endloop
  endfacet
  facet normal -0 0 -1
    outer loop
      vertex 39 2.4 4.95
      vertex 25 0 4.95
      vertex 25 2.4 4.95
    endloop
  endfacet
  facet normal 1 -0 0
    outer loop
      vertex 25 0 4.95
      vertex 25 2.4 2.5
      vertex 25 2.4 4.95
    endloop
  endfacet
  facet normal 1 0 0
    outer loop
      vertex 25 2.4 2.5
      vertex 25 0 4.95
      vertex 25 0 2.5
    endloop
  endfacet
  facet normal -0.980752 -0.195258 0
    outer loop
      vertex 35.1318 42.5788 10.85
      vertex 35.0705 42.8867 21.6
      vertex 35.0705 42.8867 10.85
    endloop
  endfacet
  facet normal -0.980752 -0.195258 0
    outer loop
      vertex 35.0705 42.8867 21.6
      vertex 35.1318 42.5788 10.85
      vertex 35.1318 42.5788 21.6
    endloop
  endfacet
  facet normal -0.997866 -0.0652929 0
    outer loop
      vertex 35.0705 42.8867 10.85
      vertex 35.05 43.2 21.6
      vertex 35.05 43.2 10.85
    endloop
  endfacet
  facet normal -0.997866 -0.0652929 0
    outer loop
      vertex 35.05 43.2 21.6
      vertex 35.0705 42.8867 10.85
      vertex 35.0705 42.8867 21.6
    endloop
  endfacet
  facet normal -0.0652929 -0.997866 0
    outer loop
      vertex 37.1367 40.8205 10.85
      vertex 37.45 40.8 21.6
      vertex 37.1367 40.8205 21.6
    endloop
  endfacet
  facet normal -0.0652929 -0.997866 -0
    outer loop
      vertex 37.45 40.8 21.6
      vertex 37.1367 40.8205 10.85
      vertex 37.45 40.8 10.85
    endloop
  endfacet
  facet normal -0.831315 -0.555802 0
    outer loop
      vertex 35.546 41.739 10.85
      vertex 35.3715 42 21.6
      vertex 35.3715 42 10.85
    endloop
  endfacet
  facet normal -0.831315 -0.555802 0
    outer loop
      vertex 35.3715 42 21.6
      vertex 35.546 41.739 10.85
      vertex 35.546 41.739 21.6
    endloop
  endfacet
  facet normal 0.659068 0.752083 -0
    outer loop
      vertex 39.1471 44.8971 10.85
      vertex 38.911 45.104 21.6
      vertex 39.1471 44.8971 21.6
    endloop
  endfacet
  facet normal 0.659068 0.752083 0
    outer loop
      vertex 38.911 45.104 21.6
      vertex 39.1471 44.8971 10.85
      vertex 38.911 45.104 10.85
    endloop
  endfacet
  facet normal -0.831315 0.555802 0
    outer loop
      vertex 35.3715 44.4 10.85
      vertex 35.546 44.661 21.6
      vertex 35.546 44.661 10.85
    endloop
  endfacet
  facet normal -0.831315 0.555802 0
    outer loop
      vertex 35.546 44.661 21.6
      vertex 35.3715 44.4 10.85
      vertex 35.3715 44.4 21.6
    endloop
  endfacet
  facet normal 0.32148 -0.946916 0
    outer loop
      vertex 38.0712 40.8818 10.85
      vertex 38.3684 40.9827 21.6
      vertex 38.0712 40.8818 21.6
    endloop
  endfacet
  facet normal 0.32148 -0.946916 0
    outer loop
      vertex 38.3684 40.9827 21.6
      vertex 38.0712 40.8818 10.85
      vertex 38.3684 40.9827 10.85
    endloop
  endfacet
  facet normal -0.659068 -0.752083 0
    outer loop
      vertex 35.7529 41.5029 10.85
      vertex 35.989 41.296 21.6
      vertex 35.7529 41.5029 21.6
    endloop
  endfacet
  facet normal -0.659068 -0.752083 -0
    outer loop
      vertex 35.989 41.296 21.6
      vertex 35.7529 41.5029 10.85
      vertex 35.989 41.296 10.85
    endloop
  endfacet
  facet normal 0.659068 -0.752083 0
    outer loop
      vertex 38.911 41.296 10.85
      vertex 39.1471 41.5029 21.6
      vertex 38.911 41.296 21.6
    endloop
  endfacet
  facet normal 0.659068 -0.752083 0
    outer loop
      vertex 39.1471 41.5029 21.6
      vertex 38.911 41.296 10.85
      vertex 39.1471 41.5029 10.85
    endloop
  endfacet
  facet normal 0.946916 0.32148 0
    outer loop
      vertex 39.7682 43.8212 21.6
      vertex 39.6673 44.1184 10.85
      vertex 39.6673 44.1184 21.6
    endloop
  endfacet
  facet normal 0.946916 0.32148 0
    outer loop
      vertex 39.6673 44.1184 10.85
      vertex 39.7682 43.8212 21.6
      vertex 39.7682 43.8212 10.85
    endloop
  endfacet
  facet normal -0.980752 0.195258 0
    outer loop
      vertex 35.0705 43.5133 10.85
      vertex 35.1318 43.8212 21.6
      vertex 35.1318 43.8212 10.85
    endloop
  endfacet
  facet normal -0.980752 0.195258 0
    outer loop
      vertex 35.1318 43.8212 21.6
      vertex 35.0705 43.5133 10.85
      vertex 35.0705 43.5133 21.6
    endloop
  endfacet
  facet normal 0.752083 -0.659068 0
    outer loop
      vertex 39.1471 41.5029 21.6
      vertex 39.354 41.739 10.85
      vertex 39.354 41.739 21.6
    endloop
  endfacet
  facet normal 0.752083 -0.659068 0
    outer loop
      vertex 39.354 41.739 10.85
      vertex 39.1471 41.5029 21.6
      vertex 39.1471 41.5029 10.85
    endloop
  endfacet
  facet normal 0.752083 0.659068 0
    outer loop
      vertex 39.354 44.661 21.6
      vertex 39.1471 44.8971 10.85
      vertex 39.1471 44.8971 21.6
    endloop
  endfacet
  facet normal 0.752083 0.659068 0
    outer loop
      vertex 39.1471 44.8971 10.85
      vertex 39.354 44.661 21.6
      vertex 39.354 44.661 10.85
    endloop
  endfacet
  facet normal -0.0652929 0.997866 0
    outer loop
      vertex 37.45 45.6 10.85
      vertex 37.1367 45.5795 21.6
      vertex 37.45 45.6 21.6
    endloop
  endfacet
  facet normal -0.0652929 0.997866 0
    outer loop
      vertex 37.1367 45.5795 21.6
      vertex 37.45 45.6 10.85
      vertex 37.1367 45.5795 10.85
    endloop
  endfacet
  facet normal 0.831315 0.555802 0
    outer loop
      vertex 39.5285 44.4 21.6
      vertex 39.354 44.661 10.85
      vertex 39.354 44.661 21.6
    endloop
  endfacet
  facet normal 0.831315 0.555802 0
    outer loop
      vertex 39.354 44.661 10.85
      vertex 39.5285 44.4 21.6
      vertex 39.5285 44.4 10.85
    endloop
  endfacet
  facet normal -0.195258 -0.980752 0
    outer loop
      vertex 36.8288 40.8818 10.85
      vertex 37.1367 40.8205 21.6
      vertex 36.8288 40.8818 21.6
    endloop
  endfacet
  facet normal -0.195258 -0.980752 -0
    outer loop
      vertex 37.1367 40.8205 21.6
      vertex 36.8288 40.8818 10.85
      vertex 37.1367 40.8205 10.85
    endloop
  endfacet
  facet normal -0.946916 0.32148 0
    outer loop
      vertex 35.1318 43.8212 10.85
      vertex 35.2327 44.1184 21.6
      vertex 35.2327 44.1184 10.85
    endloop
  endfacet
  facet normal -0.946916 0.32148 0
    outer loop
      vertex 35.2327 44.1184 21.6
      vertex 35.1318 43.8212 10.85
      vertex 35.1318 43.8212 21.6
    endloop
  endfacet
  facet normal 0.44211 0.896961 -0
    outer loop
      vertex 38.65 45.2785 10.85
      vertex 38.3684 45.4173 21.6
      vertex 38.65 45.2785 21.6
    endloop
  endfacet
  facet normal 0.44211 0.896961 0
    outer loop
      vertex 38.3684 45.4173 21.6
      vertex 38.65 45.2785 10.85
      vertex 38.3684 45.4173 10.85
    endloop
  endfacet
  facet normal 0.980752 0.195258 0
    outer loop
      vertex 39.8295 43.5133 21.6
      vertex 39.7682 43.8212 10.85
      vertex 39.7682 43.8212 21.6
    endloop
  endfacet
  facet normal 0.980752 0.195258 0
    outer loop
      vertex 39.7682 43.8212 10.85
      vertex 39.8295 43.5133 21.6
      vertex 39.8295 43.5133 10.85
    endloop
  endfacet
  facet normal 0.0652929 0.997866 -0
    outer loop
      vertex 37.7633 45.5795 10.85
      vertex 37.45 45.6 21.6
      vertex 37.7633 45.5795 21.6
    endloop
  endfacet
  facet normal 0.0652929 0.997866 0
    outer loop
      vertex 37.45 45.6 21.6
      vertex 37.7633 45.5795 10.85
      vertex 37.45 45.6 10.85
    endloop
  endfacet
  facet normal 0.997866 -0.0652929 0
    outer loop
      vertex 39.8295 42.8867 21.6
      vertex 39.85 43.2 10.85
      vertex 39.85 43.2 21.6
    endloop
  endfacet
  facet normal 0.997866 -0.0652929 0
    outer loop
      vertex 39.85 43.2 10.85
      vertex 39.8295 42.8867 21.6
      vertex 39.8295 42.8867 10.85
    endloop
  endfacet
  facet normal -0.32148 -0.946916 0
    outer loop
      vertex 36.5316 40.9827 10.85
      vertex 36.8288 40.8818 21.6
      vertex 36.5316 40.9827 21.6
    endloop
  endfacet
  facet normal -0.32148 -0.946916 -0
    outer loop
      vertex 36.8288 40.8818 21.6
      vertex 36.5316 40.9827 10.85
      vertex 36.8288 40.8818 10.85
    endloop
  endfacet
  facet normal 0.997866 0.0652929 0
    outer loop
      vertex 39.85 43.2 21.6
      vertex 39.8295 43.5133 10.85
      vertex 39.8295 43.5133 21.6
    endloop
  endfacet
  facet normal 0.997866 0.0652929 0
    outer loop
      vertex 39.8295 43.5133 10.85
      vertex 39.85 43.2 21.6
      vertex 39.85 43.2 10.85
    endloop
  endfacet
  facet normal 0 0 1
    outer loop
      vertex 39.8295 43.5133 21.6
      vertex 39.8295 42.8867 21.6
      vertex 39.85 43.2 21.6
    endloop
  endfacet
  facet normal 0 0 1
    outer loop
      vertex 39.7682 43.8212 21.6
      vertex 39.8295 42.8867 21.6
      vertex 39.8295 43.5133 21.6
    endloop
  endfacet
  facet normal 0 0 1
    outer loop
      vertex 39.7682 43.8212 21.6
      vertex 39.7682 42.5788 21.6
      vertex 39.8295 42.8867 21.6
    endloop
  endfacet
  facet normal 0 0 1
    outer loop
      vertex 39.6673 44.1184 21.6
      vertex 39.7682 42.5788 21.6
      vertex 39.7682 43.8212 21.6
    endloop
  endfacet
  facet normal 0 0 1
    outer loop
      vertex 39.6673 44.1184 21.6
      vertex 39.6673 42.2816 21.6
      vertex 39.7682 42.5788 21.6
    endloop
  endfacet
  facet normal 0 0 1
    outer loop
      vertex 39.5285 44.4 21.6
      vertex 39.6673 42.2816 21.6
      vertex 39.6673 44.1184 21.6
    endloop
  endfacet
  facet normal 0 0 1
    outer loop
      vertex 39.5285 44.4 21.6
      vertex 39.5285 42 21.6
      vertex 39.6673 42.2816 21.6
    endloop
  endfacet
  facet normal 0 0 1
    outer loop
      vertex 39.354 44.661 21.6
      vertex 39.5285 42 21.6
      vertex 39.5285 44.4 21.6
    endloop
  endfacet
  facet normal 0 0 1
    outer loop
      vertex 39.354 44.661 21.6
      vertex 39.354 41.739 21.6
      vertex 39.5285 42 21.6
    endloop
  endfacet
  facet normal 0 0 1
    outer loop
      vertex 39.1471 44.8971 21.6
      vertex 39.354 41.739 21.6
      vertex 39.354 44.661 21.6
    endloop
  endfacet
  facet normal 0 0 1
    outer loop
      vertex 39.1471 44.8971 21.6
      vertex 39.1471 41.5029 21.6
      vertex 39.354 41.739 21.6
    endloop
  endfacet
  facet normal 0 0 1
    outer loop
      vertex 38.911 45.104 21.6
      vertex 39.1471 41.5029 21.6
      vertex 39.1471 44.8971 21.6
    endloop
  endfacet
  facet normal 0 0 1
    outer loop
      vertex 38.911 45.104 21.6
      vertex 38.911 41.296 21.6
      vertex 39.1471 41.5029 21.6
    endloop
  endfacet
  facet normal 0 0 1
    outer loop
      vertex 38.65 45.2785 21.6
      vertex 38.911 41.296 21.6
      vertex 38.911 45.104 21.6
    endloop
  endfacet
  facet normal 0 0 1
    outer loop
      vertex 38.65 45.2785 21.6
      vertex 38.65 41.1215 21.6
      vertex 38.911 41.296 21.6
    endloop
  endfacet
  facet normal 0 0 1
    outer loop
      vertex 38.3684 45.4173 21.6
      vertex 38.65 41.1215 21.6
      vertex 38.65 45.2785 21.6
    endloop
  endfacet
  facet normal 0 0 1
    outer loop
      vertex 38.3684 45.4173 21.6
      vertex 38.3684 40.9827 21.6
      vertex 38.65 41.1215 21.6
    endloop
  endfacet
  facet normal 0 0 1
    outer loop
      vertex 38.0712 45.5182 21.6
      vertex 38.3684 40.9827 21.6
      vertex 38.3684 45.4173 21.6
    endloop
  endfacet
  facet normal 0 0 1
    outer loop
      vertex 38.0712 45.5182 21.6
      vertex 38.0712 40.8818 21.6
      vertex 38.3684 40.9827 21.6
    endloop
  endfacet
  facet normal 0 0 1
    outer loop
      vertex 37.7633 45.5795 21.6
      vertex 38.0712 40.8818 21.6
      vertex 38.0712 45.5182 21.6
    endloop
  endfacet
  facet normal 0 0 1
    outer loop
      vertex 37.7633 45.5795 21.6
      vertex 37.7633 40.8205 21.6
      vertex 38.0712 40.8818 21.6
    endloop
  endfacet
  facet normal 0 0 1
    outer loop
      vertex 37.45 45.6 21.6
      vertex 37.7633 40.8205 21.6
      vertex 37.7633 45.5795 21.6
    endloop
  endfacet
  facet normal 0 0 1
    outer loop
      vertex 37.45 45.6 21.6
      vertex 37.45 40.8 21.6
      vertex 37.7633 40.8205 21.6
    endloop
  endfacet
  facet normal -0 0 1
    outer loop
      vertex 37.1367 45.5795 21.6
      vertex 37.45 40.8 21.6
      vertex 37.45 45.6 21.6
    endloop
  endfacet
  facet normal 0 0 1
    outer loop
      vertex 37.1367 45.5795 21.6
      vertex 37.1367 40.8205 21.6
      vertex 37.45 40.8 21.6
    endloop
  endfacet
  facet normal -0 0 1
    outer loop
      vertex 36.8288 45.5182 21.6
      vertex 37.1367 40.8205 21.6
      vertex 37.1367 45.5795 21.6
    endloop
  endfacet
  facet normal 0 0 1
    outer loop
      vertex 36.8288 45.5182 21.6
      vertex 36.8288 40.8818 21.6
      vertex 37.1367 40.8205 21.6
    endloop
  endfacet
  facet normal -0 0 1
    outer loop
      vertex 36.5316 45.4173 21.6
      vertex 36.8288 40.8818 21.6
      vertex 36.8288 45.5182 21.6
    endloop
  endfacet
  facet normal 0 0 1
    outer loop
      vertex 36.5316 45.4173 21.6
      vertex 36.5316 40.9827 21.6
      vertex 36.8288 40.8818 21.6
    endloop
  endfacet
  facet normal -0 0 1
    outer loop
      vertex 36.25 45.2785 21.6
      vertex 36.5316 40.9827 21.6
      vertex 36.5316 45.4173 21.6
    endloop
  endfacet
  facet normal 0 0 1
    outer loop
      vertex 36.25 45.2785 21.6
      vertex 36.25 41.1215 21.6
      vertex 36.5316 40.9827 21.6
    endloop
  endfacet
  facet normal -0 0 1
    outer loop
      vertex 35.989 45.104 21.6
      vertex 36.25 41.1215 21.6
      vertex 36.25 45.2785 21.6
    endloop
  endfacet
  facet normal 0 0 1
    outer loop
      vertex 35.989 45.104 21.6
      vertex 35.989 41.296 21.6
      vertex 36.25 41.1215 21.6
    endloop
  endfacet
  facet normal -0 0 1
    outer loop
      vertex 35.7529 44.8971 21.6
      vertex 35.989 41.296 21.6
      vertex 35.989 45.104 21.6
    endloop
  endfacet
  facet normal 0 0 1
    outer loop
      vertex 35.7529 44.8971 21.6
      vertex 35.7529 41.5029 21.6
      vertex 35.989 41.296 21.6
    endloop
  endfacet
  facet normal -0 0 1
    outer loop
      vertex 35.546 44.661 21.6
      vertex 35.7529 41.5029 21.6
      vertex 35.7529 44.8971 21.6
    endloop
  endfacet
  facet normal 0 0 1
    outer loop
      vertex 35.546 44.661 21.6
      vertex 35.546 41.739 21.6
      vertex 35.7529 41.5029 21.6
    endloop
  endfacet
  facet normal -0 0 1
    outer loop
      vertex 35.3715 44.4 21.6
      vertex 35.546 41.739 21.6
      vertex 35.546 44.661 21.6
    endloop
  endfacet
  facet normal 0 0 1
    outer loop
      vertex 35.3715 44.4 21.6
      vertex 35.3715 42 21.6
      vertex 35.546 41.739 21.6
    endloop
  endfacet
  facet normal -0 0 1
    outer loop
      vertex 35.2327 44.1184 21.6
      vertex 35.3715 42 21.6
      vertex 35.3715 44.4 21.6
    endloop
  endfacet
  facet normal 0 0 1
    outer loop
      vertex 35.2327 44.1184 21.6
      vertex 35.2327 42.2816 21.6
      vertex 35.3715 42 21.6
    endloop
  endfacet
  facet normal -0 0 1
    outer loop
      vertex 35.1318 43.8212 21.6
      vertex 35.2327 42.2816 21.6
      vertex 35.2327 44.1184 21.6
    endloop
  endfacet
  facet normal 0 0 1
    outer loop
      vertex 35.1318 43.8212 21.6
      vertex 35.1318 42.5788 21.6
      vertex 35.2327 42.2816 21.6
    endloop
  endfacet
  facet normal -0 0 1
    outer loop
      vertex 35.0705 43.5133 21.6
      vertex 35.1318 42.5788 21.6
      vertex 35.1318 43.8212 21.6
    endloop
  endfacet
  facet normal 0 0 1
    outer loop
      vertex 35.0705 43.5133 21.6
      vertex 35.0705 42.8867 21.6
      vertex 35.1318 42.5788 21.6
    endloop
  endfacet
  facet normal 0 -0 1
    outer loop
      vertex 35.0705 42.8867 21.6
      vertex 35.0705 43.5133 21.6
      vertex 35.05 43.2 21.6
    endloop
  endfacet
  facet normal -0.32148 0.946916 0
    outer loop
      vertex 36.8288 45.5182 10.85
      vertex 36.5316 45.4173 21.6
      vertex 36.8288 45.5182 21.6
    endloop
  endfacet
  facet normal -0.32148 0.946916 0
    outer loop
      vertex 36.5316 45.4173 21.6
      vertex 36.8288 45.5182 10.85
      vertex 36.5316 45.4173 10.85
    endloop
  endfacet
  facet normal 0.831315 -0.555802 0
    outer loop
      vertex 39.354 41.739 21.6
      vertex 39.5285 42 10.85
      vertex 39.5285 42 21.6
    endloop
  endfacet
  facet normal 0.831315 -0.555802 0
    outer loop
      vertex 39.5285 42 10.85
      vertex 39.354 41.739 21.6
      vertex 39.354 41.739 10.85
    endloop
  endfacet
  facet normal -0.752083 0.659068 0
    outer loop
      vertex 35.546 44.661 10.85
      vertex 35.7529 44.8971 21.6
      vertex 35.7529 44.8971 10.85
    endloop
  endfacet
  facet normal -0.752083 0.659068 0
    outer loop
      vertex 35.7529 44.8971 21.6
      vertex 35.546 44.661 10.85
      vertex 35.546 44.661 21.6
    endloop
  endfacet
  facet normal -0.896961 0.44211 0
    outer loop
      vertex 35.2327 44.1184 10.85
      vertex 35.3715 44.4 21.6
      vertex 35.3715 44.4 10.85
    endloop
  endfacet
  facet normal -0.896961 0.44211 0
    outer loop
      vertex 35.3715 44.4 21.6
      vertex 35.2327 44.1184 10.85
      vertex 35.2327 44.1184 21.6
    endloop
  endfacet
  facet normal 0.195258 -0.980752 0
    outer loop
      vertex 37.7633 40.8205 10.85
      vertex 38.0712 40.8818 21.6
      vertex 37.7633 40.8205 21.6
    endloop
  endfacet
  facet normal 0.195258 -0.980752 0
    outer loop
      vertex 38.0712 40.8818 21.6
      vertex 37.7633 40.8205 10.85
      vertex 38.0712 40.8818 10.85
    endloop
  endfacet
  facet normal 0.896961 0.44211 0
    outer loop
      vertex 39.6673 44.1184 21.6
      vertex 39.5285 44.4 10.85
      vertex 39.5285 44.4 21.6
    endloop
  endfacet
  facet normal 0.896961 0.44211 0
    outer loop
      vertex 39.5285 44.4 10.85
      vertex 39.6673 44.1184 21.6
      vertex 39.6673 44.1184 10.85
    endloop
  endfacet
  facet normal -0.44211 0.896961 0
    outer loop
      vertex 36.5316 45.4173 10.85
      vertex 36.25 45.2785 21.6
      vertex 36.5316 45.4173 21.6
    endloop
  endfacet
  facet normal -0.44211 0.896961 0
    outer loop
      vertex 36.25 45.2785 21.6
      vertex 36.5316 45.4173 10.85
      vertex 36.25 45.2785 10.85
    endloop
  endfacet
  facet normal -0.659068 0.752083 0
    outer loop
      vertex 35.989 45.104 10.85
      vertex 35.7529 44.8971 21.6
      vertex 35.989 45.104 21.6
    endloop
  endfacet
  facet normal -0.659068 0.752083 0
    outer loop
      vertex 35.7529 44.8971 21.6
      vertex 35.989 45.104 10.85
      vertex 35.7529 44.8971 10.85
    endloop
  endfacet
  facet normal -0.195258 0.980752 0
    outer loop
      vertex 37.1367 45.5795 10.85
      vertex 36.8288 45.5182 21.6
      vertex 37.1367 45.5795 21.6
    endloop
  endfacet
  facet normal -0.195258 0.980752 0
    outer loop
      vertex 36.8288 45.5182 21.6
      vertex 37.1367 45.5795 10.85
      vertex 36.8288 45.5182 10.85
    endloop
  endfacet
  facet normal 0.195258 0.980752 -0
    outer loop
      vertex 38.0712 45.5182 10.85
      vertex 37.7633 45.5795 21.6
      vertex 38.0712 45.5182 21.6
    endloop
  endfacet
  facet normal 0.195258 0.980752 0
    outer loop
      vertex 37.7633 45.5795 21.6
      vertex 38.0712 45.5182 10.85
      vertex 37.7633 45.5795 10.85
    endloop
  endfacet
  facet normal -0.997866 0.0652929 0
    outer loop
      vertex 35.05 43.2 10.85
      vertex 35.0705 43.5133 21.6
      vertex 35.0705 43.5133 10.85
    endloop
  endfacet
  facet normal -0.997866 0.0652929 0
    outer loop
      vertex 35.0705 43.5133 21.6
      vertex 35.05 43.2 10.85
      vertex 35.05 43.2 21.6
    endloop
  endfacet
  facet normal -0.44211 -0.896961 0
    outer loop
      vertex 36.25 41.1215 10.85
      vertex 36.5316 40.9827 21.6
      vertex 36.25 41.1215 21.6
    endloop
  endfacet
  facet normal -0.44211 -0.896961 -0
    outer loop
      vertex 36.5316 40.9827 21.6
      vertex 36.25 41.1215 10.85
      vertex 36.5316 40.9827 10.85
    endloop
  endfacet
  facet normal 0.980752 -0.195258 0
    outer loop
      vertex 39.7682 42.5788 21.6
      vertex 39.8295 42.8867 10.85
      vertex 39.8295 42.8867 21.6
    endloop
  endfacet
  facet normal 0.980752 -0.195258 0
    outer loop
      vertex 39.8295 42.8867 10.85
      vertex 39.7682 42.5788 21.6
      vertex 39.7682 42.5788 10.85
    endloop
  endfacet
  facet normal -0.555802 -0.831315 0
    outer loop
      vertex 35.989 41.296 10.85
      vertex 36.25 41.1215 21.6
      vertex 35.989 41.296 21.6
    endloop
  endfacet
  facet normal -0.555802 -0.831315 -0
    outer loop
      vertex 36.25 41.1215 21.6
      vertex 35.989 41.296 10.85
      vertex 36.25 41.1215 10.85
    endloop
  endfacet
  facet normal -0.896961 -0.44211 0
    outer loop
      vertex 35.3715 42 10.85
      vertex 35.2327 42.2816 21.6
      vertex 35.2327 42.2816 10.85
    endloop
  endfacet
  facet normal -0.896961 -0.44211 0
    outer loop
      vertex 35.2327 42.2816 21.6
      vertex 35.3715 42 10.85
      vertex 35.3715 42 21.6
    endloop
  endfacet
  facet normal -0.752083 -0.659068 0
    outer loop
      vertex 35.7529 41.5029 10.85
      vertex 35.546 41.739 21.6
      vertex 35.546 41.739 10.85
    endloop
  endfacet
  facet normal -0.752083 -0.659068 0
    outer loop
      vertex 35.546 41.739 21.6
      vertex 35.7529 41.5029 10.85
      vertex 35.7529 41.5029 21.6
    endloop
  endfacet
  facet normal -0.946916 -0.32148 0
    outer loop
      vertex 35.2327 42.2816 10.85
      vertex 35.1318 42.5788 21.6
      vertex 35.1318 42.5788 10.85
    endloop
  endfacet
  facet normal -0.946916 -0.32148 0
    outer loop
      vertex 35.1318 42.5788 21.6
      vertex 35.2327 42.2816 10.85
      vertex 35.2327 42.2816 21.6
    endloop
  endfacet
  facet normal 0.0652929 -0.997866 0
    outer loop
      vertex 37.45 40.8 10.85
      vertex 37.7633 40.8205 21.6
      vertex 37.45 40.8 21.6
    endloop
  endfacet
  facet normal 0.0652929 -0.997866 0
    outer loop
      vertex 37.7633 40.8205 21.6
      vertex 37.45 40.8 10.85
      vertex 37.7633 40.8205 10.85
    endloop
  endfacet
  facet normal 0.44211 -0.896961 0
    outer loop
      vertex 38.3684 40.9827 10.85
      vertex 38.65 41.1215 21.6
      vertex 38.3684 40.9827 21.6
    endloop
  endfacet
  facet normal 0.44211 -0.896961 0
    outer loop
      vertex 38.65 41.1215 21.6
      vertex 38.3684 40.9827 10.85
      vertex 38.65 41.1215 10.85
    endloop
  endfacet
  facet normal 0.555802 0.831315 -0
    outer loop
      vertex 38.911 45.104 10.85
      vertex 38.65 45.2785 21.6
      vertex 38.911 45.104 21.6
    endloop
  endfacet
  facet normal 0.555802 0.831315 0
    outer loop
      vertex 38.65 45.2785 21.6
      vertex 38.911 45.104 10.85
      vertex 38.65 45.2785 10.85
    endloop
  endfacet
  facet normal 0.946916 -0.32148 0
    outer loop
      vertex 39.6673 42.2816 21.6
      vertex 39.7682 42.5788 10.85
      vertex 39.7682 42.5788 21.6
    endloop
  endfacet
  facet normal 0.946916 -0.32148 0
    outer loop
      vertex 39.7682 42.5788 10.85
      vertex 39.6673 42.2816 21.6
      vertex 39.6673 42.2816 10.85
    endloop
  endfacet
  facet normal 0.555802 -0.831315 0
    outer loop
      vertex 38.65 41.1215 10.85
      vertex 38.911 41.296 21.6
      vertex 38.65 41.1215 21.6
    endloop
  endfacet
  facet normal 0.555802 -0.831315 0
    outer loop
      vertex 38.911 41.296 21.6
      vertex 38.65 41.1215 10.85
      vertex 38.911 41.296 10.85
    endloop
  endfacet
  facet normal 0.32148 0.946916 -0
    outer loop
      vertex 38.3684 45.4173 10.85
      vertex 38.0712 45.5182 21.6
      vertex 38.3684 45.4173 21.6
    endloop
  endfacet
  facet normal 0.32148 0.946916 0
    outer loop
      vertex 38.0712 45.5182 21.6
      vertex 38.3684 45.4173 10.85
      vertex 38.0712 45.5182 10.85
    endloop
  endfacet
  facet normal 0.896961 -0.44211 0
    outer loop
      vertex 39.5285 42 21.6
      vertex 39.6673 42.2816 10.85
      vertex 39.6673 42.2816 21.6
    endloop
  endfacet
  facet normal 0.896961 -0.44211 0
    outer loop
      vertex 39.6673 42.2816 10.85
      vertex 39.5285 42 21.6
      vertex 39.5285 42 10.85
    endloop
  endfacet
  facet normal 0 0 -1
    outer loop
      vertex 38.66 43.2 10.85
      vertex 39.85 43.2 10.85
      vertex 39.8295 42.8867 10.85
    endloop
  endfacet
  facet normal 0 0 -1
    outer loop
      vertex 38.6497 43.0421 10.85
      vertex 39.8295 42.8867 10.85
      vertex 39.7682 42.5788 10.85
    endloop
  endfacet
  facet normal 0 0 -1
    outer loop
      vertex 39.85 43.2 10.85
      vertex 38.66 43.2 10.85
      vertex 39.8295 43.5133 10.85
    endloop
  endfacet
  facet normal 0 0 -1
    outer loop
      vertex 38.6188 42.8868 10.85
      vertex 39.7682 42.5788 10.85
      vertex 39.6673 42.2816 10.85
    endloop
  endfacet
  facet normal 0 0 -1
    outer loop
      vertex 38.6497 43.3579 10.85
      vertex 39.8295 43.5133 10.85
      vertex 38.66 43.2 10.85
    endloop
  endfacet
  facet normal 0 0 -1
    outer loop
      vertex 38.5679 42.737 10.85
      vertex 39.6673 42.2816 10.85
      vertex 39.5285 42 10.85
    endloop
  endfacet
  facet normal -0 0 -1
    outer loop
      vertex 39.8295 43.5133 10.85
      vertex 38.6497 43.3579 10.85
      vertex 39.7682 43.8212 10.85
    endloop
  endfacet
  facet normal 0 0 -1
    outer loop
      vertex 38.4979 42.595 10.85
      vertex 39.5285 42 10.85
      vertex 39.354 41.739 10.85
    endloop
  endfacet
  facet normal 0 0 -1
    outer loop
      vertex 38.6188 43.5132 10.85
      vertex 39.7682 43.8212 10.85
      vertex 38.6497 43.3579 10.85
    endloop
  endfacet
  facet normal 0 0 -1
    outer loop
      vertex 38.41 42.4634 10.85
      vertex 39.354 41.739 10.85
      vertex 39.1471 41.5029 10.85
    endloop
  endfacet
  facet normal -0 0 -1
    outer loop
      vertex 39.7682 43.8212 10.85
      vertex 38.6188 43.5132 10.85
      vertex 39.6673 44.1184 10.85
    endloop
  endfacet
  facet normal 0 0 -1
    outer loop
      vertex 38.3056 42.3444 10.85
      vertex 39.1471 41.5029 10.85
      vertex 38.911 41.296 10.85
    endloop
  endfacet
  facet normal 0 0 -1
    outer loop
      vertex 38.5679 43.663 10.85
      vertex 39.6673 44.1184 10.85
      vertex 38.6188 43.5132 10.85
    endloop
  endfacet
  facet normal -0 0 -1
    outer loop
      vertex 39.6673 44.1184 10.85
      vertex 38.5679 43.663 10.85
      vertex 39.5285 44.4 10.85
    endloop
  endfacet
  facet normal 0 0 -1
    outer loop
      vertex 38.1866 42.24 10.85
      vertex 38.911 41.296 10.85
      vertex 38.65 41.1215 10.85
    endloop
  endfacet
  facet normal 0 0 -1
    outer loop
      vertex 39.8295 42.8867 10.85
      vertex 38.6497 43.0421 10.85
      vertex 38.66 43.2 10.85
    endloop
  endfacet
  facet normal 0 0 -1
    outer loop
      vertex 39.7682 42.5788 10.85
      vertex 38.6188 42.8868 10.85
      vertex 38.6497 43.0421 10.85
    endloop
  endfacet
  facet normal 0 0 -1
    outer loop
      vertex 39.6673 42.2816 10.85
      vertex 38.5679 42.737 10.85
      vertex 38.6188 42.8868 10.85
    endloop
  endfacet
  facet normal 0 0 -1
    outer loop
      vertex 39.5285 42 10.85
      vertex 38.4979 42.595 10.85
      vertex 38.5679 42.737 10.85
    endloop
  endfacet
  facet normal 0 0 -1
    outer loop
      vertex 39.354 41.739 10.85
      vertex 38.41 42.4634 10.85
      vertex 38.4979 42.595 10.85
    endloop
  endfacet
  facet normal 0 0 -1
    outer loop
      vertex 38.055 42.1521 10.85
      vertex 38.65 41.1215 10.85
      vertex 38.3684 40.9827 10.85
    endloop
  endfacet
  facet normal 0 0 -1
    outer loop
      vertex 39.1471 41.5029 10.85
      vertex 38.3056 42.3444 10.85
      vertex 38.41 42.4634 10.85
    endloop
  endfacet
  facet normal 0 0 -1
    outer loop
      vertex 38.911 41.296 10.85
      vertex 38.1866 42.24 10.85
      vertex 38.3056 42.3444 10.85
    endloop
  endfacet
  facet normal 0 0 -1
    outer loop
      vertex 37.913 42.0821 10.85
      vertex 38.3684 40.9827 10.85
      vertex 38.0712 40.8818 10.85
    endloop
  endfacet
  facet normal 0 0 -1
    outer loop
      vertex 38.65 41.1215 10.85
      vertex 38.055 42.1521 10.85
      vertex 38.1866 42.24 10.85
    endloop
  endfacet
  facet normal 0 0 -1
    outer loop
      vertex 38.3684 40.9827 10.85
      vertex 37.913 42.0821 10.85
      vertex 38.055 42.1521 10.85
    endloop
  endfacet
  facet normal 0 0 -1
    outer loop
      vertex 37.7632 42.0312 10.85
      vertex 38.0712 40.8818 10.85
      vertex 37.7633 40.8205 10.85
    endloop
  endfacet
  facet normal 0 0 -1
    outer loop
      vertex 38.0712 40.8818 10.85
      vertex 37.7632 42.0312 10.85
      vertex 37.913 42.0821 10.85
    endloop
  endfacet
  facet normal 0 0 -1
    outer loop
      vertex 37.7633 40.8205 10.85
      vertex 37.6079 42.0004 10.85
      vertex 37.7632 42.0312 10.85
    endloop
  endfacet
  facet normal 0 0 -1
    outer loop
      vertex 37.45 40.8 10.85
      vertex 37.6079 42.0004 10.85
      vertex 37.7633 40.8205 10.85
    endloop
  endfacet
  facet normal 0 0 -1
    outer loop
      vertex 37.45 40.8 10.85
      vertex 37.45 41.99 10.85
      vertex 37.6079 42.0004 10.85
    endloop
  endfacet
  facet normal 0 0 -1
    outer loop
      vertex 37.45 40.8 10.85
      vertex 37.2921 42.0004 10.85
      vertex 37.45 41.99 10.85
    endloop
  endfacet
  facet normal 0 0 -1
    outer loop
      vertex 37.1367 40.8205 10.85
      vertex 37.2921 42.0004 10.85
      vertex 37.45 40.8 10.85
    endloop
  endfacet
  facet normal -0 0 -1
    outer loop
      vertex 37.2921 42.0004 10.85
      vertex 37.1367 40.8205 10.85
      vertex 37.1368 42.0312 10.85
    endloop
  endfacet
  facet normal 0 0 -1
    outer loop
      vertex 36.8288 40.8818 10.85
      vertex 37.1368 42.0312 10.85
      vertex 37.1367 40.8205 10.85
    endloop
  endfacet
  facet normal -0 0 -1
    outer loop
      vertex 37.1368 42.0312 10.85
      vertex 36.8288 40.8818 10.85
      vertex 36.987 42.0821 10.85
    endloop
  endfacet
  facet normal 0 0 -1
    outer loop
      vertex 36.5316 40.9827 10.85
      vertex 36.987 42.0821 10.85
      vertex 36.8288 40.8818 10.85
    endloop
  endfacet
  facet normal -0 0 -1
    outer loop
      vertex 36.987 42.0821 10.85
      vertex 36.5316 40.9827 10.85
      vertex 36.845 42.1521 10.85
    endloop
  endfacet
  facet normal 0 0 -1
    outer loop
      vertex 36.25 41.1215 10.85
      vertex 36.845 42.1521 10.85
      vertex 36.5316 40.9827 10.85
    endloop
  endfacet
  facet normal -0 0 -1
    outer loop
      vertex 36.845 42.1521 10.85
      vertex 36.25 41.1215 10.85
      vertex 36.7134 42.24 10.85
    endloop
  endfacet
  facet normal 0 0 -1
    outer loop
      vertex 35.989 41.296 10.85
      vertex 36.7134 42.24 10.85
      vertex 36.25 41.1215 10.85
    endloop
  endfacet
  facet normal -0 0 -1
    outer loop
      vertex 36.7134 42.24 10.85
      vertex 35.989 41.296 10.85
      vertex 36.5944 42.3444 10.85
    endloop
  endfacet
  facet normal 0 0 -1
    outer loop
      vertex 35.7529 41.5029 10.85
      vertex 36.5944 42.3444 10.85
      vertex 35.989 41.296 10.85
    endloop
  endfacet
  facet normal -0 0 -1
    outer loop
      vertex 36.5944 42.3444 10.85
      vertex 35.7529 41.5029 10.85
      vertex 36.49 42.4634 10.85
    endloop
  endfacet
  facet normal 0 0 -1
    outer loop
      vertex 35.546 41.739 10.85
      vertex 36.49 42.4634 10.85
      vertex 35.7529 41.5029 10.85
    endloop
  endfacet
  facet normal -0 0 -1
    outer loop
      vertex 36.49 42.4634 10.85
      vertex 35.546 41.739 10.85
      vertex 36.4021 42.595 10.85
    endloop
  endfacet
  facet normal 0 0 -1
    outer loop
      vertex 35.3715 42 10.85
      vertex 36.4021 42.595 10.85
      vertex 35.546 41.739 10.85
    endloop
  endfacet
  facet normal -0 0 -1
    outer loop
      vertex 36.4021 42.595 10.85
      vertex 35.3715 42 10.85
      vertex 36.3321 42.737 10.85
    endloop
  endfacet
  facet normal 0 0 -1
    outer loop
      vertex 38.4979 43.805 10.85
      vertex 39.5285 44.4 10.85
      vertex 38.5679 43.663 10.85
    endloop
  endfacet
  facet normal -0 0 -1
    outer loop
      vertex 39.5285 44.4 10.85
      vertex 38.4979 43.805 10.85
      vertex 39.354 44.661 10.85
    endloop
  endfacet
  facet normal 0 0 -1
    outer loop
      vertex 38.41 43.9366 10.85
      vertex 39.354 44.661 10.85
      vertex 38.4979 43.805 10.85
    endloop
  endfacet
  facet normal -0 0 -1
    outer loop
      vertex 39.354 44.661 10.85
      vertex 38.41 43.9366 10.85
      vertex 39.1471 44.8971 10.85
    endloop
  endfacet
  facet normal 0 0 -1
    outer loop
      vertex 38.3056 44.0556 10.85
      vertex 39.1471 44.8971 10.85
      vertex 38.41 43.9366 10.85
    endloop
  endfacet
  facet normal -0 0 -1
    outer loop
      vertex 39.1471 44.8971 10.85
      vertex 38.3056 44.0556 10.85
      vertex 38.911 45.104 10.85
    endloop
  endfacet
  facet normal 0 0 -1
    outer loop
      vertex 38.1866 44.16 10.85
      vertex 38.911 45.104 10.85
      vertex 38.3056 44.0556 10.85
    endloop
  endfacet
  facet normal -0 0 -1
    outer loop
      vertex 38.911 45.104 10.85
      vertex 38.1866 44.16 10.85
      vertex 38.65 45.2785 10.85
    endloop
  endfacet
  facet normal 0 0 -1
    outer loop
      vertex 38.055 44.2479 10.85
      vertex 38.65 45.2785 10.85
      vertex 38.1866 44.16 10.85
    endloop
  endfacet
  facet normal -0 0 -1
    outer loop
      vertex 38.65 45.2785 10.85
      vertex 38.055 44.2479 10.85
      vertex 38.3684 45.4173 10.85
    endloop
  endfacet
  facet normal 0 0 -1
    outer loop
      vertex 37.913 44.3179 10.85
      vertex 38.3684 45.4173 10.85
      vertex 38.055 44.2479 10.85
    endloop
  endfacet
  facet normal -0 0 -1
    outer loop
      vertex 38.3684 45.4173 10.85
      vertex 37.913 44.3179 10.85
      vertex 38.0712 45.5182 10.85
    endloop
  endfacet
  facet normal 0 0 -1
    outer loop
      vertex 37.7632 44.3688 10.85
      vertex 38.0712 45.5182 10.85
      vertex 37.913 44.3179 10.85
    endloop
  endfacet
  facet normal -0 0 -1
    outer loop
      vertex 38.0712 45.5182 10.85
      vertex 37.7632 44.3688 10.85
      vertex 37.7633 45.5795 10.85
    endloop
  endfacet
  facet normal 0 0 -1
    outer loop
      vertex 37.6079 44.3997 10.85
      vertex 37.7633 45.5795 10.85
      vertex 37.7632 44.3688 10.85
    endloop
  endfacet
  facet normal 0 0 -1
    outer loop
      vertex 37.45 44.41 10.85
      vertex 37.7633 45.5795 10.85
      vertex 37.6079 44.3997 10.85
    endloop
  endfacet
  facet normal 0 0 -1
    outer loop
      vertex 37.45 44.41 10.85
      vertex 37.45 45.6 10.85
      vertex 37.7633 45.5795 10.85
    endloop
  endfacet
  facet normal 0 0 -1
    outer loop
      vertex 37.2921 44.3997 10.85
      vertex 37.45 45.6 10.85
      vertex 37.45 44.41 10.85
    endloop
  endfacet
  facet normal 0 0 -1
    outer loop
      vertex 37.1367 45.5795 10.85
      vertex 37.2921 44.3997 10.85
      vertex 37.1368 44.3688 10.85
    endloop
  endfacet
  facet normal 0 0 -1
    outer loop
      vertex 37.2921 44.3997 10.85
      vertex 37.1367 45.5795 10.85
      vertex 37.45 45.6 10.85
    endloop
  endfacet
  facet normal 0 0 -1
    outer loop
      vertex 36.8288 45.5182 10.85
      vertex 37.1368 44.3688 10.85
      vertex 36.987 44.3179 10.85
    endloop
  endfacet
  facet normal 0 0 -1
    outer loop
      vertex 36.5316 45.4173 10.85
      vertex 36.987 44.3179 10.85
      vertex 36.845 44.2479 10.85
    endloop
  endfacet
  facet normal 0 0 -1
    outer loop
      vertex 37.1368 44.3688 10.85
      vertex 36.8288 45.5182 10.85
      vertex 37.1367 45.5795 10.85
    endloop
  endfacet
  facet normal 0 0 -1
    outer loop
      vertex 36.25 45.2785 10.85
      vertex 36.845 44.2479 10.85
      vertex 36.7134 44.16 10.85
    endloop
  endfacet
  facet normal 0 0 -1
    outer loop
      vertex 35.989 45.104 10.85
      vertex 36.7134 44.16 10.85
      vertex 36.5944 44.0556 10.85
    endloop
  endfacet
  facet normal 0 0 -1
    outer loop
      vertex 36.987 44.3179 10.85
      vertex 36.5316 45.4173 10.85
      vertex 36.8288 45.5182 10.85
    endloop
  endfacet
  facet normal 0 0 -1
    outer loop
      vertex 35.7529 44.8971 10.85
      vertex 36.5944 44.0556 10.85
      vertex 36.49 43.9366 10.85
    endloop
  endfacet
  facet normal 0 0 -1
    outer loop
      vertex 35.546 44.661 10.85
      vertex 36.49 43.9366 10.85
      vertex 36.4021 43.805 10.85
    endloop
  endfacet
  facet normal 0 0 -1
    outer loop
      vertex 35.3715 44.4 10.85
      vertex 36.4021 43.805 10.85
      vertex 36.3321 43.663 10.85
    endloop
  endfacet
  facet normal 0 0 -1
    outer loop
      vertex 35.2327 44.1184 10.85
      vertex 36.3321 43.663 10.85
      vertex 36.2812 43.5132 10.85
    endloop
  endfacet
  facet normal 0 0 -1
    outer loop
      vertex 35.1318 43.8212 10.85
      vertex 36.2812 43.5132 10.85
      vertex 36.2504 43.3579 10.85
    endloop
  endfacet
  facet normal 0 0 -1
    outer loop
      vertex 36.845 44.2479 10.85
      vertex 36.25 45.2785 10.85
      vertex 36.5316 45.4173 10.85
    endloop
  endfacet
  facet normal 0 0 -1
    outer loop
      vertex 35.0705 43.5133 10.85
      vertex 36.2504 43.3579 10.85
      vertex 36.24 43.2 10.85
    endloop
  endfacet
  facet normal 0 0 -1
    outer loop
      vertex 35.2327 42.2816 10.85
      vertex 36.3321 42.737 10.85
      vertex 35.3715 42 10.85
    endloop
  endfacet
  facet normal 0 0 -1
    outer loop
      vertex 36.7134 44.16 10.85
      vertex 35.989 45.104 10.85
      vertex 36.25 45.2785 10.85
    endloop
  endfacet
  facet normal -0 0 -1
    outer loop
      vertex 36.3321 42.737 10.85
      vertex 35.2327 42.2816 10.85
      vertex 36.2812 42.8868 10.85
    endloop
  endfacet
  facet normal 0 0 -1
    outer loop
      vertex 36.5944 44.0556 10.85
      vertex 35.7529 44.8971 10.85
      vertex 35.989 45.104 10.85
    endloop
  endfacet
  facet normal 0 0 -1
    outer loop
      vertex 35.1318 42.5788 10.85
      vertex 36.2812 42.8868 10.85
      vertex 35.2327 42.2816 10.85
    endloop
  endfacet
  facet normal 0 0 -1
    outer loop
      vertex 36.49 43.9366 10.85
      vertex 35.546 44.661 10.85
      vertex 35.7529 44.8971 10.85
    endloop
  endfacet
  facet normal -0 0 -1
    outer loop
      vertex 36.2812 42.8868 10.85
      vertex 35.1318 42.5788 10.85
      vertex 36.2504 43.0421 10.85
    endloop
  endfacet
  facet normal 0 0 -1
    outer loop
      vertex 36.4021 43.805 10.85
      vertex 35.3715 44.4 10.85
      vertex 35.546 44.661 10.85
    endloop
  endfacet
  facet normal 0 0 -1
    outer loop
      vertex 35.0705 42.8867 10.85
      vertex 36.2504 43.0421 10.85
      vertex 35.1318 42.5788 10.85
    endloop
  endfacet
  facet normal 0 0 -1
    outer loop
      vertex 36.3321 43.663 10.85
      vertex 35.2327 44.1184 10.85
      vertex 35.3715 44.4 10.85
    endloop
  endfacet
  facet normal -0 0 -1
    outer loop
      vertex 36.2504 43.0421 10.85
      vertex 35.0705 42.8867 10.85
      vertex 36.24 43.2 10.85
    endloop
  endfacet
  facet normal 0 0 -1
    outer loop
      vertex 36.2812 43.5132 10.85
      vertex 35.1318 43.8212 10.85
      vertex 35.2327 44.1184 10.85
    endloop
  endfacet
  facet normal 0 0 -1
    outer loop
      vertex 35.05 43.2 10.85
      vertex 36.24 43.2 10.85
      vertex 35.0705 42.8867 10.85
    endloop
  endfacet
  facet normal 0 0 -1
    outer loop
      vertex 36.2504 43.3579 10.85
      vertex 35.0705 43.5133 10.85
      vertex 35.1318 43.8212 10.85
    endloop
  endfacet
  facet normal 0 0 -1
    outer loop
      vertex 36.24 43.2 10.85
      vertex 35.05 43.2 10.85
      vertex 35.0705 43.5133 10.85
    endloop
  endfacet
  facet normal -0.555802 0.831315 0
    outer loop
      vertex 36.25 45.2785 10.85
      vertex 35.989 45.104 21.6
      vertex 36.25 45.2785 21.6
    endloop
  endfacet
  facet normal -0.555802 0.831315 0
    outer loop
      vertex 35.989 45.104 21.6
      vertex 36.25 45.2785 10.85
      vertex 35.989 45.104 10.85
    endloop
  endfacet
  facet normal 0.0657195 -0.9978 0.00877186
    outer loop
      vertex 37.45 41.99 10.85
      vertex 37.45 41.95 6.3
      vertex 37.6079 42.0004 10.85
    endloop
  endfacet
  facet normal -0.321529 -0.946859 0.00876718
    outer loop
      vertex 36.987 42.0821 10.85
      vertex 36.9716 42.0452 6.3
      vertex 37.1265 41.9926 6.3
    endloop
  endfacet
  facet normal 0.442296 -0.896826 0.00877016
    outer loop
      vertex 38.075 42.1175 6.3
      vertex 37.913 42.0821 10.85
      vertex 37.9284 42.0452 6.3
    endloop
  endfacet
  facet normal -0.9978 -0.0657195 0.00877186
    outer loop
      vertex 36.24 43.2 10.85
      vertex 36.2 43.2 6.3
      vertex 36.2504 43.0421 10.85
    endloop
  endfacet
  facet normal -0.997819 -0.0654207 0.00878245
    outer loop
      vertex 36.2504 43.0421 10.85
      vertex 36.2 43.2 6.3
      vertex 36.2107 43.0368 6.3
    endloop
  endfacet
  facet normal -0.751751 0.659388 0.00877354
    outer loop
      vertex 36.5661 44.0839 6.3
      vertex 36.4583 43.961 6.3
      vertex 36.49 43.9366 10.85
    endloop
  endfacet
  facet normal -0.195167 -0.980731 0.00878448
    outer loop
      vertex 37.2921 42.0004 10.85
      vertex 37.1265 41.9926 6.3
      vertex 37.2868 41.9607 6.3
    endloop
  endfacet
  facet normal -0.0654207 -0.997819 0.00878245
    outer loop
      vertex 37.2921 42.0004 10.85
      vertex 37.2868 41.9607 6.3
      vertex 37.45 41.95 6.3
    endloop
  endfacet
  facet normal -0.896826 0.442296 0.00876398
    outer loop
      vertex 36.3675 43.825 6.3
      vertex 36.2952 43.6784 6.3
      vertex 36.4021 43.805 10.85
    endloop
  endfacet
  facet normal -0.32098 0.947045 0.00876089
    outer loop
      vertex 37.1265 44.4074 6.3
      vertex 36.9716 44.3549 6.3
      vertex 37.1368 44.3688 10.85
    endloop
  endfacet
  facet normal 0.831532 0.555408 0.00877176
    outer loop
      vertex 38.4417 43.961 6.3
      vertex 38.41 43.9366 10.85
      vertex 38.4979 43.805 10.85
    endloop
  endfacet
  facet normal -0.555408 -0.831532 0.00877176
    outer loop
      vertex 36.7134 42.24 10.85
      vertex 36.689 42.2083 6.3
      vertex 36.845 42.1521 10.85
    endloop
  endfacet
  facet normal -0.555243 0.831642 0.00877164
    outer loop
      vertex 36.825 44.2825 6.3
      vertex 36.689 44.1917 6.3
      vertex 36.7134 44.16 10.85
    endloop
  endfacet
  facet normal 0.980731 -0.195167 0.00876293
    outer loop
      vertex 38.6893 43.0368 6.3
      vertex 38.6497 43.0421 10.85
      vertex 38.6574 42.8765 6.3
    endloop
  endfacet
  facet normal 0.896905 -0.442136 0.00876388
    outer loop
      vertex 38.5679 42.737 10.85
      vertex 38.4979 42.595 10.85
      vertex 38.5325 42.575 6.3
    endloop
  endfacet
  facet normal -0.659388 -0.751751 0.00877354
    outer loop
      vertex 36.7134 42.24 10.85
      vertex 36.5661 42.3161 6.3
      vertex 36.689 42.2083 6.3
    endloop
  endfacet
  facet normal -0.946859 0.321529 0.00876055
    outer loop
      vertex 36.2952 43.6784 6.3
      vertex 36.2426 43.5235 6.3
      vertex 36.2812 43.5132 10.85
    endloop
  endfacet
  facet normal 0.555243 0.831642 0.00877164
    outer loop
      vertex 38.211 44.1917 6.3
      vertex 38.075 44.2825 6.3
      vertex 38.1866 44.16 10.85
    endloop
  endfacet
  facet normal -0.831642 -0.555243 0.00877164
    outer loop
      vertex 36.49 42.4634 10.85
      vertex 36.3675 42.575 6.3
      vertex 36.4583 42.439 6.3
    endloop
  endfacet
  facet normal -0.831642 0.555243 0.00877164
    outer loop
      vertex 36.4583 43.961 6.3
      vertex 36.3675 43.825 6.3
      vertex 36.49 43.9366 10.85
    endloop
  endfacet
  facet normal -0.980731 0.195167 0.00878448
    outer loop
      vertex 36.2426 43.5235 6.3
      vertex 36.2107 43.3632 6.3
      vertex 36.2504 43.3579 10.85
    endloop
  endfacet
  facet normal -0.980858 0.194529 0.00876148
    outer loop
      vertex 36.2812 43.5132 10.85
      vertex 36.2426 43.5235 6.3
      vertex 36.2504 43.3579 10.85
    endloop
  endfacet
  facet normal 0.997841 -0.0650903 0.00877223
    outer loop
      vertex 38.66 43.2 10.85
      vertex 38.6497 43.0421 10.85
      vertex 38.7 43.2 6.3
    endloop
  endfacet
  facet normal 0.659388 0.751751 0.00877354
    outer loop
      vertex 38.211 44.1917 6.3
      vertex 38.1866 44.16 10.85
      vertex 38.3339 44.0839 6.3
    endloop
  endfacet
  facet normal 0.0654208 0.997819 0.00876052
    outer loop
      vertex 37.6132 44.4393 6.3
      vertex 37.45 44.45 6.3
      vertex 37.6079 44.3997 10.85
    endloop
  endfacet
  facet normal -0.195137 0.980737 0.00876184
    outer loop
      vertex 37.2921 44.3997 10.85
      vertex 37.1265 44.4074 6.3
      vertex 37.1368 44.3688 10.85
    endloop
  endfacet
  facet normal -0.946798 0.321709 0.00876729
    outer loop
      vertex 36.2952 43.6784 6.3
      vertex 36.2812 43.5132 10.85
      vertex 36.3321 43.663 10.85
    endloop
  endfacet
  facet normal -0.555243 -0.831642 0.00876476
    outer loop
      vertex 36.845 42.1521 10.85
      vertex 36.689 42.2083 6.3
      vertex 36.825 42.1175 6.3
    endloop
  endfacet
  facet normal 0.896905 0.442136 0.00876388
    outer loop
      vertex 38.5325 43.825 6.3
      vertex 38.4979 43.805 10.85
      vertex 38.5679 43.663 10.85
    endloop
  endfacet
  facet normal 0.659463 -0.751686 0.00877703
    outer loop
      vertex 38.3056 42.3444 10.85
      vertex 38.1866 42.24 10.85
      vertex 38.3339 42.3161 6.3
    endloop
  endfacet
  facet normal -0.321709 0.946798 0.0087881
    outer loop
      vertex 37.1368 44.3688 10.85
      vertex 36.9716 44.3549 6.3
      vertex 36.987 44.3179 10.85
    endloop
  endfacet
  facet normal -0.659463 -0.751686 0.00877703
    outer loop
      vertex 36.5944 42.3444 10.85
      vertex 36.5661 42.3161 6.3
      vertex 36.7134 42.24 10.85
    endloop
  endfacet
  facet normal 0.946798 0.321709 0.00876044
    outer loop
      vertex 38.6574 43.5235 6.3
      vertex 38.5679 43.663 10.85
      vertex 38.6188 43.5132 10.85
    endloop
  endfacet
  facet normal -0.751751 -0.659388 0.00877354
    outer loop
      vertex 36.49 42.4634 10.85
      vertex 36.4583 42.439 6.3
      vertex 36.5661 42.3161 6.3
    endloop
  endfacet
  facet normal 0.194529 -0.980858 0.00876148
    outer loop
      vertex 37.7632 42.0312 10.85
      vertex 37.6079 42.0004 10.85
      vertex 37.7735 41.9926 6.3
    endloop
  endfacet
  facet normal -0.946859 -0.321529 0.00876055
    outer loop
      vertex 36.2812 42.8868 10.85
      vertex 36.2426 42.8765 6.3
      vertex 36.2952 42.7216 6.3
    endloop
  endfacet
  facet normal -0.751686 -0.659463 0.00877703
    outer loop
      vertex 36.5944 42.3444 10.85
      vertex 36.49 42.4634 10.85
      vertex 36.5661 42.3161 6.3
    endloop
  endfacet
  facet normal -0.0657195 -0.9978 0.00877186
    outer loop
      vertex 37.45 41.99 10.85
      vertex 37.2921 42.0004 10.85
      vertex 37.45 41.95 6.3
    endloop
  endfacet
  facet normal -0.194529 -0.980858 0.00876148
    outer loop
      vertex 37.1368 42.0312 10.85
      vertex 37.1265 41.9926 6.3
      vertex 37.2921 42.0004 10.85
    endloop
  endfacet
  facet normal 0.751751 -0.659388 0.00877354
    outer loop
      vertex 38.41 42.4634 10.85
      vertex 38.3339 42.3161 6.3
      vertex 38.4417 42.439 6.3
    endloop
  endfacet
  facet normal -0.442788 0.896584 0.0087643
    outer loop
      vertex 36.9716 44.3549 6.3
      vertex 36.825 44.2825 6.3
      vertex 36.845 44.2479 10.85
    endloop
  endfacet
  facet normal 0.896584 -0.442787 0.00878956
    outer loop
      vertex 38.5679 42.737 10.85
      vertex 38.5325 42.575 6.3
      vertex 38.6049 42.7216 6.3
    endloop
  endfacet
  facet normal -0.946798 -0.321709 0.00876729
    outer loop
      vertex 36.3321 42.737 10.85
      vertex 36.2812 42.8868 10.85
      vertex 36.2952 42.7216 6.3
    endloop
  endfacet
  facet normal 0.555408 -0.831532 0.00876465
    outer loop
      vertex 38.1866 42.24 10.85
      vertex 38.055 42.1521 10.85
      vertex 38.075 42.1175 6.3
    endloop
  endfacet
  facet normal -0.195167 0.980731 0.00876293
    outer loop
      vertex 37.2868 44.4393 6.3
      vertex 37.1265 44.4074 6.3
      vertex 37.2921 44.3997 10.85
    endloop
  endfacet
  facet normal 0.321709 0.946798 0.0087881
    outer loop
      vertex 37.9284 44.3549 6.3
      vertex 37.7632 44.3688 10.85
      vertex 37.913 44.3179 10.85
    endloop
  endfacet
  facet normal -0.980858 -0.194529 0.00876148
    outer loop
      vertex 36.2504 43.0421 10.85
      vertex 36.2426 42.8765 6.3
      vertex 36.2812 42.8868 10.85
    endloop
  endfacet
  facet normal 0.980737 0.195137 0.00876184
    outer loop
      vertex 38.6574 43.5235 6.3
      vertex 38.6188 43.5132 10.85
      vertex 38.6497 43.3579 10.85
    endloop
  endfacet
  facet normal -0.980731 -0.195167 0.00878448
    outer loop
      vertex 36.2504 43.0421 10.85
      vertex 36.2107 43.0368 6.3
      vertex 36.2426 42.8765 6.3
    endloop
  endfacet
  facet normal -0.997819 0.0654207 0.00878245
    outer loop
      vertex 36.2107 43.3632 6.3
      vertex 36.2 43.2 6.3
      vertex 36.2504 43.3579 10.85
    endloop
  endfacet
  facet normal -0.9978 0.0657195 0.00877186
    outer loop
      vertex 36.2504 43.3579 10.85
      vertex 36.2 43.2 6.3
      vertex 36.24 43.2 10.85
    endloop
  endfacet
  facet normal 0.555243 -0.831642 0.00877164
    outer loop
      vertex 38.1866 42.24 10.85
      vertex 38.075 42.1175 6.3
      vertex 38.211 42.2083 6.3
    endloop
  endfacet
  facet normal 0.947045 0.32098 0.00878764
    outer loop
      vertex 38.6049 43.6784 6.3
      vertex 38.5679 43.663 10.85
      vertex 38.6574 43.5235 6.3
    endloop
  endfacet
  facet normal 0.659388 -0.751751 0.00877354
    outer loop
      vertex 38.3339 42.3161 6.3
      vertex 38.1866 42.24 10.85
      vertex 38.211 42.2083 6.3
    endloop
  endfacet
  facet normal 0.831642 -0.555243 0.00877164
    outer loop
      vertex 38.5325 42.575 6.3
      vertex 38.41 42.4634 10.85
      vertex 38.4417 42.439 6.3
    endloop
  endfacet
  facet normal 0.947045 -0.32098 0.00878764
    outer loop
      vertex 38.6574 42.8765 6.3
      vertex 38.5679 42.737 10.85
      vertex 38.6049 42.7216 6.3
    endloop
  endfacet
  facet normal -0.0654208 0.997819 0.00876052
    outer loop
      vertex 37.45 44.45 6.3
      vertex 37.2868 44.4393 6.3
      vertex 37.2921 44.3997 10.85
    endloop
  endfacet
  facet normal 0.997841 0.0650903 0.00877223
    outer loop
      vertex 38.7 43.2 6.3
      vertex 38.6497 43.3579 10.85
      vertex 38.66 43.2 10.85
    endloop
  endfacet
  facet normal 0.896584 0.442787 0.00878956
    outer loop
      vertex 38.6049 43.6784 6.3
      vertex 38.5325 43.825 6.3
      vertex 38.5679 43.663 10.85
    endloop
  endfacet
  facet normal 0.321529 -0.946859 0.00876718
    outer loop
      vertex 37.913 42.0821 10.85
      vertex 37.7735 41.9926 6.3
      vertex 37.9284 42.0452 6.3
    endloop
  endfacet
  facet normal 0.321709 -0.946798 0.00876044
    outer loop
      vertex 37.913 42.0821 10.85
      vertex 37.7632 42.0312 10.85
      vertex 37.7735 41.9926 6.3
    endloop
  endfacet
  facet normal 0.980731 0.195167 0.00876293
    outer loop
      vertex 38.6574 43.5235 6.3
      vertex 38.6497 43.3579 10.85
      vertex 38.6893 43.3632 6.3
    endloop
  endfacet
  facet normal 0.32098 0.947045 0.00876089
    outer loop
      vertex 37.7735 44.4074 6.3
      vertex 37.7632 44.3688 10.85
      vertex 37.9284 44.3549 6.3
    endloop
  endfacet
  facet normal -0.659388 0.751751 0.00877354
    outer loop
      vertex 36.689 44.1917 6.3
      vertex 36.5661 44.0839 6.3
      vertex 36.7134 44.16 10.85
    endloop
  endfacet
  facet normal 0.946798 -0.321709 0.00876044
    outer loop
      vertex 38.6188 42.8868 10.85
      vertex 38.5679 42.737 10.85
      vertex 38.6574 42.8765 6.3
    endloop
  endfacet
  facet normal -0.442136 -0.896905 0.00876388
    outer loop
      vertex 36.845 42.1521 10.85
      vertex 36.825 42.1175 6.3
      vertex 36.987 42.0821 10.85
    endloop
  endfacet
  facet normal 0 0 -1
    outer loop
      vertex 38.6893 43.0368 6.3
      vertex 38.6893 43.3632 6.3
      vertex 38.7 43.2 6.3
    endloop
  endfacet
  facet normal 0 0 -1
    outer loop
      vertex 38.6574 42.8765 6.3
      vertex 38.6893 43.3632 6.3
      vertex 38.6893 43.0368 6.3
    endloop
  endfacet
  facet normal 0 0 -1
    outer loop
      vertex 38.6574 42.8765 6.3
      vertex 38.6574 43.5235 6.3
      vertex 38.6893 43.3632 6.3
    endloop
  endfacet
  facet normal 0 0 -1
    outer loop
      vertex 38.6049 42.7216 6.3
      vertex 38.6574 43.5235 6.3
      vertex 38.6574 42.8765 6.3
    endloop
  endfacet
  facet normal 0 0 -1
    outer loop
      vertex 38.6049 42.7216 6.3
      vertex 38.6049 43.6784 6.3
      vertex 38.6574 43.5235 6.3
    endloop
  endfacet
  facet normal 0 0 -1
    outer loop
      vertex 38.5325 42.575 6.3
      vertex 38.6049 43.6784 6.3
      vertex 38.6049 42.7216 6.3
    endloop
  endfacet
  facet normal 0 0 -1
    outer loop
      vertex 38.5325 42.575 6.3
      vertex 38.5325 43.825 6.3
      vertex 38.6049 43.6784 6.3
    endloop
  endfacet
  facet normal 0 0 -1
    outer loop
      vertex 38.4417 42.439 6.3
      vertex 38.5325 43.825 6.3
      vertex 38.5325 42.575 6.3
    endloop
  endfacet
  facet normal 0 0 -1
    outer loop
      vertex 38.4417 42.439 6.3
      vertex 38.4417 43.961 6.3
      vertex 38.5325 43.825 6.3
    endloop
  endfacet
  facet normal 0 0 -1
    outer loop
      vertex 38.3339 42.3161 6.3
      vertex 38.4417 43.961 6.3
      vertex 38.4417 42.439 6.3
    endloop
  endfacet
  facet normal 0 0 -1
    outer loop
      vertex 38.3339 42.3161 6.3
      vertex 38.3339 44.0839 6.3
      vertex 38.4417 43.961 6.3
    endloop
  endfacet
  facet normal 0 0 -1
    outer loop
      vertex 38.211 42.2083 6.3
      vertex 38.3339 44.0839 6.3
      vertex 38.3339 42.3161 6.3
    endloop
  endfacet
  facet normal 0 0 -1
    outer loop
      vertex 38.211 42.2083 6.3
      vertex 38.211 44.1917 6.3
      vertex 38.3339 44.0839 6.3
    endloop
  endfacet
  facet normal 0 0 -1
    outer loop
      vertex 38.075 42.1175 6.3
      vertex 38.211 44.1917 6.3
      vertex 38.211 42.2083 6.3
    endloop
  endfacet
  facet normal 0 0 -1
    outer loop
      vertex 38.075 42.1175 6.3
      vertex 38.075 44.2825 6.3
      vertex 38.211 44.1917 6.3
    endloop
  endfacet
  facet normal 0 0 -1
    outer loop
      vertex 37.9284 42.0452 6.3
      vertex 38.075 44.2825 6.3
      vertex 38.075 42.1175 6.3
    endloop
  endfacet
  facet normal 0 0 -1
    outer loop
      vertex 37.9284 42.0452 6.3
      vertex 37.9284 44.3549 6.3
      vertex 38.075 44.2825 6.3
    endloop
  endfacet
  facet normal 0 0 -1
    outer loop
      vertex 37.7735 41.9926 6.3
      vertex 37.9284 44.3549 6.3
      vertex 37.9284 42.0452 6.3
    endloop
  endfacet
  facet normal 0 0 -1
    outer loop
      vertex 37.7735 41.9926 6.3
      vertex 37.7735 44.4074 6.3
      vertex 37.9284 44.3549 6.3
    endloop
  endfacet
  facet normal 0 0 -1
    outer loop
      vertex 37.6132 41.9607 6.3
      vertex 37.7735 44.4074 6.3
      vertex 37.7735 41.9926 6.3
    endloop
  endfacet
  facet normal 0 0 -1
    outer loop
      vertex 37.6132 41.9607 6.3
      vertex 37.6132 44.4393 6.3
      vertex 37.7735 44.4074 6.3
    endloop
  endfacet
  facet normal 0 0 -1
    outer loop
      vertex 37.45 41.95 6.3
      vertex 37.6132 44.4393 6.3
      vertex 37.6132 41.9607 6.3
    endloop
  endfacet
  facet normal 0 0 -1
    outer loop
      vertex 37.45 41.95 6.3
      vertex 37.45 44.45 6.3
      vertex 37.6132 44.4393 6.3
    endloop
  endfacet
  facet normal 0 0 -1
    outer loop
      vertex 37.2868 41.9607 6.3
      vertex 37.45 44.45 6.3
      vertex 37.45 41.95 6.3
    endloop
  endfacet
  facet normal 0 0 -1
    outer loop
      vertex 37.2868 41.9607 6.3
      vertex 37.2868 44.4393 6.3
      vertex 37.45 44.45 6.3
    endloop
  endfacet
  facet normal 0 0 -1
    outer loop
      vertex 37.1265 41.9926 6.3
      vertex 37.2868 44.4393 6.3
      vertex 37.2868 41.9607 6.3
    endloop
  endfacet
  facet normal 0 0 -1
    outer loop
      vertex 37.1265 41.9926 6.3
      vertex 37.1265 44.4074 6.3
      vertex 37.2868 44.4393 6.3
    endloop
  endfacet
  facet normal 0 0 -1
    outer loop
      vertex 36.9716 42.0452 6.3
      vertex 37.1265 44.4074 6.3
      vertex 37.1265 41.9926 6.3
    endloop
  endfacet
  facet normal 0 0 -1
    outer loop
      vertex 36.9716 42.0452 6.3
      vertex 36.9716 44.3549 6.3
      vertex 37.1265 44.4074 6.3
    endloop
  endfacet
  facet normal 0 0 -1
    outer loop
      vertex 36.825 42.1175 6.3
      vertex 36.9716 44.3549 6.3
      vertex 36.9716 42.0452 6.3
    endloop
  endfacet
  facet normal 0 0 -1
    outer loop
      vertex 36.825 42.1175 6.3
      vertex 36.825 44.2825 6.3
      vertex 36.9716 44.3549 6.3
    endloop
  endfacet
  facet normal 0 0 -1
    outer loop
      vertex 36.689 42.2083 6.3
      vertex 36.825 44.2825 6.3
      vertex 36.825 42.1175 6.3
    endloop
  endfacet
  facet normal 0 0 -1
    outer loop
      vertex 36.689 42.2083 6.3
      vertex 36.689 44.1917 6.3
      vertex 36.825 44.2825 6.3
    endloop
  endfacet
  facet normal 0 0 -1
    outer loop
      vertex 36.5661 42.3161 6.3
      vertex 36.689 44.1917 6.3
      vertex 36.689 42.2083 6.3
    endloop
  endfacet
  facet normal 0 0 -1
    outer loop
      vertex 36.5661 42.3161 6.3
      vertex 36.5661 44.0839 6.3
      vertex 36.689 44.1917 6.3
    endloop
  endfacet
  facet normal 0 0 -1
    outer loop
      vertex 36.4583 42.439 6.3
      vertex 36.5661 44.0839 6.3
      vertex 36.5661 42.3161 6.3
    endloop
  endfacet
  facet normal 0 0 -1
    outer loop
      vertex 36.4583 42.439 6.3
      vertex 36.4583 43.961 6.3
      vertex 36.5661 44.0839 6.3
    endloop
  endfacet
  facet normal 0 0 -1
    outer loop
      vertex 36.3675 42.575 6.3
      vertex 36.4583 43.961 6.3
      vertex 36.4583 42.439 6.3
    endloop
  endfacet
  facet normal 0 0 -1
    outer loop
      vertex 36.3675 42.575 6.3
      vertex 36.3675 43.825 6.3
      vertex 36.4583 43.961 6.3
    endloop
  endfacet
  facet normal 0 0 -1
    outer loop
      vertex 36.2952 42.7216 6.3
      vertex 36.3675 43.825 6.3
      vertex 36.3675 42.575 6.3
    endloop
  endfacet
  facet normal 0 0 -1
    outer loop
      vertex 36.2952 42.7216 6.3
      vertex 36.2952 43.6784 6.3
      vertex 36.3675 43.825 6.3
    endloop
  endfacet
  facet normal 0 0 -1
    outer loop
      vertex 36.2426 42.8765 6.3
      vertex 36.2952 43.6784 6.3
      vertex 36.2952 42.7216 6.3
    endloop
  endfacet
  facet normal 0 0 -1
    outer loop
      vertex 36.2426 42.8765 6.3
      vertex 36.2426 43.5235 6.3
      vertex 36.2952 43.6784 6.3
    endloop
  endfacet
  facet normal 0 0 -1
    outer loop
      vertex 36.2107 43.0368 6.3
      vertex 36.2426 43.5235 6.3
      vertex 36.2426 42.8765 6.3
    endloop
  endfacet
  facet normal 0 0 -1
    outer loop
      vertex 36.2107 43.0368 6.3
      vertex 36.2107 43.3632 6.3
      vertex 36.2426 43.5235 6.3
    endloop
  endfacet
  facet normal 0 -0 -1
    outer loop
      vertex 36.2107 43.3632 6.3
      vertex 36.2107 43.0368 6.3
      vertex 36.2 43.2 6.3
    endloop
  endfacet
  facet normal -0.831532 0.555408 0.00876465
    outer loop
      vertex 36.49 43.9366 10.85
      vertex 36.3675 43.825 6.3
      vertex 36.4021 43.805 10.85
    endloop
  endfacet
  facet normal -0.831532 -0.555408 0.00876465
    outer loop
      vertex 36.4021 42.595 10.85
      vertex 36.3675 42.575 6.3
      vertex 36.49 42.4634 10.85
    endloop
  endfacet
  facet normal -0.896905 -0.442136 0.00877026
    outer loop
      vertex 36.3321 42.737 10.85
      vertex 36.2952 42.7216 6.3
      vertex 36.4021 42.595 10.85
    endloop
  endfacet
  facet normal 0.997819 0.0654208 0.00876052
    outer loop
      vertex 38.6893 43.3632 6.3
      vertex 38.6497 43.3579 10.85
      vertex 38.7 43.2 6.3
    endloop
  endfacet
  facet normal -0.896826 -0.442296 0.00876398
    outer loop
      vertex 36.4021 42.595 10.85
      vertex 36.2952 42.7216 6.3
      vertex 36.3675 42.575 6.3
    endloop
  endfacet
  facet normal 0.0650903 0.997841 0.00877223
    outer loop
      vertex 37.45 44.45 6.3
      vertex 37.45 44.41 10.85
      vertex 37.6079 44.3997 10.85
    endloop
  endfacet
  facet normal 0.659463 0.751686 0.00877703
    outer loop
      vertex 38.3339 44.0839 6.3
      vertex 38.1866 44.16 10.85
      vertex 38.3056 44.0556 10.85
    endloop
  endfacet
  facet normal 0.751686 0.659463 0.00877703
    outer loop
      vertex 38.3339 44.0839 6.3
      vertex 38.3056 44.0556 10.85
      vertex 38.41 43.9366 10.85
    endloop
  endfacet
  facet normal 0.751751 0.659388 0.00877354
    outer loop
      vertex 38.4417 43.961 6.3
      vertex 38.3339 44.0839 6.3
      vertex 38.41 43.9366 10.85
    endloop
  endfacet
  facet normal 0.980737 -0.195137 0.00876184
    outer loop
      vertex 38.6497 43.0421 10.85
      vertex 38.6188 42.8868 10.85
      vertex 38.6574 42.8765 6.3
    endloop
  endfacet
  facet normal 0.442136 -0.896905 0.00876388
    outer loop
      vertex 38.055 42.1521 10.85
      vertex 37.913 42.0821 10.85
      vertex 38.075 42.1175 6.3
    endloop
  endfacet
  facet normal -0.555408 0.831532 0.00876465
    outer loop
      vertex 36.825 44.2825 6.3
      vertex 36.7134 44.16 10.85
      vertex 36.845 44.2479 10.85
    endloop
  endfacet
  facet normal 0.751686 -0.659463 0.00877703
    outer loop
      vertex 38.41 42.4634 10.85
      vertex 38.3056 42.3444 10.85
      vertex 38.3339 42.3161 6.3
    endloop
  endfacet
  facet normal -0.751686 0.659463 0.00877703
    outer loop
      vertex 36.5661 44.0839 6.3
      vertex 36.49 43.9366 10.85
      vertex 36.5944 44.0556 10.85
    endloop
  endfacet
  facet normal 0.195167 0.980731 0.00876293
    outer loop
      vertex 37.6132 44.4393 6.3
      vertex 37.6079 44.3997 10.85
      vertex 37.7735 44.4074 6.3
    endloop
  endfacet
  facet normal 0.0654207 -0.997819 0.00878245
    outer loop
      vertex 37.6079 42.0004 10.85
      vertex 37.45 41.95 6.3
      vertex 37.6132 41.9607 6.3
    endloop
  endfacet
  facet normal 0.195137 0.980737 0.00876184
    outer loop
      vertex 37.7735 44.4074 6.3
      vertex 37.6079 44.3997 10.85
      vertex 37.7632 44.3688 10.85
    endloop
  endfacet
  facet normal 0.195167 -0.980731 0.00878448
    outer loop
      vertex 37.7735 41.9926 6.3
      vertex 37.6079 42.0004 10.85
      vertex 37.6132 41.9607 6.3
    endloop
  endfacet
  facet normal -0.659463 0.751686 0.00877703
    outer loop
      vertex 36.7134 44.16 10.85
      vertex 36.5661 44.0839 6.3
      vertex 36.5944 44.0556 10.85
    endloop
  endfacet
  facet normal 0.831642 0.555243 0.00876476
    outer loop
      vertex 38.5325 43.825 6.3
      vertex 38.4417 43.961 6.3
      vertex 38.4979 43.805 10.85
    endloop
  endfacet
  facet normal 0.997819 -0.0654208 0.00876052
    outer loop
      vertex 38.7 43.2 6.3
      vertex 38.6497 43.0421 10.85
      vertex 38.6893 43.0368 6.3
    endloop
  endfacet
  facet normal -0.0650903 0.997841 0.00877223
    outer loop
      vertex 37.45 44.45 6.3
      vertex 37.2921 44.3997 10.85
      vertex 37.45 44.41 10.85
    endloop
  endfacet
  facet normal -0.896905 0.442136 0.00877026
    outer loop
      vertex 36.4021 43.805 10.85
      vertex 36.2952 43.6784 6.3
      vertex 36.3321 43.663 10.85
    endloop
  endfacet
  facet normal 0.831532 -0.555408 0.00876465
    outer loop
      vertex 38.4979 42.595 10.85
      vertex 38.41 42.4634 10.85
      vertex 38.5325 42.575 6.3
    endloop
  endfacet
  facet normal 0.442788 0.896584 0.0087643
    outer loop
      vertex 38.075 44.2825 6.3
      vertex 37.9284 44.3549 6.3
      vertex 38.055 44.2479 10.85
    endloop
  endfacet
  facet normal 0.442136 0.896905 0.00878997
    outer loop
      vertex 37.9284 44.3549 6.3
      vertex 37.913 44.3179 10.85
      vertex 38.055 44.2479 10.85
    endloop
  endfacet
  facet normal -0.321709 -0.946798 0.00876044
    outer loop
      vertex 37.1368 42.0312 10.85
      vertex 36.987 42.0821 10.85
      vertex 37.1265 41.9926 6.3
    endloop
  endfacet
  facet normal -0.442296 -0.896826 0.00877016
    outer loop
      vertex 36.987 42.0821 10.85
      vertex 36.825 42.1175 6.3
      vertex 36.9716 42.0452 6.3
    endloop
  endfacet
  facet normal 0.555408 0.831532 0.00876465
    outer loop
      vertex 38.075 44.2825 6.3
      vertex 38.055 44.2479 10.85
      vertex 38.1866 44.16 10.85
    endloop
  endfacet
  facet normal -0.442136 0.896905 0.00878997
    outer loop
      vertex 36.9716 44.3549 6.3
      vertex 36.845 44.2479 10.85
      vertex 36.987 44.3179 10.85
    endloop
  endfacet
  facet normal 0.997866 -0.0652929 0
    outer loop
      vertex 28.9295 42.8867 21.6
      vertex 28.95 43.2 10.85
      vertex 28.95 43.2 21.6
    endloop
  endfacet
  facet normal 0.997866 -0.0652929 0
    outer loop
      vertex 28.95 43.2 10.85
      vertex 28.9295 42.8867 21.6
      vertex 28.9295 42.8867 10.85
    endloop
  endfacet
  facet normal 0.44211 -0.896961 0
    outer loop
      vertex 27.4684 40.9827 10.85
      vertex 27.75 41.1215 21.6
      vertex 27.4684 40.9827 21.6
    endloop
  endfacet
  facet normal 0.44211 -0.896961 0
    outer loop
      vertex 27.75 41.1215 21.6
      vertex 27.4684 40.9827 10.85
      vertex 27.75 41.1215 10.85
    endloop
  endfacet
  facet normal -0.980752 -0.195258 0
    outer loop
      vertex 24.2318 42.5788 10.85
      vertex 24.1705 42.8867 21.6
      vertex 24.1705 42.8867 10.85
    endloop
  endfacet
  facet normal -0.980752 -0.195258 0
    outer loop
      vertex 24.1705 42.8867 21.6
      vertex 24.2318 42.5788 10.85
      vertex 24.2318 42.5788 21.6
    endloop
  endfacet
  facet normal -0.997866 -0.0652929 0
    outer loop
      vertex 24.1705 42.8867 10.85
      vertex 24.15 43.2 21.6
      vertex 24.15 43.2 10.85
    endloop
  endfacet
  facet normal -0.997866 -0.0652929 0
    outer loop
      vertex 24.15 43.2 21.6
      vertex 24.1705 42.8867 10.85
      vertex 24.1705 42.8867 21.6
    endloop
  endfacet
  facet normal -0.896961 0.44211 0
    outer loop
      vertex 24.3327 44.1184 10.85
      vertex 24.4715 44.4 21.6
      vertex 24.4715 44.4 10.85
    endloop
  endfacet
  facet normal -0.896961 0.44211 0
    outer loop
      vertex 24.4715 44.4 21.6
      vertex 24.3327 44.1184 10.85
      vertex 24.3327 44.1184 21.6
    endloop
  endfacet
  facet normal 0.32148 0.946916 -0
    outer loop
      vertex 27.4684 45.4173 10.85
      vertex 27.1712 45.5182 21.6
      vertex 27.4684 45.4173 21.6
    endloop
  endfacet
  facet normal 0.32148 0.946916 0
    outer loop
      vertex 27.1712 45.5182 21.6
      vertex 27.4684 45.4173 10.85
      vertex 27.1712 45.5182 10.85
    endloop
  endfacet
  facet normal 0.44211 0.896961 -0
    outer loop
      vertex 27.75 45.2785 10.85
      vertex 27.4684 45.4173 21.6
      vertex 27.75 45.2785 21.6
    endloop
  endfacet
  facet normal 0.44211 0.896961 0
    outer loop
      vertex 27.4684 45.4173 21.6
      vertex 27.75 45.2785 10.85
      vertex 27.4684 45.4173 10.85
    endloop
  endfacet
  facet normal 0.659068 -0.752083 0
    outer loop
      vertex 28.011 41.296 10.85
      vertex 28.2471 41.5029 21.6
      vertex 28.011 41.296 21.6
    endloop
  endfacet
  facet normal 0.659068 -0.752083 0
    outer loop
      vertex 28.2471 41.5029 21.6
      vertex 28.011 41.296 10.85
      vertex 28.2471 41.5029 10.85
    endloop
  endfacet
  facet normal 0.980752 0.195258 0
    outer loop
      vertex 28.9295 43.5133 21.6
      vertex 28.8682 43.8212 10.85
      vertex 28.8682 43.8212 21.6
    endloop
  endfacet
  facet normal 0.980752 0.195258 0
    outer loop
      vertex 28.8682 43.8212 10.85
      vertex 28.9295 43.5133 21.6
      vertex 28.9295 43.5133 10.85
    endloop
  endfacet
  facet normal 0.195258 0.980752 -0
    outer loop
      vertex 27.1712 45.5182 10.85
      vertex 26.8633 45.5795 21.6
      vertex 27.1712 45.5182 21.6
    endloop
  endfacet
  facet normal 0.195258 0.980752 0
    outer loop
      vertex 26.8633 45.5795 21.6
      vertex 27.1712 45.5182 10.85
      vertex 26.8633 45.5795 10.85
    endloop
  endfacet
  facet normal 0.831315 0.555802 0
    outer loop
      vertex 28.6285 44.4 21.6
      vertex 28.454 44.661 10.85
      vertex 28.454 44.661 21.6
    endloop
  endfacet
  facet normal 0.831315 0.555802 0
    outer loop
      vertex 28.454 44.661 10.85
      vertex 28.6285 44.4 21.6
      vertex 28.6285 44.4 10.85
    endloop
  endfacet
  facet normal -0.946916 0.32148 0
    outer loop
      vertex 24.2318 43.8212 10.85
      vertex 24.3327 44.1184 21.6
      vertex 24.3327 44.1184 10.85
    endloop
  endfacet
  facet normal -0.946916 0.32148 0
    outer loop
      vertex 24.3327 44.1184 21.6
      vertex 24.2318 43.8212 10.85
      vertex 24.2318 43.8212 21.6
    endloop
  endfacet
  facet normal 0.555802 -0.831315 0
    outer loop
      vertex 27.75 41.1215 10.85
      vertex 28.011 41.296 21.6
      vertex 27.75 41.1215 21.6
    endloop
  endfacet
  facet normal 0.555802 -0.831315 0
    outer loop
      vertex 28.011 41.296 21.6
      vertex 27.75 41.1215 10.85
      vertex 28.011 41.296 10.85
    endloop
  endfacet
  facet normal -0.0652929 0.997866 0
    outer loop
      vertex 26.55 45.6 10.85
      vertex 26.2367 45.5795 21.6
      vertex 26.55 45.6 21.6
    endloop
  endfacet
  facet normal -0.0652929 0.997866 0
    outer loop
      vertex 26.2367 45.5795 21.6
      vertex 26.55 45.6 10.85
      vertex 26.2367 45.5795 10.85
    endloop
  endfacet
  facet normal 0.896961 -0.44211 0
    outer loop
      vertex 28.6285 42 21.6
      vertex 28.7673 42.2816 10.85
      vertex 28.7673 42.2816 21.6
    endloop
  endfacet
  facet normal 0.896961 -0.44211 0
    outer loop
      vertex 28.7673 42.2816 10.85
      vertex 28.6285 42 21.6
      vertex 28.6285 42 10.85
    endloop
  endfacet
  facet normal 0.32148 -0.946916 0
    outer loop
      vertex 27.1712 40.8818 10.85
      vertex 27.4684 40.9827 21.6
      vertex 27.1712 40.8818 21.6
    endloop
  endfacet
  facet normal 0.32148 -0.946916 0
    outer loop
      vertex 27.4684 40.9827 21.6
      vertex 27.1712 40.8818 10.85
      vertex 27.4684 40.9827 10.85
    endloop
  endfacet
  facet normal -0.32148 0.946916 0
    outer loop
      vertex 25.9288 45.5182 10.85
      vertex 25.6316 45.4173 21.6
      vertex 25.9288 45.5182 21.6
    endloop
  endfacet
  facet normal -0.32148 0.946916 0
    outer loop
      vertex 25.6316 45.4173 21.6
      vertex 25.9288 45.5182 10.85
      vertex 25.6316 45.4173 10.85
    endloop
  endfacet
  facet normal 0.0652929 -0.997866 0
    outer loop
      vertex 26.55 40.8 10.85
      vertex 26.8633 40.8205 21.6
      vertex 26.55 40.8 21.6
    endloop
  endfacet
  facet normal 0.0652929 -0.997866 0
    outer loop
      vertex 26.8633 40.8205 21.6
      vertex 26.55 40.8 10.85
      vertex 26.8633 40.8205 10.85
    endloop
  endfacet
  facet normal 0.946916 -0.32148 0
    outer loop
      vertex 28.7673 42.2816 21.6
      vertex 28.8682 42.5788 10.85
      vertex 28.8682 42.5788 21.6
    endloop
  endfacet
  facet normal 0.946916 -0.32148 0
    outer loop
      vertex 28.8682 42.5788 10.85
      vertex 28.7673 42.2816 21.6
      vertex 28.7673 42.2816 10.85
    endloop
  endfacet
  facet normal -0.0652929 -0.997866 0
    outer loop
      vertex 26.2367 40.8205 10.85
      vertex 26.55 40.8 21.6
      vertex 26.2367 40.8205 21.6
    endloop
  endfacet
  facet normal -0.0652929 -0.997866 -0
    outer loop
      vertex 26.55 40.8 21.6
      vertex 26.2367 40.8205 10.85
      vertex 26.55 40.8 10.85
    endloop
  endfacet
  facet normal 0.659068 0.752083 -0
    outer loop
      vertex 28.2471 44.8971 10.85
      vertex 28.011 45.104 21.6
      vertex 28.2471 44.8971 21.6
    endloop
  endfacet
  facet normal 0.659068 0.752083 0
    outer loop
      vertex 28.011 45.104 21.6
      vertex 28.2471 44.8971 10.85
      vertex 28.011 45.104 10.85
    endloop
  endfacet
  facet normal -0.752083 -0.659068 0
    outer loop
      vertex 24.8529 41.5029 10.85
      vertex 24.646 41.739 21.6
      vertex 24.646 41.739 10.85
    endloop
  endfacet
  facet normal -0.752083 -0.659068 0
    outer loop
      vertex 24.646 41.739 21.6
      vertex 24.8529 41.5029 10.85
      vertex 24.8529 41.5029 21.6
    endloop
  endfacet
  facet normal -0.195258 0.980752 0
    outer loop
      vertex 26.2367 45.5795 10.85
      vertex 25.9288 45.5182 21.6
      vertex 26.2367 45.5795 21.6
    endloop
  endfacet
  facet normal -0.195258 0.980752 0
    outer loop
      vertex 25.9288 45.5182 21.6
      vertex 26.2367 45.5795 10.85
      vertex 25.9288 45.5182 10.85
    endloop
  endfacet
  facet normal -0.831315 -0.555802 0
    outer loop
      vertex 24.646 41.739 10.85
      vertex 24.4715 42 21.6
      vertex 24.4715 42 10.85
    endloop
  endfacet
  facet normal -0.831315 -0.555802 0
    outer loop
      vertex 24.4715 42 21.6
      vertex 24.646 41.739 10.85
      vertex 24.646 41.739 21.6
    endloop
  endfacet
  facet normal -0.555802 0.831315 0
    outer loop
      vertex 25.35 45.2785 10.85
      vertex 25.089 45.104 21.6
      vertex 25.35 45.2785 21.6
    endloop
  endfacet
  facet normal -0.555802 0.831315 0
    outer loop
      vertex 25.089 45.104 21.6
      vertex 25.35 45.2785 10.85
      vertex 25.089 45.104 10.85
    endloop
  endfacet
  facet normal -0.997866 0.0652929 0
    outer loop
      vertex 24.15 43.2 10.85
      vertex 24.1705 43.5133 21.6
      vertex 24.1705 43.5133 10.85
    endloop
  endfacet
  facet normal -0.997866 0.0652929 0
    outer loop
      vertex 24.1705 43.5133 21.6
      vertex 24.15 43.2 10.85
      vertex 24.15 43.2 21.6
    endloop
  endfacet
  facet normal -0.32148 -0.946916 0
    outer loop
      vertex 25.6316 40.9827 10.85
      vertex 25.9288 40.8818 21.6
      vertex 25.6316 40.9827 21.6
    endloop
  endfacet
  facet normal -0.32148 -0.946916 -0
    outer loop
      vertex 25.9288 40.8818 21.6
      vertex 25.6316 40.9827 10.85
      vertex 25.9288 40.8818 10.85
    endloop
  endfacet
  facet normal -0.555802 -0.831315 0
    outer loop
      vertex 25.089 41.296 10.85
      vertex 25.35 41.1215 21.6
      vertex 25.089 41.296 21.6
    endloop
  endfacet
  facet normal -0.555802 -0.831315 -0
    outer loop
      vertex 25.35 41.1215 21.6
      vertex 25.089 41.296 10.85
      vertex 25.35 41.1215 10.85
    endloop
  endfacet
  facet normal -0.831315 0.555802 0
    outer loop
      vertex 24.4715 44.4 10.85
      vertex 24.646 44.661 21.6
      vertex 24.646 44.661 10.85
    endloop
  endfacet
  facet normal -0.831315 0.555802 0
    outer loop
      vertex 24.646 44.661 21.6
      vertex 24.4715 44.4 10.85
      vertex 24.4715 44.4 21.6
    endloop
  endfacet
  facet normal 0.831315 -0.555802 0
    outer loop
      vertex 28.454 41.739 21.6
      vertex 28.6285 42 10.85
      vertex 28.6285 42 21.6
    endloop
  endfacet
  facet normal 0.831315 -0.555802 0
    outer loop
      vertex 28.6285 42 10.85
      vertex 28.454 41.739 21.6
      vertex 28.454 41.739 10.85
    endloop
  endfacet
  facet normal -0.44211 0.896961 0
    outer loop
      vertex 25.6316 45.4173 10.85
      vertex 25.35 45.2785 21.6
      vertex 25.6316 45.4173 21.6
    endloop
  endfacet
  facet normal -0.44211 0.896961 0
    outer loop
      vertex 25.35 45.2785 21.6
      vertex 25.6316 45.4173 10.85
      vertex 25.35 45.2785 10.85
    endloop
  endfacet
  facet normal 0.555802 0.831315 -0
    outer loop
      vertex 28.011 45.104 10.85
      vertex 27.75 45.2785 21.6
      vertex 28.011 45.104 21.6
    endloop
  endfacet
  facet normal 0.555802 0.831315 0
    outer loop
      vertex 27.75 45.2785 21.6
      vertex 28.011 45.104 10.85
      vertex 27.75 45.2785 10.85
    endloop
  endfacet
  facet normal 0.752083 -0.659068 0
    outer loop
      vertex 28.2471 41.5029 21.6
      vertex 28.454 41.739 10.85
      vertex 28.454 41.739 21.6
    endloop
  endfacet
  facet normal 0.752083 -0.659068 0
    outer loop
      vertex 28.454 41.739 10.85
      vertex 28.2471 41.5029 21.6
      vertex 28.2471 41.5029 10.85
    endloop
  endfacet
  facet normal 0.896961 0.44211 0
    outer loop
      vertex 28.7673 44.1184 21.6
      vertex 28.6285 44.4 10.85
      vertex 28.6285 44.4 21.6
    endloop
  endfacet
  facet normal 0.896961 0.44211 0
    outer loop
      vertex 28.6285 44.4 10.85
      vertex 28.7673 44.1184 21.6
      vertex 28.7673 44.1184 10.85
    endloop
  endfacet
  facet normal -0.44211 -0.896961 0
    outer loop
      vertex 25.35 41.1215 10.85
      vertex 25.6316 40.9827 21.6
      vertex 25.35 41.1215 21.6
    endloop
  endfacet
  facet normal -0.44211 -0.896961 -0
    outer loop
      vertex 25.6316 40.9827 21.6
      vertex 25.35 41.1215 10.85
      vertex 25.6316 40.9827 10.85
    endloop
  endfacet
  facet normal -0.752083 0.659068 0
    outer loop
      vertex 24.646 44.661 10.85
      vertex 24.8529 44.8971 21.6
      vertex 24.8529 44.8971 10.85
    endloop
  endfacet
  facet normal -0.752083 0.659068 0
    outer loop
      vertex 24.8529 44.8971 21.6
      vertex 24.646 44.661 10.85
      vertex 24.646 44.661 21.6
    endloop
  endfacet
  facet normal -0.195258 -0.980752 0
    outer loop
      vertex 25.9288 40.8818 10.85
      vertex 26.2367 40.8205 21.6
      vertex 25.9288 40.8818 21.6
    endloop
  endfacet
  facet normal -0.195258 -0.980752 -0
    outer loop
      vertex 26.2367 40.8205 21.6
      vertex 25.9288 40.8818 10.85
      vertex 26.2367 40.8205 10.85
    endloop
  endfacet
  facet normal -0.980752 0.195258 0
    outer loop
      vertex 24.1705 43.5133 10.85
      vertex 24.2318 43.8212 21.6
      vertex 24.2318 43.8212 10.85
    endloop
  endfacet
  facet normal -0.980752 0.195258 0
    outer loop
      vertex 24.2318 43.8212 21.6
      vertex 24.1705 43.5133 10.85
      vertex 24.1705 43.5133 21.6
    endloop
  endfacet
  facet normal 0.997866 0.0652929 0
    outer loop
      vertex 28.95 43.2 21.6
      vertex 28.9295 43.5133 10.85
      vertex 28.9295 43.5133 21.6
    endloop
  endfacet
  facet normal 0.997866 0.0652929 0
    outer loop
      vertex 28.9295 43.5133 10.85
      vertex 28.95 43.2 21.6
      vertex 28.95 43.2 10.85
    endloop
  endfacet
  facet normal 0.0652929 0.997866 -0
    outer loop
      vertex 26.8633 45.5795 10.85
      vertex 26.55 45.6 21.6
      vertex 26.8633 45.5795 21.6
    endloop
  endfacet
  facet normal 0.0652929 0.997866 0
    outer loop
      vertex 26.55 45.6 21.6
      vertex 26.8633 45.5795 10.85
      vertex 26.55 45.6 10.85
    endloop
  endfacet
  facet normal -0.659068 0.752083 0
    outer loop
      vertex 25.089 45.104 10.85
      vertex 24.8529 44.8971 21.6
      vertex 25.089 45.104 21.6
    endloop
  endfacet
  facet normal -0.659068 0.752083 0
    outer loop
      vertex 24.8529 44.8971 21.6
      vertex 25.089 45.104 10.85
      vertex 24.8529 44.8971 10.85
    endloop
  endfacet
  facet normal -0.659068 -0.752083 0
    outer loop
      vertex 24.8529 41.5029 10.85
      vertex 25.089 41.296 21.6
      vertex 24.8529 41.5029 21.6
    endloop
  endfacet
  facet normal -0.659068 -0.752083 -0
    outer loop
      vertex 25.089 41.296 21.6
      vertex 24.8529 41.5029 10.85
      vertex 25.089 41.296 10.85
    endloop
  endfacet
  facet normal -0.896961 -0.44211 0
    outer loop
      vertex 24.4715 42 10.85
      vertex 24.3327 42.2816 21.6
      vertex 24.3327 42.2816 10.85
    endloop
  endfacet
  facet normal -0.896961 -0.44211 0
    outer loop
      vertex 24.3327 42.2816 21.6
      vertex 24.4715 42 10.85
      vertex 24.4715 42 21.6
    endloop
  endfacet
  facet normal -0.946916 -0.32148 0
    outer loop
      vertex 24.3327 42.2816 10.85
      vertex 24.2318 42.5788 21.6
      vertex 24.2318 42.5788 10.85
    endloop
  endfacet
  facet normal -0.946916 -0.32148 0
    outer loop
      vertex 24.2318 42.5788 21.6
      vertex 24.3327 42.2816 10.85
      vertex 24.3327 42.2816 21.6
    endloop
  endfacet
  facet normal 0.195258 -0.980752 0
    outer loop
      vertex 26.8633 40.8205 10.85
      vertex 27.1712 40.8818 21.6
      vertex 26.8633 40.8205 21.6
    endloop
  endfacet
  facet normal 0.195258 -0.980752 0
    outer loop
      vertex 27.1712 40.8818 21.6
      vertex 26.8633 40.8205 10.85
      vertex 27.1712 40.8818 10.85
    endloop
  endfacet
  facet normal 0 0 1
    outer loop
      vertex 28.9295 43.5133 21.6
      vertex 28.9295 42.8867 21.6
      vertex 28.95 43.2 21.6
    endloop
  endfacet
  facet normal 0 0 1
    outer loop
      vertex 28.8682 43.8212 21.6
      vertex 28.9295 42.8867 21.6
      vertex 28.9295 43.5133 21.6
    endloop
  endfacet
  facet normal 0 0 1
    outer loop
      vertex 28.8682 43.8212 21.6
      vertex 28.8682 42.5788 21.6
      vertex 28.9295 42.8867 21.6
    endloop
  endfacet
  facet normal 0 0 1
    outer loop
      vertex 28.7673 44.1184 21.6
      vertex 28.8682 42.5788 21.6
      vertex 28.8682 43.8212 21.6
    endloop
  endfacet
  facet normal 0 0 1
    outer loop
      vertex 28.7673 44.1184 21.6
      vertex 28.7673 42.2816 21.6
      vertex 28.8682 42.5788 21.6
    endloop
  endfacet
  facet normal 0 0 1
    outer loop
      vertex 28.6285 44.4 21.6
      vertex 28.7673 42.2816 21.6
      vertex 28.7673 44.1184 21.6
    endloop
  endfacet
  facet normal 0 0 1
    outer loop
      vertex 28.6285 44.4 21.6
      vertex 28.6285 42 21.6
      vertex 28.7673 42.2816 21.6
    endloop
  endfacet
  facet normal 0 0 1
    outer loop
      vertex 28.454 44.661 21.6
      vertex 28.6285 42 21.6
      vertex 28.6285 44.4 21.6
    endloop
  endfacet
  facet normal 0 0 1
    outer loop
      vertex 28.454 44.661 21.6
      vertex 28.454 41.739 21.6
      vertex 28.6285 42 21.6
    endloop
  endfacet
  facet normal 0 0 1
    outer loop
      vertex 28.2471 44.8971 21.6
      vertex 28.454 41.739 21.6
      vertex 28.454 44.661 21.6
    endloop
  endfacet
  facet normal 0 0 1
    outer loop
      vertex 28.2471 44.8971 21.6
      vertex 28.2471 41.5029 21.6
      vertex 28.454 41.739 21.6
    endloop
  endfacet
  facet normal 0 0 1
    outer loop
      vertex 28.011 45.104 21.6
      vertex 28.2471 41.5029 21.6
      vertex 28.2471 44.8971 21.6
    endloop
  endfacet
  facet normal 0 0 1
    outer loop
      vertex 28.011 45.104 21.6
      vertex 28.011 41.296 21.6
      vertex 28.2471 41.5029 21.6
    endloop
  endfacet
  facet normal 0 0 1
    outer loop
      vertex 27.75 45.2785 21.6
      vertex 28.011 41.296 21.6
      vertex 28.011 45.104 21.6
    endloop
  endfacet
  facet normal 0 0 1
    outer loop
      vertex 27.75 45.2785 21.6
      vertex 27.75 41.1215 21.6
      vertex 28.011 41.296 21.6
    endloop
  endfacet
  facet normal 0 0 1
    outer loop
      vertex 27.4684 45.4173 21.6
      vertex 27.75 41.1215 21.6
      vertex 27.75 45.2785 21.6
    endloop
  endfacet
  facet normal 0 0 1
    outer loop
      vertex 27.4684 45.4173 21.6
      vertex 27.4684 40.9827 21.6
      vertex 27.75 41.1215 21.6
    endloop
  endfacet
  facet normal 0 0 1
    outer loop
      vertex 27.1712 45.5182 21.6
      vertex 27.4684 40.9827 21.6
      vertex 27.4684 45.4173 21.6
    endloop
  endfacet
  facet normal 0 0 1
    outer loop
      vertex 27.1712 45.5182 21.6
      vertex 27.1712 40.8818 21.6
      vertex 27.4684 40.9827 21.6
    endloop
  endfacet
  facet normal 0 0 1
    outer loop
      vertex 26.8633 45.5795 21.6
      vertex 27.1712 40.8818 21.6
      vertex 27.1712 45.5182 21.6
    endloop
  endfacet
  facet normal 0 0 1
    outer loop
      vertex 26.8633 45.5795 21.6
      vertex 26.8633 40.8205 21.6
      vertex 27.1712 40.8818 21.6
    endloop
  endfacet
  facet normal 0 0 1
    outer loop
      vertex 26.55 45.6 21.6
      vertex 26.8633 40.8205 21.6
      vertex 26.8633 45.5795 21.6
    endloop
  endfacet
  facet normal 0 0 1
    outer loop
      vertex 26.55 45.6 21.6
      vertex 26.55 40.8 21.6
      vertex 26.8633 40.8205 21.6
    endloop
  endfacet
  facet normal -0 0 1
    outer loop
      vertex 26.2367 45.5795 21.6
      vertex 26.55 40.8 21.6
      vertex 26.55 45.6 21.6
    endloop
  endfacet
  facet normal 0 0 1
    outer loop
      vertex 26.2367 45.5795 21.6
      vertex 26.2367 40.8205 21.6
      vertex 26.55 40.8 21.6
    endloop
  endfacet
  facet normal -0 0 1
    outer loop
      vertex 25.9288 45.5182 21.6
      vertex 26.2367 40.8205 21.6
      vertex 26.2367 45.5795 21.6
    endloop
  endfacet
  facet normal 0 0 1
    outer loop
      vertex 25.9288 45.5182 21.6
      vertex 25.9288 40.8818 21.6
      vertex 26.2367 40.8205 21.6
    endloop
  endfacet
  facet normal -0 0 1
    outer loop
      vertex 25.6316 45.4173 21.6
      vertex 25.9288 40.8818 21.6
      vertex 25.9288 45.5182 21.6
    endloop
  endfacet
  facet normal 0 0 1
    outer loop
      vertex 25.6316 45.4173 21.6
      vertex 25.6316 40.9827 21.6
      vertex 25.9288 40.8818 21.6
    endloop
  endfacet
  facet normal -0 0 1
    outer loop
      vertex 25.35 45.2785 21.6
      vertex 25.6316 40.9827 21.6
      vertex 25.6316 45.4173 21.6
    endloop
  endfacet
  facet normal 0 0 1
    outer loop
      vertex 25.35 45.2785 21.6
      vertex 25.35 41.1215 21.6
      vertex 25.6316 40.9827 21.6
    endloop
  endfacet
  facet normal -0 0 1
    outer loop
      vertex 25.089 45.104 21.6
      vertex 25.35 41.1215 21.6
      vertex 25.35 45.2785 21.6
    endloop
  endfacet
  facet normal 0 0 1
    outer loop
      vertex 25.089 45.104 21.6
      vertex 25.089 41.296 21.6
      vertex 25.35 41.1215 21.6
    endloop
  endfacet
  facet normal -0 0 1
    outer loop
      vertex 24.8529 44.8971 21.6
      vertex 25.089 41.296 21.6
      vertex 25.089 45.104 21.6
    endloop
  endfacet
  facet normal 0 0 1
    outer loop
      vertex 24.8529 44.8971 21.6
      vertex 24.8529 41.5029 21.6
      vertex 25.089 41.296 21.6
    endloop
  endfacet
  facet normal -0 0 1
    outer loop
      vertex 24.646 44.661 21.6
      vertex 24.8529 41.5029 21.6
      vertex 24.8529 44.8971 21.6
    endloop
  endfacet
  facet normal 0 0 1
    outer loop
      vertex 24.646 44.661 21.6
      vertex 24.646 41.739 21.6
      vertex 24.8529 41.5029 21.6
    endloop
  endfacet
  facet normal -0 0 1
    outer loop
      vertex 24.4715 44.4 21.6
      vertex 24.646 41.739 21.6
      vertex 24.646 44.661 21.6
    endloop
  endfacet
  facet normal 0 0 1
    outer loop
      vertex 24.4715 44.4 21.6
      vertex 24.4715 42 21.6
      vertex 24.646 41.739 21.6
    endloop
  endfacet
  facet normal -0 0 1
    outer loop
      vertex 24.3327 44.1184 21.6
      vertex 24.4715 42 21.6
      vertex 24.4715 44.4 21.6
    endloop
  endfacet
  facet normal 0 0 1
    outer loop
      vertex 24.3327 44.1184 21.6
      vertex 24.3327 42.2816 21.6
      vertex 24.4715 42 21.6
    endloop
  endfacet
  facet normal -0 0 1
    outer loop
      vertex 24.2318 43.8212 21.6
      vertex 24.3327 42.2816 21.6
      vertex 24.3327 44.1184 21.6
    endloop
  endfacet
  facet normal 0 0 1
    outer loop
      vertex 24.2318 43.8212 21.6
      vertex 24.2318 42.5788 21.6
      vertex 24.3327 42.2816 21.6
    endloop
  endfacet
  facet normal -0 0 1
    outer loop
      vertex 24.1705 43.5133 21.6
      vertex 24.2318 42.5788 21.6
      vertex 24.2318 43.8212 21.6
    endloop
  endfacet
  facet normal 0 0 1
    outer loop
      vertex 24.1705 43.5133 21.6
      vertex 24.1705 42.8867 21.6
      vertex 24.2318 42.5788 21.6
    endloop
  endfacet
  facet normal 0 -0 1
    outer loop
      vertex 24.1705 42.8867 21.6
      vertex 24.1705 43.5133 21.6
      vertex 24.15 43.2 21.6
    endloop
  endfacet
  facet normal 0.946916 0.32148 0
    outer loop
      vertex 28.8682 43.8212 21.6
      vertex 28.7673 44.1184 10.85
      vertex 28.7673 44.1184 21.6
    endloop
  endfacet
  facet normal 0.946916 0.32148 0
    outer loop
      vertex 28.7673 44.1184 10.85
      vertex 28.8682 43.8212 21.6
      vertex 28.8682 43.8212 10.85
    endloop
  endfacet
  facet normal 0.752083 0.659068 0
    outer loop
      vertex 28.454 44.661 21.6
      vertex 28.2471 44.8971 10.85
      vertex 28.2471 44.8971 21.6
    endloop
  endfacet
  facet normal 0.752083 0.659068 0
    outer loop
      vertex 28.2471 44.8971 10.85
      vertex 28.454 44.661 21.6
      vertex 28.454 44.661 10.85
    endloop
  endfacet
  facet normal 0 0 -1
    outer loop
      vertex 27.76 43.2 10.85
      vertex 28.95 43.2 10.85
      vertex 28.9295 42.8867 10.85
    endloop
  endfacet
  facet normal 0 0 -1
    outer loop
      vertex 27.7496 43.0421 10.85
      vertex 28.9295 42.8867 10.85
      vertex 28.8682 42.5788 10.85
    endloop
  endfacet
  facet normal 0 0 -1
    outer loop
      vertex 28.95 43.2 10.85
      vertex 27.76 43.2 10.85
      vertex 28.9295 43.5133 10.85
    endloop
  endfacet
  facet normal 0 0 -1
    outer loop
      vertex 27.7188 42.8868 10.85
      vertex 28.8682 42.5788 10.85
      vertex 28.7673 42.2816 10.85
    endloop
  endfacet
  facet normal 0 0 -1
    outer loop
      vertex 27.7496 43.3579 10.85
      vertex 28.9295 43.5133 10.85
      vertex 27.76 43.2 10.85
    endloop
  endfacet
  facet normal 0 0 -1
    outer loop
      vertex 27.6679 42.737 10.85
      vertex 28.7673 42.2816 10.85
      vertex 28.6285 42 10.85
    endloop
  endfacet
  facet normal -0 0 -1
    outer loop
      vertex 28.9295 43.5133 10.85
      vertex 27.7496 43.3579 10.85
      vertex 28.8682 43.8212 10.85
    endloop
  endfacet
  facet normal 0 0 -1
    outer loop
      vertex 27.5979 42.595 10.85
      vertex 28.6285 42 10.85
      vertex 28.454 41.739 10.85
    endloop
  endfacet
  facet normal 0 0 -1
    outer loop
      vertex 27.7188 43.5132 10.85
      vertex 28.8682 43.8212 10.85
      vertex 27.7496 43.3579 10.85
    endloop
  endfacet
  facet normal 0 0 -1
    outer loop
      vertex 27.51 42.4634 10.85
      vertex 28.454 41.739 10.85
      vertex 28.2471 41.5029 10.85
    endloop
  endfacet
  facet normal -0 0 -1
    outer loop
      vertex 28.8682 43.8212 10.85
      vertex 27.7188 43.5132 10.85
      vertex 28.7673 44.1184 10.85
    endloop
  endfacet
  facet normal 0 0 -1
    outer loop
      vertex 27.4056 42.3444 10.85
      vertex 28.2471 41.5029 10.85
      vertex 28.011 41.296 10.85
    endloop
  endfacet
  facet normal 0 0 -1
    outer loop
      vertex 27.6679 43.663 10.85
      vertex 28.7673 44.1184 10.85
      vertex 27.7188 43.5132 10.85
    endloop
  endfacet
  facet normal -0 0 -1
    outer loop
      vertex 28.7673 44.1184 10.85
      vertex 27.6679 43.663 10.85
      vertex 28.6285 44.4 10.85
    endloop
  endfacet
  facet normal 0 0 -1
    outer loop
      vertex 27.2866 42.24 10.85
      vertex 28.011 41.296 10.85
      vertex 27.75 41.1215 10.85
    endloop
  endfacet
  facet normal 0 0 -1
    outer loop
      vertex 28.9295 42.8867 10.85
      vertex 27.7496 43.0421 10.85
      vertex 27.76 43.2 10.85
    endloop
  endfacet
  facet normal 0 0 -1
    outer loop
      vertex 28.8682 42.5788 10.85
      vertex 27.7188 42.8868 10.85
      vertex 27.7496 43.0421 10.85
    endloop
  endfacet
  facet normal 0 0 -1
    outer loop
      vertex 28.7673 42.2816 10.85
      vertex 27.6679 42.737 10.85
      vertex 27.7188 42.8868 10.85
    endloop
  endfacet
  facet normal 0 0 -1
    outer loop
      vertex 28.6285 42 10.85
      vertex 27.5979 42.595 10.85
      vertex 27.6679 42.737 10.85
    endloop
  endfacet
  facet normal 0 0 -1
    outer loop
      vertex 28.454 41.739 10.85
      vertex 27.51 42.4634 10.85
      vertex 27.5979 42.595 10.85
    endloop
  endfacet
  facet normal 0 0 -1
    outer loop
      vertex 27.155 42.1521 10.85
      vertex 27.75 41.1215 10.85
      vertex 27.4684 40.9827 10.85
    endloop
  endfacet
  facet normal 0 0 -1
    outer loop
      vertex 28.2471 41.5029 10.85
      vertex 27.4056 42.3444 10.85
      vertex 27.51 42.4634 10.85
    endloop
  endfacet
  facet normal 0 0 -1
    outer loop
      vertex 28.011 41.296 10.85
      vertex 27.2866 42.24 10.85
      vertex 27.4056 42.3444 10.85
    endloop
  endfacet
  facet normal 0 0 -1
    outer loop
      vertex 27.013 42.0821 10.85
      vertex 27.4684 40.9827 10.85
      vertex 27.1712 40.8818 10.85
    endloop
  endfacet
  facet normal 0 0 -1
    outer loop
      vertex 27.75 41.1215 10.85
      vertex 27.155 42.1521 10.85
      vertex 27.2866 42.24 10.85
    endloop
  endfacet
  facet normal 0 0 -1
    outer loop
      vertex 27.4684 40.9827 10.85
      vertex 27.013 42.0821 10.85
      vertex 27.155 42.1521 10.85
    endloop
  endfacet
  facet normal 0 0 -1
    outer loop
      vertex 26.8632 42.0312 10.85
      vertex 27.1712 40.8818 10.85
      vertex 26.8633 40.8205 10.85
    endloop
  endfacet
  facet normal 0 0 -1
    outer loop
      vertex 27.1712 40.8818 10.85
      vertex 26.8632 42.0312 10.85
      vertex 27.013 42.0821 10.85
    endloop
  endfacet
  facet normal 0 0 -1
    outer loop
      vertex 26.8633 40.8205 10.85
      vertex 26.7079 42.0004 10.85
      vertex 26.8632 42.0312 10.85
    endloop
  endfacet
  facet normal 0 0 -1
    outer loop
      vertex 26.55 40.8 10.85
      vertex 26.7079 42.0004 10.85
      vertex 26.8633 40.8205 10.85
    endloop
  endfacet
  facet normal 0 0 -1
    outer loop
      vertex 26.55 40.8 10.85
      vertex 26.55 41.99 10.85
      vertex 26.7079 42.0004 10.85
    endloop
  endfacet
  facet normal 0 0 -1
    outer loop
      vertex 26.55 40.8 10.85
      vertex 26.3921 42.0004 10.85
      vertex 26.55 41.99 10.85
    endloop
  endfacet
  facet normal 0 0 -1
    outer loop
      vertex 26.2367 40.8205 10.85
      vertex 26.3921 42.0004 10.85
      vertex 26.55 40.8 10.85
    endloop
  endfacet
  facet normal -0 0 -1
    outer loop
      vertex 26.3921 42.0004 10.85
      vertex 26.2367 40.8205 10.85
      vertex 26.2368 42.0312 10.85
    endloop
  endfacet
  facet normal 0 0 -1
    outer loop
      vertex 25.9288 40.8818 10.85
      vertex 26.2368 42.0312 10.85
      vertex 26.2367 40.8205 10.85
    endloop
  endfacet
  facet normal -0 0 -1
    outer loop
      vertex 26.2368 42.0312 10.85
      vertex 25.9288 40.8818 10.85
      vertex 26.087 42.0821 10.85
    endloop
  endfacet
  facet normal 0 0 -1
    outer loop
      vertex 25.6316 40.9827 10.85
      vertex 26.087 42.0821 10.85
      vertex 25.9288 40.8818 10.85
    endloop
  endfacet
  facet normal -0 0 -1
    outer loop
      vertex 26.087 42.0821 10.85
      vertex 25.6316 40.9827 10.85
      vertex 25.945 42.1521 10.85
    endloop
  endfacet
  facet normal 0 0 -1
    outer loop
      vertex 25.35 41.1215 10.85
      vertex 25.945 42.1521 10.85
      vertex 25.6316 40.9827 10.85
    endloop
  endfacet
  facet normal -0 0 -1
    outer loop
      vertex 25.945 42.1521 10.85
      vertex 25.35 41.1215 10.85
      vertex 25.8134 42.24 10.85
    endloop
  endfacet
  facet normal 0 0 -1
    outer loop
      vertex 25.089 41.296 10.85
      vertex 25.8134 42.24 10.85
      vertex 25.35 41.1215 10.85
    endloop
  endfacet
  facet normal -0 0 -1
    outer loop
      vertex 25.8134 42.24 10.85
      vertex 25.089 41.296 10.85
      vertex 25.6944 42.3444 10.85
    endloop
  endfacet
  facet normal 0 0 -1
    outer loop
      vertex 24.8529 41.5029 10.85
      vertex 25.6944 42.3444 10.85
      vertex 25.089 41.296 10.85
    endloop
  endfacet
  facet normal -0 0 -1
    outer loop
      vertex 25.6944 42.3444 10.85
      vertex 24.8529 41.5029 10.85
      vertex 25.59 42.4634 10.85
    endloop
  endfacet
  facet normal 0 0 -1
    outer loop
      vertex 24.646 41.739 10.85
      vertex 25.59 42.4634 10.85
      vertex 24.8529 41.5029 10.85
    endloop
  endfacet
  facet normal -0 0 -1
    outer loop
      vertex 25.59 42.4634 10.85
      vertex 24.646 41.739 10.85
      vertex 25.5021 42.595 10.85
    endloop
  endfacet
  facet normal 0 0 -1
    outer loop
      vertex 24.4715 42 10.85
      vertex 25.5021 42.595 10.85
      vertex 24.646 41.739 10.85
    endloop
  endfacet
  facet normal -0 0 -1
    outer loop
      vertex 25.5021 42.595 10.85
      vertex 24.4715 42 10.85
      vertex 25.4321 42.737 10.85
    endloop
  endfacet
  facet normal 0 0 -1
    outer loop
      vertex 27.5979 43.805 10.85
      vertex 28.6285 44.4 10.85
      vertex 27.6679 43.663 10.85
    endloop
  endfacet
  facet normal -0 0 -1
    outer loop
      vertex 28.6285 44.4 10.85
      vertex 27.5979 43.805 10.85
      vertex 28.454 44.661 10.85
    endloop
  endfacet
  facet normal 0 0 -1
    outer loop
      vertex 27.51 43.9366 10.85
      vertex 28.454 44.661 10.85
      vertex 27.5979 43.805 10.85
    endloop
  endfacet
  facet normal -0 0 -1
    outer loop
      vertex 28.454 44.661 10.85
      vertex 27.51 43.9366 10.85
      vertex 28.2471 44.8971 10.85
    endloop
  endfacet
  facet normal 0 0 -1
    outer loop
      vertex 27.4056 44.0556 10.85
      vertex 28.2471 44.8971 10.85
      vertex 27.51 43.9366 10.85
    endloop
  endfacet
  facet normal -0 0 -1
    outer loop
      vertex 28.2471 44.8971 10.85
      vertex 27.4056 44.0556 10.85
      vertex 28.011 45.104 10.85
    endloop
  endfacet
  facet normal 0 0 -1
    outer loop
      vertex 27.2866 44.16 10.85
      vertex 28.011 45.104 10.85
      vertex 27.4056 44.0556 10.85
    endloop
  endfacet
  facet normal -0 0 -1
    outer loop
      vertex 28.011 45.104 10.85
      vertex 27.2866 44.16 10.85
      vertex 27.75 45.2785 10.85
    endloop
  endfacet
  facet normal 0 0 -1
    outer loop
      vertex 27.155 44.2479 10.85
      vertex 27.75 45.2785 10.85
      vertex 27.2866 44.16 10.85
    endloop
  endfacet
  facet normal -0 0 -1
    outer loop
      vertex 27.75 45.2785 10.85
      vertex 27.155 44.2479 10.85
      vertex 27.4684 45.4173 10.85
    endloop
  endfacet
  facet normal 0 0 -1
    outer loop
      vertex 27.013 44.3179 10.85
      vertex 27.4684 45.4173 10.85
      vertex 27.155 44.2479 10.85
    endloop
  endfacet
  facet normal -0 0 -1
    outer loop
      vertex 27.4684 45.4173 10.85
      vertex 27.013 44.3179 10.85
      vertex 27.1712 45.5182 10.85
    endloop
  endfacet
  facet normal 0 0 -1
    outer loop
      vertex 26.8632 44.3688 10.85
      vertex 27.1712 45.5182 10.85
      vertex 27.013 44.3179 10.85
    endloop
  endfacet
  facet normal -0 0 -1
    outer loop
      vertex 27.1712 45.5182 10.85
      vertex 26.8632 44.3688 10.85
      vertex 26.8633 45.5795 10.85
    endloop
  endfacet
  facet normal 0 0 -1
    outer loop
      vertex 26.7079 44.3997 10.85
      vertex 26.8633 45.5795 10.85
      vertex 26.8632 44.3688 10.85
    endloop
  endfacet
  facet normal 0 0 -1
    outer loop
      vertex 26.55 44.41 10.85
      vertex 26.8633 45.5795 10.85
      vertex 26.7079 44.3997 10.85
    endloop
  endfacet
  facet normal 0 0 -1
    outer loop
      vertex 26.55 44.41 10.85
      vertex 26.55 45.6 10.85
      vertex 26.8633 45.5795 10.85
    endloop
  endfacet
  facet normal 0 0 -1
    outer loop
      vertex 26.3921 44.3997 10.85
      vertex 26.55 45.6 10.85
      vertex 26.55 44.41 10.85
    endloop
  endfacet
  facet normal 0 0 -1
    outer loop
      vertex 26.2367 45.5795 10.85
      vertex 26.3921 44.3997 10.85
      vertex 26.2368 44.3688 10.85
    endloop
  endfacet
  facet normal 0 0 -1
    outer loop
      vertex 26.3921 44.3997 10.85
      vertex 26.2367 45.5795 10.85
      vertex 26.55 45.6 10.85
    endloop
  endfacet
  facet normal 0 0 -1
    outer loop
      vertex 25.9288 45.5182 10.85
      vertex 26.2368 44.3688 10.85
      vertex 26.087 44.3179 10.85
    endloop
  endfacet
  facet normal 0 0 -1
    outer loop
      vertex 25.6316 45.4173 10.85
      vertex 26.087 44.3179 10.85
      vertex 25.945 44.2479 10.85
    endloop
  endfacet
  facet normal 0 0 -1
    outer loop
      vertex 26.2368 44.3688 10.85
      vertex 25.9288 45.5182 10.85
      vertex 26.2367 45.5795 10.85
    endloop
  endfacet
  facet normal 0 0 -1
    outer loop
      vertex 25.35 45.2785 10.85
      vertex 25.945 44.2479 10.85
      vertex 25.8134 44.16 10.85
    endloop
  endfacet
  facet normal 0 0 -1
    outer loop
      vertex 25.089 45.104 10.85
      vertex 25.8134 44.16 10.85
      vertex 25.6944 44.0556 10.85
    endloop
  endfacet
  facet normal 0 0 -1
    outer loop
      vertex 26.087 44.3179 10.85
      vertex 25.6316 45.4173 10.85
      vertex 25.9288 45.5182 10.85
    endloop
  endfacet
  facet normal 0 0 -1
    outer loop
      vertex 24.8529 44.8971 10.85
      vertex 25.6944 44.0556 10.85
      vertex 25.59 43.9366 10.85
    endloop
  endfacet
  facet normal 0 0 -1
    outer loop
      vertex 24.646 44.661 10.85
      vertex 25.59 43.9366 10.85
      vertex 25.5021 43.805 10.85
    endloop
  endfacet
  facet normal 0 0 -1
    outer loop
      vertex 24.4715 44.4 10.85
      vertex 25.5021 43.805 10.85
      vertex 25.4321 43.663 10.85
    endloop
  endfacet
  facet normal 0 0 -1
    outer loop
      vertex 24.3327 44.1184 10.85
      vertex 25.4321 43.663 10.85
      vertex 25.3812 43.5132 10.85
    endloop
  endfacet
  facet normal 0 0 -1
    outer loop
      vertex 24.2318 43.8212 10.85
      vertex 25.3812 43.5132 10.85
      vertex 25.3504 43.3579 10.85
    endloop
  endfacet
  facet normal 0 0 -1
    outer loop
      vertex 25.945 44.2479 10.85
      vertex 25.35 45.2785 10.85
      vertex 25.6316 45.4173 10.85
    endloop
  endfacet
  facet normal 0 0 -1
    outer loop
      vertex 24.1705 43.5133 10.85
      vertex 25.3504 43.3579 10.85
      vertex 25.34 43.2 10.85
    endloop
  endfacet
  facet normal 0 0 -1
    outer loop
      vertex 24.3327 42.2816 10.85
      vertex 25.4321 42.737 10.85
      vertex 24.4715 42 10.85
    endloop
  endfacet
  facet normal 0 0 -1
    outer loop
      vertex 25.8134 44.16 10.85
      vertex 25.089 45.104 10.85
      vertex 25.35 45.2785 10.85
    endloop
  endfacet
  facet normal -0 0 -1
    outer loop
      vertex 25.4321 42.737 10.85
      vertex 24.3327 42.2816 10.85
      vertex 25.3812 42.8868 10.85
    endloop
  endfacet
  facet normal 0 0 -1
    outer loop
      vertex 25.6944 44.0556 10.85
      vertex 24.8529 44.8971 10.85
      vertex 25.089 45.104 10.85
    endloop
  endfacet
  facet normal 0 0 -1
    outer loop
      vertex 24.2318 42.5788 10.85
      vertex 25.3812 42.8868 10.85
      vertex 24.3327 42.2816 10.85
    endloop
  endfacet
  facet normal 0 0 -1
    outer loop
      vertex 25.59 43.9366 10.85
      vertex 24.646 44.661 10.85
      vertex 24.8529 44.8971 10.85
    endloop
  endfacet
  facet normal -0 0 -1
    outer loop
      vertex 25.3812 42.8868 10.85
      vertex 24.2318 42.5788 10.85
      vertex 25.3504 43.0421 10.85
    endloop
  endfacet
  facet normal 0 0 -1
    outer loop
      vertex 25.5021 43.805 10.85
      vertex 24.4715 44.4 10.85
      vertex 24.646 44.661 10.85
    endloop
  endfacet
  facet normal 0 0 -1
    outer loop
      vertex 24.1705 42.8867 10.85
      vertex 25.3504 43.0421 10.85
      vertex 24.2318 42.5788 10.85
    endloop
  endfacet
  facet normal 0 0 -1
    outer loop
      vertex 25.4321 43.663 10.85
      vertex 24.3327 44.1184 10.85
      vertex 24.4715 44.4 10.85
    endloop
  endfacet
  facet normal -0 0 -1
    outer loop
      vertex 25.3504 43.0421 10.85
      vertex 24.1705 42.8867 10.85
      vertex 25.34 43.2 10.85
    endloop
  endfacet
  facet normal 0 0 -1
    outer loop
      vertex 25.3812 43.5132 10.85
      vertex 24.2318 43.8212 10.85
      vertex 24.3327 44.1184 10.85
    endloop
  endfacet
  facet normal 0 0 -1
    outer loop
      vertex 24.15 43.2 10.85
      vertex 25.34 43.2 10.85
      vertex 24.1705 42.8867 10.85
    endloop
  endfacet
  facet normal 0 0 -1
    outer loop
      vertex 25.3504 43.3579 10.85
      vertex 24.1705 43.5133 10.85
      vertex 24.2318 43.8212 10.85
    endloop
  endfacet
  facet normal 0 0 -1
    outer loop
      vertex 25.34 43.2 10.85
      vertex 24.15 43.2 10.85
      vertex 24.1705 43.5133 10.85
    endloop
  endfacet
  facet normal 0.980752 -0.195258 0
    outer loop
      vertex 28.8682 42.5788 21.6
      vertex 28.9295 42.8867 10.85
      vertex 28.9295 42.8867 21.6
    endloop
  endfacet
  facet normal 0.980752 -0.195258 0
    outer loop
      vertex 28.9295 42.8867 10.85
      vertex 28.8682 42.5788 21.6
      vertex 28.8682 42.5788 10.85
    endloop
  endfacet
  facet normal 0.555243 -0.831642 0.00876476
    outer loop
      vertex 27.311 42.2083 6.3
      vertex 27.155 42.1521 10.85
      vertex 27.175 42.1175 6.3
    endloop
  endfacet
  facet normal 0.831532 -0.555408 0.00876465
    outer loop
      vertex 27.5979 42.595 10.85
      vertex 27.51 42.4634 10.85
      vertex 27.6325 42.575 6.3
    endloop
  endfacet
  facet normal -0.32098 0.947045 0.00876089
    outer loop
      vertex 26.2265 44.4074 6.3
      vertex 26.0716 44.3549 6.3
      vertex 26.2368 44.3688 10.85
    endloop
  endfacet
  facet normal -0.9978 -0.0657195 0.00877186
    outer loop
      vertex 25.34 43.2 10.85
      vertex 25.3 43.2 6.3
      vertex 25.3504 43.0421 10.85
    endloop
  endfacet
  facet normal -0.997819 -0.0654207 0.00878245
    outer loop
      vertex 25.3504 43.0421 10.85
      vertex 25.3 43.2 6.3
      vertex 25.3107 43.0368 6.3
    endloop
  endfacet
  facet normal -0.896826 -0.442296 0.00877016
    outer loop
      vertex 25.4321 42.737 10.85
      vertex 25.3952 42.7216 6.3
      vertex 25.4675 42.575 6.3
    endloop
  endfacet
  facet normal -0.442296 -0.896826 0.00877016
    outer loop
      vertex 26.087 42.0821 10.85
      vertex 25.925 42.1175 6.3
      vertex 26.0716 42.0452 6.3
    endloop
  endfacet
  facet normal 0.321529 -0.946859 0.00876718
    outer loop
      vertex 27.013 42.0821 10.85
      vertex 26.8735 41.9926 6.3
      vertex 27.0284 42.0452 6.3
    endloop
  endfacet
  facet normal -0.980731 0.195167 0.00878448
    outer loop
      vertex 25.3426 43.5235 6.3
      vertex 25.3107 43.3632 6.3
      vertex 25.3504 43.3579 10.85
    endloop
  endfacet
  facet normal -0.555408 -0.831532 0.00876465
    outer loop
      vertex 25.945 42.1521 10.85
      vertex 25.8134 42.24 10.85
      vertex 25.925 42.1175 6.3
    endloop
  endfacet
  facet normal -0.659388 -0.751751 0.00877354
    outer loop
      vertex 25.8134 42.24 10.85
      vertex 25.6661 42.3161 6.3
      vertex 25.789 42.2083 6.3
    endloop
  endfacet
  facet normal -0.831642 0.555243 0.00876476
    outer loop
      vertex 25.5583 43.961 6.3
      vertex 25.4675 43.825 6.3
      vertex 25.5021 43.805 10.85
    endloop
  endfacet
  facet normal 0.946859 0.321529 0.00876055
    outer loop
      vertex 27.7574 43.5235 6.3
      vertex 27.7048 43.6784 6.3
      vertex 27.7188 43.5132 10.85
    endloop
  endfacet
  facet normal -0.831642 -0.555243 0.00877164
    outer loop
      vertex 25.59 42.4634 10.85
      vertex 25.4675 42.575 6.3
      vertex 25.5583 42.439 6.3
    endloop
  endfacet
  facet normal -0.751686 0.659463 0.00877703
    outer loop
      vertex 25.6661 44.0839 6.3
      vertex 25.59 43.9366 10.85
      vertex 25.6944 44.0556 10.85
    endloop
  endfacet
  facet normal 0.0654207 -0.997819 0.00878245
    outer loop
      vertex 26.7079 42.0004 10.85
      vertex 26.55 41.95 6.3
      vertex 26.7132 41.9607 6.3
    endloop
  endfacet
  facet normal 0.321709 -0.946798 0.00876044
    outer loop
      vertex 27.013 42.0821 10.85
      vertex 26.8632 42.0312 10.85
      vertex 26.8735 41.9926 6.3
    endloop
  endfacet
  facet normal -0.321709 0.946798 0.0087881
    outer loop
      vertex 26.2368 44.3688 10.85
      vertex 26.0716 44.3549 6.3
      vertex 26.087 44.3179 10.85
    endloop
  endfacet
  facet normal -0.195167 -0.980731 0.00878448
    outer loop
      vertex 26.3921 42.0004 10.85
      vertex 26.2265 41.9926 6.3
      vertex 26.3868 41.9607 6.3
    endloop
  endfacet
  facet normal 0.555408 -0.831532 0.00877176
    outer loop
      vertex 27.2866 42.24 10.85
      vertex 27.155 42.1521 10.85
      vertex 27.311 42.2083 6.3
    endloop
  endfacet
  facet normal 0.659388 -0.751751 0.00877354
    outer loop
      vertex 27.4339 42.3161 6.3
      vertex 27.2866 42.24 10.85
      vertex 27.311 42.2083 6.3
    endloop
  endfacet
  facet normal 0.751686 -0.659463 0.00877703
    outer loop
      vertex 27.51 42.4634 10.85
      vertex 27.4056 42.3444 10.85
      vertex 27.4339 42.3161 6.3
    endloop
  endfacet
  facet normal 0.9978 -0.0657195 0.00877186
    outer loop
      vertex 27.76 43.2 10.85
      vertex 27.7496 43.0421 10.85
      vertex 27.8 43.2 6.3
    endloop
  endfacet
  facet normal 0.896905 0.442136 0.00877026
    outer loop
      vertex 27.7048 43.6784 6.3
      vertex 27.5979 43.805 10.85
      vertex 27.6679 43.663 10.85
    endloop
  endfacet
  facet normal -0.555243 -0.831642 0.00877164
    outer loop
      vertex 25.8134 42.24 10.85
      vertex 25.789 42.2083 6.3
      vertex 25.925 42.1175 6.3
    endloop
  endfacet
  facet normal 0.442296 -0.896826 0.00877016
    outer loop
      vertex 27.175 42.1175 6.3
      vertex 27.013 42.0821 10.85
      vertex 27.0284 42.0452 6.3
    endloop
  endfacet
  facet normal -0.831532 -0.555408 0.00876465
    outer loop
      vertex 25.5021 42.595 10.85
      vertex 25.4675 42.575 6.3
      vertex 25.59 42.4634 10.85
    endloop
  endfacet
  facet normal -0.194529 -0.980858 0.00876148
    outer loop
      vertex 26.2368 42.0312 10.85
      vertex 26.2265 41.9926 6.3
      vertex 26.3921 42.0004 10.85
    endloop
  endfacet
  facet normal -0.751751 0.659388 0.00877354
    outer loop
      vertex 25.6661 44.0839 6.3
      vertex 25.5583 43.961 6.3
      vertex 25.59 43.9366 10.85
    endloop
  endfacet
  facet normal -0.321529 -0.946859 0.00876718
    outer loop
      vertex 26.087 42.0821 10.85
      vertex 26.0716 42.0452 6.3
      vertex 26.2265 41.9926 6.3
    endloop
  endfacet
  facet normal -0.195167 0.980731 0.00876293
    outer loop
      vertex 26.3868 44.4393 6.3
      vertex 26.2265 44.4074 6.3
      vertex 26.3921 44.3997 10.85
    endloop
  endfacet
  facet normal -0.980858 -0.194529 0.00876148
    outer loop
      vertex 25.3504 43.0421 10.85
      vertex 25.3426 42.8765 6.3
      vertex 25.3812 42.8868 10.85
    endloop
  endfacet
  facet normal -0.831532 0.555408 0.00877176
    outer loop
      vertex 25.5583 43.961 6.3
      vertex 25.5021 43.805 10.85
      vertex 25.59 43.9366 10.85
    endloop
  endfacet
  facet normal -0.980731 -0.195167 0.00878448
    outer loop
      vertex 25.3504 43.0421 10.85
      vertex 25.3107 43.0368 6.3
      vertex 25.3426 42.8765 6.3
    endloop
  endfacet
  facet normal 0.659463 0.751686 0.00877703
    outer loop
      vertex 27.4339 44.0839 6.3
      vertex 27.2866 44.16 10.85
      vertex 27.4056 44.0556 10.85
    endloop
  endfacet
  facet normal -0.896905 0.442136 0.00876388
    outer loop
      vertex 25.4675 43.825 6.3
      vertex 25.4321 43.663 10.85
      vertex 25.5021 43.805 10.85
    endloop
  endfacet
  facet normal 0.831642 0.555243 0.00877164
    outer loop
      vertex 27.5417 43.961 6.3
      vertex 27.51 43.9366 10.85
      vertex 27.6325 43.825 6.3
    endloop
  endfacet
  facet normal -0.0654208 0.997819 0.00876052
    outer loop
      vertex 26.55 44.45 6.3
      vertex 26.3868 44.4393 6.3
      vertex 26.3921 44.3997 10.85
    endloop
  endfacet
  facet normal -0.896905 -0.442136 0.00876388
    outer loop
      vertex 25.5021 42.595 10.85
      vertex 25.4321 42.737 10.85
      vertex 25.4675 42.575 6.3
    endloop
  endfacet
  facet normal -0.442136 -0.896905 0.00876388
    outer loop
      vertex 25.945 42.1521 10.85
      vertex 25.925 42.1175 6.3
      vertex 26.087 42.0821 10.85
    endloop
  endfacet
  facet normal -0.321709 -0.946798 0.00876044
    outer loop
      vertex 26.2368 42.0312 10.85
      vertex 26.087 42.0821 10.85
      vertex 26.2265 41.9926 6.3
    endloop
  endfacet
  facet normal 0.659463 -0.751686 0.00877703
    outer loop
      vertex 27.4056 42.3444 10.85
      vertex 27.2866 42.24 10.85
      vertex 27.4339 42.3161 6.3
    endloop
  endfacet
  facet normal -0.751686 -0.659463 0.00877703
    outer loop
      vertex 25.6944 42.3444 10.85
      vertex 25.59 42.4634 10.85
      vertex 25.6661 42.3161 6.3
    endloop
  endfacet
  facet normal 0.555408 0.831532 0.00876465
    outer loop
      vertex 27.175 44.2825 6.3
      vertex 27.155 44.2479 10.85
      vertex 27.2866 44.16 10.85
    endloop
  endfacet
  facet normal 0.195167 -0.980731 0.00878448
    outer loop
      vertex 26.8735 41.9926 6.3
      vertex 26.7079 42.0004 10.85
      vertex 26.7132 41.9607 6.3
    endloop
  endfacet
  facet normal -0.659463 0.751686 0.00877703
    outer loop
      vertex 25.8134 44.16 10.85
      vertex 25.6661 44.0839 6.3
      vertex 25.6944 44.0556 10.85
    endloop
  endfacet
  facet normal 0.555243 0.831642 0.00877164
    outer loop
      vertex 27.311 44.1917 6.3
      vertex 27.175 44.2825 6.3
      vertex 27.2866 44.16 10.85
    endloop
  endfacet
  facet normal -0.997819 0.0654207 0.00878245
    outer loop
      vertex 25.3107 43.3632 6.3
      vertex 25.3 43.2 6.3
      vertex 25.3504 43.3579 10.85
    endloop
  endfacet
  facet normal -0.9978 0.0657195 0.00877186
    outer loop
      vertex 25.3504 43.3579 10.85
      vertex 25.3 43.2 6.3
      vertex 25.34 43.2 10.85
    endloop
  endfacet
  facet normal -0.0654207 -0.997819 0.00878245
    outer loop
      vertex 26.3921 42.0004 10.85
      vertex 26.3868 41.9607 6.3
      vertex 26.55 41.95 6.3
    endloop
  endfacet
  facet normal -0.896826 0.442296 0.00877016
    outer loop
      vertex 25.4675 43.825 6.3
      vertex 25.3952 43.6784 6.3
      vertex 25.4321 43.663 10.85
    endloop
  endfacet
  facet normal 0.980731 -0.195167 0.00878448
    outer loop
      vertex 27.7893 43.0368 6.3
      vertex 27.7496 43.0421 10.85
      vertex 27.7574 42.8765 6.3
    endloop
  endfacet
  facet normal -0.946859 0.321529 0.00876718
    outer loop
      vertex 25.3952 43.6784 6.3
      vertex 25.3426 43.5235 6.3
      vertex 25.4321 43.663 10.85
    endloop
  endfacet
  facet normal 0.997819 0.0654207 0.00878245
    outer loop
      vertex 27.7893 43.3632 6.3
      vertex 27.7496 43.3579 10.85
      vertex 27.8 43.2 6.3
    endloop
  endfacet
  facet normal 0.831642 -0.555243 0.00877164
    outer loop
      vertex 27.6325 42.575 6.3
      vertex 27.51 42.4634 10.85
      vertex 27.5417 42.439 6.3
    endloop
  endfacet
  facet normal 0.194529 -0.980858 0.00876148
    outer loop
      vertex 26.8632 42.0312 10.85
      vertex 26.7079 42.0004 10.85
      vertex 26.8735 41.9926 6.3
    endloop
  endfacet
  facet normal -0.946798 -0.321709 0.00876044
    outer loop
      vertex 25.3812 42.8868 10.85
      vertex 25.3426 42.8765 6.3
      vertex 25.4321 42.737 10.85
    endloop
  endfacet
  facet normal 0.0657195 -0.9978 0.00877186
    outer loop
      vertex 26.55 41.99 10.85
      vertex 26.55 41.95 6.3
      vertex 26.7079 42.0004 10.85
    endloop
  endfacet
  facet normal -0.659463 -0.751686 0.00877703
    outer loop
      vertex 25.6944 42.3444 10.85
      vertex 25.6661 42.3161 6.3
      vertex 25.8134 42.24 10.85
    endloop
  endfacet
  facet normal 0.32098 0.947045 0.00876089
    outer loop
      vertex 26.8735 44.4074 6.3
      vertex 26.8632 44.3688 10.85
      vertex 27.0284 44.3549 6.3
    endloop
  endfacet
  facet normal -0.946798 0.321709 0.00876044
    outer loop
      vertex 25.4321 43.663 10.85
      vertex 25.3426 43.5235 6.3
      vertex 25.3812 43.5132 10.85
    endloop
  endfacet
  facet normal -0.555408 0.831532 0.00876465
    outer loop
      vertex 25.925 44.2825 6.3
      vertex 25.8134 44.16 10.85
      vertex 25.945 44.2479 10.85
    endloop
  endfacet
  facet normal 0.195137 0.980737 0.00876184
    outer loop
      vertex 26.8735 44.4074 6.3
      vertex 26.7079 44.3997 10.85
      vertex 26.8632 44.3688 10.85
    endloop
  endfacet
  facet normal 0.659388 0.751751 0.00877354
    outer loop
      vertex 27.311 44.1917 6.3
      vertex 27.2866 44.16 10.85
      vertex 27.4339 44.0839 6.3
    endloop
  endfacet
  facet normal 0.751751 0.659388 0.00877354
    outer loop
      vertex 27.5417 43.961 6.3
      vertex 27.4339 44.0839 6.3
      vertex 27.51 43.9366 10.85
    endloop
  endfacet
  facet normal 0.442136 -0.896905 0.00876388
    outer loop
      vertex 27.155 42.1521 10.85
      vertex 27.013 42.0821 10.85
      vertex 27.175 42.1175 6.3
    endloop
  endfacet
  facet normal -0.442788 0.896584 0.0087643
    outer loop
      vertex 26.0716 44.3549 6.3
      vertex 25.925 44.2825 6.3
      vertex 25.945 44.2479 10.85
    endloop
  endfacet
  facet normal -0.195137 0.980737 0.00876184
    outer loop
      vertex 26.3921 44.3997 10.85
      vertex 26.2265 44.4074 6.3
      vertex 26.2368 44.3688 10.85
    endloop
  endfacet
  facet normal -0.751751 -0.659388 0.00877354
    outer loop
      vertex 25.59 42.4634 10.85
      vertex 25.5583 42.439 6.3
      vertex 25.6661 42.3161 6.3
    endloop
  endfacet
  facet normal 0.946859 -0.321529 0.00876055
    outer loop
      vertex 27.7188 42.8868 10.85
      vertex 27.7048 42.7216 6.3
      vertex 27.7574 42.8765 6.3
    endloop
  endfacet
  facet normal -0.0650903 0.997841 0.00877223
    outer loop
      vertex 26.55 44.45 6.3
      vertex 26.3921 44.3997 10.85
      vertex 26.55 44.41 10.85
    endloop
  endfacet
  facet normal -0.946859 -0.321529 0.00876718
    outer loop
      vertex 25.4321 42.737 10.85
      vertex 25.3426 42.8765 6.3
      vertex 25.3952 42.7216 6.3
    endloop
  endfacet
  facet normal 0.9978 0.0657195 0.00877186
    outer loop
      vertex 27.8 43.2 6.3
      vertex 27.7496 43.3579 10.85
      vertex 27.76 43.2 10.85
    endloop
  endfacet
  facet normal 0.946798 0.321709 0.00876729
    outer loop
      vertex 27.7048 43.6784 6.3
      vertex 27.6679 43.663 10.85
      vertex 27.7188 43.5132 10.85
    endloop
  endfacet
  facet normal 0.195167 0.980731 0.00876293
    outer loop
      vertex 26.7132 44.4393 6.3
      vertex 26.7079 44.3997 10.85
      vertex 26.8735 44.4074 6.3
    endloop
  endfacet
  facet normal 0.997819 -0.0654207 0.00878245
    outer loop
      vertex 27.8 43.2 6.3
      vertex 27.7496 43.0421 10.85
      vertex 27.7893 43.0368 6.3
    endloop
  endfacet
  facet normal 0.980731 0.195167 0.00878448
    outer loop
      vertex 27.7574 43.5235 6.3
      vertex 27.7496 43.3579 10.85
      vertex 27.7893 43.3632 6.3
    endloop
  endfacet
  facet normal 0.980858 0.194529 0.00876148
    outer loop
      vertex 27.7574 43.5235 6.3
      vertex 27.7188 43.5132 10.85
      vertex 27.7496 43.3579 10.85
    endloop
  endfacet
  facet normal 0.442788 0.896584 0.0087643
    outer loop
      vertex 27.175 44.2825 6.3
      vertex 27.0284 44.3549 6.3
      vertex 27.155 44.2479 10.85
    endloop
  endfacet
  facet normal -0.555243 0.831642 0.00877164
    outer loop
      vertex 25.925 44.2825 6.3
      vertex 25.789 44.1917 6.3
      vertex 25.8134 44.16 10.85
    endloop
  endfacet
  facet normal 0.831532 0.555408 0.00876465
    outer loop
      vertex 27.6325 43.825 6.3
      vertex 27.51 43.9366 10.85
      vertex 27.5979 43.805 10.85
    endloop
  endfacet
  facet normal 0.896826 0.442296 0.00876398
    outer loop
      vertex 27.6325 43.825 6.3
      vertex 27.5979 43.805 10.85
      vertex 27.7048 43.6784 6.3
    endloop
  endfacet
  facet normal 0.751751 -0.659388 0.00877354
    outer loop
      vertex 27.51 42.4634 10.85
      vertex 27.4339 42.3161 6.3
      vertex 27.5417 42.439 6.3
    endloop
  endfacet
  facet normal 0.0654208 0.997819 0.00876052
    outer loop
      vertex 26.7132 44.4393 6.3
      vertex 26.55 44.45 6.3
      vertex 26.7079 44.3997 10.85
    endloop
  endfacet
  facet normal -0.659388 0.751751 0.00877354
    outer loop
      vertex 25.789 44.1917 6.3
      vertex 25.6661 44.0839 6.3
      vertex 25.8134 44.16 10.85
    endloop
  endfacet
  facet normal -0.442136 0.896905 0.00878997
    outer loop
      vertex 26.0716 44.3549 6.3
      vertex 25.945 44.2479 10.85
      vertex 26.087 44.3179 10.85
    endloop
  endfacet
  facet normal 0 0 -1
    outer loop
      vertex 27.7893 43.0368 6.3
      vertex 27.7893 43.3632 6.3
      vertex 27.8 43.2 6.3
    endloop
  endfacet
  facet normal 0 0 -1
    outer loop
      vertex 27.7574 42.8765 6.3
      vertex 27.7893 43.3632 6.3
      vertex 27.7893 43.0368 6.3
    endloop
  endfacet
  facet normal 0 0 -1
    outer loop
      vertex 27.7574 42.8765 6.3
      vertex 27.7574 43.5235 6.3
      vertex 27.7893 43.3632 6.3
    endloop
  endfacet
  facet normal 0 0 -1
    outer loop
      vertex 27.7048 42.7216 6.3
      vertex 27.7574 43.5235 6.3
      vertex 27.7574 42.8765 6.3
    endloop
  endfacet
  facet normal 0 0 -1
    outer loop
      vertex 27.7048 42.7216 6.3
      vertex 27.7048 43.6784 6.3
      vertex 27.7574 43.5235 6.3
    endloop
  endfacet
  facet normal 0 0 -1
    outer loop
      vertex 27.6325 42.575 6.3
      vertex 27.7048 43.6784 6.3
      vertex 27.7048 42.7216 6.3
    endloop
  endfacet
  facet normal 0 0 -1
    outer loop
      vertex 27.6325 42.575 6.3
      vertex 27.6325 43.825 6.3
      vertex 27.7048 43.6784 6.3
    endloop
  endfacet
  facet normal 0 0 -1
    outer loop
      vertex 27.5417 42.439 6.3
      vertex 27.6325 43.825 6.3
      vertex 27.6325 42.575 6.3
    endloop
  endfacet
  facet normal 0 0 -1
    outer loop
      vertex 27.5417 42.439 6.3
      vertex 27.5417 43.961 6.3
      vertex 27.6325 43.825 6.3
    endloop
  endfacet
  facet normal 0 0 -1
    outer loop
      vertex 27.4339 42.3161 6.3
      vertex 27.5417 43.961 6.3
      vertex 27.5417 42.439 6.3
    endloop
  endfacet
  facet normal 0 0 -1
    outer loop
      vertex 27.4339 42.3161 6.3
      vertex 27.4339 44.0839 6.3
      vertex 27.5417 43.961 6.3
    endloop
  endfacet
  facet normal 0 0 -1
    outer loop
      vertex 27.311 42.2083 6.3
      vertex 27.4339 44.0839 6.3
      vertex 27.4339 42.3161 6.3
    endloop
  endfacet
  facet normal 0 0 -1
    outer loop
      vertex 27.311 42.2083 6.3
      vertex 27.311 44.1917 6.3
      vertex 27.4339 44.0839 6.3
    endloop
  endfacet
  facet normal 0 0 -1
    outer loop
      vertex 27.175 42.1175 6.3
      vertex 27.311 44.1917 6.3
      vertex 27.311 42.2083 6.3
    endloop
  endfacet
  facet normal 0 0 -1
    outer loop
      vertex 27.175 42.1175 6.3
      vertex 27.175 44.2825 6.3
      vertex 27.311 44.1917 6.3
    endloop
  endfacet
  facet normal 0 0 -1
    outer loop
      vertex 27.0284 42.0452 6.3
      vertex 27.175 44.2825 6.3
      vertex 27.175 42.1175 6.3
    endloop
  endfacet
  facet normal 0 0 -1
    outer loop
      vertex 27.0284 42.0452 6.3
      vertex 27.0284 44.3549 6.3
      vertex 27.175 44.2825 6.3
    endloop
  endfacet
  facet normal 0 0 -1
    outer loop
      vertex 26.8735 41.9926 6.3
      vertex 27.0284 44.3549 6.3
      vertex 27.0284 42.0452 6.3
    endloop
  endfacet
  facet normal 0 0 -1
    outer loop
      vertex 26.8735 41.9926 6.3
      vertex 26.8735 44.4074 6.3
      vertex 27.0284 44.3549 6.3
    endloop
  endfacet
  facet normal 0 0 -1
    outer loop
      vertex 26.7132 41.9607 6.3
      vertex 26.8735 44.4074 6.3
      vertex 26.8735 41.9926 6.3
    endloop
  endfacet
  facet normal 0 0 -1
    outer loop
      vertex 26.7132 41.9607 6.3
      vertex 26.7132 44.4393 6.3
      vertex 26.8735 44.4074 6.3
    endloop
  endfacet
  facet normal 0 0 -1
    outer loop
      vertex 26.55 41.95 6.3
      vertex 26.7132 44.4393 6.3
      vertex 26.7132 41.9607 6.3
    endloop
  endfacet
  facet normal 0 0 -1
    outer loop
      vertex 26.55 41.95 6.3
      vertex 26.55 44.45 6.3
      vertex 26.7132 44.4393 6.3
    endloop
  endfacet
  facet normal 0 0 -1
    outer loop
      vertex 26.3868 41.9607 6.3
      vertex 26.55 44.45 6.3
      vertex 26.55 41.95 6.3
    endloop
  endfacet
  facet normal 0 0 -1
    outer loop
      vertex 26.3868 41.9607 6.3
      vertex 26.3868 44.4393 6.3
      vertex 26.55 44.45 6.3
    endloop
  endfacet
  facet normal 0 0 -1
    outer loop
      vertex 26.2265 41.9926 6.3
      vertex 26.3868 44.4393 6.3
      vertex 26.3868 41.9607 6.3
    endloop
  endfacet
  facet normal 0 0 -1
    outer loop
      vertex 26.2265 41.9926 6.3
      vertex 26.2265 44.4074 6.3
      vertex 26.3868 44.4393 6.3
    endloop
  endfacet
  facet normal 0 0 -1
    outer loop
      vertex 26.0716 42.0452 6.3
      vertex 26.2265 44.4074 6.3
      vertex 26.2265 41.9926 6.3
    endloop
  endfacet
  facet normal 0 0 -1
    outer loop
      vertex 26.0716 42.0452 6.3
      vertex 26.0716 44.3549 6.3
      vertex 26.2265 44.4074 6.3
    endloop
  endfacet
  facet normal 0 0 -1
    outer loop
      vertex 25.925 42.1175 6.3
      vertex 26.0716 44.3549 6.3
      vertex 26.0716 42.0452 6.3
    endloop
  endfacet
  facet normal 0 0 -1
    outer loop
      vertex 25.925 42.1175 6.3
      vertex 25.925 44.2825 6.3
      vertex 26.0716 44.3549 6.3
    endloop
  endfacet
  facet normal 0 0 -1
    outer loop
      vertex 25.789 42.2083 6.3
      vertex 25.925 44.2825 6.3
      vertex 25.925 42.1175 6.3
    endloop
  endfacet
  facet normal 0 0 -1
    outer loop
      vertex 25.789 42.2083 6.3
      vertex 25.789 44.1917 6.3
      vertex 25.925 44.2825 6.3
    endloop
  endfacet
  facet normal 0 0 -1
    outer loop
      vertex 25.6661 42.3161 6.3
      vertex 25.789 44.1917 6.3
      vertex 25.789 42.2083 6.3
    endloop
  endfacet
  facet normal 0 0 -1
    outer loop
      vertex 25.6661 42.3161 6.3
      vertex 25.6661 44.0839 6.3
      vertex 25.789 44.1917 6.3
    endloop
  endfacet
  facet normal 0 0 -1
    outer loop
      vertex 25.5583 42.439 6.3
      vertex 25.6661 44.0839 6.3
      vertex 25.6661 42.3161 6.3
    endloop
  endfacet
  facet normal 0 0 -1
    outer loop
      vertex 25.5583 42.439 6.3
      vertex 25.5583 43.961 6.3
      vertex 25.6661 44.0839 6.3
    endloop
  endfacet
  facet normal 0 0 -1
    outer loop
      vertex 25.4675 42.575 6.3
      vertex 25.5583 43.961 6.3
      vertex 25.5583 42.439 6.3
    endloop
  endfacet
  facet normal 0 0 -1
    outer loop
      vertex 25.4675 42.575 6.3
      vertex 25.4675 43.825 6.3
      vertex 25.5583 43.961 6.3
    endloop
  endfacet
  facet normal 0 0 -1
    outer loop
      vertex 25.3952 42.7216 6.3
      vertex 25.4675 43.825 6.3
      vertex 25.4675 42.575 6.3
    endloop
  endfacet
  facet normal 0 0 -1
    outer loop
      vertex 25.3952 42.7216 6.3
      vertex 25.3952 43.6784 6.3
      vertex 25.4675 43.825 6.3
    endloop
  endfacet
  facet normal 0 0 -1
    outer loop
      vertex 25.3426 42.8765 6.3
      vertex 25.3952 43.6784 6.3
      vertex 25.3952 42.7216 6.3
    endloop
  endfacet
  facet normal 0 0 -1
    outer loop
      vertex 25.3426 42.8765 6.3
      vertex 25.3426 43.5235 6.3
      vertex 25.3952 43.6784 6.3
    endloop
  endfacet
  facet normal 0 0 -1
    outer loop
      vertex 25.3107 43.0368 6.3
      vertex 25.3426 43.5235 6.3
      vertex 25.3426 42.8765 6.3
    endloop
  endfacet
  facet normal 0 0 -1
    outer loop
      vertex 25.3107 43.0368 6.3
      vertex 25.3107 43.3632 6.3
      vertex 25.3426 43.5235 6.3
    endloop
  endfacet
  facet normal 0 -0 -1
    outer loop
      vertex 25.3107 43.3632 6.3
      vertex 25.3107 43.0368 6.3
      vertex 25.3 43.2 6.3
    endloop
  endfacet
  facet normal -0.980858 0.194529 0.00876148
    outer loop
      vertex 25.3812 43.5132 10.85
      vertex 25.3426 43.5235 6.3
      vertex 25.3504 43.3579 10.85
    endloop
  endfacet
  facet normal 0.946798 -0.321709 0.00876729
    outer loop
      vertex 27.7188 42.8868 10.85
      vertex 27.6679 42.737 10.85
      vertex 27.7048 42.7216 6.3
    endloop
  endfacet
  facet normal 0.442136 0.896905 0.00878997
    outer loop
      vertex 27.0284 44.3549 6.3
      vertex 27.013 44.3179 10.85
      vertex 27.155 44.2479 10.85
    endloop
  endfacet
  facet normal -0.0657195 -0.9978 0.00877186
    outer loop
      vertex 26.55 41.99 10.85
      vertex 26.3921 42.0004 10.85
      vertex 26.55 41.95 6.3
    endloop
  endfacet
  facet normal 0.980858 -0.194529 0.00876148
    outer loop
      vertex 27.7496 43.0421 10.85
      vertex 27.7188 42.8868 10.85
      vertex 27.7574 42.8765 6.3
    endloop
  endfacet
  facet normal 0.321709 0.946798 0.0087881
    outer loop
      vertex 27.0284 44.3549 6.3
      vertex 26.8632 44.3688 10.85
      vertex 27.013 44.3179 10.85
    endloop
  endfacet
  facet normal 0.0650903 0.997841 0.00877223
    outer loop
      vertex 26.55 44.45 6.3
      vertex 26.55 44.41 10.85
      vertex 26.7079 44.3997 10.85
    endloop
  endfacet
  facet normal 0.751686 0.659463 0.00877703
    outer loop
      vertex 27.4339 44.0839 6.3
      vertex 27.4056 44.0556 10.85
      vertex 27.51 43.9366 10.85
    endloop
  endfacet
  facet normal 0.896905 -0.442136 0.00877026
    outer loop
      vertex 27.6679 42.737 10.85
      vertex 27.5979 42.595 10.85
      vertex 27.7048 42.7216 6.3
    endloop
  endfacet
  facet normal 0.896826 -0.442296 0.00876398
    outer loop
      vertex 27.7048 42.7216 6.3
      vertex 27.5979 42.595 10.85
      vertex 27.6325 42.575 6.3
    endloop
  endfacet
  facet normal -0 0 1
    outer loop
      vertex 26.9893 43.2892 24.49
      vertex 27.6628 41.7547 24.49
      vertex 27.6628 43.2892 24.49
    endloop
  endfacet
  facet normal 0 0 1
    outer loop
      vertex 27.6628 41.7547 24.49
      vertex 26.9893 43.2892 24.49
      vertex 26.9893 41.7547 24.49
    endloop
  endfacet
  facet normal 0 0 1
    outer loop
      vertex 24.2384 42.1498 24.49
      vertex 24.8472 40.5885 24.49
      vertex 25.3235 41.0648 24.49
    endloop
  endfacet
  facet normal 0 0 1
    outer loop
      vertex 24.8472 40.5885 24.49
      vertex 24.2384 42.1498 24.49
      vertex 23.7622 41.6736 24.49
    endloop
  endfacet
  facet normal 0 0 1
    outer loop
      vertex 30.4136 42.1498 24.49
      vertex 29.8048 40.5885 24.49
      vertex 30.8898 41.6736 24.49
    endloop
  endfacet
  facet normal 0 -0 1
    outer loop
      vertex 29.8048 40.5885 24.49
      vertex 30.4136 42.1498 24.49
      vertex 29.3285 41.0648 24.49
    endloop
  endfacet
  facet normal 0 0 1
    outer loop
      vertex 37.9673 35.7848 24.49
      vertex 37.9673 34.7452 24.49
      vertex 38.0259 35.265 24.49
    endloop
  endfacet
  facet normal 0 0 1
    outer loop
      vertex 37.7945 36.2785 24.49
      vertex 37.9673 34.7452 24.49
      vertex 37.9673 35.7848 24.49
    endloop
  endfacet
  facet normal 0 0 1
    outer loop
      vertex 37.7945 36.2785 24.49
      vertex 37.7945 34.2515 24.49
      vertex 37.9673 34.7452 24.49
    endloop
  endfacet
  facet normal 0 0 1
    outer loop
      vertex 37.5163 36.7214 24.49
      vertex 37.7945 34.2515 24.49
      vertex 37.7945 36.2785 24.49
    endloop
  endfacet
  facet normal 0 0 1
    outer loop
      vertex 37.5163 36.7214 24.49
      vertex 37.5163 33.8086 24.49
      vertex 37.7945 34.2515 24.49
    endloop
  endfacet
  facet normal 0 0 1
    outer loop
      vertex 37.1465 37.0911 24.49
      vertex 37.5163 33.8086 24.49
      vertex 37.5163 36.7214 24.49
    endloop
  endfacet
  facet normal 0 0 1
    outer loop
      vertex 37.1465 37.0911 24.49
      vertex 37.1464 33.4387 24.49
      vertex 37.5163 33.8086 24.49
    endloop
  endfacet
  facet normal 0 0 1
    outer loop
      vertex 37.1465 37.0911 24.49
      vertex 36.7035 33.1605 24.49
      vertex 37.1464 33.4387 24.49
    endloop
  endfacet
  facet normal 0 0 1
    outer loop
      vertex 37.1465 37.0911 24.49
      vertex 36.2098 32.9877 24.49
      vertex 36.7035 33.1605 24.49
    endloop
  endfacet
  facet normal 0 0 1
    outer loop
      vertex 37.1465 37.0911 24.49
      vertex 35.6947 32.9297 24.49
      vertex 36.2098 32.9877 24.49
    endloop
  endfacet
  facet normal 0 0 1
    outer loop
      vertex 34.4492 38.8056 24.49
      vertex 35.6947 32.9297 24.49
      vertex 37.1465 37.0911 24.49
    endloop
  endfacet
  facet normal 0 0 1
    outer loop
      vertex 31.3379 39.1548 24.49
      vertex 34.4492 38.8056 24.49
      vertex 33.8953 39.1536 24.49
    endloop
  endfacet
  facet normal -0 0 1
    outer loop
      vertex 31.3379 39.1548 24.49
      vertex 33.8953 39.1536 24.49
      vertex 33.2716 39.3719 24.49
    endloop
  endfacet
  facet normal 0 0 1
    outer loop
      vertex 31.3379 39.1548 24.49
      vertex 33.2716 39.3719 24.49
      vertex 32.615 39.4459 24.49
    endloop
  endfacet
  facet normal 0 0 1
    outer loop
      vertex 31.3379 39.1548 24.49
      vertex 32.615 39.4459 24.49
      vertex 31.9584 39.3719 24.49
    endloop
  endfacet
  facet normal 0 0 1
    outer loop
      vertex 34.4492 38.8056 24.49
      vertex 31.3379 39.1548 24.49
      vertex 30.8546 38.9227 24.49
    endloop
  endfacet
  facet normal 0 0 1
    outer loop
      vertex 34.4492 38.8056 24.49
      vertex 30.8546 38.9227 24.49
      vertex 35.6947 32.9297 24.49
    endloop
  endfacet
  facet normal 0 0 1
    outer loop
      vertex 30.4948 38.75 24.49
      vertex 30.8546 38.9227 24.49
      vertex 30.4948 38.9227 24.49
    endloop
  endfacet
  facet normal 0 0 1
    outer loop
      vertex 30.8546 38.9227 24.49
      vertex 30.4948 38.75 24.49
      vertex 35.6947 32.9297 24.49
    endloop
  endfacet
  facet normal -0 0 1
    outer loop
      vertex 30.2717 38.6429 24.49
      vertex 35.6947 32.9297 24.49
      vertex 30.4948 38.75 24.49
    endloop
  endfacet
  facet normal 0 0 1
    outer loop
      vertex 30.0988 39.5952 24.49
      vertex 30.2717 38.6429 24.49
      vertex 30.2319 39.0984 24.49
    endloop
  endfacet
  facet normal 0 0 1
    outer loop
      vertex 29.8814 40.0613 24.49
      vertex 30.2717 38.6429 24.49
      vertex 30.0988 39.5952 24.49
    endloop
  endfacet
  facet normal 0 0 1
    outer loop
      vertex 29.5864 40.4827 24.49
      vertex 30.2717 38.6429 24.49
      vertex 29.8814 40.0613 24.49
    endloop
  endfacet
  facet normal 0 0 1
    outer loop
      vertex 29.2227 40.8464 24.49
      vertex 30.2717 38.6429 24.49
      vertex 29.5864 40.4827 24.49
    endloop
  endfacet
  facet normal 0 0 1
    outer loop
      vertex 28.8014 41.1414 24.49
      vertex 30.2717 38.6429 24.49
      vertex 29.2227 40.8464 24.49
    endloop
  endfacet
  facet normal 0 0 1
    outer loop
      vertex 30.2717 38.6429 24.49
      vertex 28.8 32.6219 24.49
      vertex 35.6947 32.9297 24.49
    endloop
  endfacet
  facet normal 0 0 1
    outer loop
      vertex 26.3777 35.7969 24.49
      vertex 30.2717 38.6429 24.49
      vertex 28.8014 41.1414 24.49
    endloop
  endfacet
  facet normal 0 0 1
    outer loop
      vertex 26.3777 35.7969 24.49
      vertex 28.8014 41.1414 24.49
      vertex 28.3352 41.3588 24.49
    endloop
  endfacet
  facet normal 0 0 1
    outer loop
      vertex 30.2717 38.6429 24.49
      vertex 26.3777 35.7969 24.49
      vertex 28.8 32.6219 24.49
    endloop
  endfacet
  facet normal 0 0 1
    outer loop
      vertex 26.3777 35.7969 24.49
      vertex 28.3352 41.3588 24.49
      vertex 27.8384 41.4919 24.49
    endloop
  endfacet
  facet normal 0 0 1
    outer loop
      vertex 28.8 32.6219 24.49
      vertex 26.3777 35.7969 24.49
      vertex 28.2412 32.6848 24.49
    endloop
  endfacet
  facet normal 0 0 1
    outer loop
      vertex 26.3777 35.7969 24.49
      vertex 27.8384 41.4919 24.49
      vertex 27.326 41.5367 24.49
    endloop
  endfacet
  facet normal 0 0 1
    outer loop
      vertex 28.2412 32.6848 24.49
      vertex 26.3777 35.7969 24.49
      vertex 27.7085 32.8712 24.49
    endloop
  endfacet
  facet normal 0 0 1
    outer loop
      vertex 27.7085 32.8712 24.49
      vertex 26.3777 35.7969 24.49
      vertex 27.2306 33.1715 24.49
    endloop
  endfacet
  facet normal 0 0 1
    outer loop
      vertex 26.3777 35.7969 24.49
      vertex 27.326 41.5367 24.49
      vertex 26.8136 41.4919 24.49
    endloop
  endfacet
  facet normal 0 0 1
    outer loop
      vertex 27.2306 33.1715 24.49
      vertex 26.3777 35.7969 24.49
      vertex 26.8315 33.5706 24.49
    endloop
  endfacet
  facet normal 0 0 1
    outer loop
      vertex 26.8315 33.5706 24.49
      vertex 26.3777 35.7969 24.49
      vertex 26.5312 34.0485 24.49
    endloop
  endfacet
  facet normal -0 0 1
    outer loop
      vertex 26.3168 41.3588 24.49
      vertex 26.3777 35.7969 24.49
      vertex 26.8136 41.4919 24.49
    endloop
  endfacet
  facet normal -0 0 1
    outer loop
      vertex 25.8506 41.1414 24.49
      vertex 26.3777 35.7969 24.49
      vertex 26.3168 41.3588 24.49
    endloop
  endfacet
  facet normal -0 0 1
    outer loop
      vertex 25.8506 36.0306 24.49
      vertex 26.3777 35.7969 24.49
      vertex 25.8506 41.1414 24.49
    endloop
  endfacet
  facet normal 0 0 1
    outer loop
      vertex 26.3777 35.7969 24.49
      vertex 25.8506 36.0306 24.49
      vertex 26.3168 35.8132 24.49
    endloop
  endfacet
  facet normal -0 0 1
    outer loop
      vertex 25.4293 40.8464 24.49
      vertex 25.8506 36.0306 24.49
      vertex 25.8506 41.1414 24.49
    endloop
  endfacet
  facet normal 0 0 1
    outer loop
      vertex 25.4293 40.8464 24.49
      vertex 25.4293 36.3256 24.49
      vertex 25.8506 36.0306 24.49
    endloop
  endfacet
  facet normal -0 0 1
    outer loop
      vertex 25.0656 40.4827 24.49
      vertex 25.4293 36.3256 24.49
      vertex 25.4293 40.8464 24.49
    endloop
  endfacet
  facet normal 0 0 1
    outer loop
      vertex 25.0656 40.4827 24.49
      vertex 25.0656 36.6893 24.49
      vertex 25.4293 36.3256 24.49
    endloop
  endfacet
  facet normal -0 0 1
    outer loop
      vertex 24.7706 40.0613 24.49
      vertex 25.0656 36.6893 24.49
      vertex 25.0656 40.4827 24.49
    endloop
  endfacet
  facet normal 0 0 1
    outer loop
      vertex 24.7706 40.0613 24.49
      vertex 24.7706 37.1106 24.49
      vertex 25.0656 36.6893 24.49
    endloop
  endfacet
  facet normal -0 0 1
    outer loop
      vertex 24.5532 39.5952 24.49
      vertex 24.7706 37.1106 24.49
      vertex 24.7706 40.0613 24.49
    endloop
  endfacet
  facet normal 0 0 1
    outer loop
      vertex 24.5532 39.5952 24.49
      vertex 24.5532 37.5768 24.49
      vertex 24.7706 37.1106 24.49
    endloop
  endfacet
  facet normal -0 0 1
    outer loop
      vertex 24.4201 39.0984 24.49
      vertex 24.5532 37.5768 24.49
      vertex 24.5532 39.5952 24.49
    endloop
  endfacet
  facet normal 0 0 1
    outer loop
      vertex 24.4201 39.0984 24.49
      vertex 24.4201 38.0736 24.49
      vertex 24.5532 37.5768 24.49
    endloop
  endfacet
  facet normal 0 -0 1
    outer loop
      vertex 24.4201 38.0736 24.49
      vertex 24.4201 39.0984 24.49
      vertex 24.3753 38.586 24.49
    endloop
  endfacet
  facet normal 0 0 1
    outer loop
      vertex 26.2816 35.142 24.49
      vertex 26.3777 35.7969 24.49
      vertex 26.3448 35.7028 24.49
    endloop
  endfacet
  facet normal 0 0 1
    outer loop
      vertex 26.3777 35.7969 24.49
      vertex 26.3448 34.5812 24.49
      vertex 26.5312 34.0485 24.49
    endloop
  endfacet
  facet normal 0 0 1
    outer loop
      vertex 26.3777 35.7969 24.49
      vertex 26.2816 35.142 24.49
      vertex 26.3448 34.5812 24.49
    endloop
  endfacet
  facet normal -0 0 1
    outer loop
      vertex 22.6228 38.9227 24.49
      vertex 24.1573 38.2492 24.49
      vertex 24.1573 38.9227 24.49
    endloop
  endfacet
  facet normal 0 0 1
    outer loop
      vertex 24.1573 38.2492 24.49
      vertex 22.6228 38.9227 24.49
      vertex 22.6228 38.2492 24.49
    endloop
  endfacet
  facet normal 0 0 1
    outer loop
      vertex 24.8472 36.5835 24.49
      vertex 24.2384 35.0222 24.49
      vertex 25.3235 36.1072 24.49
    endloop
  endfacet
  facet normal 0 -0 1
    outer loop
      vertex 24.2384 35.0222 24.49
      vertex 24.8472 36.5835 24.49
      vertex 23.7622 35.4984 24.49
    endloop
  endfacet
  facet normal 0 0 1
    outer loop
      vertex 32.1635 31.452 24.49
      vertex 33.4354 31.452 24.49
      vertex 33.3995 31.8127 24.49
    endloop
  endfacet
  facet normal 0 0 1
    outer loop
      vertex 32.1995 31.8127 24.49
      vertex 33.3995 31.8127 24.49
      vertex 33.2949 32.1332 24.49
    endloop
  endfacet
  facet normal 0 0 1
    outer loop
      vertex 33.4354 31.452 24.49
      vertex 32.1635 31.452 24.49
      vertex 33.3995 31.0913 24.49
    endloop
  endfacet
  facet normal 0 0 1
    outer loop
      vertex 32.3041 32.1332 24.49
      vertex 33.2949 32.1332 24.49
      vertex 33.1302 32.3778 24.49
    endloop
  endfacet
  facet normal 0 -0 1
    outer loop
      vertex 32.1995 31.0913 24.49
      vertex 33.3995 31.0913 24.49
      vertex 32.1635 31.452 24.49
    endloop
  endfacet
  facet normal 0 0 1
    outer loop
      vertex 32.4688 32.3778 24.49
      vertex 33.1302 32.3778 24.49
      vertex 32.9171 32.515 24.49
    endloop
  endfacet
  facet normal 0 0 1
    outer loop
      vertex 33.3995 31.0913 24.49
      vertex 32.1995 31.0913 24.49
      vertex 33.2949 30.7708 24.49
    endloop
  endfacet
  facet normal 0 0 1
    outer loop
      vertex 32.4688 32.3778 24.49
      vertex 32.9171 32.515 24.49
      vertex 32.6819 32.515 24.49
    endloop
  endfacet
  facet normal 0 -0 1
    outer loop
      vertex 32.3041 30.7708 24.49
      vertex 33.2949 30.7708 24.49
      vertex 32.1995 31.0913 24.49
    endloop
  endfacet
  facet normal 0 0 1
    outer loop
      vertex 33.1302 32.3778 24.49
      vertex 32.4688 32.3778 24.49
      vertex 32.3041 32.1332 24.49
    endloop
  endfacet
  facet normal 0 0 1
    outer loop
      vertex 33.2949 30.7708 24.49
      vertex 32.3041 30.7708 24.49
      vertex 33.1302 30.5263 24.49
    endloop
  endfacet
  facet normal 0 0 1
    outer loop
      vertex 33.2949 32.1332 24.49
      vertex 32.3041 32.1332 24.49
      vertex 32.1995 31.8127 24.49
    endloop
  endfacet
  facet normal 0 -0 1
    outer loop
      vertex 32.4688 30.5263 24.49
      vertex 33.1302 30.5263 24.49
      vertex 32.3041 30.7708 24.49
    endloop
  endfacet
  facet normal 0 0 1
    outer loop
      vertex 33.3995 31.8127 24.49
      vertex 32.1995 31.8127 24.49
      vertex 32.1635 31.452 24.49
    endloop
  endfacet
  facet normal 0 0 1
    outer loop
      vertex 33.1302 30.5263 24.49
      vertex 32.4688 30.5263 24.49
      vertex 32.9171 30.389 24.49
    endloop
  endfacet
  facet normal 0 0 1
    outer loop
      vertex 32.9171 30.389 24.49
      vertex 32.4688 30.5263 24.49
      vertex 32.6819 30.389 24.49
    endloop
  endfacet
  facet normal 0 0 1
    outer loop
      vertex 29.0271 31.452 24.49
      vertex 30.299 31.452 24.49
      vertex 30.263 31.8127 24.49
    endloop
  endfacet
  facet normal 0 0 1
    outer loop
      vertex 29.063 31.8127 24.49
      vertex 30.263 31.8127 24.49
      vertex 30.1584 32.1332 24.49
    endloop
  endfacet
  facet normal 0 0 1
    outer loop
      vertex 30.299 31.452 24.49
      vertex 29.0271 31.452 24.49
      vertex 30.263 31.0913 24.49
    endloop
  endfacet
  facet normal 0 0 1
    outer loop
      vertex 29.1676 32.1332 24.49
      vertex 30.1584 32.1332 24.49
      vertex 29.9937 32.3778 24.49
    endloop
  endfacet
  facet normal 0 -0 1
    outer loop
      vertex 29.063 31.0913 24.49
      vertex 30.263 31.0913 24.49
      vertex 29.0271 31.452 24.49
    endloop
  endfacet
  facet normal 0 0 1
    outer loop
      vertex 29.3323 32.3778 24.49
      vertex 29.9937 32.3778 24.49
      vertex 29.7806 32.515 24.49
    endloop
  endfacet
  facet normal 0 0 1
    outer loop
      vertex 30.263 31.0913 24.49
      vertex 29.063 31.0913 24.49
      vertex 30.1584 30.7708 24.49
    endloop
  endfacet
  facet normal 0 0 1
    outer loop
      vertex 29.3323 32.3778 24.49
      vertex 29.7806 32.515 24.49
      vertex 29.5454 32.515 24.49
    endloop
  endfacet
  facet normal 0 -0 1
    outer loop
      vertex 29.1676 30.7708 24.49
      vertex 30.1584 30.7708 24.49
      vertex 29.063 31.0913 24.49
    endloop
  endfacet
  facet normal 0 0 1
    outer loop
      vertex 29.9937 32.3778 24.49
      vertex 29.3323 32.3778 24.49
      vertex 29.1676 32.1332 24.49
    endloop
  endfacet
  facet normal 0 0 1
    outer loop
      vertex 30.1584 30.7708 24.49
      vertex 29.1676 30.7708 24.49
      vertex 29.9937 30.5263 24.49
    endloop
  endfacet
  facet normal 0 0 1
    outer loop
      vertex 30.1584 32.1332 24.49
      vertex 29.1676 32.1332 24.49
      vertex 29.063 31.8127 24.49
    endloop
  endfacet
  facet normal 0 -0 1
    outer loop
      vertex 29.3323 30.5263 24.49
      vertex 29.9937 30.5263 24.49
      vertex 29.1676 30.7708 24.49
    endloop
  endfacet
  facet normal 0 0 1
    outer loop
      vertex 30.263 31.8127 24.49
      vertex 29.063 31.8127 24.49
      vertex 29.0271 31.452 24.49
    endloop
  endfacet
  facet normal 0 0 1
    outer loop
      vertex 29.9937 30.5263 24.49
      vertex 29.3323 30.5263 24.49
      vertex 29.7806 30.389 24.49
    endloop
  endfacet
  facet normal 0 0 1
    outer loop
      vertex 29.7806 30.389 24.49
      vertex 29.3323 30.5263 24.49
      vertex 29.5454 30.389 24.49
    endloop
  endfacet
  facet normal 0 0 1
    outer loop
      vertex 33.701 31.452 24.49
      vertex 34.9729 31.452 24.49
      vertex 34.937 31.8127 24.49
    endloop
  endfacet
  facet normal 0 0 1
    outer loop
      vertex 33.737 31.8127 24.49
      vertex 34.937 31.8127 24.49
      vertex 34.8324 32.1332 24.49
    endloop
  endfacet
  facet normal 0 0 1
    outer loop
      vertex 34.9729 31.452 24.49
      vertex 33.701 31.452 24.49
      vertex 34.937 31.0913 24.49
    endloop
  endfacet
  facet normal 0 0 1
    outer loop
      vertex 33.8416 32.1332 24.49
      vertex 34.8324 32.1332 24.49
      vertex 34.6677 32.3778 24.49
    endloop
  endfacet
  facet normal 0 -0 1
    outer loop
      vertex 33.737 31.0913 24.49
      vertex 34.937 31.0913 24.49
      vertex 33.701 31.452 24.49
    endloop
  endfacet
  facet normal 0 0 1
    outer loop
      vertex 34.0063 32.3778 24.49
      vertex 34.6677 32.3778 24.49
      vertex 34.4546 32.515 24.49
    endloop
  endfacet
  facet normal 0 0 1
    outer loop
      vertex 34.937 31.0913 24.49
      vertex 33.737 31.0913 24.49
      vertex 34.8324 30.7708 24.49
    endloop
  endfacet
  facet normal 0 0 1
    outer loop
      vertex 34.0063 32.3778 24.49
      vertex 34.4546 32.515 24.49
      vertex 34.2194 32.515 24.49
    endloop
  endfacet
  facet normal 0 -0 1
    outer loop
      vertex 33.8416 30.7708 24.49
      vertex 34.8324 30.7708 24.49
      vertex 33.737 31.0913 24.49
    endloop
  endfacet
  facet normal 0 0 1
    outer loop
      vertex 34.6677 32.3778 24.49
      vertex 34.0063 32.3778 24.49
      vertex 33.8416 32.1332 24.49
    endloop
  endfacet
  facet normal 0 0 1
    outer loop
      vertex 34.8324 30.7708 24.49
      vertex 33.8416 30.7708 24.49
      vertex 34.6677 30.5263 24.49
    endloop
  endfacet
  facet normal 0 0 1
    outer loop
      vertex 34.8324 32.1332 24.49
      vertex 33.8416 32.1332 24.49
      vertex 33.737 31.8127 24.49
    endloop
  endfacet
  facet normal 0 -0 1
    outer loop
      vertex 34.0063 30.5263 24.49
      vertex 34.6677 30.5263 24.49
      vertex 33.8416 30.7708 24.49
    endloop
  endfacet
  facet normal 0 0 1
    outer loop
      vertex 34.937 31.8127 24.49
      vertex 33.737 31.8127 24.49
      vertex 33.701 31.452 24.49
    endloop
  endfacet
  facet normal 0 0 1
    outer loop
      vertex 34.6677 30.5263 24.49
      vertex 34.0063 30.5263 24.49
      vertex 34.4546 30.389 24.49
    endloop
  endfacet
  facet normal 0 0 1
    outer loop
      vertex 34.4546 30.389 24.49
      vertex 34.0063 30.5263 24.49
      vertex 34.2194 30.389 24.49
    endloop
  endfacet
  facet normal 0 0 1
    outer loop
      vertex 30.5646 31.452 24.49
      vertex 31.8365 31.452 24.49
      vertex 31.8005 31.8127 24.49
    endloop
  endfacet
  facet normal 0 0 1
    outer loop
      vertex 30.6005 31.8127 24.49
      vertex 31.8005 31.8127 24.49
      vertex 31.6959 32.1332 24.49
    endloop
  endfacet
  facet normal 0 0 1
    outer loop
      vertex 31.8365 31.452 24.49
      vertex 30.5646 31.452 24.49
      vertex 31.8005 31.0913 24.49
    endloop
  endfacet
  facet normal 0 0 1
    outer loop
      vertex 30.7051 32.1332 24.49
      vertex 31.6959 32.1332 24.49
      vertex 31.5312 32.3778 24.49
    endloop
  endfacet
  facet normal 0 -0 1
    outer loop
      vertex 30.6005 31.0913 24.49
      vertex 31.8005 31.0913 24.49
      vertex 30.5646 31.452 24.49
    endloop
  endfacet
  facet normal 0 0 1
    outer loop
      vertex 30.8698 32.3778 24.49
      vertex 31.5312 32.3778 24.49
      vertex 31.3181 32.515 24.49
    endloop
  endfacet
  facet normal 0 0 1
    outer loop
      vertex 31.8005 31.0913 24.49
      vertex 30.6005 31.0913 24.49
      vertex 31.6959 30.7708 24.49
    endloop
  endfacet
  facet normal 0 0 1
    outer loop
      vertex 30.8698 32.3778 24.49
      vertex 31.3181 32.515 24.49
      vertex 31.0829 32.515 24.49
    endloop
  endfacet
  facet normal 0 -0 1
    outer loop
      vertex 30.7051 30.7708 24.49
      vertex 31.6959 30.7708 24.49
      vertex 30.6005 31.0913 24.49
    endloop
  endfacet
  facet normal 0 0 1
    outer loop
      vertex 31.5312 32.3778 24.49
      vertex 30.8698 32.3778 24.49
      vertex 30.7051 32.1332 24.49
    endloop
  endfacet
  facet normal 0 0 1
    outer loop
      vertex 31.6959 30.7708 24.49
      vertex 30.7051 30.7708 24.49
      vertex 31.5312 30.5263 24.49
    endloop
  endfacet
  facet normal 0 0 1
    outer loop
      vertex 31.6959 32.1332 24.49
      vertex 30.7051 32.1332 24.49
      vertex 30.6005 31.8127 24.49
    endloop
  endfacet
  facet normal 0 -0 1
    outer loop
      vertex 30.8698 30.5263 24.49
      vertex 31.5312 30.5263 24.49
      vertex 30.7051 30.7708 24.49
    endloop
  endfacet
  facet normal 0 0 1
    outer loop
      vertex 31.8005 31.8127 24.49
      vertex 30.6005 31.8127 24.49
      vertex 30.5646 31.452 24.49
    endloop
  endfacet
  facet normal 0 0 1
    outer loop
      vertex 31.5312 30.5263 24.49
      vertex 30.8698 30.5263 24.49
      vertex 31.3181 30.389 24.49
    endloop
  endfacet
  facet normal 0 0 1
    outer loop
      vertex 31.3181 30.389 24.49
      vertex 30.8698 30.5263 24.49
      vertex 31.0829 30.389 24.49
    endloop
  endfacet
  facet normal 0 1 -0
    outer loop
      vertex 27.6628 43.2892 24
      vertex 26.9893 43.2892 24.49
      vertex 27.6628 43.2892 24.49
    endloop
  endfacet
  facet normal 0 1 0
    outer loop
      vertex 26.9893 43.2892 24.49
      vertex 27.6628 43.2892 24
      vertex 26.9893 43.2892 24
    endloop
  endfacet
  facet normal -1 0 0
    outer loop
      vertex 26.9893 41.7547 24
      vertex 26.9893 43.2892 24.49
      vertex 26.9893 43.2892 24
    endloop
  endfacet
  facet normal -1 -0 0
    outer loop
      vertex 26.9893 43.2892 24.49
      vertex 26.9893 41.7547 24
      vertex 26.9893 41.7547 24.49
    endloop
  endfacet
  facet normal 0 -1 0
    outer loop
      vertex 26.9893 41.7547 24
      vertex 27.6628 41.7547 24.49
      vertex 26.9893 41.7547 24.49
    endloop
  endfacet
  facet normal 0 -1 -0
    outer loop
      vertex 27.6628 41.7547 24.49
      vertex 26.9893 41.7547 24
      vertex 27.6628 41.7547 24
    endloop
  endfacet
  facet normal 1 -0 0
    outer loop
      vertex 27.6628 41.7547 24.49
      vertex 27.6628 43.2892 24
      vertex 27.6628 43.2892 24.49
    endloop
  endfacet
  facet normal 1 0 0
    outer loop
      vertex 27.6628 43.2892 24
      vertex 27.6628 41.7547 24.49
      vertex 27.6628 41.7547 24
    endloop
  endfacet
  facet normal 0.707074 0.707139 0
    outer loop
      vertex 25.3235 41.0648 24.49
      vertex 24.2384 42.1498 24
      vertex 24.2384 42.1498 24.49
    endloop
  endfacet
  facet normal 0.707074 0.707139 0
    outer loop
      vertex 24.2384 42.1498 24
      vertex 25.3235 41.0648 24.49
      vertex 25.3235 41.0648 24
    endloop
  endfacet
  facet normal -0.707107 0.707107 0
    outer loop
      vertex 23.7622 41.6736 24
      vertex 24.2384 42.1498 24.49
      vertex 24.2384 42.1498 24
    endloop
  endfacet
  facet normal -0.707107 0.707107 0
    outer loop
      vertex 24.2384 42.1498 24.49
      vertex 23.7622 41.6736 24
      vertex 23.7622 41.6736 24.49
    endloop
  endfacet
  facet normal -0.707139 -0.707074 0
    outer loop
      vertex 24.8472 40.5885 24
      vertex 23.7622 41.6736 24.49
      vertex 23.7622 41.6736 24
    endloop
  endfacet
  facet normal -0.707139 -0.707074 0
    outer loop
      vertex 23.7622 41.6736 24.49
      vertex 24.8472 40.5885 24
      vertex 24.8472 40.5885 24.49
    endloop
  endfacet
  facet normal 0.707107 -0.707107 0
    outer loop
      vertex 24.8472 40.5885 24.49
      vertex 25.3235 41.0648 24
      vertex 25.3235 41.0648 24.49
    endloop
  endfacet
  facet normal 0.707107 -0.707107 0
    outer loop
      vertex 25.3235 41.0648 24
      vertex 24.8472 40.5885 24.49
      vertex 24.8472 40.5885 24
    endloop
  endfacet
  facet normal 0.707107 0.707107 0
    outer loop
      vertex 30.8898 41.6736 24.49
      vertex 30.4136 42.1498 24
      vertex 30.4136 42.1498 24.49
    endloop
  endfacet
  facet normal 0.707107 0.707107 0
    outer loop
      vertex 30.4136 42.1498 24
      vertex 30.8898 41.6736 24.49
      vertex 30.8898 41.6736 24
    endloop
  endfacet
  facet normal -0.707074 0.707139 0
    outer loop
      vertex 29.3285 41.0648 24
      vertex 30.4136 42.1498 24.49
      vertex 30.4136 42.1498 24
    endloop
  endfacet
  facet normal -0.707074 0.707139 0
    outer loop
      vertex 30.4136 42.1498 24.49
      vertex 29.3285 41.0648 24
      vertex 29.3285 41.0648 24.49
    endloop
  endfacet
  facet normal -0.707107 -0.707107 0
    outer loop
      vertex 29.8048 40.5885 24
      vertex 29.3285 41.0648 24.49
      vertex 29.3285 41.0648 24
    endloop
  endfacet
  facet normal -0.707107 -0.707107 0
    outer loop
      vertex 29.3285 41.0648 24.49
      vertex 29.8048 40.5885 24
      vertex 29.8048 40.5885 24.49
    endloop
  endfacet
  facet normal 0.707139 -0.707074 0
    outer loop
      vertex 29.8048 40.5885 24.49
      vertex 30.8898 41.6736 24
      vertex 30.8898 41.6736 24.49
    endloop
  endfacet
  facet normal 0.707139 -0.707074 0
    outer loop
      vertex 30.8898 41.6736 24
      vertex 29.8048 40.5885 24.49
      vertex 29.8048 40.5885 24
    endloop
  endfacet
  facet normal 0.111892 -0.99372 0
    outer loop
      vertex 35.6947 32.9297 24
      vertex 36.2098 32.9877 24.49
      vertex 35.6947 32.9297 24.49
    endloop
  endfacet
  facet normal 0.111892 -0.99372 0
    outer loop
      vertex 36.2098 32.9877 24.49
      vertex 35.6947 32.9297 24
      vertex 36.2098 32.9877 24
    endloop
  endfacet
  facet normal 0.330359 -0.943855 0
    outer loop
      vertex 36.2098 32.9877 24
      vertex 36.7035 33.1605 24.49
      vertex 36.2098 32.9877 24.49
    endloop
  endfacet
  facet normal 0.330359 -0.943855 0
    outer loop
      vertex 36.7035 33.1605 24.49
      vertex 36.2098 32.9877 24
      vertex 36.7035 33.1605 24
    endloop
  endfacet
  facet normal 0.531905 -0.846804 0
    outer loop
      vertex 36.7035 33.1605 24
      vertex 37.1464 33.4387 24.49
      vertex 36.7035 33.1605 24.49
    endloop
  endfacet
  facet normal 0.531905 -0.846804 0
    outer loop
      vertex 37.1464 33.4387 24.49
      vertex 36.7035 33.1605 24
      vertex 37.1464 33.4387 24
    endloop
  endfacet
  facet normal 0.707107 -0.707107 0
    outer loop
      vertex 37.1464 33.4387 24.49
      vertex 37.5163 33.8086 24
      vertex 37.5163 33.8086 24.49
    endloop
  endfacet
  facet normal 0.707107 -0.707107 0
    outer loop
      vertex 37.5163 33.8086 24
      vertex 37.1464 33.4387 24.49
      vertex 37.1464 33.4387 24
    endloop
  endfacet
  facet normal 0.846804 -0.531905 0
    outer loop
      vertex 37.5163 33.8086 24.49
      vertex 37.7945 34.2515 24
      vertex 37.7945 34.2515 24.49
    endloop
  endfacet
  facet normal 0.846804 -0.531905 0
    outer loop
      vertex 37.7945 34.2515 24
      vertex 37.5163 33.8086 24.49
      vertex 37.5163 33.8086 24
    endloop
  endfacet
  facet normal 0.943855 -0.330359 0
    outer loop
      vertex 37.7945 34.2515 24.49
      vertex 37.9673 34.7452 24
      vertex 37.9673 34.7452 24.49
    endloop
  endfacet
  facet normal 0.943855 -0.330359 0
    outer loop
      vertex 37.9673 34.7452 24
      vertex 37.7945 34.2515 24.49
      vertex 37.7945 34.2515 24
    endloop
  endfacet
  facet normal 0.993705 -0.112026 0
    outer loop
      vertex 37.9673 34.7452 24.49
      vertex 38.0259 35.265 24
      vertex 38.0259 35.265 24.49
    endloop
  endfacet
  facet normal 0.993705 -0.112026 0
    outer loop
      vertex 38.0259 35.265 24
      vertex 37.9673 34.7452 24.49
      vertex 37.9673 34.7452 24
    endloop
  endfacet
  facet normal 0.993705 0.112026 0
    outer loop
      vertex 38.0259 35.265 24.49
      vertex 37.9673 35.7848 24
      vertex 37.9673 35.7848 24.49
    endloop
  endfacet
  facet normal 0.993705 0.112026 0
    outer loop
      vertex 37.9673 35.7848 24
      vertex 38.0259 35.265 24.49
      vertex 38.0259 35.265 24
    endloop
  endfacet
  facet normal 0.943855 0.330359 0
    outer loop
      vertex 37.9673 35.7848 24.49
      vertex 37.7945 36.2785 24
      vertex 37.7945 36.2785 24.49
    endloop
  endfacet
  facet normal 0.943855 0.330359 0
    outer loop
      vertex 37.7945 36.2785 24
      vertex 37.9673 35.7848 24.49
      vertex 37.9673 35.7848 24
    endloop
  endfacet
  facet normal 0.846804 0.531905 0
    outer loop
      vertex 37.7945 36.2785 24.49
      vertex 37.5163 36.7214 24
      vertex 37.5163 36.7214 24.49
    endloop
  endfacet
  facet normal 0.846804 0.531905 0
    outer loop
      vertex 37.5163 36.7214 24
      vertex 37.7945 36.2785 24.49
      vertex 37.7945 36.2785 24
    endloop
  endfacet
  facet normal 0.707011 0.707202 0
    outer loop
      vertex 37.5163 36.7214 24.49
      vertex 37.1465 37.0911 24
      vertex 37.1465 37.0911 24.49
    endloop
  endfacet
  facet normal 0.707011 0.707202 0
    outer loop
      vertex 37.1465 37.0911 24
      vertex 37.5163 36.7214 24.49
      vertex 37.5163 36.7214 24
    endloop
  endfacet
  facet normal 0.536438 0.84394 -0
    outer loop
      vertex 37.1465 37.0911 24
      vertex 34.4492 38.8056 24.49
      vertex 37.1465 37.0911 24.49
    endloop
  endfacet
  facet normal 0.536438 0.84394 0
    outer loop
      vertex 34.4492 38.8056 24.49
      vertex 37.1465 37.0911 24
      vertex 34.4492 38.8056 24
    endloop
  endfacet
  facet normal 0.53199 0.846751 -0
    outer loop
      vertex 34.4492 38.8056 24
      vertex 33.8953 39.1536 24.49
      vertex 34.4492 38.8056 24.49
    endloop
  endfacet
  facet normal 0.53199 0.846751 0
    outer loop
      vertex 33.8953 39.1536 24.49
      vertex 34.4492 38.8056 24
      vertex 33.8953 39.1536 24
    endloop
  endfacet
  facet normal 0.330357 0.943856 -0
    outer loop
      vertex 33.8953 39.1536 24
      vertex 33.2716 39.3719 24.49
      vertex 33.8953 39.1536 24.49
    endloop
  endfacet
  facet normal 0.330357 0.943856 0
    outer loop
      vertex 33.2716 39.3719 24.49
      vertex 33.8953 39.1536 24
      vertex 33.2716 39.3719 24
    endloop
  endfacet
  facet normal 0.111993 0.993709 -0
    outer loop
      vertex 33.2716 39.3719 24
      vertex 32.615 39.4459 24.49
      vertex 33.2716 39.3719 24.49
    endloop
  endfacet
  facet normal 0.111993 0.993709 0
    outer loop
      vertex 32.615 39.4459 24.49
      vertex 33.2716 39.3719 24
      vertex 32.615 39.4459 24
    endloop
  endfacet
  facet normal -0.111993 0.993709 0
    outer loop
      vertex 32.615 39.4459 24
      vertex 31.9584 39.3719 24.49
      vertex 32.615 39.4459 24.49
    endloop
  endfacet
  facet normal -0.111993 0.993709 0
    outer loop
      vertex 31.9584 39.3719 24.49
      vertex 32.615 39.4459 24
      vertex 31.9584 39.3719 24
    endloop
  endfacet
  facet normal -0.330249 0.943894 0
    outer loop
      vertex 31.9584 39.3719 24
      vertex 31.3379 39.1548 24.49
      vertex 31.9584 39.3719 24.49
    endloop
  endfacet
  facet normal -0.330249 0.943894 0
    outer loop
      vertex 31.3379 39.1548 24.49
      vertex 31.9584 39.3719 24
      vertex 31.3379 39.1548 24
    endloop
  endfacet
  facet normal -0.432907 0.901439 0
    outer loop
      vertex 31.3379 39.1548 24
      vertex 30.8546 38.9227 24.49
      vertex 31.3379 39.1548 24.49
    endloop
  endfacet
  facet normal -0.432907 0.901439 0
    outer loop
      vertex 30.8546 38.9227 24.49
      vertex 31.3379 39.1548 24
      vertex 30.8546 38.9227 24
    endloop
  endfacet
  facet normal 0 1 -0
    outer loop
      vertex 30.8546 38.9227 24
      vertex 30.4948 38.9227 24.49
      vertex 30.8546 38.9227 24.49
    endloop
  endfacet
  facet normal 0 1 0
    outer loop
      vertex 30.4948 38.9227 24.49
      vertex 30.8546 38.9227 24
      vertex 30.4948 38.9227 24
    endloop
  endfacet
  facet normal -1 0 0
    outer loop
      vertex 30.4948 38.75 24
      vertex 30.4948 38.9227 24.49
      vertex 30.4948 38.9227 24
    endloop
  endfacet
  facet normal -1 -0 0
    outer loop
      vertex 30.4948 38.9227 24.49
      vertex 30.4948 38.75 24
      vertex 30.4948 38.75 24.49
    endloop
  endfacet
  facet normal -0.43277 0.901504 0
    outer loop
      vertex 30.4948 38.75 24
      vertex 30.2717 38.6429 24.49
      vertex 30.4948 38.75 24.49
    endloop
  endfacet
  facet normal -0.43277 0.901504 0
    outer loop
      vertex 30.2717 38.6429 24.49
      vertex 30.4948 38.75 24
      vertex 30.2717 38.6429 24
    endloop
  endfacet
  facet normal 0.996204 0.0870449 0
    outer loop
      vertex 30.2717 38.6429 24.49
      vertex 30.2319 39.0984 24
      vertex 30.2319 39.0984 24.49
    endloop
  endfacet
  facet normal 0.996204 0.0870449 0
    outer loop
      vertex 30.2319 39.0984 24
      vertex 30.2717 38.6429 24.49
      vertex 30.2717 38.6429 24
    endloop
  endfacet
  facet normal 0.965934 0.258788 0
    outer loop
      vertex 30.2319 39.0984 24.49
      vertex 30.0988 39.5952 24
      vertex 30.0988 39.5952 24.49
    endloop
  endfacet
  facet normal 0.965934 0.258788 0
    outer loop
      vertex 30.0988 39.5952 24
      vertex 30.2319 39.0984 24.49
      vertex 30.2319 39.0984 24
    endloop
  endfacet
  facet normal 0.906268 0.422705 0
    outer loop
      vertex 30.0988 39.5952 24.49
      vertex 29.8814 40.0613 24
      vertex 29.8814 40.0613 24.49
    endloop
  endfacet
  facet normal 0.906268 0.422705 0
    outer loop
      vertex 29.8814 40.0613 24
      vertex 30.0988 39.5952 24.49
      vertex 30.0988 39.5952 24
    endloop
  endfacet
  facet normal 0.819214 0.573488 0
    outer loop
      vertex 29.8814 40.0613 24.49
      vertex 29.5864 40.4827 24
      vertex 29.5864 40.4827 24.49
    endloop
  endfacet
  facet normal 0.819214 0.573488 0
    outer loop
      vertex 29.5864 40.4827 24
      vertex 29.8814 40.0613 24.49
      vertex 29.8814 40.0613 24
    endloop
  endfacet
  facet normal 0.707107 0.707107 0
    outer loop
      vertex 29.5864 40.4827 24.49
      vertex 29.2227 40.8464 24
      vertex 29.2227 40.8464 24.49
    endloop
  endfacet
  facet normal 0.707107 0.707107 0
    outer loop
      vertex 29.2227 40.8464 24
      vertex 29.5864 40.4827 24.49
      vertex 29.5864 40.4827 24
    endloop
  endfacet
  facet normal 0.57358 0.81915 -0
    outer loop
      vertex 29.2227 40.8464 24
      vertex 28.8014 41.1414 24.49
      vertex 29.2227 40.8464 24.49
    endloop
  endfacet
  facet normal 0.57358 0.81915 0
    outer loop
      vertex 28.8014 41.1414 24.49
      vertex 29.2227 40.8464 24
      vertex 28.8014 41.1414 24
    endloop
  endfacet
  facet normal 0.42263 0.906302 -0
    outer loop
      vertex 28.8014 41.1414 24
      vertex 28.3352 41.3588 24.49
      vertex 28.8014 41.1414 24.49
    endloop
  endfacet
  facet normal 0.42263 0.906302 0
    outer loop
      vertex 28.3352 41.3588 24.49
      vertex 28.8014 41.1414 24
      vertex 28.3352 41.3588 24
    endloop
  endfacet
  facet normal 0.258788 0.965934 -0
    outer loop
      vertex 28.3352 41.3588 24
      vertex 27.8384 41.4919 24.49
      vertex 28.3352 41.3588 24.49
    endloop
  endfacet
  facet normal 0.258788 0.965934 0
    outer loop
      vertex 27.8384 41.4919 24.49
      vertex 28.3352 41.3588 24
      vertex 27.8384 41.4919 24
    endloop
  endfacet
  facet normal 0.0870994 0.9962 -0
    outer loop
      vertex 27.8384 41.4919 24
      vertex 27.326 41.5367 24.49
      vertex 27.8384 41.4919 24.49
    endloop
  endfacet
  facet normal 0.0870994 0.9962 0
    outer loop
      vertex 27.326 41.5367 24.49
      vertex 27.8384 41.4919 24
      vertex 27.326 41.5367 24
    endloop
  endfacet
  facet normal -0.0870994 0.9962 0
    outer loop
      vertex 27.326 41.5367 24
      vertex 26.8136 41.4919 24.49
      vertex 27.326 41.5367 24.49
    endloop
  endfacet
  facet normal -0.0870994 0.9962 0
    outer loop
      vertex 26.8136 41.4919 24.49
      vertex 27.326 41.5367 24
      vertex 26.8136 41.4919 24
    endloop
  endfacet
  facet normal -0.258788 0.965934 0
    outer loop
      vertex 26.8136 41.4919 24
      vertex 26.3168 41.3588 24.49
      vertex 26.8136 41.4919 24.49
    endloop
  endfacet
  facet normal -0.258788 0.965934 0
    outer loop
      vertex 26.3168 41.3588 24.49
      vertex 26.8136 41.4919 24
      vertex 26.3168 41.3588 24
    endloop
  endfacet
  facet normal -0.42263 0.906302 0
    outer loop
      vertex 26.3168 41.3588 24
      vertex 25.8506 41.1414 24.49
      vertex 26.3168 41.3588 24.49
    endloop
  endfacet
  facet normal -0.42263 0.906302 0
    outer loop
      vertex 25.8506 41.1414 24.49
      vertex 26.3168 41.3588 24
      vertex 25.8506 41.1414 24
    endloop
  endfacet
  facet normal -0.57358 0.81915 0
    outer loop
      vertex 25.8506 41.1414 24
      vertex 25.4293 40.8464 24.49
      vertex 25.8506 41.1414 24.49
    endloop
  endfacet
  facet normal -0.57358 0.81915 0
    outer loop
      vertex 25.4293 40.8464 24.49
      vertex 25.8506 41.1414 24
      vertex 25.4293 40.8464 24
    endloop
  endfacet
  facet normal -0.707107 0.707107 0
    outer loop
      vertex 25.0656 40.4827 24
      vertex 25.4293 40.8464 24.49
      vertex 25.4293 40.8464 24
    endloop
  endfacet
  facet normal -0.707107 0.707107 0
    outer loop
      vertex 25.4293 40.8464 24.49
      vertex 25.0656 40.4827 24
      vertex 25.0656 40.4827 24.49
    endloop
  endfacet
  facet normal -0.819214 0.573488 0
    outer loop
      vertex 24.7706 40.0613 24
      vertex 25.0656 40.4827 24.49
      vertex 25.0656 40.4827 24
    endloop
  endfacet
  facet normal -0.819214 0.573488 0
    outer loop
      vertex 25.0656 40.4827 24.49
      vertex 24.7706 40.0613 24
      vertex 24.7706 40.0613 24.49
    endloop
  endfacet
  facet normal -0.906268 0.422705 0
    outer loop
      vertex 24.5532 39.5952 24
      vertex 24.7706 40.0613 24.49
      vertex 24.7706 40.0613 24
    endloop
  endfacet
  facet normal -0.906268 0.422705 0
    outer loop
      vertex 24.7706 40.0613 24.49
      vertex 24.5532 39.5952 24
      vertex 24.5532 39.5952 24.49
    endloop
  endfacet
  facet normal -0.965934 0.258788 0
    outer loop
      vertex 24.4201 39.0984 24
      vertex 24.5532 39.5952 24.49
      vertex 24.5532 39.5952 24
    endloop
  endfacet
  facet normal -0.965934 0.258788 0
    outer loop
      vertex 24.5532 39.5952 24.49
      vertex 24.4201 39.0984 24
      vertex 24.4201 39.0984 24.49
    endloop
  endfacet
  facet normal -0.9962 0.0870994 0
    outer loop
      vertex 24.3753 38.586 24
      vertex 24.4201 39.0984 24.49
      vertex 24.4201 39.0984 24
    endloop
  endfacet
  facet normal -0.9962 0.0870994 0
    outer loop
      vertex 24.4201 39.0984 24.49
      vertex 24.3753 38.586 24
      vertex 24.3753 38.586 24.49
    endloop
  endfacet
  facet normal -0.9962 -0.0870994 0
    outer loop
      vertex 24.4201 38.0736 24
      vertex 24.3753 38.586 24.49
      vertex 24.3753 38.586 24
    endloop
  endfacet
  facet normal -0.9962 -0.0870994 0
    outer loop
      vertex 24.3753 38.586 24.49
      vertex 24.4201 38.0736 24
      vertex 24.4201 38.0736 24.49
    endloop
  endfacet
  facet normal -0.965934 -0.258788 0
    outer loop
      vertex 24.5532 37.5768 24
      vertex 24.4201 38.0736 24.49
      vertex 24.4201 38.0736 24
    endloop
  endfacet
  facet normal -0.965934 -0.258788 0
    outer loop
      vertex 24.4201 38.0736 24.49
      vertex 24.5532 37.5768 24
      vertex 24.5532 37.5768 24.49
    endloop
  endfacet
  facet normal -0.906302 -0.42263 0
    outer loop
      vertex 24.7706 37.1106 24
      vertex 24.5532 37.5768 24.49
      vertex 24.5532 37.5768 24
    endloop
  endfacet
  facet normal -0.906302 -0.42263 0
    outer loop
      vertex 24.5532 37.5768 24.49
      vertex 24.7706 37.1106 24
      vertex 24.7706 37.1106 24.49
    endloop
  endfacet
  facet normal -0.81915 -0.57358 0
    outer loop
      vertex 25.0656 36.6893 24
      vertex 24.7706 37.1106 24.49
      vertex 24.7706 37.1106 24
    endloop
  endfacet
  facet normal -0.81915 -0.57358 0
    outer loop
      vertex 24.7706 37.1106 24.49
      vertex 25.0656 36.6893 24
      vertex 25.0656 36.6893 24.49
    endloop
  endfacet
  facet normal -0.707107 -0.707107 0
    outer loop
      vertex 25.4293 36.3256 24
      vertex 25.0656 36.6893 24.49
      vertex 25.0656 36.6893 24
    endloop
  endfacet
  facet normal -0.707107 -0.707107 0
    outer loop
      vertex 25.0656 36.6893 24.49
      vertex 25.4293 36.3256 24
      vertex 25.4293 36.3256 24.49
    endloop
  endfacet
  facet normal -0.57358 -0.81915 0
    outer loop
      vertex 25.4293 36.3256 24
      vertex 25.8506 36.0306 24.49
      vertex 25.4293 36.3256 24.49
    endloop
  endfacet
  facet normal -0.57358 -0.81915 -0
    outer loop
      vertex 25.8506 36.0306 24.49
      vertex 25.4293 36.3256 24
      vertex 25.8506 36.0306 24
    endloop
  endfacet
  facet normal -0.42263 -0.906302 0
    outer loop
      vertex 25.8506 36.0306 24
      vertex 26.3168 35.8132 24.49
      vertex 25.8506 36.0306 24.49
    endloop
  endfacet
  facet normal -0.42263 -0.906302 -0
    outer loop
      vertex 26.3168 35.8132 24.49
      vertex 25.8506 36.0306 24
      vertex 26.3168 35.8132 24
    endloop
  endfacet
  facet normal -0.258551 -0.965998 0
    outer loop
      vertex 26.3168 35.8132 24
      vertex 26.3777 35.7969 24.49
      vertex 26.3168 35.8132 24.49
    endloop
  endfacet
  facet normal -0.258551 -0.965998 -0
    outer loop
      vertex 26.3777 35.7969 24.49
      vertex 26.3168 35.8132 24
      vertex 26.3777 35.7969 24
    endloop
  endfacet
  facet normal -0.943968 0.330038 0
    outer loop
      vertex 26.3448 35.7028 24
      vertex 26.3777 35.7969 24.49
      vertex 26.3777 35.7969 24
    endloop
  endfacet
  facet normal -0.943968 0.330038 0
    outer loop
      vertex 26.3777 35.7969 24.49
      vertex 26.3448 35.7028 24
      vertex 26.3448 35.7028 24.49
    endloop
  endfacet
  facet normal -0.99371 0.111987 0
    outer loop
      vertex 26.2816 35.142 24
      vertex 26.3448 35.7028 24.49
      vertex 26.3448 35.7028 24
    endloop
  endfacet
  facet normal -0.99371 0.111987 0
    outer loop
      vertex 26.3448 35.7028 24.49
      vertex 26.2816 35.142 24
      vertex 26.2816 35.142 24.49
    endloop
  endfacet
  facet normal -0.99371 -0.111987 0
    outer loop
      vertex 26.3448 34.5812 24
      vertex 26.2816 35.142 24.49
      vertex 26.2816 35.142 24
    endloop
  endfacet
  facet normal -0.99371 -0.111987 0
    outer loop
      vertex 26.2816 35.142 24.49
      vertex 26.3448 34.5812 24
      vertex 26.3448 34.5812 24.49
    endloop
  endfacet
  facet normal -0.943883 -0.330279 0
    outer loop
      vertex 26.5312 34.0485 24
      vertex 26.3448 34.5812 24.49
      vertex 26.3448 34.5812 24
    endloop
  endfacet
  facet normal -0.943883 -0.330279 0
    outer loop
      vertex 26.3448 34.5812 24.49
      vertex 26.5312 34.0485 24
      vertex 26.5312 34.0485 24.49
    endloop
  endfacet
  facet normal -0.846712 -0.532052 0
    outer loop
      vertex 26.8315 33.5706 24
      vertex 26.5312 34.0485 24.49
      vertex 26.5312 34.0485 24
    endloop
  endfacet
  facet normal -0.846712 -0.532052 0
    outer loop
      vertex 26.5312 34.0485 24.49
      vertex 26.8315 33.5706 24
      vertex 26.8315 33.5706 24.49
    endloop
  endfacet
  facet normal -0.707107 -0.707107 0
    outer loop
      vertex 27.2306 33.1715 24
      vertex 26.8315 33.5706 24.49
      vertex 26.8315 33.5706 24
    endloop
  endfacet
  facet normal -0.707107 -0.707107 0
    outer loop
      vertex 26.8315 33.5706 24.49
      vertex 27.2306 33.1715 24
      vertex 27.2306 33.1715 24.49
    endloop
  endfacet
  facet normal -0.532052 -0.846712 0
    outer loop
      vertex 27.2306 33.1715 24
      vertex 27.7085 32.8712 24.49
      vertex 27.2306 33.1715 24.49
    endloop
  endfacet
  facet normal -0.532052 -0.846712 -0
    outer loop
      vertex 27.7085 32.8712 24.49
      vertex 27.2306 33.1715 24
      vertex 27.7085 32.8712 24
    endloop
  endfacet
  facet normal -0.330279 -0.943883 0
    outer loop
      vertex 27.7085 32.8712 24
      vertex 28.2412 32.6848 24.49
      vertex 27.7085 32.8712 24.49
    endloop
  endfacet
  facet normal -0.330279 -0.943883 -0
    outer loop
      vertex 28.2412 32.6848 24.49
      vertex 27.7085 32.8712 24
      vertex 28.2412 32.6848 24
    endloop
  endfacet
  facet normal -0.111856 -0.993724 0
    outer loop
      vertex 28.2412 32.6848 24
      vertex 28.8 32.6219 24.49
      vertex 28.2412 32.6848 24.49
    endloop
  endfacet
  facet normal -0.111856 -0.993724 -0
    outer loop
      vertex 28.8 32.6219 24.49
      vertex 28.2412 32.6848 24
      vertex 28.8 32.6219 24
    endloop
  endfacet
  facet normal 0.0445986 -0.999005 0
    outer loop
      vertex 28.8 32.6219 24
      vertex 35.6947 32.9297 24.49
      vertex 28.8 32.6219 24.49
    endloop
  endfacet
  facet normal 0.0445986 -0.999005 0
    outer loop
      vertex 35.6947 32.9297 24.49
      vertex 28.8 32.6219 24
      vertex 35.6947 32.9297 24
    endloop
  endfacet
  facet normal 0 1 -0
    outer loop
      vertex 24.1573 38.9227 24
      vertex 22.6228 38.9227 24.49
      vertex 24.1573 38.9227 24.49
    endloop
  endfacet
  facet normal 0 1 0
    outer loop
      vertex 22.6228 38.9227 24.49
      vertex 24.1573 38.9227 24
      vertex 22.6228 38.9227 24
    endloop
  endfacet
  facet normal -1 0 0
    outer loop
      vertex 22.6228 38.2492 24
      vertex 22.6228 38.9227 24.49
      vertex 22.6228 38.9227 24
    endloop
  endfacet
  facet normal -1 -0 0
    outer loop
      vertex 22.6228 38.9227 24.49
      vertex 22.6228 38.2492 24
      vertex 22.6228 38.2492 24.49
    endloop
  endfacet
  facet normal 0 -1 0
    outer loop
      vertex 22.6228 38.2492 24
      vertex 24.1573 38.2492 24.49
      vertex 22.6228 38.2492 24.49
    endloop
  endfacet
  facet normal 0 -1 -0
    outer loop
      vertex 24.1573 38.2492 24.49
      vertex 22.6228 38.2492 24
      vertex 24.1573 38.2492 24
    endloop
  endfacet
  facet normal 1 -0 0
    outer loop
      vertex 24.1573 38.2492 24.49
      vertex 24.1573 38.9227 24
      vertex 24.1573 38.9227 24.49
    endloop
  endfacet
  facet normal 1 0 0
    outer loop
      vertex 24.1573 38.9227 24
      vertex 24.1573 38.2492 24.49
      vertex 24.1573 38.2492 24
    endloop
  endfacet
  facet normal 0.707107 0.707107 0
    outer loop
      vertex 25.3235 36.1072 24.49
      vertex 24.8472 36.5835 24
      vertex 24.8472 36.5835 24.49
    endloop
  endfacet
  facet normal 0.707107 0.707107 0
    outer loop
      vertex 24.8472 36.5835 24
      vertex 25.3235 36.1072 24.49
      vertex 25.3235 36.1072 24
    endloop
  endfacet
  facet normal -0.707139 0.707074 0
    outer loop
      vertex 23.7622 35.4984 24
      vertex 24.8472 36.5835 24.49
      vertex 24.8472 36.5835 24
    endloop
  endfacet
  facet normal -0.707139 0.707074 0
    outer loop
      vertex 24.8472 36.5835 24.49
      vertex 23.7622 35.4984 24
      vertex 23.7622 35.4984 24.49
    endloop
  endfacet
  facet normal -0.707107 -0.707107 0
    outer loop
      vertex 24.2384 35.0222 24
      vertex 23.7622 35.4984 24.49
      vertex 23.7622 35.4984 24
    endloop
  endfacet
  facet normal -0.707107 -0.707107 0
    outer loop
      vertex 23.7622 35.4984 24.49
      vertex 24.2384 35.0222 24
      vertex 24.2384 35.0222 24.49
    endloop
  endfacet
  facet normal 0.707074 -0.707139 0
    outer loop
      vertex 24.2384 35.0222 24.49
      vertex 25.3235 36.1072 24
      vertex 25.3235 36.1072 24.49
    endloop
  endfacet
  facet normal 0.707074 -0.707139 0
    outer loop
      vertex 25.3235 36.1072 24
      vertex 24.2384 35.0222 24.49
      vertex 24.2384 35.0222 24
    endloop
  endfacet
  facet normal 0.829379 -0.558686 0
    outer loop
      vertex 29.9937 30.5263 24.49
      vertex 30.1584 30.7708 24
      vertex 30.1584 30.7708 24.49
    endloop
  endfacet
  facet normal 0.829379 -0.558686 0
    outer loop
      vertex 30.1584 30.7708 24
      vertex 29.9937 30.5263 24.49
      vertex 29.9937 30.5263 24
    endloop
  endfacet
  facet normal 0.950652 -0.31026 0
    outer loop
      vertex 30.1584 30.7708 24.49
      vertex 30.263 31.0913 24
      vertex 30.263 31.0913 24.49
    endloop
  endfacet
  facet normal 0.950652 -0.31026 0
    outer loop
      vertex 30.263 31.0913 24
      vertex 30.1584 30.7708 24.49
      vertex 30.1584 30.7708 24
    endloop
  endfacet
  facet normal 0.995056 -0.0993125 0
    outer loop
      vertex 30.263 31.0913 24.49
      vertex 30.299 31.452 24
      vertex 30.299 31.452 24.49
    endloop
  endfacet
  facet normal 0.995056 -0.0993125 0
    outer loop
      vertex 30.299 31.452 24
      vertex 30.263 31.0913 24.49
      vertex 30.263 31.0913 24
    endloop
  endfacet
  facet normal 0.995056 0.0993125 0
    outer loop
      vertex 30.299 31.452 24.49
      vertex 30.263 31.8127 24
      vertex 30.263 31.8127 24.49
    endloop
  endfacet
  facet normal 0.995056 0.0993125 0
    outer loop
      vertex 30.263 31.8127 24
      vertex 30.299 31.452 24.49
      vertex 30.299 31.452 24
    endloop
  endfacet
  facet normal 0.950652 0.31026 0
    outer loop
      vertex 30.263 31.8127 24.49
      vertex 30.1584 32.1332 24
      vertex 30.1584 32.1332 24.49
    endloop
  endfacet
  facet normal 0.950652 0.31026 0
    outer loop
      vertex 30.1584 32.1332 24
      vertex 30.263 31.8127 24.49
      vertex 30.263 31.8127 24
    endloop
  endfacet
  facet normal 0.829485 0.558529 0
    outer loop
      vertex 30.1584 32.1332 24.49
      vertex 29.9937 32.3778 24
      vertex 29.9937 32.3778 24.49
    endloop
  endfacet
  facet normal 0.829485 0.558529 0
    outer loop
      vertex 29.9937 32.3778 24
      vertex 30.1584 32.1332 24.49
      vertex 30.1584 32.1332 24
    endloop
  endfacet
  facet normal 0.541336 0.840807 -0
    outer loop
      vertex 29.9937 32.3778 24
      vertex 29.7806 32.515 24.49
      vertex 29.9937 32.3778 24.49
    endloop
  endfacet
  facet normal 0.541336 0.840807 0
    outer loop
      vertex 29.7806 32.515 24.49
      vertex 29.9937 32.3778 24
      vertex 29.7806 32.515 24
    endloop
  endfacet
  facet normal 0 1 -0
    outer loop
      vertex 29.7806 32.515 24
      vertex 29.5454 32.515 24.49
      vertex 29.7806 32.515 24.49
    endloop
  endfacet
  facet normal 0 1 0
    outer loop
      vertex 29.5454 32.515 24.49
      vertex 29.7806 32.515 24
      vertex 29.5454 32.515 24
    endloop
  endfacet
  facet normal -0.541336 0.840807 0
    outer loop
      vertex 29.5454 32.515 24
      vertex 29.3323 32.3778 24.49
      vertex 29.5454 32.515 24.49
    endloop
  endfacet
  facet normal -0.541336 0.840807 0
    outer loop
      vertex 29.3323 32.3778 24.49
      vertex 29.5454 32.515 24
      vertex 29.3323 32.3778 24
    endloop
  endfacet
  facet normal -0.829485 0.558529 0
    outer loop
      vertex 29.1676 32.1332 24
      vertex 29.3323 32.3778 24.49
      vertex 29.3323 32.3778 24
    endloop
  endfacet
  facet normal -0.829485 0.558529 0
    outer loop
      vertex 29.3323 32.3778 24.49
      vertex 29.1676 32.1332 24
      vertex 29.1676 32.1332 24.49
    endloop
  endfacet
  facet normal -0.950652 0.31026 0
    outer loop
      vertex 29.063 31.8127 24
      vertex 29.1676 32.1332 24.49
      vertex 29.1676 32.1332 24
    endloop
  endfacet
  facet normal -0.950652 0.31026 0
    outer loop
      vertex 29.1676 32.1332 24.49
      vertex 29.063 31.8127 24
      vertex 29.063 31.8127 24.49
    endloop
  endfacet
  facet normal -0.995084 0.0990394 0
    outer loop
      vertex 29.0271 31.452 24
      vertex 29.063 31.8127 24.49
      vertex 29.063 31.8127 24
    endloop
  endfacet
  facet normal -0.995084 0.0990394 0
    outer loop
      vertex 29.063 31.8127 24.49
      vertex 29.0271 31.452 24
      vertex 29.0271 31.452 24.49
    endloop
  endfacet
  facet normal -0.995084 -0.0990394 0
    outer loop
      vertex 29.063 31.0913 24
      vertex 29.0271 31.452 24.49
      vertex 29.0271 31.452 24
    endloop
  endfacet
  facet normal -0.995084 -0.0990394 0
    outer loop
      vertex 29.0271 31.452 24.49
      vertex 29.063 31.0913 24
      vertex 29.063 31.0913 24.49
    endloop
  endfacet
  facet normal -0.950652 -0.31026 0
    outer loop
      vertex 29.1676 30.7708 24
      vertex 29.063 31.0913 24.49
      vertex 29.063 31.0913 24
    endloop
  endfacet
  facet normal -0.950652 -0.31026 0
    outer loop
      vertex 29.063 31.0913 24.49
      vertex 29.1676 30.7708 24
      vertex 29.1676 30.7708 24.49
    endloop
  endfacet
  facet normal -0.829379 -0.558686 0
    outer loop
      vertex 29.3323 30.5263 24
      vertex 29.1676 30.7708 24.49
      vertex 29.1676 30.7708 24
    endloop
  endfacet
  facet normal -0.829379 -0.558686 0
    outer loop
      vertex 29.1676 30.7708 24.49
      vertex 29.3323 30.5263 24
      vertex 29.3323 30.5263 24.49
    endloop
  endfacet
  facet normal -0.541615 -0.840627 0
    outer loop
      vertex 29.3323 30.5263 24
      vertex 29.5454 30.389 24.49
      vertex 29.3323 30.5263 24.49
    endloop
  endfacet
  facet normal -0.541615 -0.840627 -0
    outer loop
      vertex 29.5454 30.389 24.49
      vertex 29.3323 30.5263 24
      vertex 29.5454 30.389 24
    endloop
  endfacet
  facet normal 0 -1 0
    outer loop
      vertex 29.5454 30.389 24
      vertex 29.7806 30.389 24.49
      vertex 29.5454 30.389 24.49
    endloop
  endfacet
  facet normal 0 -1 -0
    outer loop
      vertex 29.7806 30.389 24.49
      vertex 29.5454 30.389 24
      vertex 29.7806 30.389 24
    endloop
  endfacet
  facet normal 0.541615 -0.840627 0
    outer loop
      vertex 29.7806 30.389 24
      vertex 29.9937 30.5263 24.49
      vertex 29.7806 30.389 24.49
    endloop
  endfacet
  facet normal 0.541615 -0.840627 0
    outer loop
      vertex 29.9937 30.5263 24.49
      vertex 29.7806 30.389 24
      vertex 29.9937 30.5263 24
    endloop
  endfacet
  facet normal 0.829379 -0.558686 0
    outer loop
      vertex 31.5312 30.5263 24.49
      vertex 31.6959 30.7708 24
      vertex 31.6959 30.7708 24.49
    endloop
  endfacet
  facet normal 0.829379 -0.558686 0
    outer loop
      vertex 31.6959 30.7708 24
      vertex 31.5312 30.5263 24.49
      vertex 31.5312 30.5263 24
    endloop
  endfacet
  facet normal 0.950652 -0.31026 0
    outer loop
      vertex 31.6959 30.7708 24.49
      vertex 31.8005 31.0913 24
      vertex 31.8005 31.0913 24.49
    endloop
  endfacet
  facet normal 0.950652 -0.31026 0
    outer loop
      vertex 31.8005 31.0913 24
      vertex 31.6959 30.7708 24.49
      vertex 31.6959 30.7708 24
    endloop
  endfacet
  facet normal 0.995056 -0.0993125 0
    outer loop
      vertex 31.8005 31.0913 24.49
      vertex 31.8365 31.452 24
      vertex 31.8365 31.452 24.49
    endloop
  endfacet
  facet normal 0.995056 -0.0993125 0
    outer loop
      vertex 31.8365 31.452 24
      vertex 31.8005 31.0913 24.49
      vertex 31.8005 31.0913 24
    endloop
  endfacet
  facet normal 0.995056 0.0993125 0
    outer loop
      vertex 31.8365 31.452 24.49
      vertex 31.8005 31.8127 24
      vertex 31.8005 31.8127 24.49
    endloop
  endfacet
  facet normal 0.995056 0.0993125 0
    outer loop
      vertex 31.8005 31.8127 24
      vertex 31.8365 31.452 24.49
      vertex 31.8365 31.452 24
    endloop
  endfacet
  facet normal 0.950652 0.31026 0
    outer loop
      vertex 31.8005 31.8127 24.49
      vertex 31.6959 32.1332 24
      vertex 31.6959 32.1332 24.49
    endloop
  endfacet
  facet normal 0.950652 0.31026 0
    outer loop
      vertex 31.6959 32.1332 24
      vertex 31.8005 31.8127 24.49
      vertex 31.8005 31.8127 24
    endloop
  endfacet
  facet normal 0.829485 0.558529 0
    outer loop
      vertex 31.6959 32.1332 24.49
      vertex 31.5312 32.3778 24
      vertex 31.5312 32.3778 24.49
    endloop
  endfacet
  facet normal 0.829485 0.558529 0
    outer loop
      vertex 31.5312 32.3778 24
      vertex 31.6959 32.1332 24.49
      vertex 31.6959 32.1332 24
    endloop
  endfacet
  facet normal 0.541336 0.840807 -0
    outer loop
      vertex 31.5312 32.3778 24
      vertex 31.3181 32.515 24.49
      vertex 31.5312 32.3778 24.49
    endloop
  endfacet
  facet normal 0.541336 0.840807 0
    outer loop
      vertex 31.3181 32.515 24.49
      vertex 31.5312 32.3778 24
      vertex 31.3181 32.515 24
    endloop
  endfacet
  facet normal 0 1 -0
    outer loop
      vertex 31.3181 32.515 24
      vertex 31.0829 32.515 24.49
      vertex 31.3181 32.515 24.49
    endloop
  endfacet
  facet normal 0 1 0
    outer loop
      vertex 31.0829 32.515 24.49
      vertex 31.3181 32.515 24
      vertex 31.0829 32.515 24
    endloop
  endfacet
  facet normal -0.541336 0.840807 0
    outer loop
      vertex 31.0829 32.515 24
      vertex 30.8698 32.3778 24.49
      vertex 31.0829 32.515 24.49
    endloop
  endfacet
  facet normal -0.541336 0.840807 0
    outer loop
      vertex 30.8698 32.3778 24.49
      vertex 31.0829 32.515 24
      vertex 30.8698 32.3778 24
    endloop
  endfacet
  facet normal -0.829485 0.558529 0
    outer loop
      vertex 30.7051 32.1332 24
      vertex 30.8698 32.3778 24.49
      vertex 30.8698 32.3778 24
    endloop
  endfacet
  facet normal -0.829485 0.558529 0
    outer loop
      vertex 30.8698 32.3778 24.49
      vertex 30.7051 32.1332 24
      vertex 30.7051 32.1332 24.49
    endloop
  endfacet
  facet normal -0.950652 0.31026 0
    outer loop
      vertex 30.6005 31.8127 24
      vertex 30.7051 32.1332 24.49
      vertex 30.7051 32.1332 24
    endloop
  endfacet
  facet normal -0.950652 0.31026 0
    outer loop
      vertex 30.7051 32.1332 24.49
      vertex 30.6005 31.8127 24
      vertex 30.6005 31.8127 24.49
    endloop
  endfacet
  facet normal -0.995084 0.0990394 0
    outer loop
      vertex 30.5646 31.452 24
      vertex 30.6005 31.8127 24.49
      vertex 30.6005 31.8127 24
    endloop
  endfacet
  facet normal -0.995084 0.0990394 0
    outer loop
      vertex 30.6005 31.8127 24.49
      vertex 30.5646 31.452 24
      vertex 30.5646 31.452 24.49
    endloop
  endfacet
  facet normal -0.995084 -0.0990394 0
    outer loop
      vertex 30.6005 31.0913 24
      vertex 30.5646 31.452 24.49
      vertex 30.5646 31.452 24
    endloop
  endfacet
  facet normal -0.995084 -0.0990394 0
    outer loop
      vertex 30.5646 31.452 24.49
      vertex 30.6005 31.0913 24
      vertex 30.6005 31.0913 24.49
    endloop
  endfacet
  facet normal -0.950652 -0.31026 0
    outer loop
      vertex 30.7051 30.7708 24
      vertex 30.6005 31.0913 24.49
      vertex 30.6005 31.0913 24
    endloop
  endfacet
  facet normal -0.950652 -0.31026 0
    outer loop
      vertex 30.6005 31.0913 24.49
      vertex 30.7051 30.7708 24
      vertex 30.7051 30.7708 24.49
    endloop
  endfacet
  facet normal -0.829379 -0.558686 0
    outer loop
      vertex 30.8698 30.5263 24
      vertex 30.7051 30.7708 24.49
      vertex 30.7051 30.7708 24
    endloop
  endfacet
  facet normal -0.829379 -0.558686 0
    outer loop
      vertex 30.7051 30.7708 24.49
      vertex 30.8698 30.5263 24
      vertex 30.8698 30.5263 24.49
    endloop
  endfacet
  facet normal -0.541615 -0.840627 0
    outer loop
      vertex 30.8698 30.5263 24
      vertex 31.0829 30.389 24.49
      vertex 30.8698 30.5263 24.49
    endloop
  endfacet
  facet normal -0.541615 -0.840627 -0
    outer loop
      vertex 31.0829 30.389 24.49
      vertex 30.8698 30.5263 24
      vertex 31.0829 30.389 24
    endloop
  endfacet
  facet normal 0 -1 0
    outer loop
      vertex 31.0829 30.389 24
      vertex 31.3181 30.389 24.49
      vertex 31.0829 30.389 24.49
    endloop
  endfacet
  facet normal 0 -1 -0
    outer loop
      vertex 31.3181 30.389 24.49
      vertex 31.0829 30.389 24
      vertex 31.3181 30.389 24
    endloop
  endfacet
  facet normal 0.541615 -0.840627 0
    outer loop
      vertex 31.3181 30.389 24
      vertex 31.5312 30.5263 24.49
      vertex 31.3181 30.389 24.49
    endloop
  endfacet
  facet normal 0.541615 -0.840627 0
    outer loop
      vertex 31.5312 30.5263 24.49
      vertex 31.3181 30.389 24
      vertex 31.5312 30.5263 24
    endloop
  endfacet
  facet normal 0.829379 -0.558686 0
    outer loop
      vertex 33.1302 30.5263 24.49
      vertex 33.2949 30.7708 24
      vertex 33.2949 30.7708 24.49
    endloop
  endfacet
  facet normal 0.829379 -0.558686 0
    outer loop
      vertex 33.2949 30.7708 24
      vertex 33.1302 30.5263 24.49
      vertex 33.1302 30.5263 24
    endloop
  endfacet
  facet normal 0.950652 -0.31026 0
    outer loop
      vertex 33.2949 30.7708 24.49
      vertex 33.3995 31.0913 24
      vertex 33.3995 31.0913 24.49
    endloop
  endfacet
  facet normal 0.950652 -0.31026 0
    outer loop
      vertex 33.3995 31.0913 24
      vertex 33.2949 30.7708 24.49
      vertex 33.2949 30.7708 24
    endloop
  endfacet
  facet normal 0.995084 -0.0990394 0
    outer loop
      vertex 33.3995 31.0913 24.49
      vertex 33.4354 31.452 24
      vertex 33.4354 31.452 24.49
    endloop
  endfacet
  facet normal 0.995084 -0.0990394 0
    outer loop
      vertex 33.4354 31.452 24
      vertex 33.3995 31.0913 24.49
      vertex 33.3995 31.0913 24
    endloop
  endfacet
  facet normal 0.995084 0.0990394 0
    outer loop
      vertex 33.4354 31.452 24.49
      vertex 33.3995 31.8127 24
      vertex 33.3995 31.8127 24.49
    endloop
  endfacet
  facet normal 0.995084 0.0990394 0
    outer loop
      vertex 33.3995 31.8127 24
      vertex 33.4354 31.452 24.49
      vertex 33.4354 31.452 24
    endloop
  endfacet
  facet normal 0.950652 0.31026 0
    outer loop
      vertex 33.3995 31.8127 24.49
      vertex 33.2949 32.1332 24
      vertex 33.2949 32.1332 24.49
    endloop
  endfacet
  facet normal 0.950652 0.31026 0
    outer loop
      vertex 33.2949 32.1332 24
      vertex 33.3995 31.8127 24.49
      vertex 33.3995 31.8127 24
    endloop
  endfacet
  facet normal 0.829485 0.558529 0
    outer loop
      vertex 33.2949 32.1332 24.49
      vertex 33.1302 32.3778 24
      vertex 33.1302 32.3778 24.49
    endloop
  endfacet
  facet normal 0.829485 0.558529 0
    outer loop
      vertex 33.1302 32.3778 24
      vertex 33.2949 32.1332 24.49
      vertex 33.2949 32.1332 24
    endloop
  endfacet
  facet normal 0.541336 0.840807 -0
    outer loop
      vertex 33.1302 32.3778 24
      vertex 32.9171 32.515 24.49
      vertex 33.1302 32.3778 24.49
    endloop
  endfacet
  facet normal 0.541336 0.840807 0
    outer loop
      vertex 32.9171 32.515 24.49
      vertex 33.1302 32.3778 24
      vertex 32.9171 32.515 24
    endloop
  endfacet
  facet normal 0 1 -0
    outer loop
      vertex 32.9171 32.515 24
      vertex 32.6819 32.515 24.49
      vertex 32.9171 32.515 24.49
    endloop
  endfacet
  facet normal 0 1 0
    outer loop
      vertex 32.6819 32.515 24.49
      vertex 32.9171 32.515 24
      vertex 32.6819 32.515 24
    endloop
  endfacet
  facet normal -0.541336 0.840807 0
    outer loop
      vertex 32.6819 32.515 24
      vertex 32.4688 32.3778 24.49
      vertex 32.6819 32.515 24.49
    endloop
  endfacet
  facet normal -0.541336 0.840807 0
    outer loop
      vertex 32.4688 32.3778 24.49
      vertex 32.6819 32.515 24
      vertex 32.4688 32.3778 24
    endloop
  endfacet
  facet normal -0.829485 0.558529 0
    outer loop
      vertex 32.3041 32.1332 24
      vertex 32.4688 32.3778 24.49
      vertex 32.4688 32.3778 24
    endloop
  endfacet
  facet normal -0.829485 0.558529 0
    outer loop
      vertex 32.4688 32.3778 24.49
      vertex 32.3041 32.1332 24
      vertex 32.3041 32.1332 24.49
    endloop
  endfacet
  facet normal -0.950652 0.31026 0
    outer loop
      vertex 32.1995 31.8127 24
      vertex 32.3041 32.1332 24.49
      vertex 32.3041 32.1332 24
    endloop
  endfacet
  facet normal -0.950652 0.31026 0
    outer loop
      vertex 32.3041 32.1332 24.49
      vertex 32.1995 31.8127 24
      vertex 32.1995 31.8127 24.49
    endloop
  endfacet
  facet normal -0.995056 0.0993125 0
    outer loop
      vertex 32.1635 31.452 24
      vertex 32.1995 31.8127 24.49
      vertex 32.1995 31.8127 24
    endloop
  endfacet
  facet normal -0.995056 0.0993125 0
    outer loop
      vertex 32.1995 31.8127 24.49
      vertex 32.1635 31.452 24
      vertex 32.1635 31.452 24.49
    endloop
  endfacet
  facet normal -0.995056 -0.0993125 0
    outer loop
      vertex 32.1995 31.0913 24
      vertex 32.1635 31.452 24.49
      vertex 32.1635 31.452 24
    endloop
  endfacet
  facet normal -0.995056 -0.0993125 0
    outer loop
      vertex 32.1635 31.452 24.49
      vertex 32.1995 31.0913 24
      vertex 32.1995 31.0913 24.49
    endloop
  endfacet
  facet normal -0.950652 -0.31026 0
    outer loop
      vertex 32.3041 30.7708 24
      vertex 32.1995 31.0913 24.49
      vertex 32.1995 31.0913 24
    endloop
  endfacet
  facet normal -0.950652 -0.31026 0
    outer loop
      vertex 32.1995 31.0913 24.49
      vertex 32.3041 30.7708 24
      vertex 32.3041 30.7708 24.49
    endloop
  endfacet
  facet normal -0.829379 -0.558686 0
    outer loop
      vertex 32.4688 30.5263 24
      vertex 32.3041 30.7708 24.49
      vertex 32.3041 30.7708 24
    endloop
  endfacet
  facet normal -0.829379 -0.558686 0
    outer loop
      vertex 32.3041 30.7708 24.49
      vertex 32.4688 30.5263 24
      vertex 32.4688 30.5263 24.49
    endloop
  endfacet
  facet normal -0.541615 -0.840627 0
    outer loop
      vertex 32.4688 30.5263 24
      vertex 32.6819 30.389 24.49
      vertex 32.4688 30.5263 24.49
    endloop
  endfacet
  facet normal -0.541615 -0.840627 -0
    outer loop
      vertex 32.6819 30.389 24.49
      vertex 32.4688 30.5263 24
      vertex 32.6819 30.389 24
    endloop
  endfacet
  facet normal 0 -1 0
    outer loop
      vertex 32.6819 30.389 24
      vertex 32.9171 30.389 24.49
      vertex 32.6819 30.389 24.49
    endloop
  endfacet
  facet normal 0 -1 -0
    outer loop
      vertex 32.9171 30.389 24.49
      vertex 32.6819 30.389 24
      vertex 32.9171 30.389 24
    endloop
  endfacet
  facet normal 0.541615 -0.840627 0
    outer loop
      vertex 32.9171 30.389 24
      vertex 33.1302 30.5263 24.49
      vertex 32.9171 30.389 24.49
    endloop
  endfacet
  facet normal 0.541615 -0.840627 0
    outer loop
      vertex 33.1302 30.5263 24.49
      vertex 32.9171 30.389 24
      vertex 33.1302 30.5263 24
    endloop
  endfacet
  facet normal 0.829379 -0.558686 0
    outer loop
      vertex 34.6677 30.5263 24.49
      vertex 34.8324 30.7708 24
      vertex 34.8324 30.7708 24.49
    endloop
  endfacet
  facet normal 0.829379 -0.558686 0
    outer loop
      vertex 34.8324 30.7708 24
      vertex 34.6677 30.5263 24.49
      vertex 34.6677 30.5263 24
    endloop
  endfacet
  facet normal 0.950652 -0.31026 0
    outer loop
      vertex 34.8324 30.7708 24.49
      vertex 34.937 31.0913 24
      vertex 34.937 31.0913 24.49
    endloop
  endfacet
  facet normal 0.950652 -0.31026 0
    outer loop
      vertex 34.937 31.0913 24
      vertex 34.8324 30.7708 24.49
      vertex 34.8324 30.7708 24
    endloop
  endfacet
  facet normal 0.995084 -0.0990394 0
    outer loop
      vertex 34.937 31.0913 24.49
      vertex 34.9729 31.452 24
      vertex 34.9729 31.452 24.49
    endloop
  endfacet
  facet normal 0.995084 -0.0990394 0
    outer loop
      vertex 34.9729 31.452 24
      vertex 34.937 31.0913 24.49
      vertex 34.937 31.0913 24
    endloop
  endfacet
  facet normal 0.995084 0.0990394 0
    outer loop
      vertex 34.9729 31.452 24.49
      vertex 34.937 31.8127 24
      vertex 34.937 31.8127 24.49
    endloop
  endfacet
  facet normal 0.995084 0.0990394 0
    outer loop
      vertex 34.937 31.8127 24
      vertex 34.9729 31.452 24.49
      vertex 34.9729 31.452 24
    endloop
  endfacet
  facet normal 0.950652 0.31026 0
    outer loop
      vertex 34.937 31.8127 24.49
      vertex 34.8324 32.1332 24
      vertex 34.8324 32.1332 24.49
    endloop
  endfacet
  facet normal 0.950652 0.31026 0
    outer loop
      vertex 34.8324 32.1332 24
      vertex 34.937 31.8127 24.49
      vertex 34.937 31.8127 24
    endloop
  endfacet
  facet normal 0.829485 0.558529 0
    outer loop
      vertex 34.8324 32.1332 24.49
      vertex 34.6677 32.3778 24
      vertex 34.6677 32.3778 24.49
    endloop
  endfacet
  facet normal 0.829485 0.558529 0
    outer loop
      vertex 34.6677 32.3778 24
      vertex 34.8324 32.1332 24.49
      vertex 34.8324 32.1332 24
    endloop
  endfacet
  facet normal 0.541336 0.840807 -0
    outer loop
      vertex 34.6677 32.3778 24
      vertex 34.4546 32.515 24.49
      vertex 34.6677 32.3778 24.49
    endloop
  endfacet
  facet normal 0.541336 0.840807 0
    outer loop
      vertex 34.4546 32.515 24.49
      vertex 34.6677 32.3778 24
      vertex 34.4546 32.515 24
    endloop
  endfacet
  facet normal 0 1 -0
    outer loop
      vertex 34.4546 32.515 24
      vertex 34.2194 32.515 24.49
      vertex 34.4546 32.515 24.49
    endloop
  endfacet
  facet normal 0 1 0
    outer loop
      vertex 34.2194 32.515 24.49
      vertex 34.4546 32.515 24
      vertex 34.2194 32.515 24
    endloop
  endfacet
  facet normal -0.541336 0.840807 0
    outer loop
      vertex 34.2194 32.515 24
      vertex 34.0063 32.3778 24.49
      vertex 34.2194 32.515 24.49
    endloop
  endfacet
  facet normal -0.541336 0.840807 0
    outer loop
      vertex 34.0063 32.3778 24.49
      vertex 34.2194 32.515 24
      vertex 34.0063 32.3778 24
    endloop
  endfacet
  facet normal -0.829485 0.558529 0
    outer loop
      vertex 33.8416 32.1332 24
      vertex 34.0063 32.3778 24.49
      vertex 34.0063 32.3778 24
    endloop
  endfacet
  facet normal -0.829485 0.558529 0
    outer loop
      vertex 34.0063 32.3778 24.49
      vertex 33.8416 32.1332 24
      vertex 33.8416 32.1332 24.49
    endloop
  endfacet
  facet normal -0.950652 0.31026 0
    outer loop
      vertex 33.737 31.8127 24
      vertex 33.8416 32.1332 24.49
      vertex 33.8416 32.1332 24
    endloop
  endfacet
  facet normal -0.950652 0.31026 0
    outer loop
      vertex 33.8416 32.1332 24.49
      vertex 33.737 31.8127 24
      vertex 33.737 31.8127 24.49
    endloop
  endfacet
  facet normal -0.995056 0.0993125 0
    outer loop
      vertex 33.701 31.452 24
      vertex 33.737 31.8127 24.49
      vertex 33.737 31.8127 24
    endloop
  endfacet
  facet normal -0.995056 0.0993125 0
    outer loop
      vertex 33.737 31.8127 24.49
      vertex 33.701 31.452 24
      vertex 33.701 31.452 24.49
    endloop
  endfacet
  facet normal -0.995056 -0.0993125 0
    outer loop
      vertex 33.737 31.0913 24
      vertex 33.701 31.452 24.49
      vertex 33.701 31.452 24
    endloop
  endfacet
  facet normal -0.995056 -0.0993125 0
    outer loop
      vertex 33.701 31.452 24.49
      vertex 33.737 31.0913 24
      vertex 33.737 31.0913 24.49
    endloop
  endfacet
  facet normal -0.950652 -0.31026 0
    outer loop
      vertex 33.8416 30.7708 24
      vertex 33.737 31.0913 24.49
      vertex 33.737 31.0913 24
    endloop
  endfacet
  facet normal -0.950652 -0.31026 0
    outer loop
      vertex 33.737 31.0913 24.49
      vertex 33.8416 30.7708 24
      vertex 33.8416 30.7708 24.49
    endloop
  endfacet
  facet normal -0.829379 -0.558686 0
    outer loop
      vertex 34.0063 30.5263 24
      vertex 33.8416 30.7708 24.49
      vertex 33.8416 30.7708 24
    endloop
  endfacet
  facet normal -0.829379 -0.558686 0
    outer loop
      vertex 33.8416 30.7708 24.49
      vertex 34.0063 30.5263 24
      vertex 34.0063 30.5263 24.49
    endloop
  endfacet
  facet normal -0.541615 -0.840627 0
    outer loop
      vertex 34.0063 30.5263 24
      vertex 34.2194 30.389 24.49
      vertex 34.0063 30.5263 24.49
    endloop
  endfacet
  facet normal -0.541615 -0.840627 -0
    outer loop
      vertex 34.2194 30.389 24.49
      vertex 34.0063 30.5263 24
      vertex 34.2194 30.389 24
    endloop
  endfacet
  facet normal 0 -1 0
    outer loop
      vertex 34.2194 30.389 24
      vertex 34.4546 30.389 24.49
      vertex 34.2194 30.389 24.49
    endloop
  endfacet
  facet normal 0 -1 -0
    outer loop
      vertex 34.4546 30.389 24.49
      vertex 34.2194 30.389 24
      vertex 34.4546 30.389 24
    endloop
  endfacet
  facet normal 0.541615 -0.840627 0
    outer loop
      vertex 34.4546 30.389 24
      vertex 34.6677 30.5263 24.49
      vertex 34.4546 30.389 24.49
    endloop
  endfacet
  facet normal 0.541615 -0.840627 0
    outer loop
      vertex 34.6677 30.5263 24.49
      vertex 34.4546 30.389 24
      vertex 34.6677 30.5263 24
    endloop
  endfacet
  facet normal -0 0 1
    outer loop
      vertex 24.7562 25.2144 24.49
      vertex 25.6594 24.0626 24.49
      vertex 25.6594 25.2144 24.49
    endloop
  endfacet
  facet normal 0 0 1
    outer loop
      vertex 25.6594 24.0626 24.49
      vertex 24.7562 25.2144 24.49
      vertex 25.6545 23.7981 24.49
    endloop
  endfacet
  facet normal 0 0 1
    outer loop
      vertex 27.5106 23.0291 24.49
      vertex 26.4929 23.3228 24.49
      vertex 26.6101 22.8035 24.49
    endloop
  endfacet
  facet normal 0 0 1
    outer loop
      vertex 26.491 24.205 24.49
      vertex 26.4929 23.3228 24.49
      vertex 26.9227 24.1298 24.49
    endloop
  endfacet
  facet normal 0 0 1
    outer loop
      vertex 26.1702 23.4816 24.49
      vertex 26.491 24.205 24.49
      vertex 26.1745 24.165 24.49
    endloop
  endfacet
  facet normal 0 0 1
    outer loop
      vertex 26.491 24.205 24.49
      vertex 26.1702 23.4816 24.49
      vertex 26.4929 23.3228 24.49
    endloop
  endfacet
  facet normal -0 0 1
    outer loop
      vertex 25.9023 24.0437 24.49
      vertex 26.1702 23.4816 24.49
      vertex 26.1745 24.165 24.49
    endloop
  endfacet
  facet normal 0 0 1
    outer loop
      vertex 26.1702 23.4816 24.49
      vertex 25.9023 24.0437 24.49
      vertex 25.9746 23.4352 24.49
    endloop
  endfacet
  facet normal -0 0 1
    outer loop
      vertex 25.676 23.8339 24.49
      vertex 25.9746 23.4352 24.49
      vertex 25.9023 24.0437 24.49
    endloop
  endfacet
  facet normal -0 0 1
    outer loop
      vertex 25.6545 23.7981 24.49
      vertex 25.9746 23.4352 24.49
      vertex 25.676 23.8339 24.49
    endloop
  endfacet
  facet normal 0 0 1
    outer loop
      vertex 25.9746 23.4352 24.49
      vertex 25.6545 23.7981 24.49
      vertex 25.8103 23.2862 24.49
    endloop
  endfacet
  facet normal 0 0 1
    outer loop
      vertex 25.8103 23.2862 24.49
      vertex 25.6545 23.7981 24.49
      vertex 25.6985 23.0481 24.49
    endloop
  endfacet
  facet normal 0 0 1
    outer loop
      vertex 24.7562 25.2144 24.49
      vertex 25.6985 23.0481 24.49
      vertex 25.6545 23.7981 24.49
    endloop
  endfacet
  facet normal 0 0 1
    outer loop
      vertex 25.6985 23.0481 24.49
      vertex 24.7562 25.2144 24.49
      vertex 25.6594 22.736 24.49
    endloop
  endfacet
  facet normal 0 0 1
    outer loop
      vertex 25.6594 22.736 24.49
      vertex 24.7562 25.2144 24.49
      vertex 24.7562 21.1297 24.49
    endloop
  endfacet
  facet normal 0 0 1
    outer loop
      vertex 25.6594 22.736 24.49
      vertex 24.7562 21.1297 24.49
      vertex 25.6594 21.1297 24.49
    endloop
  endfacet
  facet normal -0 0 1
    outer loop
      vertex 26.4929 23.3228 24.49
      vertex 27.5106 23.0291 24.49
      vertex 27.4473 23.5232 24.49
    endloop
  endfacet
  facet normal 0 0 1
    outer loop
      vertex 26.4929 23.3228 24.49
      vertex 27.4473 23.5232 24.49
      vertex 27.2491 23.898 24.49
    endloop
  endfacet
  facet normal 0 0 1
    outer loop
      vertex 26.4929 23.3228 24.49
      vertex 27.2491 23.898 24.49
      vertex 26.9227 24.1298 24.49
    endloop
  endfacet
  facet normal 0 0 1
    outer loop
      vertex 27.5106 23.0291 24.49
      vertex 26.6101 22.8035 24.49
      vertex 27.5106 21.1297 24.49
    endloop
  endfacet
  facet normal 0 0 1
    outer loop
      vertex 27.5106 21.1297 24.49
      vertex 26.6101 22.8035 24.49
      vertex 26.6101 21.1297 24.49
    endloop
  endfacet
  facet normal -0 0 1
    outer loop
      vertex 44.4505 25.2144 24.49
      vertex 45.3537 24.507 24.49
      vertex 45.3537 25.2144 24.49
    endloop
  endfacet
  facet normal 0 0 1
    outer loop
      vertex 45.3537 24.507 24.49
      vertex 44.4505 25.2144 24.49
      vertex 44.4505 24.507 24.49
    endloop
  endfacet
  facet normal 0 0 1
    outer loop
      vertex 36.55 24.1207 24.49
      vertex 37.3689 24.5314 24.49
      vertex 37.0586 24.8435 24.49
    endloop
  endfacet
  facet normal 0 -0 1
    outer loop
      vertex 36.656 23.8673 24.49
      vertex 37.3689 24.5314 24.49
      vertex 36.55 24.1207 24.49
    endloop
  endfacet
  facet normal 0 0 1
    outer loop
      vertex 36.4235 24.2497 24.49
      vertex 37.0586 24.8435 24.49
      vertex 36.598 25.0161 24.49
    endloop
  endfacet
  facet normal 0 0 1
    outer loop
      vertex 37.3689 24.5314 24.49
      vertex 36.656 23.8673 24.49
      vertex 37.5729 23.9923 24.49
    endloop
  endfacet
  facet normal 0 0 1
    outer loop
      vertex 37.0586 24.8435 24.49
      vertex 36.4235 24.2497 24.49
      vertex 36.55 24.1207 24.49
    endloop
  endfacet
  facet normal 0 0 1
    outer loop
      vertex 36.598 25.0161 24.49
      vertex 36.2322 24.3301 24.49
      vertex 36.4235 24.2497 24.49
    endloop
  endfacet
  facet normal 0 0 1
    outer loop
      vertex 35.9729 25.072 24.49
      vertex 36.2322 24.3301 24.49
      vertex 36.598 25.0161 24.49
    endloop
  endfacet
  facet normal 0 0 1
    outer loop
      vertex 35.9729 25.072 24.49
      vertex 35.9618 24.358 24.49
      vertex 36.2322 24.3301 24.49
    endloop
  endfacet
  facet normal -0 0 1
    outer loop
      vertex 35.3146 25.0028 24.49
      vertex 35.9618 24.358 24.49
      vertex 35.9729 25.072 24.49
    endloop
  endfacet
  facet normal -0 0 1
    outer loop
      vertex 34.8209 24.7894 24.49
      vertex 35.4791 24.2571 24.49
      vertex 35.3146 25.0028 24.49
    endloop
  endfacet
  facet normal 0 0 1
    outer loop
      vertex 35.9618 24.358 24.49
      vertex 35.3146 25.0028 24.49
      vertex 35.4791 24.2571 24.49
    endloop
  endfacet
  facet normal 0 0 1
    outer loop
      vertex 37.6216 22.5167 24.49
      vertex 36.7013 22.3552 24.49
      vertex 36.718 22.2528 24.49
    endloop
  endfacet
  facet normal 0 0 1
    outer loop
      vertex 37.1661 23.19 24.49
      vertex 36.6458 22.4475 24.49
      vertex 36.7013 22.3552 24.49
    endloop
  endfacet
  facet normal 0 0 1
    outer loop
      vertex 36.4128 22.5978 24.49
      vertex 36.9469 23.3004 24.49
      vertex 36.6303 23.4042 24.49
    endloop
  endfacet
  facet normal 0 0 1
    outer loop
      vertex 37.1661 23.19 24.49
      vertex 36.5499 22.5277 24.49
      vertex 36.6458 22.4475 24.49
    endloop
  endfacet
  facet normal 0 0 1
    outer loop
      vertex 36.9469 23.3004 24.49
      vertex 36.4128 22.5978 24.49
      vertex 36.5499 22.5277 24.49
    endloop
  endfacet
  facet normal 0 0 1
    outer loop
      vertex 36.6303 23.4042 24.49
      vertex 36.1736 22.6708 24.49
      vertex 36.4128 22.5978 24.49
    endloop
  endfacet
  facet normal 0 0 1
    outer loop
      vertex 36.1665 23.5144 24.49
      vertex 36.1736 22.6708 24.49
      vertex 36.6303 23.4042 24.49
    endloop
  endfacet
  facet normal 0 0 1
    outer loop
      vertex 35.77 22.761 24.49
      vertex 36.1665 23.5144 24.49
      vertex 35.7936 23.6032 24.49
    endloop
  endfacet
  facet normal 0 0 1
    outer loop
      vertex 36.1665 23.5144 24.49
      vertex 35.77 22.761 24.49
      vertex 36.1736 22.6708 24.49
    endloop
  endfacet
  facet normal 0 0 1
    outer loop
      vertex 35.4127 22.85 24.49
      vertex 35.7936 23.6032 24.49
      vertex 35.5797 23.6729 24.49
    endloop
  endfacet
  facet normal 0 0 1
    outer loop
      vertex 35.1795 22.9208 24.49
      vertex 35.5797 23.6729 24.49
      vertex 35.4648 23.7363 24.49
    endloop
  endfacet
  facet normal 0 0 1
    outer loop
      vertex 35.7936 23.6032 24.49
      vertex 35.4127 22.85 24.49
      vertex 35.77 22.761 24.49
    endloop
  endfacet
  facet normal 0 0 1
    outer loop
      vertex 34.8677 23.0685 24.49
      vertex 35.4648 23.7363 24.49
      vertex 35.3884 23.8063 24.49
    endloop
  endfacet
  facet normal 0 0 1
    outer loop
      vertex 34.5326 23.4161 24.49
      vertex 35.3884 23.8063 24.49
      vertex 35.3449 23.8876 24.49
    endloop
  endfacet
  facet normal 0 0 1
    outer loop
      vertex 34.4234 23.7505 24.49
      vertex 35.3449 23.8876 24.49
      vertex 35.3317 23.98 24.49
    endloop
  endfacet
  facet normal 0 0 1
    outer loop
      vertex 35.5797 23.6729 24.49
      vertex 35.1795 22.9208 24.49
      vertex 35.4127 22.85 24.49
    endloop
  endfacet
  facet normal 0 0 1
    outer loop
      vertex 35.4791 24.2571 24.49
      vertex 34.8209 24.7894 24.49
      vertex 35.3317 23.98 24.49
    endloop
  endfacet
  facet normal 0 0 1
    outer loop
      vertex 35.4648 23.7363 24.49
      vertex 35.0161 22.9886 24.49
      vertex 35.1795 22.9208 24.49
    endloop
  endfacet
  facet normal -0 0 1
    outer loop
      vertex 34.5108 24.4324 24.49
      vertex 35.3317 23.98 24.49
      vertex 34.8209 24.7894 24.49
    endloop
  endfacet
  facet normal 0 -0 1
    outer loop
      vertex 34.4234 23.7505 24.49
      vertex 35.3317 23.98 24.49
      vertex 34.4093 23.9553 24.49
    endloop
  endfacet
  facet normal 0 0 1
    outer loop
      vertex 35.4648 23.7363 24.49
      vertex 34.8677 23.0685 24.49
      vertex 35.0161 22.9886 24.49
    endloop
  endfacet
  facet normal 0 0 1
    outer loop
      vertex 35.3449 23.8876 24.49
      vertex 34.4234 23.7505 24.49
      vertex 34.4651 23.5727 24.49
    endloop
  endfacet
  facet normal 0 0 1
    outer loop
      vertex 35.3449 23.8876 24.49
      vertex 34.4651 23.5727 24.49
      vertex 34.5326 23.4161 24.49
    endloop
  endfacet
  facet normal 0 0 1
    outer loop
      vertex 35.3317 23.98 24.49
      vertex 34.5108 24.4324 24.49
      vertex 34.4093 23.9553 24.49
    endloop
  endfacet
  facet normal 0 0 1
    outer loop
      vertex 35.3884 23.8063 24.49
      vertex 34.7354 23.1646 24.49
      vertex 34.8677 23.0685 24.49
    endloop
  endfacet
  facet normal 0 0 1
    outer loop
      vertex 35.3884 23.8063 24.49
      vertex 34.5326 23.4161 24.49
      vertex 34.623 23.2803 24.49
    endloop
  endfacet
  facet normal 0 0 1
    outer loop
      vertex 35.3884 23.8063 24.49
      vertex 34.623 23.2803 24.49
      vertex 34.7354 23.1646 24.49
    endloop
  endfacet
  facet normal 0 0 1
    outer loop
      vertex 36.7013 22.3552 24.49
      vertex 37.6216 22.5167 24.49
      vertex 37.5637 22.7244 24.49
    endloop
  endfacet
  facet normal 0 0 1
    outer loop
      vertex 37.6216 22.5167 24.49
      vertex 36.718 22.2528 24.49
      vertex 37.641 22.2784 24.49
    endloop
  endfacet
  facet normal 0 0 1
    outer loop
      vertex 36.7013 22.3552 24.49
      vertex 37.5637 22.7244 24.49
      vertex 37.4684 22.9056 24.49
    endloop
  endfacet
  facet normal 0 0 1
    outer loop
      vertex 36.7013 22.3552 24.49
      vertex 37.4684 22.9056 24.49
      vertex 37.338 23.0599 24.49
    endloop
  endfacet
  facet normal 0 0 1
    outer loop
      vertex 37.641 22.2784 24.49
      vertex 36.718 22.2528 24.49
      vertex 37.5329 21.7639 24.49
    endloop
  endfacet
  facet normal 0 0 1
    outer loop
      vertex 36.7013 22.3552 24.49
      vertex 37.338 23.0599 24.49
      vertex 37.1661 23.19 24.49
    endloop
  endfacet
  facet normal 0 0 1
    outer loop
      vertex 36.5499 22.5277 24.49
      vertex 37.1661 23.19 24.49
      vertex 36.9469 23.3004 24.49
    endloop
  endfacet
  facet normal -0 0 1
    outer loop
      vertex 36.5447 21.9366 24.49
      vertex 37.5329 21.7639 24.49
      vertex 36.718 22.2528 24.49
    endloop
  endfacet
  facet normal 0 0 1
    outer loop
      vertex 37.5329 21.7639 24.49
      vertex 36.5447 21.9366 24.49
      vertex 37.203 21.3803 24.49
    endloop
  endfacet
  facet normal 0 0 1
    outer loop
      vertex 37.203 21.3803 24.49
      vertex 36.5447 21.9366 24.49
      vertex 36.6741 21.151 24.49
    endloop
  endfacet
  facet normal -0 0 1
    outer loop
      vertex 35.9798 21.8221 24.49
      vertex 36.6741 21.151 24.49
      vertex 36.5447 21.9366 24.49
    endloop
  endfacet
  facet normal 0 0 1
    outer loop
      vertex 35.9798 21.8221 24.49
      vertex 35.9631 21.0764 24.49
      vertex 36.6741 21.151 24.49
    endloop
  endfacet
  facet normal 0 0 1
    outer loop
      vertex 35.6513 21.8533 24.49
      vertex 35.9631 21.0764 24.49
      vertex 35.9798 21.8221 24.49
    endloop
  endfacet
  facet normal 0 0 1
    outer loop
      vertex 35.3046 21.1418 24.49
      vertex 35.6513 21.8533 24.49
      vertex 35.411 21.9441 24.49
    endloop
  endfacet
  facet normal 0 0 1
    outer loop
      vertex 35.6513 21.8533 24.49
      vertex 35.3046 21.1418 24.49
      vertex 35.9631 21.0764 24.49
    endloop
  endfacet
  facet normal 0 0 1
    outer loop
      vertex 34.7951 21.342 24.49
      vertex 35.411 21.9441 24.49
      vertex 35.2487 22.0963 24.49
    endloop
  endfacet
  facet normal 0 0 1
    outer loop
      vertex 34.4371 21.6837 24.49
      vertex 35.2487 22.0963 24.49
      vertex 35.1171 22.3936 24.49
    endloop
  endfacet
  facet normal 0 0 1
    outer loop
      vertex 35.411 21.9441 24.49
      vertex 34.7951 21.342 24.49
      vertex 35.3046 21.1418 24.49
    endloop
  endfacet
  facet normal 0 0 1
    outer loop
      vertex 35.2487 22.0963 24.49
      vertex 34.4371 21.6837 24.49
      vertex 34.7951 21.342 24.49
    endloop
  endfacet
  facet normal 0 -0 1
    outer loop
      vertex 34.4371 21.6837 24.49
      vertex 35.1171 22.3936 24.49
      vertex 34.2023 22.2428 24.49
    endloop
  endfacet
  facet normal 0 0 1
    outer loop
      vertex 15.704 22.8796 24.49
      vertex 17.1258 25.0161 24.49
      vertex 16.1673 25.0161 24.49
    endloop
  endfacet
  facet normal 0 0 1
    outer loop
      vertex 17.1258 25.0161 24.49
      vertex 15.704 22.8796 24.49
      vertex 16.1218 21.1297 24.49
    endloop
  endfacet
  facet normal -0 0 1
    outer loop
      vertex 15.5844 22.3608 24.49
      vertex 16.1218 21.1297 24.49
      vertex 15.704 22.8796 24.49
    endloop
  endfacet
  facet normal 0 0 1
    outer loop
      vertex 14.5511 23.3474 24.49
      vertex 15.5414 22.6053 24.49
      vertex 15.4662 22.9699 24.49
    endloop
  endfacet
  facet normal 0 0 1
    outer loop
      vertex 15.5844 22.3608 24.49
      vertex 15.0708 21.1297 24.49
      vertex 16.1218 21.1297 24.49
    endloop
  endfacet
  facet normal 0 0 1
    outer loop
      vertex 15.5414 22.6053 24.49
      vertex 14.5511 23.3474 24.49
      vertex 15.5844 22.3608 24.49
    endloop
  endfacet
  facet normal -0 0 1
    outer loop
      vertex 14.4694 23.7204 24.49
      vertex 15.4662 22.9699 24.49
      vertex 14.9806 25.0161 24.49
    endloop
  endfacet
  facet normal 0 0 1
    outer loop
      vertex 15.5844 22.3608 24.49
      vertex 14.5511 23.3474 24.49
      vertex 15.0708 21.1297 24.49
    endloop
  endfacet
  facet normal 0 0 1
    outer loop
      vertex 15.4662 22.9699 24.49
      vertex 14.4694 23.7204 24.49
      vertex 14.5511 23.3474 24.49
    endloop
  endfacet
  facet normal 0 0 1
    outer loop
      vertex 13.606 23.4065 24.49
      vertex 14.4481 23.6165 24.49
      vertex 14.4694 23.7204 24.49
    endloop
  endfacet
  facet normal -0 0 1
    outer loop
      vertex 13.9811 25.0161 24.49
      vertex 14.4694 23.7204 24.49
      vertex 14.9806 25.0161 24.49
    endloop
  endfacet
  facet normal 0 0 1
    outer loop
      vertex 13.606 23.4065 24.49
      vertex 14.4694 23.7204 24.49
      vertex 13.9811 25.0161 24.49
    endloop
  endfacet
  facet normal 0 0 1
    outer loop
      vertex 14.4481 23.6165 24.49
      vertex 13.606 23.4065 24.49
      vertex 14.2872 22.919 24.49
    endloop
  endfacet
  facet normal 0 0 1
    outer loop
      vertex 13.4388 22.6667 24.49
      vertex 14.2872 22.919 24.49
      vertex 13.606 23.4065 24.49
    endloop
  endfacet
  facet normal 0 0 1
    outer loop
      vertex 13.3718 22.3435 24.49
      vertex 14.2872 22.919 24.49
      vertex 13.4388 22.6667 24.49
    endloop
  endfacet
  facet normal 0 0 1
    outer loop
      vertex 14.2872 22.919 24.49
      vertex 13.3718 22.3435 24.49
      vertex 13.8701 21.1297 24.49
    endloop
  endfacet
  facet normal 0 0 1
    outer loop
      vertex 13.3718 22.3435 24.49
      vertex 12.819 21.1297 24.49
      vertex 13.8701 21.1297 24.49
    endloop
  endfacet
  facet normal 0 0 1
    outer loop
      vertex 13.3294 22.5463 24.49
      vertex 12.819 21.1297 24.49
      vertex 13.3718 22.3435 24.49
    endloop
  endfacet
  facet normal -0 0 1
    outer loop
      vertex 11.8177 25.0161 24.49
      vertex 13.3294 22.5463 24.49
      vertex 12.7758 25.0161 24.49
    endloop
  endfacet
  facet normal 0 0 1
    outer loop
      vertex 13.3294 22.5463 24.49
      vertex 11.8177 25.0161 24.49
      vertex 12.819 21.1297 24.49
    endloop
  endfacet
  facet normal -0 0 1
    outer loop
      vertex 38.3287 24.823 24.49
      vertex 38.9311 24.1513 24.49
      vertex 38.9311 24.823 24.49
    endloop
  endfacet
  facet normal 0 0 1
    outer loop
      vertex 38.9311 24.1513 24.49
      vertex 38.096 24.1513 24.49
      vertex 38.9311 23.4888 24.49
    endloop
  endfacet
  facet normal 0 0 1
    outer loop
      vertex 38.9311 23.4888 24.49
      vertex 38.0359 23.4888 24.49
      vertex 38.9311 22.0868 24.49
    endloop
  endfacet
  facet normal 0 0 1
    outer loop
      vertex 38.0359 21.8759 24.49
      vertex 38.9311 22.0868 24.49
      vertex 38.0359 23.4888 24.49
    endloop
  endfacet
  facet normal 0 0 1
    outer loop
      vertex 38.9311 24.1513 24.49
      vertex 38.3287 24.823 24.49
      vertex 38.096 24.1513 24.49
    endloop
  endfacet
  facet normal 0 -0 1
    outer loop
      vertex 38.0832 21.5381 24.49
      vertex 38.9311 22.0868 24.49
      vertex 38.0359 21.8759 24.49
    endloop
  endfacet
  facet normal 0 0 1
    outer loop
      vertex 38.9311 23.4888 24.49
      vertex 38.096 24.1513 24.49
      vertex 38.0359 23.4888 24.49
    endloop
  endfacet
  facet normal 0 -0 1
    outer loop
      vertex 38.2342 21.283 24.49
      vertex 38.9311 22.0868 24.49
      vertex 38.0832 21.5381 24.49
    endloop
  endfacet
  facet normal 0 0 1
    outer loop
      vertex 38.9311 22.0868 24.49
      vertex 38.4796 21.1301 24.49
      vertex 38.7948 21.0817 24.49
    endloop
  endfacet
  facet normal -0 0 1
    outer loop
      vertex 37.6736 24.1513 24.49
      vertex 38.0359 23.4888 24.49
      vertex 38.096 24.1513 24.49
    endloop
  endfacet
  facet normal 0 0 1
    outer loop
      vertex 38.0359 23.4888 24.49
      vertex 37.6736 24.1513 24.49
      vertex 37.6736 23.4888 24.49
    endloop
  endfacet
  facet normal -0 0 1
    outer loop
      vertex 38.9311 24.1513 24.49
      vertex 39.4733 23.4888 24.49
      vertex 39.4733 24.1513 24.49
    endloop
  endfacet
  facet normal 0 0 1
    outer loop
      vertex 39.4733 23.4888 24.49
      vertex 38.9311 24.1513 24.49
      vertex 38.9311 23.4888 24.49
    endloop
  endfacet
  facet normal -0 0 1
    outer loop
      vertex 39.271 21.7638 24.49
      vertex 39.505 21.1883 24.49
      vertex 39.505 21.8092 24.49
    endloop
  endfacet
  facet normal 0 0 1
    outer loop
      vertex 39.1425 21.1052 24.49
      vertex 39.271 21.7638 24.49
      vertex 39.1797 21.7558 24.49
    endloop
  endfacet
  facet normal 0 0 1
    outer loop
      vertex 39.271 21.7638 24.49
      vertex 39.1425 21.1052 24.49
      vertex 39.505 21.1883 24.49
    endloop
  endfacet
  facet normal 0 0 1
    outer loop
      vertex 39.0638 21.7757 24.49
      vertex 39.1425 21.1052 24.49
      vertex 39.1797 21.7558 24.49
    endloop
  endfacet
  facet normal 0 0 1
    outer loop
      vertex 38.7948 21.0817 24.49
      vertex 39.0638 21.7757 24.49
      vertex 38.9942 21.8268 24.49
    endloop
  endfacet
  facet normal 0 0 1
    outer loop
      vertex 38.7948 21.0817 24.49
      vertex 38.9942 21.8268 24.49
      vertex 38.9491 21.9229 24.49
    endloop
  endfacet
  facet normal 0 0 1
    outer loop
      vertex 39.0638 21.7757 24.49
      vertex 38.7948 21.0817 24.49
      vertex 39.1425 21.1052 24.49
    endloop
  endfacet
  facet normal 0 0 1
    outer loop
      vertex 38.7948 21.0817 24.49
      vertex 38.9491 21.9229 24.49
      vertex 38.9311 22.0868 24.49
    endloop
  endfacet
  facet normal 0 0 1
    outer loop
      vertex 38.9311 22.0868 24.49
      vertex 38.2342 21.283 24.49
      vertex 38.4796 21.1301 24.49
    endloop
  endfacet
  facet normal -0 0 1
    outer loop
      vertex 43.0321 24.823 24.49
      vertex 43.6345 24.1513 24.49
      vertex 43.6345 24.823 24.49
    endloop
  endfacet
  facet normal 0 0 1
    outer loop
      vertex 43.6345 24.1513 24.49
      vertex 42.7994 24.1513 24.49
      vertex 43.6345 23.4888 24.49
    endloop
  endfacet
  facet normal 0 0 1
    outer loop
      vertex 43.6345 23.4888 24.49
      vertex 42.7393 23.4888 24.49
      vertex 43.6345 22.0868 24.49
    endloop
  endfacet
  facet normal 0 0 1
    outer loop
      vertex 42.7393 21.8759 24.49
      vertex 43.6345 22.0868 24.49
      vertex 42.7393 23.4888 24.49
    endloop
  endfacet
  facet normal 0 0 1
    outer loop
      vertex 43.6345 24.1513 24.49
      vertex 43.0321 24.823 24.49
      vertex 42.7994 24.1513 24.49
    endloop
  endfacet
  facet normal 0 -0 1
    outer loop
      vertex 42.7866 21.5381 24.49
      vertex 43.6345 22.0868 24.49
      vertex 42.7393 21.8759 24.49
    endloop
  endfacet
  facet normal 0 0 1
    outer loop
      vertex 43.6345 23.4888 24.49
      vertex 42.7994 24.1513 24.49
      vertex 42.7393 23.4888 24.49
    endloop
  endfacet
  facet normal 0 -0 1
    outer loop
      vertex 42.9376 21.283 24.49
      vertex 43.6345 22.0868 24.49
      vertex 42.7866 21.5381 24.49
    endloop
  endfacet
  facet normal 0 0 1
    outer loop
      vertex 43.6345 22.0868 24.49
      vertex 43.183 21.1301 24.49
      vertex 43.4982 21.0817 24.49
    endloop
  endfacet
  facet normal -0 0 1
    outer loop
      vertex 42.377 24.1513 24.49
      vertex 42.7393 23.4888 24.49
      vertex 42.7994 24.1513 24.49
    endloop
  endfacet
  facet normal 0 0 1
    outer loop
      vertex 42.7393 23.4888 24.49
      vertex 42.377 24.1513 24.49
      vertex 42.377 23.4888 24.49
    endloop
  endfacet
  facet normal -0 0 1
    outer loop
      vertex 43.6345 24.1513 24.49
      vertex 44.1767 23.4888 24.49
      vertex 44.1767 24.1513 24.49
    endloop
  endfacet
  facet normal 0 0 1
    outer loop
      vertex 44.1767 23.4888 24.49
      vertex 43.6345 24.1513 24.49
      vertex 43.6345 23.4888 24.49
    endloop
  endfacet
  facet normal -0 0 1
    outer loop
      vertex 43.9744 21.7638 24.49
      vertex 44.2084 21.1883 24.49
      vertex 44.2084 21.8092 24.49
    endloop
  endfacet
  facet normal 0 0 1
    outer loop
      vertex 43.8459 21.1052 24.49
      vertex 43.9744 21.7638 24.49
      vertex 43.8831 21.7558 24.49
    endloop
  endfacet
  facet normal 0 0 1
    outer loop
      vertex 43.9744 21.7638 24.49
      vertex 43.8459 21.1052 24.49
      vertex 44.2084 21.1883 24.49
    endloop
  endfacet
  facet normal 0 0 1
    outer loop
      vertex 43.7672 21.7757 24.49
      vertex 43.8459 21.1052 24.49
      vertex 43.8831 21.7558 24.49
    endloop
  endfacet
  facet normal 0 0 1
    outer loop
      vertex 43.4982 21.0817 24.49
      vertex 43.7672 21.7757 24.49
      vertex 43.6976 21.8268 24.49
    endloop
  endfacet
  facet normal 0 0 1
    outer loop
      vertex 43.4982 21.0817 24.49
      vertex 43.6976 21.8268 24.49
      vertex 43.6524 21.9229 24.49
    endloop
  endfacet
  facet normal 0 0 1
    outer loop
      vertex 43.7672 21.7757 24.49
      vertex 43.4982 21.0817 24.49
      vertex 43.8459 21.1052 24.49
    endloop
  endfacet
  facet normal 0 0 1
    outer loop
      vertex 43.4982 21.0817 24.49
      vertex 43.6524 21.9229 24.49
      vertex 43.6345 22.0868 24.49
    endloop
  endfacet
  facet normal 0 0 1
    outer loop
      vertex 43.6345 22.0868 24.49
      vertex 42.9376 21.283 24.49
      vertex 43.183 21.1301 24.49
    endloop
  endfacet
  facet normal -0 0 1
    outer loop
      vertex 23.3378 24.823 24.49
      vertex 23.9402 24.1513 24.49
      vertex 23.9402 24.823 24.49
    endloop
  endfacet
  facet normal 0 0 1
    outer loop
      vertex 23.9402 24.1513 24.49
      vertex 23.105 24.1513 24.49
      vertex 23.9402 23.4888 24.49
    endloop
  endfacet
  facet normal 0 0 1
    outer loop
      vertex 23.9402 23.4888 24.49
      vertex 23.045 23.4888 24.49
      vertex 23.9402 22.0868 24.49
    endloop
  endfacet
  facet normal 0 0 1
    outer loop
      vertex 23.045 21.8759 24.49
      vertex 23.9402 22.0868 24.49
      vertex 23.045 23.4888 24.49
    endloop
  endfacet
  facet normal 0 0 1
    outer loop
      vertex 23.9402 24.1513 24.49
      vertex 23.3378 24.823 24.49
      vertex 23.105 24.1513 24.49
    endloop
  endfacet
  facet normal 0 -0 1
    outer loop
      vertex 23.0922 21.5381 24.49
      vertex 23.9402 22.0868 24.49
      vertex 23.045 21.8759 24.49
    endloop
  endfacet
  facet normal 0 0 1
    outer loop
      vertex 23.9402 23.4888 24.49
      vertex 23.105 24.1513 24.49
      vertex 23.045 23.4888 24.49
    endloop
  endfacet
  facet normal 0 -0 1
    outer loop
      vertex 23.2433 21.283 24.49
      vertex 23.9402 22.0868 24.49
      vertex 23.0922 21.5381 24.49
    endloop
  endfacet
  facet normal 0 0 1
    outer loop
      vertex 23.9402 22.0868 24.49
      vertex 23.4886 21.1301 24.49
      vertex 23.8038 21.0817 24.49
    endloop
  endfacet
  facet normal -0 0 1
    outer loop
      vertex 22.6826 24.1513 24.49
      vertex 23.045 23.4888 24.49
      vertex 23.105 24.1513 24.49
    endloop
  endfacet
  facet normal 0 0 1
    outer loop
      vertex 23.045 23.4888 24.49
      vertex 22.6826 24.1513 24.49
      vertex 22.6826 23.4888 24.49
    endloop
  endfacet
  facet normal -0 0 1
    outer loop
      vertex 23.9402 24.1513 24.49
      vertex 24.4823 23.4888 24.49
      vertex 24.4823 24.1513 24.49
    endloop
  endfacet
  facet normal 0 0 1
    outer loop
      vertex 24.4823 23.4888 24.49
      vertex 23.9402 24.1513 24.49
      vertex 23.9402 23.4888 24.49
    endloop
  endfacet
  facet normal -0 0 1
    outer loop
      vertex 24.2801 21.7638 24.49
      vertex 24.5141 21.1883 24.49
      vertex 24.5141 21.8092 24.49
    endloop
  endfacet
  facet normal 0 0 1
    outer loop
      vertex 24.1516 21.1052 24.49
      vertex 24.2801 21.7638 24.49
      vertex 24.1888 21.7558 24.49
    endloop
  endfacet
  facet normal 0 0 1
    outer loop
      vertex 24.2801 21.7638 24.49
      vertex 24.1516 21.1052 24.49
      vertex 24.5141 21.1883 24.49
    endloop
  endfacet
  facet normal 0 0 1
    outer loop
      vertex 24.0728 21.7757 24.49
      vertex 24.1516 21.1052 24.49
      vertex 24.1888 21.7558 24.49
    endloop
  endfacet
  facet normal 0 0 1
    outer loop
      vertex 23.8038 21.0817 24.49
      vertex 24.0728 21.7757 24.49
      vertex 24.0033 21.8268 24.49
    endloop
  endfacet
  facet normal 0 0 1
    outer loop
      vertex 23.8038 21.0817 24.49
      vertex 24.0033 21.8268 24.49
      vertex 23.9581 21.9229 24.49
    endloop
  endfacet
  facet normal 0 0 1
    outer loop
      vertex 24.0728 21.7757 24.49
      vertex 23.8038 21.0817 24.49
      vertex 24.1516 21.1052 24.49
    endloop
  endfacet
  facet normal 0 0 1
    outer loop
      vertex 23.8038 21.0817 24.49
      vertex 23.9581 21.9229 24.49
      vertex 23.9402 22.0868 24.49
    endloop
  endfacet
  facet normal 0 0 1
    outer loop
      vertex 23.9402 22.0868 24.49
      vertex 23.2433 21.283 24.49
      vertex 23.4886 21.1301 24.49
    endloop
  endfacet
  facet normal 0 0 1
    outer loop
      vertex 50.0228 23.756 24.49
      vertex 49.1497 23.6389 24.49
      vertex 49.1514 23.4306 24.49
    endloop
  endfacet
  facet normal 0 0 1
    outer loop
      vertex 50.008 23.9857 24.49
      vertex 49.1448 23.8055 24.49
      vertex 49.1497 23.6389 24.49
    endloop
  endfacet
  facet normal 0 0 1
    outer loop
      vertex 50.008 23.9857 24.49
      vertex 49.138 23.9424 24.49
      vertex 49.1448 23.8055 24.49
    endloop
  endfacet
  facet normal 0 -0 1
    outer loop
      vertex 49.138 23.9424 24.49
      vertex 49.9913 24.1513 24.49
      vertex 49.1252 24.1513 24.49
    endloop
  endfacet
  facet normal 0 0 1
    outer loop
      vertex 51.9058 23.0317 24.49
      vertex 50.8881 23.3254 24.49
      vertex 51.0053 22.8061 24.49
    endloop
  endfacet
  facet normal 0 0 1
    outer loop
      vertex 50.8862 24.2077 24.49
      vertex 50.8881 23.3254 24.49
      vertex 51.3179 24.1324 24.49
    endloop
  endfacet
  facet normal 0 0 1
    outer loop
      vertex 50.5654 23.4843 24.49
      vertex 50.8862 24.2077 24.49
      vertex 50.5696 24.1676 24.49
    endloop
  endfacet
  facet normal 0 0 1
    outer loop
      vertex 50.8862 24.2077 24.49
      vertex 50.5654 23.4843 24.49
      vertex 50.8881 23.3254 24.49
    endloop
  endfacet
  facet normal -0 0 1
    outer loop
      vertex 50.2975 24.0463 24.49
      vertex 50.5654 23.4843 24.49
      vertex 50.5696 24.1676 24.49
    endloop
  endfacet
  facet normal 0 0 1
    outer loop
      vertex 50.5654 23.4843 24.49
      vertex 50.2975 24.0463 24.49
      vertex 50.3698 23.4378 24.49
    endloop
  endfacet
  facet normal -0 0 1
    outer loop
      vertex 50.0712 23.8366 24.49
      vertex 50.3698 23.4378 24.49
      vertex 50.2975 24.0463 24.49
    endloop
  endfacet
  facet normal -0 0 1
    outer loop
      vertex 50.0228 23.756 24.49
      vertex 50.3698 23.4378 24.49
      vertex 50.0712 23.8366 24.49
    endloop
  endfacet
  facet normal 0 0 1
    outer loop
      vertex 50.3698 23.4378 24.49
      vertex 50.0228 23.756 24.49
      vertex 50.2055 23.2888 24.49
    endloop
  endfacet
  facet normal 0 0 1
    outer loop
      vertex 50.2055 23.2888 24.49
      vertex 50.0228 23.756 24.49
      vertex 50.0937 23.0507 24.49
    endloop
  endfacet
  facet normal -0 0 1
    outer loop
      vertex 49.1514 23.4306 24.49
      vertex 50.0937 23.0507 24.49
      vertex 50.0228 23.756 24.49
    endloop
  endfacet
  facet normal 0 0 1
    outer loop
      vertex 50.0937 23.0507 24.49
      vertex 49.1514 23.4306 24.49
      vertex 50.0546 22.7387 24.49
    endloop
  endfacet
  facet normal 0 0 1
    outer loop
      vertex 49.1497 23.6389 24.49
      vertex 50.0228 23.756 24.49
      vertex 50.02 23.8077 24.49
    endloop
  endfacet
  facet normal 0 0 1
    outer loop
      vertex 49.1497 23.6389 24.49
      vertex 50.02 23.8077 24.49
      vertex 50.008 23.9857 24.49
    endloop
  endfacet
  facet normal 0 0 1
    outer loop
      vertex 49.138 23.9424 24.49
      vertex 50.008 23.9857 24.49
      vertex 49.9913 24.1513 24.49
    endloop
  endfacet
  facet normal 0 0 1
    outer loop
      vertex 49.1514 21.1297 24.49
      vertex 50.0546 22.7387 24.49
      vertex 49.1514 23.4306 24.49
    endloop
  endfacet
  facet normal 0 0 1
    outer loop
      vertex 50.0546 22.7387 24.49
      vertex 49.1514 21.1297 24.49
      vertex 50.0546 21.1297 24.49
    endloop
  endfacet
  facet normal -0 0 1
    outer loop
      vertex 50.8881 23.3254 24.49
      vertex 51.9058 23.0317 24.49
      vertex 51.8425 23.5259 24.49
    endloop
  endfacet
  facet normal 0 0 1
    outer loop
      vertex 50.8881 23.3254 24.49
      vertex 51.8425 23.5259 24.49
      vertex 51.6443 23.9007 24.49
    endloop
  endfacet
  facet normal 0 0 1
    outer loop
      vertex 50.8881 23.3254 24.49
      vertex 51.6443 23.9007 24.49
      vertex 51.3179 24.1324 24.49
    endloop
  endfacet
  facet normal 0 0 1
    outer loop
      vertex 51.9058 23.0317 24.49
      vertex 51.0053 22.8061 24.49
      vertex 51.9058 21.1297 24.49
    endloop
  endfacet
  facet normal 0 0 1
    outer loop
      vertex 51.9058 21.1297 24.49
      vertex 51.0053 22.8061 24.49
      vertex 51.0053 21.1297 24.49
    endloop
  endfacet
  facet normal 0 0 1
    outer loop
      vertex 31.7972 23.7982 24.49
      vertex 30.9276 23.6137 24.49
      vertex 30.9292 23.3989 24.49
    endloop
  endfacet
  facet normal 0 0 1
    outer loop
      vertex 31.7859 23.9814 24.49
      vertex 30.9227 23.7896 24.49
      vertex 30.9276 23.6137 24.49
    endloop
  endfacet
  facet normal 0 0 1
    outer loop
      vertex 31.7859 23.9814 24.49
      vertex 30.9158 23.936 24.49
      vertex 30.9227 23.7896 24.49
    endloop
  endfacet
  facet normal 0 -0 1
    outer loop
      vertex 30.9158 23.936 24.49
      vertex 31.7695 24.1513 24.49
      vertex 30.9033 24.1513 24.49
    endloop
  endfacet
  facet normal 0 0 1
    outer loop
      vertex 32.4779 23.4158 24.49
      vertex 32.7369 24.147 24.49
      vertex 32.5702 24.196 24.49
    endloop
  endfacet
  facet normal 0 0 1
    outer loop
      vertex 32.7369 24.147 24.49
      vertex 32.4779 23.4158 24.49
      vertex 32.7369 23.3704 24.49
    endloop
  endfacet
  facet normal 0 0 1
    outer loop
      vertex 32.4262 24.2071 24.49
      vertex 32.4779 23.4158 24.49
      vertex 32.5702 24.196 24.49
    endloop
  endfacet
  facet normal 0 0 1
    outer loop
      vertex 32.4262 24.2071 24.49
      vertex 32.3459 23.4247 24.49
      vertex 32.4779 23.4158 24.49
    endloop
  endfacet
  facet normal -0 0 1
    outer loop
      vertex 32.2499 24.1907 24.49
      vertex 32.3459 23.4247 24.49
      vertex 32.4262 24.2071 24.49
    endloop
  endfacet
  facet normal -0 0 1
    outer loop
      vertex 32.0994 24.1394 24.49
      vertex 32.3459 23.4247 24.49
      vertex 32.2499 24.1907 24.49
    endloop
  endfacet
  facet normal -0 0 1
    outer loop
      vertex 31.9735 24.0519 24.49
      vertex 32.3459 23.4247 24.49
      vertex 32.0994 24.1394 24.49
    endloop
  endfacet
  facet normal -0 0 1
    outer loop
      vertex 31.8687 23.9305 24.49
      vertex 32.3459 23.4247 24.49
      vertex 31.9735 24.0519 24.49
    endloop
  endfacet
  facet normal 0 0 1
    outer loop
      vertex 32.3459 23.4247 24.49
      vertex 31.8687 23.9305 24.49
      vertex 32.1308 23.3758 24.49
    endloop
  endfacet
  facet normal -0 0 1
    outer loop
      vertex 31.7972 23.7982 24.49
      vertex 32.1308 23.3758 24.49
      vertex 31.8687 23.9305 24.49
    endloop
  endfacet
  facet normal 0 0 1
    outer loop
      vertex 32.1308 23.3758 24.49
      vertex 31.7972 23.7982 24.49
      vertex 31.9742 23.2333 24.49
    endloop
  endfacet
  facet normal -0 0 1
    outer loop
      vertex 30.9292 23.3989 24.49
      vertex 31.9742 23.2333 24.49
      vertex 31.7972 23.7982 24.49
    endloop
  endfacet
  facet normal 0 0 1
    outer loop
      vertex 31.9742 23.2333 24.49
      vertex 30.9292 23.3989 24.49
      vertex 31.8695 22.9817 24.49
    endloop
  endfacet
  facet normal 0 0 1
    outer loop
      vertex 31.8695 22.9817 24.49
      vertex 30.9292 23.3989 24.49
      vertex 31.8324 22.6101 24.49
    endloop
  endfacet
  facet normal 0 0 1
    outer loop
      vertex 30.9276 23.6137 24.49
      vertex 31.7972 23.7982 24.49
      vertex 31.7859 23.9814 24.49
    endloop
  endfacet
  facet normal 0 0 1
    outer loop
      vertex 30.9158 23.936 24.49
      vertex 31.7859 23.9814 24.49
      vertex 31.7695 24.1513 24.49
    endloop
  endfacet
  facet normal 0 0 1
    outer loop
      vertex 30.9292 21.1297 24.49
      vertex 31.8324 22.6101 24.49
      vertex 30.9292 23.3989 24.49
    endloop
  endfacet
  facet normal 0 0 1
    outer loop
      vertex 31.8324 22.6101 24.49
      vertex 30.9292 21.1297 24.49
      vertex 31.8324 21.1297 24.49
    endloop
  endfacet
  facet normal 0 0 1
    outer loop
      vertex 19.6365 23.2348 24.49
      vertex 18.7917 23.2402 24.49
      vertex 18.8256 23.0432 24.49
    endloop
  endfacet
  facet normal 0 0 1
    outer loop
      vertex 19.3784 23.7674 24.49
      vertex 18.6915 23.4299 24.49
      vertex 18.7917 23.2402 24.49
    endloop
  endfacet
  facet normal 0 0 1
    outer loop
      vertex 18.9502 24.0971 24.49
      vertex 18.5497 23.5378 24.49
      vertex 18.6915 23.4299 24.49
    endloop
  endfacet
  facet normal 0 0 1
    outer loop
      vertex 18.3739 24.2054 24.49
      vertex 18.5497 23.5378 24.49
      vertex 18.9502 24.0971 24.49
    endloop
  endfacet
  facet normal 0 0 1
    outer loop
      vertex 18.3739 24.2054 24.49
      vertex 18.3626 23.5745 24.49
      vertex 18.5497 23.5378 24.49
    endloop
  endfacet
  facet normal 0 0 1
    outer loop
      vertex 18.3739 24.2054 24.49
      vertex 18.1654 23.5357 24.49
      vertex 18.3626 23.5745 24.49
    endloop
  endfacet
  facet normal -0 0 1
    outer loop
      vertex 17.771 24.105 24.49
      vertex 18.1654 23.5357 24.49
      vertex 18.3739 24.2054 24.49
    endloop
  endfacet
  facet normal 0 0 1
    outer loop
      vertex 18.1654 23.5357 24.49
      vertex 17.771 24.105 24.49
      vertex 18.0231 23.4221 24.49
    endloop
  endfacet
  facet normal -0 0 1
    outer loop
      vertex 17.0352 23.3068 24.49
      vertex 17.9285 23.2308 24.49
      vertex 17.3159 23.7992 24.49
    endloop
  endfacet
  facet normal 0 0 1
    outer loop
      vertex 18.0231 23.4221 24.49
      vertex 17.3159 23.7992 24.49
      vertex 17.9285 23.2308 24.49
    endloop
  endfacet
  facet normal -0 0 1
    outer loop
      vertex 17.3159 23.7992 24.49
      vertex 18.0231 23.4221 24.49
      vertex 17.771 24.105 24.49
    endloop
  endfacet
  facet normal -0 0 1
    outer loop
      vertex 18.8256 23.0432 24.49
      vertex 19.72 22.5235 24.49
      vertex 19.6365 23.2348 24.49
    endloop
  endfacet
  facet normal -0 0 1
    outer loop
      vertex 18.7917 23.2402 24.49
      vertex 19.6365 23.2348 24.49
      vertex 19.3784 23.7674 24.49
    endloop
  endfacet
  facet normal 0 0 1
    outer loop
      vertex 18.6915 23.4299 24.49
      vertex 19.3784 23.7674 24.49
      vertex 18.9502 24.0971 24.49
    endloop
  endfacet
  facet normal 0 0 1
    outer loop
      vertex 19.72 22.5235 24.49
      vertex 18.8256 23.0432 24.49
      vertex 19.72 22.4177 24.49
    endloop
  endfacet
  facet normal 0 0 1
    outer loop
      vertex 17.8934 22.4177 24.49
      vertex 18.8256 23.0432 24.49
      vertex 17.9019 23.0432 24.49
    endloop
  endfacet
  facet normal 0 0 1
    outer loop
      vertex 18.8256 23.0432 24.49
      vertex 17.8934 22.4177 24.49
      vertex 19.72 22.4177 24.49
    endloop
  endfacet
  facet normal 0 0 1
    outer loop
      vertex 18.8573 22.0789 24.49
      vertex 19.1827 21.2803 24.49
      vertex 19.7525 22.0012 24.49
    endloop
  endfacet
  facet normal -0 0 1
    outer loop
      vertex 18.6718 21.8091 24.49
      vertex 19.1827 21.2803 24.49
      vertex 18.8573 22.0789 24.49
    endloop
  endfacet
  facet normal 0 0 1
    outer loop
      vertex 18.3658 21.0752 24.49
      vertex 18.6718 21.8091 24.49
      vertex 18.3975 21.7362 24.49
    endloop
  endfacet
  facet normal 0 0 1
    outer loop
      vertex 18.6718 21.8091 24.49
      vertex 18.3658 21.0752 24.49
      vertex 19.1827 21.2803 24.49
    endloop
  endfacet
  facet normal 0 0 1
    outer loop
      vertex 18.1831 21.7814 24.49
      vertex 18.3658 21.0752 24.49
      vertex 18.3975 21.7362 24.49
    endloop
  endfacet
  facet normal 0 0 1
    outer loop
      vertex 17.7615 21.1764 24.49
      vertex 18.1831 21.7814 24.49
      vertex 18.0251 21.9159 24.49
    endloop
  endfacet
  facet normal 0 0 1
    outer loop
      vertex 17.31 21.4836 24.49
      vertex 18.0251 21.9159 24.49
      vertex 17.9215 22.1518 24.49
    endloop
  endfacet
  facet normal 0 0 1
    outer loop
      vertex 18.1831 21.7814 24.49
      vertex 17.7615 21.1764 24.49
      vertex 18.3658 21.0752 24.49
    endloop
  endfacet
  facet normal 0 0 1
    outer loop
      vertex 17.0337 21.9832 24.49
      vertex 17.9215 22.1518 24.49
      vertex 17.8934 22.4177 24.49
    endloop
  endfacet
  facet normal 0 0 1
    outer loop
      vertex 17.9285 23.2308 24.49
      vertex 17.0352 23.3068 24.49
      vertex 17.9019 23.0432 24.49
    endloop
  endfacet
  facet normal 0 0 1
    outer loop
      vertex 16.9436 22.654 24.49
      vertex 17.9019 23.0432 24.49
      vertex 17.0352 23.3068 24.49
    endloop
  endfacet
  facet normal 0 -0 1
    outer loop
      vertex 17.0337 21.9832 24.49
      vertex 17.8934 22.4177 24.49
      vertex 16.9436 22.654 24.49
    endloop
  endfacet
  facet normal 0 0 1
    outer loop
      vertex 17.9019 23.0432 24.49
      vertex 16.9436 22.654 24.49
      vertex 17.8934 22.4177 24.49
    endloop
  endfacet
  facet normal 0 0 1
    outer loop
      vertex 17.9215 22.1518 24.49
      vertex 17.0337 21.9832 24.49
      vertex 17.31 21.4836 24.49
    endloop
  endfacet
  facet normal 0 0 1
    outer loop
      vertex 18.0251 21.9159 24.49
      vertex 17.31 21.4836 24.49
      vertex 17.7615 21.1764 24.49
    endloop
  endfacet
  facet normal 0 0 1
    outer loop
      vertex 30.5129 23.2348 24.49
      vertex 29.6681 23.2402 24.49
      vertex 29.7021 23.0432 24.49
    endloop
  endfacet
  facet normal 0 0 1
    outer loop
      vertex 30.2549 23.7674 24.49
      vertex 29.5679 23.4299 24.49
      vertex 29.6681 23.2402 24.49
    endloop
  endfacet
  facet normal 0 0 1
    outer loop
      vertex 29.8267 24.0971 24.49
      vertex 29.4261 23.5378 24.49
      vertex 29.5679 23.4299 24.49
    endloop
  endfacet
  facet normal 0 0 1
    outer loop
      vertex 29.2504 24.2054 24.49
      vertex 29.4261 23.5378 24.49
      vertex 29.8267 24.0971 24.49
    endloop
  endfacet
  facet normal 0 0 1
    outer loop
      vertex 29.2504 24.2054 24.49
      vertex 29.239 23.5745 24.49
      vertex 29.4261 23.5378 24.49
    endloop
  endfacet
  facet normal 0 0 1
    outer loop
      vertex 29.2504 24.2054 24.49
      vertex 29.0419 23.5357 24.49
      vertex 29.239 23.5745 24.49
    endloop
  endfacet
  facet normal -0 0 1
    outer loop
      vertex 28.6474 24.105 24.49
      vertex 29.0419 23.5357 24.49
      vertex 29.2504 24.2054 24.49
    endloop
  endfacet
  facet normal 0 0 1
    outer loop
      vertex 29.0419 23.5357 24.49
      vertex 28.6474 24.105 24.49
      vertex 28.8995 23.4221 24.49
    endloop
  endfacet
  facet normal -0 0 1
    outer loop
      vertex 27.9116 23.3068 24.49
      vertex 28.805 23.2308 24.49
      vertex 28.1923 23.7992 24.49
    endloop
  endfacet
  facet normal 0 0 1
    outer loop
      vertex 28.8995 23.4221 24.49
      vertex 28.1923 23.7992 24.49
      vertex 28.805 23.2308 24.49
    endloop
  endfacet
  facet normal -0 0 1
    outer loop
      vertex 28.1923 23.7992 24.49
      vertex 28.8995 23.4221 24.49
      vertex 28.6474 24.105 24.49
    endloop
  endfacet
  facet normal -0 0 1
    outer loop
      vertex 29.7021 23.0432 24.49
      vertex 30.5964 22.5235 24.49
      vertex 30.5129 23.2348 24.49
    endloop
  endfacet
  facet normal -0 0 1
    outer loop
      vertex 29.6681 23.2402 24.49
      vertex 30.5129 23.2348 24.49
      vertex 30.2549 23.7674 24.49
    endloop
  endfacet
  facet normal 0 0 1
    outer loop
      vertex 29.5679 23.4299 24.49
      vertex 30.2549 23.7674 24.49
      vertex 29.8267 24.0971 24.49
    endloop
  endfacet
  facet normal 0 0 1
    outer loop
      vertex 30.5964 22.5235 24.49
      vertex 29.7021 23.0432 24.49
      vertex 30.5964 22.4177 24.49
    endloop
  endfacet
  facet normal 0 0 1
    outer loop
      vertex 28.7699 22.4177 24.49
      vertex 29.7021 23.0432 24.49
      vertex 28.7784 23.0432 24.49
    endloop
  endfacet
  facet normal 0 0 1
    outer loop
      vertex 29.7021 23.0432 24.49
      vertex 28.7699 22.4177 24.49
      vertex 30.5964 22.4177 24.49
    endloop
  endfacet
  facet normal 0 0 1
    outer loop
      vertex 29.7337 22.0789 24.49
      vertex 30.0591 21.2803 24.49
      vertex 30.6289 22.0012 24.49
    endloop
  endfacet
  facet normal -0 0 1
    outer loop
      vertex 29.5482 21.8091 24.49
      vertex 30.0591 21.2803 24.49
      vertex 29.7337 22.0789 24.49
    endloop
  endfacet
  facet normal 0 0 1
    outer loop
      vertex 29.2422 21.0752 24.49
      vertex 29.5482 21.8091 24.49
      vertex 29.2739 21.7362 24.49
    endloop
  endfacet
  facet normal 0 0 1
    outer loop
      vertex 29.5482 21.8091 24.49
      vertex 29.2422 21.0752 24.49
      vertex 30.0591 21.2803 24.49
    endloop
  endfacet
  facet normal 0 0 1
    outer loop
      vertex 29.0595 21.7814 24.49
      vertex 29.2422 21.0752 24.49
      vertex 29.2739 21.7362 24.49
    endloop
  endfacet
  facet normal 0 0 1
    outer loop
      vertex 28.6379 21.1764 24.49
      vertex 29.0595 21.7814 24.49
      vertex 28.9015 21.9159 24.49
    endloop
  endfacet
  facet normal 0 0 1
    outer loop
      vertex 28.1864 21.4836 24.49
      vertex 28.9015 21.9159 24.49
      vertex 28.7979 22.1518 24.49
    endloop
  endfacet
  facet normal 0 0 1
    outer loop
      vertex 29.0595 21.7814 24.49
      vertex 28.6379 21.1764 24.49
      vertex 29.2422 21.0752 24.49
    endloop
  endfacet
  facet normal 0 0 1
    outer loop
      vertex 27.9101 21.9832 24.49
      vertex 28.7979 22.1518 24.49
      vertex 28.7699 22.4177 24.49
    endloop
  endfacet
  facet normal 0 0 1
    outer loop
      vertex 28.805 23.2308 24.49
      vertex 27.9116 23.3068 24.49
      vertex 28.7784 23.0432 24.49
    endloop
  endfacet
  facet normal 0 0 1
    outer loop
      vertex 27.82 22.654 24.49
      vertex 28.7784 23.0432 24.49
      vertex 27.9116 23.3068 24.49
    endloop
  endfacet
  facet normal 0 -0 1
    outer loop
      vertex 27.9101 21.9832 24.49
      vertex 28.7699 22.4177 24.49
      vertex 27.82 22.654 24.49
    endloop
  endfacet
  facet normal 0 0 1
    outer loop
      vertex 28.7784 23.0432 24.49
      vertex 27.82 22.654 24.49
      vertex 28.7699 22.4177 24.49
    endloop
  endfacet
  facet normal 0 0 1
    outer loop
      vertex 28.7979 22.1518 24.49
      vertex 27.9101 21.9832 24.49
      vertex 28.1864 21.4836 24.49
    endloop
  endfacet
  facet normal 0 0 1
    outer loop
      vertex 28.9015 21.9159 24.49
      vertex 28.1864 21.4836 24.49
      vertex 28.6379 21.1764 24.49
    endloop
  endfacet
  facet normal -0 0 1
    outer loop
      vertex 47.8212 23.0639 24.49
      vertex 48.7998 22.6427 24.49
      vertex 48.7036 23.3034 24.49
    endloop
  endfacet
  facet normal 0 0 1
    outer loop
      vertex 47.8212 23.0639 24.49
      vertex 48.7036 23.3034 24.49
      vertex 48.409 23.7993 24.49
    endloop
  endfacet
  facet normal 0 0 1
    outer loop
      vertex 48.7998 22.6427 24.49
      vertex 47.8605 22.6486 24.49
      vertex 48.699 21.9944 24.49
    endloop
  endfacet
  facet normal 0 0 1
    outer loop
      vertex 47.7084 23.335 24.49
      vertex 48.409 23.7993 24.49
      vertex 47.9268 24.1051 24.49
    endloop
  endfacet
  facet normal 0 0 1
    outer loop
      vertex 48.7998 22.6427 24.49
      vertex 47.8212 23.0639 24.49
      vertex 47.8605 22.6486 24.49
    endloop
  endfacet
  facet normal 0 0 1
    outer loop
      vertex 48.699 21.9944 24.49
      vertex 47.701 21.9649 24.49
      vertex 48.3914 21.4948 24.49
    endloop
  endfacet
  facet normal 0 0 1
    outer loop
      vertex 47.701 21.9649 24.49
      vertex 48.699 21.9944 24.49
      vertex 47.8605 22.6486 24.49
    endloop
  endfacet
  facet normal 0 0 1
    outer loop
      vertex 48.409 23.7993 24.49
      vertex 47.7084 23.335 24.49
      vertex 47.8212 23.0639 24.49
    endloop
  endfacet
  facet normal 0 0 1
    outer loop
      vertex 47.9268 24.1051 24.49
      vertex 47.5344 23.482 24.49
      vertex 47.7084 23.335 24.49
    endloop
  endfacet
  facet normal 0 0 1
    outer loop
      vertex 47.2799 24.2051 24.49
      vertex 47.5344 23.482 24.49
      vertex 47.9268 24.1051 24.49
    endloop
  endfacet
  facet normal 0 0 1
    outer loop
      vertex 47.5344 23.482 24.49
      vertex 47.2799 24.2051 24.49
      vertex 47.3011 23.53 24.49
    endloop
  endfacet
  facet normal -0 0 1
    outer loop
      vertex 46.6419 24.1016 24.49
      vertex 47.3011 23.53 24.49
      vertex 47.2799 24.2051 24.49
    endloop
  endfacet
  facet normal -0 0 1
    outer loop
      vertex 46.1556 23.7859 24.49
      vertex 46.8523 23.3155 24.49
      vertex 46.6419 24.1016 24.49
    endloop
  endfacet
  facet normal 0 0 1
    outer loop
      vertex 47.3011 23.53 24.49
      vertex 46.6419 24.1016 24.49
      vertex 46.8523 23.3155 24.49
    endloop
  endfacet
  facet normal 0 0 1
    outer loop
      vertex 48.3914 21.4948 24.49
      vertex 47.701 21.9649 24.49
      vertex 47.9019 21.1794 24.49
    endloop
  endfacet
  facet normal -0 0 1
    outer loop
      vertex 47.2471 21.7488 24.49
      vertex 47.9019 21.1794 24.49
      vertex 47.701 21.9649 24.49
    endloop
  endfacet
  facet normal 0 0 1
    outer loop
      vertex 47.9019 21.1794 24.49
      vertex 47.2471 21.7488 24.49
      vertex 47.2643 21.0758 24.49
    endloop
  endfacet
  facet normal 0 0 1
    outer loop
      vertex 47.0197 21.8004 24.49
      vertex 47.2643 21.0758 24.49
      vertex 47.2471 21.7488 24.49
    endloop
  endfacet
  facet normal 0 0 1
    outer loop
      vertex 46.6375 21.1799 24.49
      vertex 47.0197 21.8004 24.49
      vertex 46.8466 21.961 24.49
    endloop
  endfacet
  facet normal 0 0 1
    outer loop
      vertex 47.0197 21.8004 24.49
      vertex 46.6375 21.1799 24.49
      vertex 47.2643 21.0758 24.49
    endloop
  endfacet
  facet normal 0 0 1
    outer loop
      vertex 46.1554 21.4966 24.49
      vertex 46.8466 21.961 24.49
      vertex 46.7336 22.2409 24.49
    endloop
  endfacet
  facet normal 0 0 1
    outer loop
      vertex 45.7526 22.6432 24.49
      vertex 46.7336 22.2409 24.49
      vertex 46.6947 22.6378 24.49
    endloop
  endfacet
  facet normal 0 0 1
    outer loop
      vertex 45.8522 23.2876 24.49
      vertex 46.8523 23.3155 24.49
      vertex 46.1556 23.7859 24.49
    endloop
  endfacet
  facet normal 0 0 1
    outer loop
      vertex 46.8523 23.3155 24.49
      vertex 45.8522 23.2876 24.49
      vertex 46.6947 22.6378 24.49
    endloop
  endfacet
  facet normal 0 0 1
    outer loop
      vertex 46.7336 22.2409 24.49
      vertex 45.7526 22.6432 24.49
      vertex 45.8522 21.9964 24.49
    endloop
  endfacet
  facet normal 0 0 1
    outer loop
      vertex 46.6947 22.6378 24.49
      vertex 45.8522 23.2876 24.49
      vertex 45.7526 22.6432 24.49
    endloop
  endfacet
  facet normal 0 0 1
    outer loop
      vertex 46.7336 22.2409 24.49
      vertex 45.8522 21.9964 24.49
      vertex 46.1554 21.4966 24.49
    endloop
  endfacet
  facet normal 0 0 1
    outer loop
      vertex 46.8466 21.961 24.49
      vertex 46.1554 21.4966 24.49
      vertex 46.6375 21.1799 24.49
    endloop
  endfacet
  facet normal 0 0 1
    outer loop
      vertex 21.5788 23.0233 24.49
      vertex 21.2822 22.4495 24.49
      vertex 21.5788 22.4536 24.49
    endloop
  endfacet
  facet normal -0 0 1
    outer loop
      vertex 21.0368 23.014 24.49
      vertex 21.2822 22.4495 24.49
      vertex 21.5788 23.0233 24.49
    endloop
  endfacet
  facet normal 0 0 1
    outer loop
      vertex 21.2822 22.4495 24.49
      vertex 21.0368 23.014 24.49
      vertex 21.0699 22.4308 24.49
    endloop
  endfacet
  facet normal 0 0 1
    outer loop
      vertex 21.0368 23.014 24.49
      vertex 20.9419 22.398 24.49
      vertex 21.0699 22.4308 24.49
    endloop
  endfacet
  facet normal -0 0 1
    outer loop
      vertex 20.5341 22.9495 24.49
      vertex 20.9419 22.398 24.49
      vertex 21.0368 23.014 24.49
    endloop
  endfacet
  facet normal 0 0 1
    outer loop
      vertex 20.9419 22.398 24.49
      vertex 20.5341 22.9495 24.49
      vertex 20.8677 22.3526 24.49
    endloop
  endfacet
  facet normal 0 0 1
    outer loop
      vertex 20.8677 22.3526 24.49
      vertex 20.5341 22.9495 24.49
      vertex 20.815 22.2898 24.49
    endloop
  endfacet
  facet normal 0 0 1
    outer loop
      vertex 20.815 22.2898 24.49
      vertex 20.1506 22.7594 24.49
      vertex 20.781 22.2014 24.49
    endloop
  endfacet
  facet normal -0 0 1
    outer loop
      vertex 20.1506 22.7594 24.49
      vertex 20.815 22.2898 24.49
      vertex 20.5341 22.9495 24.49
    endloop
  endfacet
  facet normal -0 0 1
    outer loop
      vertex 21.5788 22.4536 24.49
      vertex 22.482 22.0586 24.49
      vertex 22.482 23.1047 24.49
    endloop
  endfacet
  facet normal -0 0 1
    outer loop
      vertex 21.556 23.3143 24.49
      vertex 22.482 23.1047 24.49
      vertex 22.4045 23.5643 24.49
    endloop
  endfacet
  facet normal 0 0 1
    outer loop
      vertex 22.482 22.0586 24.49
      vertex 21.5788 22.3936 24.49
      vertex 21.5599 22.2246 24.49
    endloop
  endfacet
  facet normal -0 0 1
    outer loop
      vertex 21.5046 22.0693 24.49
      vertex 22.482 22.0586 24.49
      vertex 21.5599 22.2246 24.49
    endloop
  endfacet
  facet normal 0 0 1
    outer loop
      vertex 21.556 23.3143 24.49
      vertex 22.4045 23.5643 24.49
      vertex 22.164 23.9175 24.49
    endloop
  endfacet
  facet normal 0 0 1
    outer loop
      vertex 22.482 22.0586 24.49
      vertex 21.5788 22.4536 24.49
      vertex 21.5788 22.3936 24.49
    endloop
  endfacet
  facet normal 0 -0 1
    outer loop
      vertex 22.0542 21.1354 24.49
      vertex 22.482 22.0586 24.49
      vertex 21.7038 21.5682 24.49
    endloop
  endfacet
  facet normal 0 0 1
    outer loop
      vertex 21.4953 23.4566 24.49
      vertex 22.164 23.9175 24.49
      vertex 21.7787 24.1345 24.49
    endloop
  endfacet
  facet normal 0 0 1
    outer loop
      vertex 22.482 23.1047 24.49
      vertex 21.5788 23.0233 24.49
      vertex 21.5788 22.4536 24.49
    endloop
  endfacet
  facet normal 0 0 1
    outer loop
      vertex 21.8537 21.2569 24.49
      vertex 21.7038 21.5682 24.49
      vertex 21.7296 21.4544 24.49
    endloop
  endfacet
  facet normal 0 0 1
    outer loop
      vertex 22.482 23.1047 24.49
      vertex 21.5788 23.0861 24.49
      vertex 21.5788 23.0233 24.49
    endloop
  endfacet
  facet normal 0 0 1
    outer loop
      vertex 22.482 23.1047 24.49
      vertex 21.556 23.3143 24.49
      vertex 21.5788 23.0861 24.49
    endloop
  endfacet
  facet normal 0 0 1
    outer loop
      vertex 22.164 23.9175 24.49
      vertex 21.4953 23.4566 24.49
      vertex 21.556 23.3143 24.49
    endloop
  endfacet
  facet normal 0 0 1
    outer loop
      vertex 21.7787 24.1345 24.49
      vertex 21.3982 23.5336 24.49
      vertex 21.4953 23.4566 24.49
    endloop
  endfacet
  facet normal 0 0 1
    outer loop
      vertex 21.2737 24.2048 24.49
      vertex 21.3982 23.5336 24.49
      vertex 21.7787 24.1345 24.49
    endloop
  endfacet
  facet normal 0 0 1
    outer loop
      vertex 21.2737 24.2048 24.49
      vertex 21.2391 23.5619 24.49
      vertex 21.3982 23.5336 24.49
    endloop
  endfacet
  facet normal 0 0 1
    outer loop
      vertex 21.2737 24.2048 24.49
      vertex 21.0881 23.5421 24.49
      vertex 21.2391 23.5619 24.49
    endloop
  endfacet
  facet normal -0 0 1
    outer loop
      vertex 20.7713 24.1484 24.49
      vertex 21.0881 23.5421 24.49
      vertex 21.2737 24.2048 24.49
    endloop
  endfacet
  facet normal 0 0 1
    outer loop
      vertex 21.0881 23.5421 24.49
      vertex 20.7713 24.1484 24.49
      vertex 20.9951 23.4893 24.49
    endloop
  endfacet
  facet normal -0 0 1
    outer loop
      vertex 20.378 23.9753 24.49
      vertex 20.9951 23.4893 24.49
      vertex 20.7713 24.1484 24.49
    endloop
  endfacet
  facet normal 0 0 1
    outer loop
      vertex 20.9951 23.4893 24.49
      vertex 20.378 23.9753 24.49
      vertex 20.9348 23.3933 24.49
    endloop
  endfacet
  facet normal -0 0 1
    outer loop
      vertex 20.1045 23.6852 24.49
      vertex 20.9348 23.3933 24.49
      vertex 20.378 23.9753 24.49
    endloop
  endfacet
  facet normal 0 0 1
    outer loop
      vertex 20.9348 23.3933 24.49
      vertex 20.1045 23.6852 24.49
      vertex 20.8811 23.1551 24.49
    endloop
  endfacet
  facet normal 0 0 1
    outer loop
      vertex 20.8811 23.1551 24.49
      vertex 20.1045 23.6852 24.49
      vertex 19.9313 23.2005 24.49
    endloop
  endfacet
  facet normal -0 0 1
    outer loop
      vertex 22.7129 21.7166 24.49
      vertex 22.8813 21.1838 24.49
      vertex 22.8813 21.7414 24.49
    endloop
  endfacet
  facet normal 0 0 1
    outer loop
      vertex 22.8813 21.1838 24.49
      vertex 22.7129 21.7166 24.49
      vertex 22.7577 21.1539 24.49
    endloop
  endfacet
  facet normal -0 0 1
    outer loop
      vertex 22.6438 21.7133 24.49
      vertex 22.7577 21.1539 24.49
      vertex 22.7129 21.7166 24.49
    endloop
  endfacet
  facet normal 0 0 1
    outer loop
      vertex 22.7577 21.1539 24.49
      vertex 22.6438 21.7133 24.49
      vertex 22.7007 21.1398 24.49
    endloop
  endfacet
  facet normal 0 0 1
    outer loop
      vertex 22.7007 21.1398 24.49
      vertex 22.6438 21.7133 24.49
      vertex 22.6451 21.1273 24.49
    endloop
  endfacet
  facet normal 0 0 1
    outer loop
      vertex 22.6438 21.7133 24.49
      vertex 22.5887 21.1174 24.49
      vertex 22.6451 21.1273 24.49
    endloop
  endfacet
  facet normal 0 0 1
    outer loop
      vertex 22.5671 21.7293 24.49
      vertex 22.5887 21.1174 24.49
      vertex 22.6438 21.7133 24.49
    endloop
  endfacet
  facet normal 0 0 1
    outer loop
      vertex 22.5671 21.7293 24.49
      vertex 22.5314 21.1098 24.49
      vertex 22.5887 21.1174 24.49
    endloop
  endfacet
  facet normal 0 0 1
    outer loop
      vertex 22.4707 21.1035 24.49
      vertex 22.5671 21.7293 24.49
      vertex 22.5262 21.768 24.49
    endloop
  endfacet
  facet normal 0 0 1
    outer loop
      vertex 22.4707 21.1035 24.49
      vertex 22.5262 21.768 24.49
      vertex 22.4947 21.8677 24.49
    endloop
  endfacet
  facet normal 0 0 1
    outer loop
      vertex 22.4707 21.1035 24.49
      vertex 22.4947 21.8677 24.49
      vertex 22.482 22.0586 24.49
    endloop
  endfacet
  facet normal 0 0 1
    outer loop
      vertex 22.5671 21.7293 24.49
      vertex 22.4707 21.1035 24.49
      vertex 22.5314 21.1098 24.49
    endloop
  endfacet
  facet normal 0 0 1
    outer loop
      vertex 22.482 22.0586 24.49
      vertex 22.4028 21.0993 24.49
      vertex 22.4707 21.1035 24.49
    endloop
  endfacet
  facet normal 0 0 1
    outer loop
      vertex 22.482 22.0586 24.49
      vertex 22.0542 21.1354 24.49
      vertex 22.3204 21.0979 24.49
    endloop
  endfacet
  facet normal 0 0 1
    outer loop
      vertex 22.0542 21.1354 24.49
      vertex 21.7038 21.5682 24.49
      vertex 21.8537 21.2569 24.49
    endloop
  endfacet
  facet normal 0 0 1
    outer loop
      vertex 22.482 22.0586 24.49
      vertex 22.3204 21.0979 24.49
      vertex 22.4028 21.0993 24.49
    endloop
  endfacet
  facet normal 0 0 1
    outer loop
      vertex 22.482 22.0586 24.49
      vertex 21.5046 22.0693 24.49
      vertex 21.7038 21.5682 24.49
    endloop
  endfacet
  facet normal -0 0 1
    outer loop
      vertex 21.4182 21.9366 24.49
      vertex 21.7038 21.5682 24.49
      vertex 21.5046 22.0693 24.49
    endloop
  endfacet
  facet normal -0 0 1
    outer loop
      vertex 21.3063 21.8379 24.49
      vertex 21.7038 21.5682 24.49
      vertex 21.4182 21.9366 24.49
    endloop
  endfacet
  facet normal 0 0 1
    outer loop
      vertex 21.7038 21.5682 24.49
      vertex 21.3063 21.8379 24.49
      vertex 21.3868 21.226 24.49
    endloop
  endfacet
  facet normal -0 0 1
    outer loop
      vertex 21.1758 21.7765 24.49
      vertex 21.3868 21.226 24.49
      vertex 21.3063 21.8379 24.49
    endloop
  endfacet
  facet normal -0 0 1
    outer loop
      vertex 21.0334 21.7562 24.49
      vertex 21.3868 21.226 24.49
      vertex 21.1758 21.7765 24.49
    endloop
  endfacet
  facet normal 0 0 1
    outer loop
      vertex 20.798 21.0753 24.49
      vertex 21.0334 21.7562 24.49
      vertex 20.9223 21.7758 24.49
    endloop
  endfacet
  facet normal 0 0 1
    outer loop
      vertex 20.798 21.0753 24.49
      vertex 20.9223 21.7758 24.49
      vertex 20.8426 21.8299 24.49
    endloop
  endfacet
  facet normal 0 0 1
    outer loop
      vertex 21.0334 21.7562 24.49
      vertex 20.798 21.0753 24.49
      vertex 21.3868 21.226 24.49
    endloop
  endfacet
  facet normal 0 0 1
    outer loop
      vertex 20.0887 21.3242 24.49
      vertex 20.8426 21.8299 24.49
      vertex 20.789 21.9254 24.49
    endloop
  endfacet
  facet normal -0 0 1
    outer loop
      vertex 19.8322 22.02 24.49
      vertex 20.789 21.9254 24.49
      vertex 20.7687 22.0785 24.49
    endloop
  endfacet
  facet normal -0 0 1
    outer loop
      vertex 19.9105 22.4437 24.49
      vertex 20.781 22.2014 24.49
      vertex 20.1506 22.7594 24.49
    endloop
  endfacet
  facet normal 0 0 1
    outer loop
      vertex 20.789 21.9254 24.49
      vertex 19.8322 22.02 24.49
      vertex 19.8952 21.6259 24.49
    endloop
  endfacet
  facet normal 0 0 1
    outer loop
      vertex 20.781 22.2014 24.49
      vertex 19.9105 22.4437 24.49
      vertex 20.7687 22.0785 24.49
    endloop
  endfacet
  facet normal 0 0 1
    outer loop
      vertex 20.8426 21.8299 24.49
      vertex 20.3965 21.1367 24.49
      vertex 20.798 21.0753 24.49
    endloop
  endfacet
  facet normal 0 0 1
    outer loop
      vertex 20.7687 22.0785 24.49
      vertex 19.9105 22.4437 24.49
      vertex 19.8322 22.02 24.49
    endloop
  endfacet
  facet normal 0 0 1
    outer loop
      vertex 20.789 21.9254 24.49
      vertex 19.8952 21.6259 24.49
      vertex 20.0887 21.3242 24.49
    endloop
  endfacet
  facet normal 0 0 1
    outer loop
      vertex 20.8426 21.8299 24.49
      vertex 20.0887 21.3242 24.49
      vertex 20.3965 21.1367 24.49
    endloop
  endfacet
  facet normal 0 0 1
    outer loop
      vertex 41.2731 23.0233 24.49
      vertex 40.9765 22.4495 24.49
      vertex 41.2731 22.4536 24.49
    endloop
  endfacet
  facet normal -0 0 1
    outer loop
      vertex 40.7312 23.014 24.49
      vertex 40.9765 22.4495 24.49
      vertex 41.2731 23.0233 24.49
    endloop
  endfacet
  facet normal 0 0 1
    outer loop
      vertex 40.9765 22.4495 24.49
      vertex 40.7312 23.014 24.49
      vertex 40.7643 22.4308 24.49
    endloop
  endfacet
  facet normal 0 0 1
    outer loop
      vertex 40.7312 23.014 24.49
      vertex 40.6362 22.398 24.49
      vertex 40.7643 22.4308 24.49
    endloop
  endfacet
  facet normal -0 0 1
    outer loop
      vertex 40.2285 22.9495 24.49
      vertex 40.6362 22.398 24.49
      vertex 40.7312 23.014 24.49
    endloop
  endfacet
  facet normal 0 0 1
    outer loop
      vertex 40.6362 22.398 24.49
      vertex 40.2285 22.9495 24.49
      vertex 40.5621 22.3526 24.49
    endloop
  endfacet
  facet normal 0 0 1
    outer loop
      vertex 40.5621 22.3526 24.49
      vertex 40.2285 22.9495 24.49
      vertex 40.5093 22.2898 24.49
    endloop
  endfacet
  facet normal 0 0 1
    outer loop
      vertex 40.5093 22.2898 24.49
      vertex 39.8449 22.7594 24.49
      vertex 40.4753 22.2014 24.49
    endloop
  endfacet
  facet normal -0 0 1
    outer loop
      vertex 39.8449 22.7594 24.49
      vertex 40.5093 22.2898 24.49
      vertex 40.2285 22.9495 24.49
    endloop
  endfacet
  facet normal -0 0 1
    outer loop
      vertex 41.2731 22.4536 24.49
      vertex 42.1763 22.0586 24.49
      vertex 42.1763 23.1047 24.49
    endloop
  endfacet
  facet normal -0 0 1
    outer loop
      vertex 41.2503 23.3143 24.49
      vertex 42.1763 23.1047 24.49
      vertex 42.0989 23.5643 24.49
    endloop
  endfacet
  facet normal 0 0 1
    outer loop
      vertex 42.1763 22.0586 24.49
      vertex 41.2731 22.3936 24.49
      vertex 41.2542 22.2246 24.49
    endloop
  endfacet
  facet normal -0 0 1
    outer loop
      vertex 41.1989 22.0693 24.49
      vertex 42.1763 22.0586 24.49
      vertex 41.2542 22.2246 24.49
    endloop
  endfacet
  facet normal 0 0 1
    outer loop
      vertex 41.2503 23.3143 24.49
      vertex 42.0989 23.5643 24.49
      vertex 41.8583 23.9175 24.49
    endloop
  endfacet
  facet normal 0 0 1
    outer loop
      vertex 42.1763 22.0586 24.49
      vertex 41.2731 22.4536 24.49
      vertex 41.2731 22.3936 24.49
    endloop
  endfacet
  facet normal 0 -0 1
    outer loop
      vertex 41.7486 21.1354 24.49
      vertex 42.1763 22.0586 24.49
      vertex 41.3981 21.5682 24.49
    endloop
  endfacet
  facet normal 0 0 1
    outer loop
      vertex 41.1897 23.4566 24.49
      vertex 41.8583 23.9175 24.49
      vertex 41.4731 24.1345 24.49
    endloop
  endfacet
  facet normal 0 0 1
    outer loop
      vertex 42.1763 23.1047 24.49
      vertex 41.2731 23.0233 24.49
      vertex 41.2731 22.4536 24.49
    endloop
  endfacet
  facet normal 0 0 1
    outer loop
      vertex 41.548 21.2569 24.49
      vertex 41.3981 21.5682 24.49
      vertex 41.424 21.4544 24.49
    endloop
  endfacet
  facet normal 0 0 1
    outer loop
      vertex 42.1763 23.1047 24.49
      vertex 41.2731 23.0861 24.49
      vertex 41.2731 23.0233 24.49
    endloop
  endfacet
  facet normal 0 0 1
    outer loop
      vertex 42.1763 23.1047 24.49
      vertex 41.2503 23.3143 24.49
      vertex 41.2731 23.0861 24.49
    endloop
  endfacet
  facet normal 0 0 1
    outer loop
      vertex 41.8583 23.9175 24.49
      vertex 41.1897 23.4566 24.49
      vertex 41.2503 23.3143 24.49
    endloop
  endfacet
  facet normal 0 0 1
    outer loop
      vertex 41.4731 24.1345 24.49
      vertex 41.0925 23.5336 24.49
      vertex 41.1897 23.4566 24.49
    endloop
  endfacet
  facet normal 0 0 1
    outer loop
      vertex 40.9681 24.2048 24.49
      vertex 41.0925 23.5336 24.49
      vertex 41.4731 24.1345 24.49
    endloop
  endfacet
  facet normal 0 0 1
    outer loop
      vertex 40.9681 24.2048 24.49
      vertex 40.9334 23.5619 24.49
      vertex 41.0925 23.5336 24.49
    endloop
  endfacet
  facet normal 0 0 1
    outer loop
      vertex 40.9681 24.2048 24.49
      vertex 40.7824 23.5421 24.49
      vertex 40.9334 23.5619 24.49
    endloop
  endfacet
  facet normal -0 0 1
    outer loop
      vertex 40.4656 24.1484 24.49
      vertex 40.7824 23.5421 24.49
      vertex 40.9681 24.2048 24.49
    endloop
  endfacet
  facet normal 0 0 1
    outer loop
      vertex 40.7824 23.5421 24.49
      vertex 40.4656 24.1484 24.49
      vertex 40.6895 23.4893 24.49
    endloop
  endfacet
  facet normal -0 0 1
    outer loop
      vertex 40.0723 23.9753 24.49
      vertex 40.6895 23.4893 24.49
      vertex 40.4656 24.1484 24.49
    endloop
  endfacet
  facet normal 0 0 1
    outer loop
      vertex 40.6895 23.4893 24.49
      vertex 40.0723 23.9753 24.49
      vertex 40.6291 23.3933 24.49
    endloop
  endfacet
  facet normal -0 0 1
    outer loop
      vertex 39.7988 23.6852 24.49
      vertex 40.6291 23.3933 24.49
      vertex 40.0723 23.9753 24.49
    endloop
  endfacet
  facet normal 0 0 1
    outer loop
      vertex 40.6291 23.3933 24.49
      vertex 39.7988 23.6852 24.49
      vertex 40.5754 23.1551 24.49
    endloop
  endfacet
  facet normal 0 0 1
    outer loop
      vertex 40.5754 23.1551 24.49
      vertex 39.7988 23.6852 24.49
      vertex 39.6256 23.2005 24.49
    endloop
  endfacet
  facet normal -0 0 1
    outer loop
      vertex 42.4072 21.7166 24.49
      vertex 42.5757 21.1838 24.49
      vertex 42.5757 21.7414 24.49
    endloop
  endfacet
  facet normal 0 0 1
    outer loop
      vertex 42.5757 21.1838 24.49
      vertex 42.4072 21.7166 24.49
      vertex 42.4521 21.1539 24.49
    endloop
  endfacet
  facet normal -0 0 1
    outer loop
      vertex 42.3381 21.7133 24.49
      vertex 42.4521 21.1539 24.49
      vertex 42.4072 21.7166 24.49
    endloop
  endfacet
  facet normal 0 0 1
    outer loop
      vertex 42.4521 21.1539 24.49
      vertex 42.3381 21.7133 24.49
      vertex 42.395 21.1398 24.49
    endloop
  endfacet
  facet normal 0 0 1
    outer loop
      vertex 42.395 21.1398 24.49
      vertex 42.3381 21.7133 24.49
      vertex 42.3394 21.1273 24.49
    endloop
  endfacet
  facet normal 0 0 1
    outer loop
      vertex 42.3381 21.7133 24.49
      vertex 42.283 21.1174 24.49
      vertex 42.3394 21.1273 24.49
    endloop
  endfacet
  facet normal 0 0 1
    outer loop
      vertex 42.2614 21.7293 24.49
      vertex 42.283 21.1174 24.49
      vertex 42.3381 21.7133 24.49
    endloop
  endfacet
  facet normal 0 0 1
    outer loop
      vertex 42.2614 21.7293 24.49
      vertex 42.2257 21.1098 24.49
      vertex 42.283 21.1174 24.49
    endloop
  endfacet
  facet normal 0 0 1
    outer loop
      vertex 42.165 21.1035 24.49
      vertex 42.2614 21.7293 24.49
      vertex 42.2205 21.768 24.49
    endloop
  endfacet
  facet normal 0 0 1
    outer loop
      vertex 42.165 21.1035 24.49
      vertex 42.2205 21.768 24.49
      vertex 42.189 21.8677 24.49
    endloop
  endfacet
  facet normal 0 0 1
    outer loop
      vertex 42.165 21.1035 24.49
      vertex 42.189 21.8677 24.49
      vertex 42.1763 22.0586 24.49
    endloop
  endfacet
  facet normal 0 0 1
    outer loop
      vertex 42.2614 21.7293 24.49
      vertex 42.165 21.1035 24.49
      vertex 42.2257 21.1098 24.49
    endloop
  endfacet
  facet normal 0 0 1
    outer loop
      vertex 42.1763 22.0586 24.49
      vertex 42.0972 21.0993 24.49
      vertex 42.165 21.1035 24.49
    endloop
  endfacet
  facet normal 0 0 1
    outer loop
      vertex 42.1763 22.0586 24.49
      vertex 41.7486 21.1354 24.49
      vertex 42.0147 21.0979 24.49
    endloop
  endfacet
  facet normal 0 0 1
    outer loop
      vertex 41.7486 21.1354 24.49
      vertex 41.3981 21.5682 24.49
      vertex 41.548 21.2569 24.49
    endloop
  endfacet
  facet normal 0 0 1
    outer loop
      vertex 42.1763 22.0586 24.49
      vertex 42.0147 21.0979 24.49
      vertex 42.0972 21.0993 24.49
    endloop
  endfacet
  facet normal 0 0 1
    outer loop
      vertex 42.1763 22.0586 24.49
      vertex 41.1989 22.0693 24.49
      vertex 41.3981 21.5682 24.49
    endloop
  endfacet
  facet normal -0 0 1
    outer loop
      vertex 41.1125 21.9366 24.49
      vertex 41.3981 21.5682 24.49
      vertex 41.1989 22.0693 24.49
    endloop
  endfacet
  facet normal -0 0 1
    outer loop
      vertex 41.0007 21.8379 24.49
      vertex 41.3981 21.5682 24.49
      vertex 41.1125 21.9366 24.49
    endloop
  endfacet
  facet normal 0 0 1
    outer loop
      vertex 41.3981 21.5682 24.49
      vertex 41.0007 21.8379 24.49
      vertex 41.0811 21.226 24.49
    endloop
  endfacet
  facet normal -0 0 1
    outer loop
      vertex 40.8701 21.7765 24.49
      vertex 41.0811 21.226 24.49
      vertex 41.0007 21.8379 24.49
    endloop
  endfacet
  facet normal -0 0 1
    outer loop
      vertex 40.7277 21.7562 24.49
      vertex 41.0811 21.226 24.49
      vertex 40.8701 21.7765 24.49
    endloop
  endfacet
  facet normal 0 0 1
    outer loop
      vertex 40.4924 21.0753 24.49
      vertex 40.7277 21.7562 24.49
      vertex 40.6166 21.7758 24.49
    endloop
  endfacet
  facet normal 0 0 1
    outer loop
      vertex 40.4924 21.0753 24.49
      vertex 40.6166 21.7758 24.49
      vertex 40.537 21.8299 24.49
    endloop
  endfacet
  facet normal 0 0 1
    outer loop
      vertex 40.7277 21.7562 24.49
      vertex 40.4924 21.0753 24.49
      vertex 41.0811 21.226 24.49
    endloop
  endfacet
  facet normal 0 0 1
    outer loop
      vertex 39.783 21.3242 24.49
      vertex 40.537 21.8299 24.49
      vertex 40.4833 21.9254 24.49
    endloop
  endfacet
  facet normal -0 0 1
    outer loop
      vertex 39.5265 22.02 24.49
      vertex 40.4833 21.9254 24.49
      vertex 40.4631 22.0785 24.49
    endloop
  endfacet
  facet normal -0 0 1
    outer loop
      vertex 39.6048 22.4437 24.49
      vertex 40.4753 22.2014 24.49
      vertex 39.8449 22.7594 24.49
    endloop
  endfacet
  facet normal 0 0 1
    outer loop
      vertex 40.4833 21.9254 24.49
      vertex 39.5265 22.02 24.49
      vertex 39.5895 21.6259 24.49
    endloop
  endfacet
  facet normal 0 0 1
    outer loop
      vertex 40.4753 22.2014 24.49
      vertex 39.6048 22.4437 24.49
      vertex 40.4631 22.0785 24.49
    endloop
  endfacet
  facet normal 0 0 1
    outer loop
      vertex 40.537 21.8299 24.49
      vertex 40.0908 21.1367 24.49
      vertex 40.4924 21.0753 24.49
    endloop
  endfacet
  facet normal 0 0 1
    outer loop
      vertex 40.4631 22.0785 24.49
      vertex 39.6048 22.4437 24.49
      vertex 39.5265 22.02 24.49
    endloop
  endfacet
  facet normal 0 0 1
    outer loop
      vertex 40.4833 21.9254 24.49
      vertex 39.5895 21.6259 24.49
      vertex 39.783 21.3242 24.49
    endloop
  endfacet
  facet normal 0 0 1
    outer loop
      vertex 40.537 21.8299 24.49
      vertex 39.783 21.3242 24.49
      vertex 40.0908 21.1367 24.49
    endloop
  endfacet
  facet normal -0 0 1
    outer loop
      vertex 44.4505 24.1513 24.49
      vertex 45.3537 21.1297 24.49
      vertex 45.3537 24.1513 24.49
    endloop
  endfacet
  facet normal 0 0 1
    outer loop
      vertex 45.3537 21.1297 24.49
      vertex 44.4505 24.1513 24.49
      vertex 44.4505 21.1297 24.49
    endloop
  endfacet
  facet normal 0.992244 -0.124309 0
    outer loop
      vertex 25.6594 22.736 24.49
      vertex 25.6985 23.0481 24
      vertex 25.6985 23.0481 24.49
    endloop
  endfacet
  facet normal 0.992244 -0.124309 0
    outer loop
      vertex 25.6985 23.0481 24
      vertex 25.6594 22.736 24.49
      vertex 25.6594 22.736 24
    endloop
  endfacet
  facet normal 0.90518 -0.425028 0
    outer loop
      vertex 25.6985 23.0481 24.49
      vertex 25.8103 23.2862 24
      vertex 25.8103 23.2862 24.49
    endloop
  endfacet
  facet normal 0.90518 -0.425028 0
    outer loop
      vertex 25.8103 23.2862 24
      vertex 25.6985 23.0481 24.49
      vertex 25.6985 23.0481 24
    endloop
  endfacet
  facet normal 0.671775 -0.740756 0
    outer loop
      vertex 25.8103 23.2862 24
      vertex 25.9746 23.4352 24.49
      vertex 25.8103 23.2862 24.49
    endloop
  endfacet
  facet normal 0.671775 -0.740756 0
    outer loop
      vertex 25.9746 23.4352 24.49
      vertex 25.8103 23.2862 24
      vertex 25.9746 23.4352 24
    endloop
  endfacet
  facet normal 0.230813 -0.972998 0
    outer loop
      vertex 25.9746 23.4352 24
      vertex 26.1702 23.4816 24.49
      vertex 25.9746 23.4352 24.49
    endloop
  endfacet
  facet normal 0.230813 -0.972998 0
    outer loop
      vertex 26.1702 23.4816 24.49
      vertex 25.9746 23.4352 24
      vertex 26.1702 23.4816 24
    endloop
  endfacet
  facet normal -0.441533 -0.897245 0
    outer loop
      vertex 26.1702 23.4816 24
      vertex 26.4929 23.3228 24.49
      vertex 26.1702 23.4816 24.49
    endloop
  endfacet
  facet normal -0.441533 -0.897245 -0
    outer loop
      vertex 26.4929 23.3228 24.49
      vertex 26.1702 23.4816 24
      vertex 26.4929 23.3228 24
    endloop
  endfacet
  facet normal -0.975466 -0.220151 0
    outer loop
      vertex 26.6101 22.8035 24
      vertex 26.4929 23.3228 24.49
      vertex 26.4929 23.3228 24
    endloop
  endfacet
  facet normal -0.975466 -0.220151 0
    outer loop
      vertex 26.4929 23.3228 24.49
      vertex 26.6101 22.8035 24
      vertex 26.6101 22.8035 24.49
    endloop
  endfacet
  facet normal -1 0 0
    outer loop
      vertex 26.6101 21.1297 24
      vertex 26.6101 22.8035 24.49
      vertex 26.6101 22.8035 24
    endloop
  endfacet
  facet normal -1 -0 0
    outer loop
      vertex 26.6101 22.8035 24.49
      vertex 26.6101 21.1297 24
      vertex 26.6101 21.1297 24.49
    endloop
  endfacet
  facet normal 0 -1 0
    outer loop
      vertex 26.6101 21.1297 24
      vertex 27.5106 21.1297 24.49
      vertex 26.6101 21.1297 24.49
    endloop
  endfacet
  facet normal 0 -1 -0
    outer loop
      vertex 27.5106 21.1297 24.49
      vertex 26.6101 21.1297 24
      vertex 27.5106 21.1297 24
    endloop
  endfacet
  facet normal 1 -0 0
    outer loop
      vertex 27.5106 21.1297 24.49
      vertex 27.5106 23.0291 24
      vertex 27.5106 23.0291 24.49
    endloop
  endfacet
  facet normal 1 0 0
    outer loop
      vertex 27.5106 23.0291 24
      vertex 27.5106 21.1297 24.49
      vertex 27.5106 21.1297 24
    endloop
  endfacet
  facet normal 0.991893 0.127073 0
    outer loop
      vertex 27.5106 23.0291 24.49
      vertex 27.4473 23.5232 24
      vertex 27.4473 23.5232 24.49
    endloop
  endfacet
  facet normal 0.991893 0.127073 0
    outer loop
      vertex 27.4473 23.5232 24
      vertex 27.5106 23.0291 24.49
      vertex 27.5106 23.0291 24
    endloop
  endfacet
  facet normal 0.884006 0.467476 0
    outer loop
      vertex 27.4473 23.5232 24.49
      vertex 27.2491 23.898 24
      vertex 27.2491 23.898 24.49
    endloop
  endfacet
  facet normal 0.884006 0.467476 0
    outer loop
      vertex 27.2491 23.898 24
      vertex 27.4473 23.5232 24.49
      vertex 27.4473 23.5232 24
    endloop
  endfacet
  facet normal 0.579015 0.815317 -0
    outer loop
      vertex 27.2491 23.898 24
      vertex 26.9227 24.1298 24.49
      vertex 27.2491 23.898 24.49
    endloop
  endfacet
  facet normal 0.579015 0.815317 0
    outer loop
      vertex 26.9227 24.1298 24.49
      vertex 27.2491 23.898 24
      vertex 26.9227 24.1298 24
    endloop
  endfacet
  facet normal 0.171611 0.985165 -0
    outer loop
      vertex 26.9227 24.1298 24
      vertex 26.491 24.205 24.49
      vertex 26.9227 24.1298 24.49
    endloop
  endfacet
  facet normal 0.171611 0.985165 0
    outer loop
      vertex 26.491 24.205 24.49
      vertex 26.9227 24.1298 24
      vertex 26.491 24.205 24
    endloop
  endfacet
  facet normal -0.125385 0.992108 0
    outer loop
      vertex 26.491 24.205 24
      vertex 26.1745 24.165 24.49
      vertex 26.491 24.205 24.49
    endloop
  endfacet
  facet normal -0.125385 0.992108 0
    outer loop
      vertex 26.1745 24.165 24.49
      vertex 26.491 24.205 24
      vertex 26.1745 24.165 24
    endloop
  endfacet
  facet normal -0.407041 0.91341 0
    outer loop
      vertex 26.1745 24.165 24
      vertex 25.9023 24.0437 24.49
      vertex 26.1745 24.165 24.49
    endloop
  endfacet
  facet normal -0.407041 0.91341 0
    outer loop
      vertex 25.9023 24.0437 24.49
      vertex 26.1745 24.165 24
      vertex 25.9023 24.0437 24
    endloop
  endfacet
  facet normal -0.679867 0.733336 0
    outer loop
      vertex 25.9023 24.0437 24
      vertex 25.676 23.8339 24.49
      vertex 25.9023 24.0437 24.49
    endloop
  endfacet
  facet normal -0.679867 0.733336 0
    outer loop
      vertex 25.676 23.8339 24.49
      vertex 25.9023 24.0437 24
      vertex 25.676 23.8339 24
    endloop
  endfacet
  facet normal -0.857282 0.514848 0
    outer loop
      vertex 25.6545 23.7981 24
      vertex 25.676 23.8339 24.49
      vertex 25.676 23.8339 24
    endloop
  endfacet
  facet normal -0.857282 0.514848 0
    outer loop
      vertex 25.676 23.8339 24.49
      vertex 25.6545 23.7981 24
      vertex 25.6545 23.7981 24.49
    endloop
  endfacet
  facet normal 0.999828 -0.0185223 0
    outer loop
      vertex 25.6545 23.7981 24.49
      vertex 25.6594 24.0626 24
      vertex 25.6594 24.0626 24.49
    endloop
  endfacet
  facet normal 0.999828 -0.0185223 0
    outer loop
      vertex 25.6594 24.0626 24
      vertex 25.6545 23.7981 24.49
      vertex 25.6545 23.7981 24
    endloop
  endfacet
  facet normal 1 -0 0
    outer loop
      vertex 25.6594 24.0626 24.49
      vertex 25.6594 25.2144 24
      vertex 25.6594 25.2144 24.49
    endloop
  endfacet
  facet normal 1 0 0
    outer loop
      vertex 25.6594 25.2144 24
      vertex 25.6594 24.0626 24.49
      vertex 25.6594 24.0626 24
    endloop
  endfacet
  facet normal 0 1 -0
    outer loop
      vertex 25.6594 25.2144 24
      vertex 24.7562 25.2144 24.49
      vertex 25.6594 25.2144 24.49
    endloop
  endfacet
  facet normal 0 1 0
    outer loop
      vertex 24.7562 25.2144 24.49
      vertex 25.6594 25.2144 24
      vertex 24.7562 25.2144 24
    endloop
  endfacet
  facet normal -1 0 0
    outer loop
      vertex 24.7562 21.1297 24
      vertex 24.7562 25.2144 24.49
      vertex 24.7562 25.2144 24
    endloop
  endfacet
  facet normal -1 -0 0
    outer loop
      vertex 24.7562 25.2144 24.49
      vertex 24.7562 21.1297 24
      vertex 24.7562 21.1297 24.49
    endloop
  endfacet
  facet normal 0 -1 0
    outer loop
      vertex 24.7562 21.1297 24
      vertex 25.6594 21.1297 24.49
      vertex 24.7562 21.1297 24.49
    endloop
  endfacet
  facet normal 0 -1 -0
    outer loop
      vertex 25.6594 21.1297 24.49
      vertex 24.7562 21.1297 24
      vertex 25.6594 21.1297 24
    endloop
  endfacet
  facet normal 1 -0 0
    outer loop
      vertex 25.6594 21.1297 24.49
      vertex 25.6594 22.736 24
      vertex 25.6594 22.736 24.49
    endloop
  endfacet
  facet normal 1 0 0
    outer loop
      vertex 25.6594 22.736 24
      vertex 25.6594 21.1297 24.49
      vertex 25.6594 21.1297 24
    endloop
  endfacet
  facet normal 0 1 -0
    outer loop
      vertex 45.3537 25.2144 24
      vertex 44.4505 25.2144 24.49
      vertex 45.3537 25.2144 24.49
    endloop
  endfacet
  facet normal 0 1 0
    outer loop
      vertex 44.4505 25.2144 24.49
      vertex 45.3537 25.2144 24
      vertex 44.4505 25.2144 24
    endloop
  endfacet
  facet normal -1 0 0
    outer loop
      vertex 44.4505 24.507 24
      vertex 44.4505 25.2144 24.49
      vertex 44.4505 25.2144 24
    endloop
  endfacet
  facet normal -1 -0 0
    outer loop
      vertex 44.4505 25.2144 24.49
      vertex 44.4505 24.507 24
      vertex 44.4505 24.507 24.49
    endloop
  endfacet
  facet normal 0 -1 0
    outer loop
      vertex 44.4505 24.507 24
      vertex 45.3537 24.507 24.49
      vertex 44.4505 24.507 24.49
    endloop
  endfacet
  facet normal 0 -1 -0
    outer loop
      vertex 45.3537 24.507 24.49
      vertex 44.4505 24.507 24
      vertex 45.3537 24.507 24
    endloop
  endfacet
  facet normal 1 -0 0
    outer loop
      vertex 45.3537 24.507 24.49
      vertex 45.3537 25.2144 24
      vertex 45.3537 25.2144 24.49
    endloop
  endfacet
  facet normal 1 0 0
    outer loop
      vertex 45.3537 25.2144 24
      vertex 45.3537 24.507 24.49
      vertex 45.3537 24.507 24
    endloop
  endfacet
  facet normal 0.483118 0.875555 -0
    outer loop
      vertex 35.5797 23.6729 24
      vertex 35.4648 23.7363 24.49
      vertex 35.5797 23.6729 24.49
    endloop
  endfacet
  facet normal 0.483118 0.875555 0
    outer loop
      vertex 35.4648 23.7363 24.49
      vertex 35.5797 23.6729 24
      vertex 35.4648 23.7363 24
    endloop
  endfacet
  facet normal 0.67555 0.737314 -0
    outer loop
      vertex 35.4648 23.7363 24
      vertex 35.3884 23.8063 24.49
      vertex 35.4648 23.7363 24.49
    endloop
  endfacet
  facet normal 0.67555 0.737314 0
    outer loop
      vertex 35.3884 23.8063 24.49
      vertex 35.4648 23.7363 24
      vertex 35.3884 23.8063 24
    endloop
  endfacet
  facet normal 0.881722 0.47177 0
    outer loop
      vertex 35.3884 23.8063 24.49
      vertex 35.3449 23.8876 24
      vertex 35.3449 23.8876 24.49
    endloop
  endfacet
  facet normal 0.881722 0.47177 0
    outer loop
      vertex 35.3449 23.8876 24
      vertex 35.3884 23.8063 24.49
      vertex 35.3884 23.8063 24
    endloop
  endfacet
  facet normal 0.989949 0.141421 0
    outer loop
      vertex 35.3449 23.8876 24.49
      vertex 35.3317 23.98 24
      vertex 35.3317 23.98 24.49
    endloop
  endfacet
  facet normal 0.989949 0.141421 0
    outer loop
      vertex 35.3317 23.98 24
      vertex 35.3449 23.8876 24.49
      vertex 35.3449 23.8876 24
    endloop
  endfacet
  facet normal 0.882864 -0.469629 0
    outer loop
      vertex 35.3317 23.98 24.49
      vertex 35.4791 24.2571 24
      vertex 35.4791 24.2571 24.49
    endloop
  endfacet
  facet normal 0.882864 -0.469629 0
    outer loop
      vertex 35.4791 24.2571 24
      vertex 35.3317 23.98 24.49
      vertex 35.3317 23.98 24
    endloop
  endfacet
  facet normal 0.20461 -0.978844 0
    outer loop
      vertex 35.4791 24.2571 24
      vertex 35.9618 24.358 24.49
      vertex 35.4791 24.2571 24.49
    endloop
  endfacet
  facet normal 0.20461 -0.978844 0
    outer loop
      vertex 35.9618 24.358 24.49
      vertex 35.4791 24.2571 24
      vertex 35.9618 24.358 24
    endloop
  endfacet
  facet normal -0.102636 -0.994719 0
    outer loop
      vertex 35.9618 24.358 24
      vertex 36.2322 24.3301 24.49
      vertex 35.9618 24.358 24.49
    endloop
  endfacet
  facet normal -0.102636 -0.994719 -0
    outer loop
      vertex 36.2322 24.3301 24.49
      vertex 35.9618 24.358 24
      vertex 36.2322 24.3301 24
    endloop
  endfacet
  facet normal -0.387454 -0.921889 0
    outer loop
      vertex 36.2322 24.3301 24
      vertex 36.4235 24.2497 24.49
      vertex 36.2322 24.3301 24.49
    endloop
  endfacet
  facet normal -0.387454 -0.921889 -0
    outer loop
      vertex 36.4235 24.2497 24.49
      vertex 36.2322 24.3301 24
      vertex 36.4235 24.2497 24
    endloop
  endfacet
  facet normal -0.713991 -0.700154 0
    outer loop
      vertex 36.55 24.1207 24
      vertex 36.4235 24.2497 24.49
      vertex 36.4235 24.2497 24
    endloop
  endfacet
  facet normal -0.713991 -0.700154 0
    outer loop
      vertex 36.4235 24.2497 24.49
      vertex 36.55 24.1207 24
      vertex 36.55 24.1207 24.49
    endloop
  endfacet
  facet normal -0.922537 -0.385908 0
    outer loop
      vertex 36.656 23.8673 24
      vertex 36.55 24.1207 24.49
      vertex 36.55 24.1207 24
    endloop
  endfacet
  facet normal -0.922537 -0.385908 0
    outer loop
      vertex 36.55 24.1207 24.49
      vertex 36.656 23.8673 24
      vertex 36.656 23.8673 24.49
    endloop
  endfacet
  facet normal 0.135079 -0.990835 0
    outer loop
      vertex 36.656 23.8673 24
      vertex 37.5729 23.9923 24.49
      vertex 36.656 23.8673 24.49
    endloop
  endfacet
  facet normal 0.135079 -0.990835 0
    outer loop
      vertex 37.5729 23.9923 24.49
      vertex 36.656 23.8673 24
      vertex 37.5729 23.9923 24
    endloop
  endfacet
  facet normal 0.935277 0.353917 0
    outer loop
      vertex 37.5729 23.9923 24.49
      vertex 37.3689 24.5314 24
      vertex 37.3689 24.5314 24.49
    endloop
  endfacet
  facet normal 0.935277 0.353917 0
    outer loop
      vertex 37.3689 24.5314 24
      vertex 37.5729 23.9923 24.49
      vertex 37.5729 23.9923 24
    endloop
  endfacet
  facet normal 0.709149 0.705059 0
    outer loop
      vertex 37.3689 24.5314 24.49
      vertex 37.0586 24.8435 24
      vertex 37.0586 24.8435 24.49
    endloop
  endfacet
  facet normal 0.709149 0.705059 0
    outer loop
      vertex 37.0586 24.8435 24
      vertex 37.3689 24.5314 24.49
      vertex 37.3689 24.5314 24
    endloop
  endfacet
  facet normal 0.350901 0.936413 -0
    outer loop
      vertex 37.0586 24.8435 24
      vertex 36.598 25.0161 24.49
      vertex 37.0586 24.8435 24.49
    endloop
  endfacet
  facet normal 0.350901 0.936413 0
    outer loop
      vertex 36.598 25.0161 24.49
      vertex 37.0586 24.8435 24
      vertex 36.598 25.0161 24
    endloop
  endfacet
  facet normal 0.0890703 0.996025 -0
    outer loop
      vertex 36.598 25.0161 24
      vertex 35.9729 25.072 24.49
      vertex 36.598 25.0161 24.49
    endloop
  endfacet
  facet normal 0.0890703 0.996025 0
    outer loop
      vertex 35.9729 25.072 24.49
      vertex 36.598 25.0161 24
      vertex 35.9729 25.072 24
    endloop
  endfacet
  facet normal -0.104543 0.99452 0
    outer loop
      vertex 35.9729 25.072 24
      vertex 35.3146 25.0028 24.49
      vertex 35.9729 25.072 24.49
    endloop
  endfacet
  facet normal -0.104543 0.99452 0
    outer loop
      vertex 35.3146 25.0028 24.49
      vertex 35.9729 25.072 24
      vertex 35.3146 25.0028 24
    endloop
  endfacet
  facet normal -0.396767 0.917919 0
    outer loop
      vertex 35.3146 25.0028 24
      vertex 34.8209 24.7894 24.49
      vertex 35.3146 25.0028 24.49
    endloop
  endfacet
  facet normal -0.396767 0.917919 0
    outer loop
      vertex 34.8209 24.7894 24.49
      vertex 35.3146 25.0028 24
      vertex 34.8209 24.7894 24
    endloop
  endfacet
  facet normal -0.754956 0.655775 0
    outer loop
      vertex 34.5108 24.4324 24
      vertex 34.8209 24.7894 24.49
      vertex 34.8209 24.7894 24
    endloop
  endfacet
  facet normal -0.754956 0.655775 0
    outer loop
      vertex 34.8209 24.7894 24.49
      vertex 34.5108 24.4324 24
      vertex 34.5108 24.4324 24.49
    endloop
  endfacet
  facet normal -0.97811 0.208087 0
    outer loop
      vertex 34.4093 23.9553 24
      vertex 34.5108 24.4324 24.49
      vertex 34.5108 24.4324 24
    endloop
  endfacet
  facet normal -0.97811 0.208087 0
    outer loop
      vertex 34.5108 24.4324 24.49
      vertex 34.4093 23.9553 24
      vertex 34.4093 23.9553 24.49
    endloop
  endfacet
  facet normal -0.997638 -0.0686851 0
    outer loop
      vertex 34.4234 23.7505 24
      vertex 34.4093 23.9553 24.49
      vertex 34.4093 23.9553 24
    endloop
  endfacet
  facet normal -0.997638 -0.0686851 0
    outer loop
      vertex 34.4093 23.9553 24.49
      vertex 34.4234 23.7505 24
      vertex 34.4234 23.7505 24.49
    endloop
  endfacet
  facet normal -0.973582 -0.228337 0
    outer loop
      vertex 34.4651 23.5727 24
      vertex 34.4234 23.7505 24.49
      vertex 34.4234 23.7505 24
    endloop
  endfacet
  facet normal -0.973582 -0.228337 0
    outer loop
      vertex 34.4234 23.7505 24.49
      vertex 34.4651 23.5727 24
      vertex 34.4651 23.5727 24.49
    endloop
  endfacet
  facet normal -0.918324 -0.395829 0
    outer loop
      vertex 34.5326 23.4161 24
      vertex 34.4651 23.5727 24.49
      vertex 34.4651 23.5727 24
    endloop
  endfacet
  facet normal -0.918324 -0.395829 0
    outer loop
      vertex 34.4651 23.5727 24.49
      vertex 34.5326 23.4161 24
      vertex 34.5326 23.4161 24.49
    endloop
  endfacet
  facet normal -0.832427 -0.554134 0
    outer loop
      vertex 34.623 23.2803 24
      vertex 34.5326 23.4161 24.49
      vertex 34.5326 23.4161 24
    endloop
  endfacet
  facet normal -0.832427 -0.554134 0
    outer loop
      vertex 34.5326 23.4161 24.49
      vertex 34.623 23.2803 24
      vertex 34.623 23.2803 24.49
    endloop
  endfacet
  facet normal -0.717262 -0.696804 0
    outer loop
      vertex 34.7354 23.1646 24
      vertex 34.623 23.2803 24.49
      vertex 34.623 23.2803 24
    endloop
  endfacet
  facet normal -0.717262 -0.696804 0
    outer loop
      vertex 34.623 23.2803 24.49
      vertex 34.7354 23.1646 24
      vertex 34.7354 23.1646 24.49
    endloop
  endfacet
  facet normal -0.587699 -0.80908 0
    outer loop
      vertex 34.7354 23.1646 24
      vertex 34.8677 23.0685 24.49
      vertex 34.7354 23.1646 24.49
    endloop
  endfacet
  facet normal -0.587699 -0.80908 -0
    outer loop
      vertex 34.8677 23.0685 24.49
      vertex 34.7354 23.1646 24
      vertex 34.8677 23.0685 24
    endloop
  endfacet
  facet normal -0.474064 -0.88049 0
    outer loop
      vertex 34.8677 23.0685 24
      vertex 35.0161 22.9886 24.49
      vertex 34.8677 23.0685 24.49
    endloop
  endfacet
  facet normal -0.474064 -0.88049 -0
    outer loop
      vertex 35.0161 22.9886 24.49
      vertex 34.8677 23.0685 24
      vertex 35.0161 22.9886 24
    endloop
  endfacet
  facet normal -0.38325 -0.923645 0
    outer loop
      vertex 35.0161 22.9886 24
      vertex 35.1795 22.9208 24.49
      vertex 35.0161 22.9886 24.49
    endloop
  endfacet
  facet normal -0.38325 -0.923645 -0
    outer loop
      vertex 35.1795 22.9208 24.49
      vertex 35.0161 22.9886 24
      vertex 35.1795 22.9208 24
    endloop
  endfacet
  facet normal -0.290508 -0.956872 0
    outer loop
      vertex 35.1795 22.9208 24
      vertex 35.4127 22.85 24.49
      vertex 35.1795 22.9208 24.49
    endloop
  endfacet
  facet normal -0.290508 -0.956872 -0
    outer loop
      vertex 35.4127 22.85 24.49
      vertex 35.1795 22.9208 24
      vertex 35.4127 22.85 24
    endloop
  endfacet
  facet normal -0.241705 -0.97035 0
    outer loop
      vertex 35.4127 22.85 24
      vertex 35.77 22.761 24.49
      vertex 35.4127 22.85 24.49
    endloop
  endfacet
  facet normal -0.241705 -0.97035 -0
    outer loop
      vertex 35.77 22.761 24.49
      vertex 35.4127 22.85 24
      vertex 35.77 22.761 24
    endloop
  endfacet
  facet normal -0.218108 -0.975925 0
    outer loop
      vertex 35.77 22.761 24
      vertex 36.1736 22.6708 24.49
      vertex 35.77 22.761 24.49
    endloop
  endfacet
  facet normal -0.218108 -0.975925 -0
    outer loop
      vertex 36.1736 22.6708 24.49
      vertex 35.77 22.761 24
      vertex 36.1736 22.6708 24
    endloop
  endfacet
  facet normal -0.291893 -0.956451 0
    outer loop
      vertex 36.1736 22.6708 24
      vertex 36.4128 22.5978 24.49
      vertex 36.1736 22.6708 24.49
    endloop
  endfacet
  facet normal -0.291893 -0.956451 -0
    outer loop
      vertex 36.4128 22.5978 24.49
      vertex 36.1736 22.6708 24
      vertex 36.4128 22.5978 24
    endloop
  endfacet
  facet normal -0.455248 -0.890364 0
    outer loop
      vertex 36.4128 22.5978 24
      vertex 36.5499 22.5277 24.49
      vertex 36.4128 22.5978 24.49
    endloop
  endfacet
  facet normal -0.455248 -0.890364 -0
    outer loop
      vertex 36.5499 22.5277 24.49
      vertex 36.4128 22.5978 24
      vertex 36.5499 22.5277 24
    endloop
  endfacet
  facet normal -0.641521 -0.767105 0
    outer loop
      vertex 36.5499 22.5277 24
      vertex 36.6458 22.4475 24.49
      vertex 36.5499 22.5277 24.49
    endloop
  endfacet
  facet normal -0.641521 -0.767105 -0
    outer loop
      vertex 36.6458 22.4475 24.49
      vertex 36.5499 22.5277 24
      vertex 36.6458 22.4475 24
    endloop
  endfacet
  facet normal -0.857001 -0.515315 0
    outer loop
      vertex 36.7013 22.3552 24
      vertex 36.6458 22.4475 24.49
      vertex 36.6458 22.4475 24
    endloop
  endfacet
  facet normal -0.857001 -0.515315 0
    outer loop
      vertex 36.6458 22.4475 24.49
      vertex 36.7013 22.3552 24
      vertex 36.7013 22.3552 24.49
    endloop
  endfacet
  facet normal -0.986961 -0.160959 0
    outer loop
      vertex 36.718 22.2528 24
      vertex 36.7013 22.3552 24.49
      vertex 36.7013 22.3552 24
    endloop
  endfacet
  facet normal -0.986961 -0.160959 0
    outer loop
      vertex 36.7013 22.3552 24.49
      vertex 36.718 22.2528 24
      vertex 36.718 22.2528 24.49
    endloop
  endfacet
  facet normal -0.876929 0.480619 0
    outer loop
      vertex 36.5447 21.9366 24
      vertex 36.718 22.2528 24.49
      vertex 36.718 22.2528 24
    endloop
  endfacet
  facet normal -0.876929 0.480619 0
    outer loop
      vertex 36.718 22.2528 24.49
      vertex 36.5447 21.9366 24
      vertex 36.5447 21.9366 24.49
    endloop
  endfacet
  facet normal -0.198651 0.98007 0
    outer loop
      vertex 36.5447 21.9366 24
      vertex 35.9798 21.8221 24.49
      vertex 36.5447 21.9366 24.49
    endloop
  endfacet
  facet normal -0.198651 0.98007 0
    outer loop
      vertex 35.9798 21.8221 24.49
      vertex 36.5447 21.9366 24
      vertex 35.9798 21.8221 24
    endloop
  endfacet
  facet normal 0.0945517 0.99552 -0
    outer loop
      vertex 35.9798 21.8221 24
      vertex 35.6513 21.8533 24.49
      vertex 35.9798 21.8221 24.49
    endloop
  endfacet
  facet normal 0.0945517 0.99552 0
    outer loop
      vertex 35.6513 21.8533 24.49
      vertex 35.9798 21.8221 24
      vertex 35.6513 21.8533 24
    endloop
  endfacet
  facet normal 0.353469 0.935446 -0
    outer loop
      vertex 35.6513 21.8533 24
      vertex 35.411 21.9441 24.49
      vertex 35.6513 21.8533 24.49
    endloop
  endfacet
  facet normal 0.353469 0.935446 0
    outer loop
      vertex 35.411 21.9441 24.49
      vertex 35.6513 21.8533 24
      vertex 35.411 21.9441 24
    endloop
  endfacet
  facet normal 0.684046 0.729439 -0
    outer loop
      vertex 35.411 21.9441 24
      vertex 35.2487 22.0963 24.49
      vertex 35.411 21.9441 24.49
    endloop
  endfacet
  facet normal 0.684046 0.729439 0
    outer loop
      vertex 35.2487 22.0963 24.49
      vertex 35.411 21.9441 24
      vertex 35.2487 22.0963 24
    endloop
  endfacet
  facet normal 0.914419 0.404768 0
    outer loop
      vertex 35.2487 22.0963 24.49
      vertex 35.1171 22.3936 24
      vertex 35.1171 22.3936 24.49
    endloop
  endfacet
  facet normal 0.914419 0.404768 0
    outer loop
      vertex 35.1171 22.3936 24
      vertex 35.2487 22.0963 24.49
      vertex 35.2487 22.0963 24
    endloop
  endfacet
  facet normal -0.16265 0.986684 0
    outer loop
      vertex 35.1171 22.3936 24
      vertex 34.2023 22.2428 24.49
      vertex 35.1171 22.3936 24.49
    endloop
  endfacet
  facet normal -0.16265 0.986684 0
    outer loop
      vertex 34.2023 22.2428 24.49
      vertex 35.1171 22.3936 24
      vertex 34.2023 22.2428 24
    endloop
  endfacet
  facet normal -0.921995 -0.387202 0
    outer loop
      vertex 34.4371 21.6837 24
      vertex 34.2023 22.2428 24.49
      vertex 34.2023 22.2428 24
    endloop
  endfacet
  facet normal -0.921995 -0.387202 0
    outer loop
      vertex 34.2023 22.2428 24.49
      vertex 34.4371 21.6837 24
      vertex 34.4371 21.6837 24.49
    endloop
  endfacet
  facet normal -0.690447 -0.723383 0
    outer loop
      vertex 34.4371 21.6837 24
      vertex 34.7951 21.342 24.49
      vertex 34.4371 21.6837 24.49
    endloop
  endfacet
  facet normal -0.690447 -0.723383 -0
    outer loop
      vertex 34.7951 21.342 24.49
      vertex 34.4371 21.6837 24
      vertex 34.7951 21.342 24
    endloop
  endfacet
  facet normal -0.365715 -0.930727 0
    outer loop
      vertex 34.7951 21.342 24
      vertex 35.3046 21.1418 24.49
      vertex 34.7951 21.342 24.49
    endloop
  endfacet
  facet normal -0.365715 -0.930727 -0
    outer loop
      vertex 35.3046 21.1418 24.49
      vertex 34.7951 21.342 24
      vertex 35.3046 21.1418 24
    endloop
  endfacet
  facet normal -0.0988304 -0.995104 0
    outer loop
      vertex 35.3046 21.1418 24
      vertex 35.9631 21.0764 24.49
      vertex 35.3046 21.1418 24.49
    endloop
  endfacet
  facet normal -0.0988304 -0.995104 -0
    outer loop
      vertex 35.9631 21.0764 24.49
      vertex 35.3046 21.1418 24
      vertex 35.9631 21.0764 24
    endloop
  endfacet
  facet normal 0.10435 -0.994541 0
    outer loop
      vertex 35.9631 21.0764 24
      vertex 36.6741 21.151 24.49
      vertex 35.9631 21.0764 24.49
    endloop
  endfacet
  facet normal 0.10435 -0.994541 0
    outer loop
      vertex 36.6741 21.151 24.49
      vertex 35.9631 21.0764 24
      vertex 36.6741 21.151 24
    endloop
  endfacet
  facet normal 0.397768 -0.917486 0
    outer loop
      vertex 36.6741 21.151 24
      vertex 37.203 21.3803 24.49
      vertex 36.6741 21.151 24.49
    endloop
  endfacet
  facet normal 0.397768 -0.917486 0
    outer loop
      vertex 37.203 21.3803 24.49
      vertex 36.6741 21.151 24
      vertex 37.203 21.3803 24
    endloop
  endfacet
  facet normal 0.758181 -0.652044 0
    outer loop
      vertex 37.203 21.3803 24.49
      vertex 37.5329 21.7639 24
      vertex 37.5329 21.7639 24.49
    endloop
  endfacet
  facet normal 0.758181 -0.652044 0
    outer loop
      vertex 37.5329 21.7639 24
      vertex 37.203 21.3803 24.49
      vertex 37.203 21.3803 24
    endloop
  endfacet
  facet normal 0.978632 -0.205617 0
    outer loop
      vertex 37.5329 21.7639 24.49
      vertex 37.641 22.2784 24
      vertex 37.641 22.2784 24.49
    endloop
  endfacet
  facet normal 0.978632 -0.205617 0
    outer loop
      vertex 37.641 22.2784 24
      vertex 37.5329 21.7639 24.49
      vertex 37.5329 21.7639 24
    endloop
  endfacet
  facet normal 0.996703 0.0811415 0
    outer loop
      vertex 37.641 22.2784 24.49
      vertex 37.6216 22.5167 24
      vertex 37.6216 22.5167 24.49
    endloop
  endfacet
  facet normal 0.996703 0.0811415 0
    outer loop
      vertex 37.6216 22.5167 24
      vertex 37.641 22.2784 24.49
      vertex 37.641 22.2784 24
    endloop
  endfacet
  facet normal 0.963272 0.268529 0
    outer loop
      vertex 37.6216 22.5167 24.49
      vertex 37.5637 22.7244 24
      vertex 37.5637 22.7244 24.49
    endloop
  endfacet
  facet normal 0.963272 0.268529 0
    outer loop
      vertex 37.5637 22.7244 24
      vertex 37.6216 22.5167 24.49
      vertex 37.6216 22.5167 24
    endloop
  endfacet
  facet normal 0.885056 0.465485 0
    outer loop
      vertex 37.5637 22.7244 24.49
      vertex 37.4684 22.9056 24
      vertex 37.4684 22.9056 24.49
    endloop
  endfacet
  facet normal 0.885056 0.465485 0
    outer loop
      vertex 37.4684 22.9056 24
      vertex 37.5637 22.7244 24.49
      vertex 37.5637 22.7244 24
    endloop
  endfacet
  facet normal 0.76378 0.645476 0
    outer loop
      vertex 37.4684 22.9056 24.49
      vertex 37.338 23.0599 24
      vertex 37.338 23.0599 24.49
    endloop
  endfacet
  facet normal 0.76378 0.645476 0
    outer loop
      vertex 37.338 23.0599 24
      vertex 37.4684 22.9056 24.49
      vertex 37.4684 22.9056 24
    endloop
  endfacet
  facet normal 0.603483 0.797376 -0
    outer loop
      vertex 37.338 23.0599 24
      vertex 37.1661 23.19 24.49
      vertex 37.338 23.0599 24.49
    endloop
  endfacet
  facet normal 0.603483 0.797376 0
    outer loop
      vertex 37.1661 23.19 24.49
      vertex 37.338 23.0599 24
      vertex 37.1661 23.19 24
    endloop
  endfacet
  facet normal 0.449819 0.89312 -0
    outer loop
      vertex 37.1661 23.19 24
      vertex 36.9469 23.3004 24.49
      vertex 37.1661 23.19 24.49
    endloop
  endfacet
  facet normal 0.449819 0.89312 0
    outer loop
      vertex 36.9469 23.3004 24.49
      vertex 37.1661 23.19 24
      vertex 36.9469 23.3004 24
    endloop
  endfacet
  facet normal 0.311542 0.950232 -0
    outer loop
      vertex 36.9469 23.3004 24
      vertex 36.6303 23.4042 24.49
      vertex 36.9469 23.3004 24.49
    endloop
  endfacet
  facet normal 0.311542 0.950232 0
    outer loop
      vertex 36.6303 23.4042 24.49
      vertex 36.9469 23.3004 24
      vertex 36.6303 23.4042 24
    endloop
  endfacet
  facet normal 0.231167 0.972914 -0
    outer loop
      vertex 36.6303 23.4042 24
      vertex 36.1665 23.5144 24.49
      vertex 36.6303 23.4042 24.49
    endloop
  endfacet
  facet normal 0.231167 0.972914 0
    outer loop
      vertex 36.1665 23.5144 24.49
      vertex 36.6303 23.4042 24
      vertex 36.1665 23.5144 24
    endloop
  endfacet
  facet normal 0.231656 0.972798 -0
    outer loop
      vertex 36.1665 23.5144 24
      vertex 35.7936 23.6032 24.49
      vertex 36.1665 23.5144 24.49
    endloop
  endfacet
  facet normal 0.231656 0.972798 0
    outer loop
      vertex 35.7936 23.6032 24.49
      vertex 36.1665 23.5144 24
      vertex 35.7936 23.6032 24
    endloop
  endfacet
  facet normal 0.30982 0.950795 -0
    outer loop
      vertex 35.7936 23.6032 24
      vertex 35.5797 23.6729 24.49
      vertex 35.7936 23.6032 24.49
    endloop
  endfacet
  facet normal 0.30982 0.950795 0
    outer loop
      vertex 35.5797 23.6729 24.49
      vertex 35.7936 23.6032 24
      vertex 35.5797 23.6729 24
    endloop
  endfacet
  facet normal 0.97441 -0.224778 0
    outer loop
      vertex 14.2872 22.919 24.49
      vertex 14.4481 23.6165 24
      vertex 14.4481 23.6165 24.49
    endloop
  endfacet
  facet normal 0.97441 -0.224778 0
    outer loop
      vertex 14.4481 23.6165 24
      vertex 14.2872 22.919 24.49
      vertex 14.2872 22.919 24
    endloop
  endfacet
  facet normal 0.979626 -0.200828 0
    outer loop
      vertex 14.4481 23.6165 24.49
      vertex 14.4694 23.7204 24
      vertex 14.4694 23.7204 24.49
    endloop
  endfacet
  facet normal 0.979626 -0.200828 0
    outer loop
      vertex 14.4694 23.7204 24
      vertex 14.4481 23.6165 24.49
      vertex 14.4481 23.6165 24
    endloop
  endfacet
  facet normal -0.976842 -0.213962 0
    outer loop
      vertex 14.5511 23.3474 24
      vertex 14.4694 23.7204 24.49
      vertex 14.4694 23.7204 24
    endloop
  endfacet
  facet normal -0.976842 -0.213962 0
    outer loop
      vertex 14.4694 23.7204 24.49
      vertex 14.5511 23.3474 24
      vertex 14.5511 23.3474 24.49
    endloop
  endfacet
  facet normal -0.973623 -0.228161 0
    outer loop
      vertex 15.0708 21.1297 24
      vertex 14.5511 23.3474 24.49
      vertex 14.5511 23.3474 24
    endloop
  endfacet
  facet normal -0.973623 -0.228161 0
    outer loop
      vertex 14.5511 23.3474 24.49
      vertex 15.0708 21.1297 24
      vertex 15.0708 21.1297 24.49
    endloop
  endfacet
  facet normal 0 -1 0
    outer loop
      vertex 15.0708 21.1297 24
      vertex 16.1218 21.1297 24.49
      vertex 15.0708 21.1297 24.49
    endloop
  endfacet
  facet normal 0 -1 -0
    outer loop
      vertex 16.1218 21.1297 24.49
      vertex 15.0708 21.1297 24
      vertex 16.1218 21.1297 24
    endloop
  endfacet
  facet normal 0.968214 -0.250125 0
    outer loop
      vertex 16.1218 21.1297 24.49
      vertex 17.1258 25.0161 24
      vertex 17.1258 25.0161 24.49
    endloop
  endfacet
  facet normal 0.968214 -0.250125 0
    outer loop
      vertex 17.1258 25.0161 24
      vertex 16.1218 21.1297 24.49
      vertex 16.1218 21.1297 24
    endloop
  endfacet
  facet normal 0 1 -0
    outer loop
      vertex 17.1258 25.0161 24
      vertex 16.1673 25.0161 24.49
      vertex 17.1258 25.0161 24.49
    endloop
  endfacet
  facet normal 0 1 0
    outer loop
      vertex 16.1673 25.0161 24.49
      vertex 17.1258 25.0161 24
      vertex 16.1673 25.0161 24
    endloop
  endfacet
  facet normal -0.977286 0.211924 0
    outer loop
      vertex 15.704 22.8796 24
      vertex 16.1673 25.0161 24.49
      vertex 16.1673 25.0161 24
    endloop
  endfacet
  facet normal -0.977286 0.211924 0
    outer loop
      vertex 16.1673 25.0161 24.49
      vertex 15.704 22.8796 24
      vertex 15.704 22.8796 24.49
    endloop
  endfacet
  facet normal -0.974442 0.22464 0
    outer loop
      vertex 15.5844 22.3608 24
      vertex 15.704 22.8796 24.49
      vertex 15.704 22.8796 24
    endloop
  endfacet
  facet normal -0.974442 0.22464 0
    outer loop
      vertex 15.704 22.8796 24.49
      vertex 15.5844 22.3608 24
      vertex 15.5844 22.3608 24.49
    endloop
  endfacet
  facet normal 0.984885 0.173211 0
    outer loop
      vertex 15.5844 22.3608 24.49
      vertex 15.5414 22.6053 24
      vertex 15.5414 22.6053 24.49
    endloop
  endfacet
  facet normal 0.984885 0.173211 0
    outer loop
      vertex 15.5414 22.6053 24
      vertex 15.5844 22.3608 24.49
      vertex 15.5844 22.3608 24
    endloop
  endfacet
  facet normal 0.979385 0.202002 0
    outer loop
      vertex 15.5414 22.6053 24.49
      vertex 15.4662 22.9699 24
      vertex 15.4662 22.9699 24.49
    endloop
  endfacet
  facet normal 0.979385 0.202002 0
    outer loop
      vertex 15.4662 22.9699 24
      vertex 15.5414 22.6053 24.49
      vertex 15.5414 22.6053 24
    endloop
  endfacet
  facet normal 0.972976 0.230905 0
    outer loop
      vertex 15.4662 22.9699 24.49
      vertex 14.9806 25.0161 24
      vertex 14.9806 25.0161 24.49
    endloop
  endfacet
  facet normal 0.972976 0.230905 0
    outer loop
      vertex 14.9806 25.0161 24
      vertex 15.4662 22.9699 24.49
      vertex 15.4662 22.9699 24
    endloop
  endfacet
  facet normal 0 1 -0
    outer loop
      vertex 14.9806 25.0161 24
      vertex 13.9811 25.0161 24.49
      vertex 14.9806 25.0161 24.49
    endloop
  endfacet
  facet normal 0 1 0
    outer loop
      vertex 13.9811 25.0161 24.49
      vertex 14.9806 25.0161 24
      vertex 13.9811 25.0161 24
    endloop
  endfacet
  facet normal -0.973905 0.226958 0
    outer loop
      vertex 13.606 23.4065 24
      vertex 13.9811 25.0161 24.49
      vertex 13.9811 25.0161 24
    endloop
  endfacet
  facet normal -0.973905 0.226958 0
    outer loop
      vertex 13.9811 25.0161 24.49
      vertex 13.606 23.4065 24
      vertex 13.606 23.4065 24.49
    endloop
  endfacet
  facet normal -0.975399 0.220447 0
    outer loop
      vertex 13.4388 22.6667 24
      vertex 13.606 23.4065 24.49
      vertex 13.606 23.4065 24
    endloop
  endfacet
  facet normal -0.975399 0.220447 0
    outer loop
      vertex 13.606 23.4065 24.49
      vertex 13.4388 22.6667 24
      vertex 13.4388 22.6667 24.49
    endloop
  endfacet
  facet normal -0.979182 0.202986 0
    outer loop
      vertex 13.3718 22.3435 24
      vertex 13.4388 22.6667 24.49
      vertex 13.4388 22.6667 24
    endloop
  endfacet
  facet normal -0.979182 0.202986 0
    outer loop
      vertex 13.4388 22.6667 24.49
      vertex 13.3718 22.3435 24
      vertex 13.3718 22.3435 24.49
    endloop
  endfacet
  facet normal 0.978836 0.204648 0
    outer loop
      vertex 13.3718 22.3435 24.49
      vertex 13.3294 22.5463 24
      vertex 13.3294 22.5463 24.49
    endloop
  endfacet
  facet normal 0.978836 0.204648 0
    outer loop
      vertex 13.3294 22.5463 24
      vertex 13.3718 22.3435 24.49
      vertex 13.3718 22.3435 24
    endloop
  endfacet
  facet normal 0.975788 0.218721 0
    outer loop
      vertex 13.3294 22.5463 24.49
      vertex 12.7758 25.0161 24
      vertex 12.7758 25.0161 24.49
    endloop
  endfacet
  facet normal 0.975788 0.218721 0
    outer loop
      vertex 12.7758 25.0161 24
      vertex 13.3294 22.5463 24.49
      vertex 13.3294 22.5463 24
    endloop
  endfacet
  facet normal 0 1 -0
    outer loop
      vertex 12.7758 25.0161 24
      vertex 11.8177 25.0161 24.49
      vertex 12.7758 25.0161 24.49
    endloop
  endfacet
  facet normal 0 1 0
    outer loop
      vertex 11.8177 25.0161 24.49
      vertex 12.7758 25.0161 24
      vertex 11.8177 25.0161 24
    endloop
  endfacet
  facet normal -0.968376 -0.249494 0
    outer loop
      vertex 12.819 21.1297 24
      vertex 11.8177 25.0161 24.49
      vertex 11.8177 25.0161 24
    endloop
  endfacet
  facet normal -0.968376 -0.249494 0
    outer loop
      vertex 11.8177 25.0161 24.49
      vertex 12.819 21.1297 24
      vertex 12.819 21.1297 24.49
    endloop
  endfacet
  facet normal 0 -1 0
    outer loop
      vertex 12.819 21.1297 24
      vertex 13.8701 21.1297 24.49
      vertex 12.819 21.1297 24.49
    endloop
  endfacet
  facet normal 0 -1 -0
    outer loop
      vertex 13.8701 21.1297 24.49
      vertex 12.819 21.1297 24
      vertex 13.8701 21.1297 24
    endloop
  endfacet
  facet normal 0.97389 -0.227021 0
    outer loop
      vertex 13.8701 21.1297 24.49
      vertex 14.2872 22.919 24
      vertex 14.2872 22.919 24.49
    endloop
  endfacet
  facet normal 0.97389 -0.227021 0
    outer loop
      vertex 14.2872 22.919 24
      vertex 13.8701 21.1297 24.49
      vertex 13.8701 21.1297 24
    endloop
  endfacet
  facet normal 0.223445 -0.974716 0
    outer loop
      vertex 39.1425 21.1052 24
      vertex 39.505 21.1883 24.49
      vertex 39.1425 21.1052 24.49
    endloop
  endfacet
  facet normal 0.223445 -0.974716 0
    outer loop
      vertex 39.505 21.1883 24.49
      vertex 39.1425 21.1052 24
      vertex 39.505 21.1883 24
    endloop
  endfacet
  facet normal 1 -0 0
    outer loop
      vertex 39.505 21.1883 24.49
      vertex 39.505 21.8092 24
      vertex 39.505 21.8092 24.49
    endloop
  endfacet
  facet normal 1 0 0
    outer loop
      vertex 39.505 21.8092 24
      vertex 39.505 21.1883 24.49
      vertex 39.505 21.1883 24
    endloop
  endfacet
  facet normal -0.190465 0.981694 0
    outer loop
      vertex 39.505 21.8092 24
      vertex 39.271 21.7638 24.49
      vertex 39.505 21.8092 24.49
    endloop
  endfacet
  facet normal -0.190465 0.981694 0
    outer loop
      vertex 39.271 21.7638 24.49
      vertex 39.505 21.8092 24
      vertex 39.271 21.7638 24
    endloop
  endfacet
  facet normal -0.0872888 0.996183 0
    outer loop
      vertex 39.271 21.7638 24
      vertex 39.1797 21.7558 24.49
      vertex 39.271 21.7638 24.49
    endloop
  endfacet
  facet normal -0.0872888 0.996183 0
    outer loop
      vertex 39.1797 21.7558 24.49
      vertex 39.271 21.7638 24
      vertex 39.1797 21.7558 24
    endloop
  endfacet
  facet normal 0.169223 0.985578 -0
    outer loop
      vertex 39.1797 21.7558 24
      vertex 39.0638 21.7757 24.49
      vertex 39.1797 21.7558 24.49
    endloop
  endfacet
  facet normal 0.169223 0.985578 0
    outer loop
      vertex 39.0638 21.7757 24.49
      vertex 39.1797 21.7558 24
      vertex 39.0638 21.7757 24
    endloop
  endfacet
  facet normal 0.591815 0.806073 -0
    outer loop
      vertex 39.0638 21.7757 24
      vertex 38.9942 21.8268 24.49
      vertex 39.0638 21.7757 24.49
    endloop
  endfacet
  facet normal 0.591815 0.806073 0
    outer loop
      vertex 38.9942 21.8268 24.49
      vertex 39.0638 21.7757 24
      vertex 38.9942 21.8268 24
    endloop
  endfacet
  facet normal 0.905267 0.424844 0
    outer loop
      vertex 38.9942 21.8268 24.49
      vertex 38.9491 21.9229 24
      vertex 38.9491 21.9229 24.49
    endloop
  endfacet
  facet normal 0.905267 0.424844 0
    outer loop
      vertex 38.9491 21.9229 24
      vertex 38.9942 21.8268 24.49
      vertex 38.9942 21.8268 24
    endloop
  endfacet
  facet normal 0.994023 0.109167 0
    outer loop
      vertex 38.9491 21.9229 24.49
      vertex 38.9311 22.0868 24
      vertex 38.9311 22.0868 24.49
    endloop
  endfacet
  facet normal 0.994023 0.109167 0
    outer loop
      vertex 38.9311 22.0868 24
      vertex 38.9491 21.9229 24.49
      vertex 38.9491 21.9229 24
    endloop
  endfacet
  facet normal 1 -0 0
    outer loop
      vertex 38.9311 22.0868 24.49
      vertex 38.9311 23.4888 24
      vertex 38.9311 23.4888 24.49
    endloop
  endfacet
  facet normal 1 0 0
    outer loop
      vertex 38.9311 23.4888 24
      vertex 38.9311 22.0868 24.49
      vertex 38.9311 22.0868 24
    endloop
  endfacet
  facet normal 0 -1 0
    outer loop
      vertex 38.9311 23.4888 24
      vertex 39.4733 23.4888 24.49
      vertex 38.9311 23.4888 24.49
    endloop
  endfacet
  facet normal 0 -1 -0
    outer loop
      vertex 39.4733 23.4888 24.49
      vertex 38.9311 23.4888 24
      vertex 39.4733 23.4888 24
    endloop
  endfacet
  facet normal 1 -0 0
    outer loop
      vertex 39.4733 23.4888 24.49
      vertex 39.4733 24.1513 24
      vertex 39.4733 24.1513 24.49
    endloop
  endfacet
  facet normal 1 0 0
    outer loop
      vertex 39.4733 24.1513 24
      vertex 39.4733 23.4888 24.49
      vertex 39.4733 23.4888 24
    endloop
  endfacet
  facet normal 0 1 -0
    outer loop
      vertex 39.4733 24.1513 24
      vertex 38.9311 24.1513 24.49
      vertex 39.4733 24.1513 24.49
    endloop
  endfacet
  facet normal 0 1 0
    outer loop
      vertex 38.9311 24.1513 24.49
      vertex 39.4733 24.1513 24
      vertex 38.9311 24.1513 24
    endloop
  endfacet
  facet normal 1 -0 0
    outer loop
      vertex 38.9311 24.1513 24.49
      vertex 38.9311 24.823 24
      vertex 38.9311 24.823 24.49
    endloop
  endfacet
  facet normal 1 0 0
    outer loop
      vertex 38.9311 24.823 24
      vertex 38.9311 24.1513 24.49
      vertex 38.9311 24.1513 24
    endloop
  endfacet
  facet normal 0 1 -0
    outer loop
      vertex 38.9311 24.823 24
      vertex 38.3287 24.823 24.49
      vertex 38.9311 24.823 24.49
    endloop
  endfacet
  facet normal 0 1 0
    outer loop
      vertex 38.3287 24.823 24.49
      vertex 38.9311 24.823 24
      vertex 38.3287 24.823 24
    endloop
  endfacet
  facet normal -0.944904 0.327347 0
    outer loop
      vertex 38.096 24.1513 24
      vertex 38.3287 24.823 24.49
      vertex 38.3287 24.823 24
    endloop
  endfacet
  facet normal -0.944904 0.327347 0
    outer loop
      vertex 38.3287 24.823 24.49
      vertex 38.096 24.1513 24
      vertex 38.096 24.1513 24.49
    endloop
  endfacet
  facet normal 0 1 -0
    outer loop
      vertex 38.096 24.1513 24
      vertex 37.6736 24.1513 24.49
      vertex 38.096 24.1513 24.49
    endloop
  endfacet
  facet normal 0 1 0
    outer loop
      vertex 37.6736 24.1513 24.49
      vertex 38.096 24.1513 24
      vertex 37.6736 24.1513 24
    endloop
  endfacet
  facet normal -1 0 0
    outer loop
      vertex 37.6736 23.4888 24
      vertex 37.6736 24.1513 24.49
      vertex 37.6736 24.1513 24
    endloop
  endfacet
  facet normal -1 -0 0
    outer loop
      vertex 37.6736 24.1513 24.49
      vertex 37.6736 23.4888 24
      vertex 37.6736 23.4888 24.49
    endloop
  endfacet
  facet normal 0 -1 0
    outer loop
      vertex 37.6736 23.4888 24
      vertex 38.0359 23.4888 24.49
      vertex 37.6736 23.4888 24.49
    endloop
  endfacet
  facet normal 0 -1 -0
    outer loop
      vertex 38.0359 23.4888 24.49
      vertex 37.6736 23.4888 24
      vertex 38.0359 23.4888 24
    endloop
  endfacet
  facet normal -1 0 0
    outer loop
      vertex 38.0359 21.8759 24
      vertex 38.0359 23.4888 24.49
      vertex 38.0359 23.4888 24
    endloop
  endfacet
  facet normal -1 -0 0
    outer loop
      vertex 38.0359 23.4888 24.49
      vertex 38.0359 21.8759 24
      vertex 38.0359 21.8759 24.49
    endloop
  endfacet
  facet normal -0.990339 -0.138671 0
    outer loop
      vertex 38.0832 21.5381 24
      vertex 38.0359 21.8759 24.49
      vertex 38.0359 21.8759 24
    endloop
  endfacet
  facet normal -0.990339 -0.138671 0
    outer loop
      vertex 38.0359 21.8759 24.49
      vertex 38.0832 21.5381 24
      vertex 38.0832 21.5381 24.49
    endloop
  endfacet
  facet normal -0.860543 -0.509377 0
    outer loop
      vertex 38.2342 21.283 24
      vertex 38.0832 21.5381 24.49
      vertex 38.0832 21.5381 24
    endloop
  endfacet
  facet normal -0.860543 -0.509377 0
    outer loop
      vertex 38.0832 21.5381 24.49
      vertex 38.2342 21.283 24
      vertex 38.2342 21.283 24.49
    endloop
  endfacet
  facet normal -0.528817 -0.848736 0
    outer loop
      vertex 38.2342 21.283 24
      vertex 38.4796 21.1301 24.49
      vertex 38.2342 21.283 24.49
    endloop
  endfacet
  facet normal -0.528817 -0.848736 -0
    outer loop
      vertex 38.4796 21.1301 24.49
      vertex 38.2342 21.283 24
      vertex 38.4796 21.1301 24
    endloop
  endfacet
  facet normal -0.151774 -0.988415 0
    outer loop
      vertex 38.4796 21.1301 24
      vertex 38.7948 21.0817 24.49
      vertex 38.4796 21.1301 24.49
    endloop
  endfacet
  facet normal -0.151774 -0.988415 -0
    outer loop
      vertex 38.7948 21.0817 24.49
      vertex 38.4796 21.1301 24
      vertex 38.7948 21.0817 24
    endloop
  endfacet
  facet normal 0.0674332 -0.997724 0
    outer loop
      vertex 38.7948 21.0817 24
      vertex 39.1425 21.1052 24.49
      vertex 38.7948 21.0817 24.49
    endloop
  endfacet
  facet normal 0.0674332 -0.997724 0
    outer loop
      vertex 39.1425 21.1052 24.49
      vertex 38.7948 21.0817 24
      vertex 39.1425 21.1052 24
    endloop
  endfacet
  facet normal 0.223445 -0.974716 0
    outer loop
      vertex 43.8459 21.1052 24
      vertex 44.2084 21.1883 24.49
      vertex 43.8459 21.1052 24.49
    endloop
  endfacet
  facet normal 0.223445 -0.974716 0
    outer loop
      vertex 44.2084 21.1883 24.49
      vertex 43.8459 21.1052 24
      vertex 44.2084 21.1883 24
    endloop
  endfacet
  facet normal 1 -0 0
    outer loop
      vertex 44.2084 21.1883 24.49
      vertex 44.2084 21.8092 24
      vertex 44.2084 21.8092 24.49
    endloop
  endfacet
  facet normal 1 0 0
    outer loop
      vertex 44.2084 21.8092 24
      vertex 44.2084 21.1883 24.49
      vertex 44.2084 21.1883 24
    endloop
  endfacet
  facet normal -0.190465 0.981694 0
    outer loop
      vertex 44.2084 21.8092 24
      vertex 43.9744 21.7638 24.49
      vertex 44.2084 21.8092 24.49
    endloop
  endfacet
  facet normal -0.190465 0.981694 0
    outer loop
      vertex 43.9744 21.7638 24.49
      vertex 44.2084 21.8092 24
      vertex 43.9744 21.7638 24
    endloop
  endfacet
  facet normal -0.0872888 0.996183 0
    outer loop
      vertex 43.9744 21.7638 24
      vertex 43.8831 21.7558 24.49
      vertex 43.9744 21.7638 24.49
    endloop
  endfacet
  facet normal -0.0872888 0.996183 0
    outer loop
      vertex 43.8831 21.7558 24.49
      vertex 43.9744 21.7638 24
      vertex 43.8831 21.7558 24
    endloop
  endfacet
  facet normal 0.169223 0.985578 -0
    outer loop
      vertex 43.8831 21.7558 24
      vertex 43.7672 21.7757 24.49
      vertex 43.8831 21.7558 24.49
    endloop
  endfacet
  facet normal 0.169223 0.985578 0
    outer loop
      vertex 43.7672 21.7757 24.49
      vertex 43.8831 21.7558 24
      vertex 43.7672 21.7757 24
    endloop
  endfacet
  facet normal 0.591815 0.806073 -0
    outer loop
      vertex 43.7672 21.7757 24
      vertex 43.6976 21.8268 24.49
      vertex 43.7672 21.7757 24.49
    endloop
  endfacet
  facet normal 0.591815 0.806073 0
    outer loop
      vertex 43.6976 21.8268 24.49
      vertex 43.7672 21.7757 24
      vertex 43.6976 21.8268 24
    endloop
  endfacet
  facet normal 0.904904 0.425616 0
    outer loop
      vertex 43.6976 21.8268 24.49
      vertex 43.6524 21.9229 24
      vertex 43.6524 21.9229 24.49
    endloop
  endfacet
  facet normal 0.904904 0.425616 0
    outer loop
      vertex 43.6524 21.9229 24
      vertex 43.6976 21.8268 24.49
      vertex 43.6976 21.8268 24
    endloop
  endfacet
  facet normal 0.994089 0.108567 0
    outer loop
      vertex 43.6524 21.9229 24.49
      vertex 43.6345 22.0868 24
      vertex 43.6345 22.0868 24.49
    endloop
  endfacet
  facet normal 0.994089 0.108567 0
    outer loop
      vertex 43.6345 22.0868 24
      vertex 43.6524 21.9229 24.49
      vertex 43.6524 21.9229 24
    endloop
  endfacet
  facet normal 1 -0 0
    outer loop
      vertex 43.6345 22.0868 24.49
      vertex 43.6345 23.4888 24
      vertex 43.6345 23.4888 24.49
    endloop
  endfacet
  facet normal 1 0 0
    outer loop
      vertex 43.6345 23.4888 24
      vertex 43.6345 22.0868 24.49
      vertex 43.6345 22.0868 24
    endloop
  endfacet
  facet normal 0 -1 0
    outer loop
      vertex 43.6345 23.4888 24
      vertex 44.1767 23.4888 24.49
      vertex 43.6345 23.4888 24.49
    endloop
  endfacet
  facet normal 0 -1 -0
    outer loop
      vertex 44.1767 23.4888 24.49
      vertex 43.6345 23.4888 24
      vertex 44.1767 23.4888 24
    endloop
  endfacet
  facet normal 1 -0 0
    outer loop
      vertex 44.1767 23.4888 24.49
      vertex 44.1767 24.1513 24
      vertex 44.1767 24.1513 24.49
    endloop
  endfacet
  facet normal 1 0 0
    outer loop
      vertex 44.1767 24.1513 24
      vertex 44.1767 23.4888 24.49
      vertex 44.1767 23.4888 24
    endloop
  endfacet
  facet normal 0 1 -0
    outer loop
      vertex 44.1767 24.1513 24
      vertex 43.6345 24.1513 24.49
      vertex 44.1767 24.1513 24.49
    endloop
  endfacet
  facet normal 0 1 0
    outer loop
      vertex 43.6345 24.1513 24.49
      vertex 44.1767 24.1513 24
      vertex 43.6345 24.1513 24
    endloop
  endfacet
  facet normal 1 -0 0
    outer loop
      vertex 43.6345 24.1513 24.49
      vertex 43.6345 24.823 24
      vertex 43.6345 24.823 24.49
    endloop
  endfacet
  facet normal 1 0 0
    outer loop
      vertex 43.6345 24.823 24
      vertex 43.6345 24.1513 24.49
      vertex 43.6345 24.1513 24
    endloop
  endfacet
  facet normal 0 1 -0
    outer loop
      vertex 43.6345 24.823 24
      vertex 43.0321 24.823 24.49
      vertex 43.6345 24.823 24.49
    endloop
  endfacet
  facet normal 0 1 0
    outer loop
      vertex 43.0321 24.823 24.49
      vertex 43.6345 24.823 24
      vertex 43.0321 24.823 24
    endloop
  endfacet
  facet normal -0.944904 0.327347 0
    outer loop
      vertex 42.7994 24.1513 24
      vertex 43.0321 24.823 24.49
      vertex 43.0321 24.823 24
    endloop
  endfacet
  facet normal -0.944904 0.327347 0
    outer loop
      vertex 43.0321 24.823 24.49
      vertex 42.7994 24.1513 24
      vertex 42.7994 24.1513 24.49
    endloop
  endfacet
  facet normal 0 1 -0
    outer loop
      vertex 42.7994 24.1513 24
      vertex 42.377 24.1513 24.49
      vertex 42.7994 24.1513 24.49
    endloop
  endfacet
  facet normal 0 1 0
    outer loop
      vertex 42.377 24.1513 24.49
      vertex 42.7994 24.1513 24
      vertex 42.377 24.1513 24
    endloop
  endfacet
  facet normal -1 0 0
    outer loop
      vertex 42.377 23.4888 24
      vertex 42.377 24.1513 24.49
      vertex 42.377 24.1513 24
    endloop
  endfacet
  facet normal -1 -0 0
    outer loop
      vertex 42.377 24.1513 24.49
      vertex 42.377 23.4888 24
      vertex 42.377 23.4888 24.49
    endloop
  endfacet
  facet normal 0 -1 0
    outer loop
      vertex 42.377 23.4888 24
      vertex 42.7393 23.4888 24.49
      vertex 42.377 23.4888 24.49
    endloop
  endfacet
  facet normal 0 -1 -0
    outer loop
      vertex 42.7393 23.4888 24.49
      vertex 42.377 23.4888 24
      vertex 42.7393 23.4888 24
    endloop
  endfacet
  facet normal -1 0 0
    outer loop
      vertex 42.7393 21.8759 24
      vertex 42.7393 23.4888 24.49
      vertex 42.7393 23.4888 24
    endloop
  endfacet
  facet normal -1 -0 0
    outer loop
      vertex 42.7393 23.4888 24.49
      vertex 42.7393 21.8759 24
      vertex 42.7393 21.8759 24.49
    endloop
  endfacet
  facet normal -0.990339 -0.138671 0
    outer loop
      vertex 42.7866 21.5381 24
      vertex 42.7393 21.8759 24.49
      vertex 42.7393 21.8759 24
    endloop
  endfacet
  facet normal -0.990339 -0.138671 0
    outer loop
      vertex 42.7393 21.8759 24.49
      vertex 42.7866 21.5381 24
      vertex 42.7866 21.5381 24.49
    endloop
  endfacet
  facet normal -0.860543 -0.509377 0
    outer loop
      vertex 42.9376 21.283 24
      vertex 42.7866 21.5381 24.49
      vertex 42.7866 21.5381 24
    endloop
  endfacet
  facet normal -0.860543 -0.509377 0
    outer loop
      vertex 42.7866 21.5381 24.49
      vertex 42.9376 21.283 24
      vertex 42.9376 21.283 24.49
    endloop
  endfacet
  facet normal -0.528817 -0.848736 0
    outer loop
      vertex 42.9376 21.283 24
      vertex 43.183 21.1301 24.49
      vertex 42.9376 21.283 24.49
    endloop
  endfacet
  facet normal -0.528817 -0.848736 -0
    outer loop
      vertex 43.183 21.1301 24.49
      vertex 42.9376 21.283 24
      vertex 43.183 21.1301 24
    endloop
  endfacet
  facet normal -0.151774 -0.988415 0
    outer loop
      vertex 43.183 21.1301 24
      vertex 43.4982 21.0817 24.49
      vertex 43.183 21.1301 24.49
    endloop
  endfacet
  facet normal -0.151774 -0.988415 -0
    outer loop
      vertex 43.4982 21.0817 24.49
      vertex 43.183 21.1301 24
      vertex 43.4982 21.0817 24
    endloop
  endfacet
  facet normal 0.0674332 -0.997724 0
    outer loop
      vertex 43.4982 21.0817 24
      vertex 43.8459 21.1052 24.49
      vertex 43.4982 21.0817 24.49
    endloop
  endfacet
  facet normal 0.0674332 -0.997724 0
    outer loop
      vertex 43.8459 21.1052 24.49
      vertex 43.4982 21.0817 24
      vertex 43.8459 21.1052 24
    endloop
  endfacet
  facet normal 0.223445 -0.974716 0
    outer loop
      vertex 24.1516 21.1052 24
      vertex 24.5141 21.1883 24.49
      vertex 24.1516 21.1052 24.49
    endloop
  endfacet
  facet normal 0.223445 -0.974716 0
    outer loop
      vertex 24.5141 21.1883 24.49
      vertex 24.1516 21.1052 24
      vertex 24.5141 21.1883 24
    endloop
  endfacet
  facet normal 1 -0 0
    outer loop
      vertex 24.5141 21.1883 24.49
      vertex 24.5141 21.8092 24
      vertex 24.5141 21.8092 24.49
    endloop
  endfacet
  facet normal 1 0 0
    outer loop
      vertex 24.5141 21.8092 24
      vertex 24.5141 21.1883 24.49
      vertex 24.5141 21.1883 24
    endloop
  endfacet
  facet normal -0.190465 0.981694 0
    outer loop
      vertex 24.5141 21.8092 24
      vertex 24.2801 21.7638 24.49
      vertex 24.5141 21.8092 24.49
    endloop
  endfacet
  facet normal -0.190465 0.981694 0
    outer loop
      vertex 24.2801 21.7638 24.49
      vertex 24.5141 21.8092 24
      vertex 24.2801 21.7638 24
    endloop
  endfacet
  facet normal -0.0872888 0.996183 0
    outer loop
      vertex 24.2801 21.7638 24
      vertex 24.1888 21.7558 24.49
      vertex 24.2801 21.7638 24.49
    endloop
  endfacet
  facet normal -0.0872888 0.996183 0
    outer loop
      vertex 24.1888 21.7558 24.49
      vertex 24.2801 21.7638 24
      vertex 24.1888 21.7558 24
    endloop
  endfacet
  facet normal 0.169082 0.985602 -0
    outer loop
      vertex 24.1888 21.7558 24
      vertex 24.0728 21.7757 24.49
      vertex 24.1888 21.7558 24.49
    endloop
  endfacet
  facet normal 0.169082 0.985602 0
    outer loop
      vertex 24.0728 21.7757 24.49
      vertex 24.1888 21.7558 24
      vertex 24.0728 21.7757 24
    endloop
  endfacet
  facet normal 0.592368 0.805667 -0
    outer loop
      vertex 24.0728 21.7757 24
      vertex 24.0033 21.8268 24.49
      vertex 24.0728 21.7757 24.49
    endloop
  endfacet
  facet normal 0.592368 0.805667 0
    outer loop
      vertex 24.0033 21.8268 24.49
      vertex 24.0728 21.7757 24
      vertex 24.0033 21.8268 24
    endloop
  endfacet
  facet normal 0.904904 0.425616 0
    outer loop
      vertex 24.0033 21.8268 24.49
      vertex 23.9581 21.9229 24
      vertex 23.9581 21.9229 24.49
    endloop
  endfacet
  facet normal 0.904904 0.425616 0
    outer loop
      vertex 23.9581 21.9229 24
      vertex 24.0033 21.8268 24.49
      vertex 24.0033 21.8268 24
    endloop
  endfacet
  facet normal 0.994089 0.108567 0
    outer loop
      vertex 23.9581 21.9229 24.49
      vertex 23.9402 22.0868 24
      vertex 23.9402 22.0868 24.49
    endloop
  endfacet
  facet normal 0.994089 0.108567 0
    outer loop
      vertex 23.9402 22.0868 24
      vertex 23.9581 21.9229 24.49
      vertex 23.9581 21.9229 24
    endloop
  endfacet
  facet normal 1 -0 0
    outer loop
      vertex 23.9402 22.0868 24.49
      vertex 23.9402 23.4888 24
      vertex 23.9402 23.4888 24.49
    endloop
  endfacet
  facet normal 1 0 0
    outer loop
      vertex 23.9402 23.4888 24
      vertex 23.9402 22.0868 24.49
      vertex 23.9402 22.0868 24
    endloop
  endfacet
  facet normal 0 -1 0
    outer loop
      vertex 23.9402 23.4888 24
      vertex 24.4823 23.4888 24.49
      vertex 23.9402 23.4888 24.49
    endloop
  endfacet
  facet normal 0 -1 -0
    outer loop
      vertex 24.4823 23.4888 24.49
      vertex 23.9402 23.4888 24
      vertex 24.4823 23.4888 24
    endloop
  endfacet
  facet normal 1 -0 0
    outer loop
      vertex 24.4823 23.4888 24.49
      vertex 24.4823 24.1513 24
      vertex 24.4823 24.1513 24.49
    endloop
  endfacet
  facet normal 1 0 0
    outer loop
      vertex 24.4823 24.1513 24
      vertex 24.4823 23.4888 24.49
      vertex 24.4823 23.4888 24
    endloop
  endfacet
  facet normal 0 1 -0
    outer loop
      vertex 24.4823 24.1513 24
      vertex 23.9402 24.1513 24.49
      vertex 24.4823 24.1513 24.49
    endloop
  endfacet
  facet normal 0 1 0
    outer loop
      vertex 23.9402 24.1513 24.49
      vertex 24.4823 24.1513 24
      vertex 23.9402 24.1513 24
    endloop
  endfacet
  facet normal 1 -0 0
    outer loop
      vertex 23.9402 24.1513 24.49
      vertex 23.9402 24.823 24
      vertex 23.9402 24.823 24.49
    endloop
  endfacet
  facet normal 1 0 0
    outer loop
      vertex 23.9402 24.823 24
      vertex 23.9402 24.1513 24.49
      vertex 23.9402 24.1513 24
    endloop
  endfacet
  facet normal 0 1 -0
    outer loop
      vertex 23.9402 24.823 24
      vertex 23.3378 24.823 24.49
      vertex 23.9402 24.823 24.49
    endloop
  endfacet
  facet normal 0 1 0
    outer loop
      vertex 23.3378 24.823 24.49
      vertex 23.9402 24.823 24
      vertex 23.3378 24.823 24
    endloop
  endfacet
  facet normal -0.944861 0.327473 0
    outer loop
      vertex 23.105 24.1513 24
      vertex 23.3378 24.823 24.49
      vertex 23.3378 24.823 24
    endloop
  endfacet
  facet normal -0.944861 0.327473 0
    outer loop
      vertex 23.3378 24.823 24.49
      vertex 23.105 24.1513 24
      vertex 23.105 24.1513 24.49
    endloop
  endfacet
  facet normal 0 1 -0
    outer loop
      vertex 23.105 24.1513 24
      vertex 22.6826 24.1513 24.49
      vertex 23.105 24.1513 24.49
    endloop
  endfacet
  facet normal 0 1 0
    outer loop
      vertex 22.6826 24.1513 24.49
      vertex 23.105 24.1513 24
      vertex 22.6826 24.1513 24
    endloop
  endfacet
  facet normal -1 0 0
    outer loop
      vertex 22.6826 23.4888 24
      vertex 22.6826 24.1513 24.49
      vertex 22.6826 24.1513 24
    endloop
  endfacet
  facet normal -1 -0 0
    outer loop
      vertex 22.6826 24.1513 24.49
      vertex 22.6826 23.4888 24
      vertex 22.6826 23.4888 24.49
    endloop
  endfacet
  facet normal 0 -1 0
    outer loop
      vertex 22.6826 23.4888 24
      vertex 23.045 23.4888 24.49
      vertex 22.6826 23.4888 24.49
    endloop
  endfacet
  facet normal 0 -1 -0
    outer loop
      vertex 23.045 23.4888 24.49
      vertex 22.6826 23.4888 24
      vertex 23.045 23.4888 24
    endloop
  endfacet
  facet normal -1 0 0
    outer loop
      vertex 23.045 21.8759 24
      vertex 23.045 23.4888 24.49
      vertex 23.045 23.4888 24
    endloop
  endfacet
  facet normal -1 -0 0
    outer loop
      vertex 23.045 23.4888 24.49
      vertex 23.045 21.8759 24
      vertex 23.045 21.8759 24.49
    endloop
  endfacet
  facet normal -0.990379 -0.138383 0
    outer loop
      vertex 23.0922 21.5381 24
      vertex 23.045 21.8759 24.49
      vertex 23.045 21.8759 24
    endloop
  endfacet
  facet normal -0.990379 -0.138383 0
    outer loop
      vertex 23.045 21.8759 24.49
      vertex 23.0922 21.5381 24
      vertex 23.0922 21.5381 24.49
    endloop
  endfacet
  facet normal -0.860396 -0.509627 0
    outer loop
      vertex 23.2433 21.283 24
      vertex 23.0922 21.5381 24.49
      vertex 23.0922 21.5381 24
    endloop
  endfacet
  facet normal -0.860396 -0.509627 0
    outer loop
      vertex 23.0922 21.5381 24.49
      vertex 23.2433 21.283 24
      vertex 23.2433 21.283 24.49
    endloop
  endfacet
  facet normal -0.528972 -0.848639 0
    outer loop
      vertex 23.2433 21.283 24
      vertex 23.4886 21.1301 24.49
      vertex 23.2433 21.283 24.49
    endloop
  endfacet
  facet normal -0.528972 -0.848639 -0
    outer loop
      vertex 23.4886 21.1301 24.49
      vertex 23.2433 21.283 24
      vertex 23.4886 21.1301 24
    endloop
  endfacet
  facet normal -0.151774 -0.988415 0
    outer loop
      vertex 23.4886 21.1301 24
      vertex 23.8038 21.0817 24.49
      vertex 23.4886 21.1301 24.49
    endloop
  endfacet
  facet normal -0.151774 -0.988415 -0
    outer loop
      vertex 23.8038 21.0817 24.49
      vertex 23.4886 21.1301 24
      vertex 23.8038 21.0817 24
    endloop
  endfacet
  facet normal 0.0674139 -0.997725 0
    outer loop
      vertex 23.8038 21.0817 24
      vertex 24.1516 21.1052 24.49
      vertex 23.8038 21.0817 24.49
    endloop
  endfacet
  facet normal 0.0674139 -0.997725 0
    outer loop
      vertex 24.1516 21.1052 24.49
      vertex 23.8038 21.0817 24
      vertex 24.1516 21.1052 24
    endloop
  endfacet
  facet normal 0.992239 -0.124348 0
    outer loop
      vertex 50.0546 22.7387 24.49
      vertex 50.0937 23.0507 24
      vertex 50.0937 23.0507 24.49
    endloop
  endfacet
  facet normal 0.992239 -0.124348 0
    outer loop
      vertex 50.0937 23.0507 24
      vertex 50.0546 22.7387 24.49
      vertex 50.0546 22.7387 24
    endloop
  endfacet
  facet normal 0.90518 -0.425028 0
    outer loop
      vertex 50.0937 23.0507 24.49
      vertex 50.2055 23.2888 24
      vertex 50.2055 23.2888 24.49
    endloop
  endfacet
  facet normal 0.90518 -0.425028 0
    outer loop
      vertex 50.2055 23.2888 24
      vertex 50.0937 23.0507 24.49
      vertex 50.0937 23.0507 24
    endloop
  endfacet
  facet normal 0.671775 -0.740756 0
    outer loop
      vertex 50.2055 23.2888 24
      vertex 50.3698 23.4378 24.49
      vertex 50.2055 23.2888 24.49
    endloop
  endfacet
  facet normal 0.671775 -0.740756 0
    outer loop
      vertex 50.3698 23.4378 24.49
      vertex 50.2055 23.2888 24
      vertex 50.3698 23.4378 24
    endloop
  endfacet
  facet normal 0.231284 -0.972886 0
    outer loop
      vertex 50.3698 23.4378 24
      vertex 50.5654 23.4843 24.49
      vertex 50.3698 23.4378 24.49
    endloop
  endfacet
  facet normal 0.231284 -0.972886 0
    outer loop
      vertex 50.5654 23.4843 24.49
      vertex 50.3698 23.4378 24
      vertex 50.5654 23.4843 24
    endloop
  endfacet
  facet normal -0.441756 -0.897135 0
    outer loop
      vertex 50.5654 23.4843 24
      vertex 50.8881 23.3254 24.49
      vertex 50.5654 23.4843 24.49
    endloop
  endfacet
  facet normal -0.441756 -0.897135 -0
    outer loop
      vertex 50.8881 23.3254 24.49
      vertex 50.5654 23.4843 24
      vertex 50.8881 23.3254 24
    endloop
  endfacet
  facet normal -0.975466 -0.220151 0
    outer loop
      vertex 51.0053 22.8061 24
      vertex 50.8881 23.3254 24.49
      vertex 50.8881 23.3254 24
    endloop
  endfacet
  facet normal -0.975466 -0.220151 0
    outer loop
      vertex 50.8881 23.3254 24.49
      vertex 51.0053 22.8061 24
      vertex 51.0053 22.8061 24.49
    endloop
  endfacet
  facet normal -1 0 0
    outer loop
      vertex 51.0053 21.1297 24
      vertex 51.0053 22.8061 24.49
      vertex 51.0053 22.8061 24
    endloop
  endfacet
  facet normal -1 -0 0
    outer loop
      vertex 51.0053 22.8061 24.49
      vertex 51.0053 21.1297 24
      vertex 51.0053 21.1297 24.49
    endloop
  endfacet
  facet normal 0 -1 0
    outer loop
      vertex 51.0053 21.1297 24
      vertex 51.9058 21.1297 24.49
      vertex 51.0053 21.1297 24.49
    endloop
  endfacet
  facet normal 0 -1 -0
    outer loop
      vertex 51.9058 21.1297 24.49
      vertex 51.0053 21.1297 24
      vertex 51.9058 21.1297 24
    endloop
  endfacet
  facet normal 1 -0 0
    outer loop
      vertex 51.9058 21.1297 24.49
      vertex 51.9058 23.0317 24
      vertex 51.9058 23.0317 24.49
    endloop
  endfacet
  facet normal 1 0 0
    outer loop
      vertex 51.9058 23.0317 24
      vertex 51.9058 21.1297 24.49
      vertex 51.9058 21.1297 24
    endloop
  endfacet
  facet normal 0.991897 0.127048 0
    outer loop
      vertex 51.9058 23.0317 24.49
      vertex 51.8425 23.5259 24
      vertex 51.8425 23.5259 24.49
    endloop
  endfacet
  facet normal 0.991897 0.127048 0
    outer loop
      vertex 51.8425 23.5259 24
      vertex 51.9058 23.0317 24.49
      vertex 51.9058 23.0317 24
    endloop
  endfacet
  facet normal 0.884006 0.467476 0
    outer loop
      vertex 51.8425 23.5259 24.49
      vertex 51.6443 23.9007 24
      vertex 51.6443 23.9007 24.49
    endloop
  endfacet
  facet normal 0.884006 0.467476 0
    outer loop
      vertex 51.6443 23.9007 24
      vertex 51.8425 23.5259 24.49
      vertex 51.8425 23.5259 24
    endloop
  endfacet
  facet normal 0.578849 0.815435 -0
    outer loop
      vertex 51.6443 23.9007 24
      vertex 51.3179 24.1324 24.49
      vertex 51.6443 23.9007 24.49
    endloop
  endfacet
  facet normal 0.578849 0.815435 0
    outer loop
      vertex 51.3179 24.1324 24.49
      vertex 51.6443 23.9007 24
      vertex 51.3179 24.1324 24
    endloop
  endfacet
  facet normal 0.171832 0.985126 -0
    outer loop
      vertex 51.3179 24.1324 24
      vertex 50.8862 24.2077 24.49
      vertex 51.3179 24.1324 24.49
    endloop
  endfacet
  facet normal 0.171832 0.985126 0
    outer loop
      vertex 50.8862 24.2077 24.49
      vertex 51.3179 24.1324 24
      vertex 50.8862 24.2077 24
    endloop
  endfacet
  facet normal -0.125654 0.992074 0
    outer loop
      vertex 50.8862 24.2077 24
      vertex 50.5696 24.1676 24.49
      vertex 50.8862 24.2077 24.49
    endloop
  endfacet
  facet normal -0.125654 0.992074 0
    outer loop
      vertex 50.5696 24.1676 24.49
      vertex 50.8862 24.2077 24
      vertex 50.5696 24.1676 24
    endloop
  endfacet
  facet normal -0.407166 0.913354 0
    outer loop
      vertex 50.5696 24.1676 24
      vertex 50.2975 24.0463 24.49
      vertex 50.5696 24.1676 24.49
    endloop
  endfacet
  facet normal -0.407166 0.913354 0
    outer loop
      vertex 50.2975 24.0463 24.49
      vertex 50.5696 24.1676 24
      vertex 50.2975 24.0463 24
    endloop
  endfacet
  facet normal -0.679692 0.733497 0
    outer loop
      vertex 50.2975 24.0463 24
      vertex 50.0712 23.8366 24.49
      vertex 50.2975 24.0463 24.49
    endloop
  endfacet
  facet normal -0.679692 0.733497 0
    outer loop
      vertex 50.0712 23.8366 24.49
      vertex 50.2975 24.0463 24
      vertex 50.0712 23.8366 24
    endloop
  endfacet
  facet normal -0.857305 0.514809 0
    outer loop
      vertex 50.0228 23.756 24
      vertex 50.0712 23.8366 24.49
      vertex 50.0712 23.8366 24
    endloop
  endfacet
  facet normal -0.857305 0.514809 0
    outer loop
      vertex 50.0712 23.8366 24.49
      vertex 50.0228 23.756 24
      vertex 50.0228 23.756 24.49
    endloop
  endfacet
  facet normal 0.998537 0.0540794 0
    outer loop
      vertex 50.0228 23.756 24.49
      vertex 50.02 23.8077 24
      vertex 50.02 23.8077 24.49
    endloop
  endfacet
  facet normal 0.998537 0.0540794 0
    outer loop
      vertex 50.02 23.8077 24
      vertex 50.0228 23.756 24.49
      vertex 50.0228 23.756 24
    endloop
  endfacet
  facet normal 0.997735 0.0672631 0
    outer loop
      vertex 50.02 23.8077 24.49
      vertex 50.008 23.9857 24
      vertex 50.008 23.9857 24.49
    endloop
  endfacet
  facet normal 0.997735 0.0672631 0
    outer loop
      vertex 50.008 23.9857 24
      vertex 50.02 23.8077 24.49
      vertex 50.02 23.8077 24
    endloop
  endfacet
  facet normal 0.994954 0.100337 0
    outer loop
      vertex 50.008 23.9857 24.49
      vertex 49.9913 24.1513 24
      vertex 49.9913 24.1513 24.49
    endloop
  endfacet
  facet normal 0.994954 0.100337 0
    outer loop
      vertex 49.9913 24.1513 24
      vertex 50.008 23.9857 24.49
      vertex 50.008 23.9857 24
    endloop
  endfacet
  facet normal 0 1 -0
    outer loop
      vertex 49.9913 24.1513 24
      vertex 49.1252 24.1513 24.49
      vertex 49.9913 24.1513 24.49
    endloop
  endfacet
  facet normal 0 1 0
    outer loop
      vertex 49.1252 24.1513 24.49
      vertex 49.9913 24.1513 24
      vertex 49.1252 24.1513 24
    endloop
  endfacet
  facet normal -0.998128 -0.0611586 0
    outer loop
      vertex 49.138 23.9424 24
      vertex 49.1252 24.1513 24.49
      vertex 49.1252 24.1513 24
    endloop
  endfacet
  facet normal -0.998128 -0.0611586 0
    outer loop
      vertex 49.1252 24.1513 24.49
      vertex 49.138 23.9424 24
      vertex 49.138 23.9424 24.49
    endloop
  endfacet
  facet normal -0.998769 -0.0496101 0
    outer loop
      vertex 49.1448 23.8055 24
      vertex 49.138 23.9424 24.49
      vertex 49.138 23.9424 24
    endloop
  endfacet
  facet normal -0.998769 -0.0496101 0
    outer loop
      vertex 49.138 23.9424 24.49
      vertex 49.1448 23.8055 24
      vertex 49.1448 23.8055 24.49
    endloop
  endfacet
  facet normal -0.999568 -0.0293991 0
    outer loop
      vertex 49.1497 23.6389 24
      vertex 49.1448 23.8055 24.49
      vertex 49.1448 23.8055 24
    endloop
  endfacet
  facet normal -0.999568 -0.0293991 0
    outer loop
      vertex 49.1448 23.8055 24.49
      vertex 49.1497 23.6389 24
      vertex 49.1497 23.6389 24.49
    endloop
  endfacet
  facet normal -0.999967 -0.00816103 0
    outer loop
      vertex 49.1514 23.4306 24
      vertex 49.1497 23.6389 24.49
      vertex 49.1497 23.6389 24
    endloop
  endfacet
  facet normal -0.999967 -0.00816103 0
    outer loop
      vertex 49.1497 23.6389 24.49
      vertex 49.1514 23.4306 24
      vertex 49.1514 23.4306 24.49
    endloop
  endfacet
  facet normal -1 0 0
    outer loop
      vertex 49.1514 21.1297 24
      vertex 49.1514 23.4306 24.49
      vertex 49.1514 23.4306 24
    endloop
  endfacet
  facet normal -1 -0 0
    outer loop
      vertex 49.1514 23.4306 24.49
      vertex 49.1514 21.1297 24
      vertex 49.1514 21.1297 24.49
    endloop
  endfacet
  facet normal 0 -1 0
    outer loop
      vertex 49.1514 21.1297 24
      vertex 50.0546 21.1297 24.49
      vertex 49.1514 21.1297 24.49
    endloop
  endfacet
  facet normal 0 -1 -0
    outer loop
      vertex 50.0546 21.1297 24.49
      vertex 49.1514 21.1297 24
      vertex 50.0546 21.1297 24
    endloop
  endfacet
  facet normal 1 -0 0
    outer loop
      vertex 50.0546 21.1297 24.49
      vertex 50.0546 22.7387 24
      vertex 50.0546 22.7387 24.49
    endloop
  endfacet
  facet normal 1 0 0
    outer loop
      vertex 50.0546 22.7387 24
      vertex 50.0546 21.1297 24.49
      vertex 50.0546 21.1297 24
    endloop
  endfacet
  facet normal 0.995053 -0.0993446 0
    outer loop
      vertex 31.8324 22.6101 24.49
      vertex 31.8695 22.9817 24
      vertex 31.8695 22.9817 24.49
    endloop
  endfacet
  facet normal 0.995053 -0.0993446 0
    outer loop
      vertex 31.8695 22.9817 24
      vertex 31.8324 22.6101 24.49
      vertex 31.8324 22.6101 24
    endloop
  endfacet
  facet normal 0.923251 -0.384198 0
    outer loop
      vertex 31.8695 22.9817 24.49
      vertex 31.9742 23.2333 24
      vertex 31.9742 23.2333 24.49
    endloop
  endfacet
  facet normal 0.923251 -0.384198 0
    outer loop
      vertex 31.9742 23.2333 24
      vertex 31.8695 22.9817 24.49
      vertex 31.8695 22.9817 24
    endloop
  endfacet
  facet normal 0.673025 -0.739619 0
    outer loop
      vertex 31.9742 23.2333 24
      vertex 32.1308 23.3758 24.49
      vertex 31.9742 23.2333 24.49
    endloop
  endfacet
  facet normal 0.673025 -0.739619 0
    outer loop
      vertex 32.1308 23.3758 24.49
      vertex 31.9742 23.2333 24
      vertex 32.1308 23.3758 24
    endloop
  endfacet
  facet normal 0.22168 -0.975119 0
    outer loop
      vertex 32.1308 23.3758 24
      vertex 32.3459 23.4247 24.49
      vertex 32.1308 23.3758 24.49
    endloop
  endfacet
  facet normal 0.22168 -0.975119 0
    outer loop
      vertex 32.3459 23.4247 24.49
      vertex 32.1308 23.3758 24
      vertex 32.3459 23.4247 24
    endloop
  endfacet
  facet normal -0.0672715 -0.997735 0
    outer loop
      vertex 32.3459 23.4247 24
      vertex 32.4779 23.4158 24.49
      vertex 32.3459 23.4247 24.49
    endloop
  endfacet
  facet normal -0.0672715 -0.997735 -0
    outer loop
      vertex 32.4779 23.4158 24.49
      vertex 32.3459 23.4247 24
      vertex 32.4779 23.4158 24
    endloop
  endfacet
  facet normal -0.172657 -0.984982 0
    outer loop
      vertex 32.4779 23.4158 24
      vertex 32.7369 23.3704 24.49
      vertex 32.4779 23.4158 24.49
    endloop
  endfacet
  facet normal -0.172657 -0.984982 -0
    outer loop
      vertex 32.7369 23.3704 24.49
      vertex 32.4779 23.4158 24
      vertex 32.7369 23.3704 24
    endloop
  endfacet
  facet normal 1 -0 0
    outer loop
      vertex 32.7369 23.3704 24.49
      vertex 32.7369 24.147 24
      vertex 32.7369 24.147 24.49
    endloop
  endfacet
  facet normal 1 0 0
    outer loop
      vertex 32.7369 24.147 24
      vertex 32.7369 23.3704 24.49
      vertex 32.7369 23.3704 24
    endloop
  endfacet
  facet normal 0.282011 0.959411 -0
    outer loop
      vertex 32.7369 24.147 24
      vertex 32.5702 24.196 24.49
      vertex 32.7369 24.147 24.49
    endloop
  endfacet
  facet normal 0.282011 0.959411 0
    outer loop
      vertex 32.5702 24.196 24.49
      vertex 32.7369 24.147 24
      vertex 32.5702 24.196 24
    endloop
  endfacet
  facet normal 0.0768553 0.997042 -0
    outer loop
      vertex 32.5702 24.196 24
      vertex 32.4262 24.2071 24.49
      vertex 32.5702 24.196 24.49
    endloop
  endfacet
  facet normal 0.0768553 0.997042 0
    outer loop
      vertex 32.4262 24.2071 24.49
      vertex 32.5702 24.196 24
      vertex 32.4262 24.2071 24
    endloop
  endfacet
  facet normal -0.0926234 0.995701 0
    outer loop
      vertex 32.4262 24.2071 24
      vertex 32.2499 24.1907 24.49
      vertex 32.4262 24.2071 24.49
    endloop
  endfacet
  facet normal -0.0926234 0.995701 0
    outer loop
      vertex 32.2499 24.1907 24.49
      vertex 32.4262 24.2071 24
      vertex 32.2499 24.1907 24
    endloop
  endfacet
  facet normal -0.322636 0.946523 0
    outer loop
      vertex 32.2499 24.1907 24
      vertex 32.0994 24.1394 24.49
      vertex 32.2499 24.1907 24.49
    endloop
  endfacet
  facet normal -0.322636 0.946523 0
    outer loop
      vertex 32.0994 24.1394 24.49
      vertex 32.2499 24.1907 24
      vertex 32.0994 24.1394 24
    endloop
  endfacet
  facet normal -0.570701 0.821158 0
    outer loop
      vertex 32.0994 24.1394 24
      vertex 31.9735 24.0519 24.49
      vertex 32.0994 24.1394 24.49
    endloop
  endfacet
  facet normal -0.570701 0.821158 0
    outer loop
      vertex 31.9735 24.0519 24.49
      vertex 32.0994 24.1394 24
      vertex 31.9735 24.0519 24
    endloop
  endfacet
  facet normal -0.756963 0.653458 0
    outer loop
      vertex 31.8687 23.9305 24
      vertex 31.9735 24.0519 24.49
      vertex 31.9735 24.0519 24
    endloop
  endfacet
  facet normal -0.756963 0.653458 0
    outer loop
      vertex 31.9735 24.0519 24.49
      vertex 31.8687 23.9305 24
      vertex 31.8687 23.9305 24.49
    endloop
  endfacet
  facet normal -0.879744 0.475447 0
    outer loop
      vertex 31.7972 23.7982 24
      vertex 31.8687 23.9305 24.49
      vertex 31.8687 23.9305 24
    endloop
  endfacet
  facet normal -0.879744 0.475447 0
    outer loop
      vertex 31.8687 23.9305 24.49
      vertex 31.7972 23.7982 24
      vertex 31.7972 23.7982 24.49
    endloop
  endfacet
  facet normal 0.998103 0.0615642 0
    outer loop
      vertex 31.7972 23.7982 24.49
      vertex 31.7859 23.9814 24
      vertex 31.7859 23.9814 24.49
    endloop
  endfacet
  facet normal 0.998103 0.0615642 0
    outer loop
      vertex 31.7859 23.9814 24
      vertex 31.7972 23.7982 24.49
      vertex 31.7972 23.7982 24
    endloop
  endfacet
  facet normal 0.995374 0.0960808 0
    outer loop
      vertex 31.7859 23.9814 24.49
      vertex 31.7695 24.1513 24
      vertex 31.7695 24.1513 24.49
    endloop
  endfacet
  facet normal 0.995374 0.0960808 0
    outer loop
      vertex 31.7695 24.1513 24
      vertex 31.7859 23.9814 24.49
      vertex 31.7859 23.9814 24
    endloop
  endfacet
  facet normal 0 1 -0
    outer loop
      vertex 31.7695 24.1513 24
      vertex 30.9033 24.1513 24.49
      vertex 31.7695 24.1513 24.49
    endloop
  endfacet
  facet normal 0 1 0
    outer loop
      vertex 30.9033 24.1513 24.49
      vertex 31.7695 24.1513 24
      vertex 30.9033 24.1513 24
    endloop
  endfacet
  facet normal -0.998319 -0.0579609 0
    outer loop
      vertex 30.9158 23.936 24
      vertex 30.9033 24.1513 24.49
      vertex 30.9033 24.1513 24
    endloop
  endfacet
  facet normal -0.998319 -0.0579609 0
    outer loop
      vertex 30.9033 24.1513 24.49
      vertex 30.9158 23.936 24
      vertex 30.9158 23.936 24.49
    endloop
  endfacet
  facet normal -0.998891 -0.0470789 0
    outer loop
      vertex 30.9227 23.7896 24
      vertex 30.9158 23.936 24.49
      vertex 30.9158 23.936 24
    endloop
  endfacet
  facet normal -0.998891 -0.0470789 0
    outer loop
      vertex 30.9158 23.936 24.49
      vertex 30.9227 23.7896 24
      vertex 30.9227 23.7896 24.49
    endloop
  endfacet
  facet normal -0.999612 -0.0278459 0
    outer loop
      vertex 30.9276 23.6137 24
      vertex 30.9227 23.7896 24.49
      vertex 30.9227 23.7896 24
    endloop
  endfacet
  facet normal -0.999612 -0.0278459 0
    outer loop
      vertex 30.9227 23.7896 24.49
      vertex 30.9276 23.6137 24
      vertex 30.9276 23.6137 24.49
    endloop
  endfacet
  facet normal -0.999972 -0.00744858 0
    outer loop
      vertex 30.9292 23.3989 24
      vertex 30.9276 23.6137 24.49
      vertex 30.9276 23.6137 24
    endloop
  endfacet
  facet normal -0.999972 -0.00744858 0
    outer loop
      vertex 30.9276 23.6137 24.49
      vertex 30.9292 23.3989 24
      vertex 30.9292 23.3989 24.49
    endloop
  endfacet
  facet normal -1 0 0
    outer loop
      vertex 30.9292 21.1297 24
      vertex 30.9292 23.3989 24.49
      vertex 30.9292 23.3989 24
    endloop
  endfacet
  facet normal -1 -0 0
    outer loop
      vertex 30.9292 23.3989 24.49
      vertex 30.9292 21.1297 24
      vertex 30.9292 21.1297 24.49
    endloop
  endfacet
  facet normal 0 -1 0
    outer loop
      vertex 30.9292 21.1297 24
      vertex 31.8324 21.1297 24.49
      vertex 30.9292 21.1297 24.49
    endloop
  endfacet
  facet normal 0 -1 -0
    outer loop
      vertex 31.8324 21.1297 24.49
      vertex 30.9292 21.1297 24
      vertex 31.8324 21.1297 24
    endloop
  endfacet
  facet normal 1 -0 0
    outer loop
      vertex 31.8324 21.1297 24.49
      vertex 31.8324 22.6101 24
      vertex 31.8324 22.6101 24.49
    endloop
  endfacet
  facet normal 1 0 0
    outer loop
      vertex 31.8324 22.6101 24
      vertex 31.8324 21.1297 24.49
      vertex 31.8324 21.1297 24
    endloop
  endfacet
  facet normal 0.784529 -0.620092 0
    outer loop
      vertex 19.1827 21.2803 24.49
      vertex 19.7525 22.0012 24
      vertex 19.7525 22.0012 24.49
    endloop
  endfacet
  facet normal 0.784529 -0.620092 0
    outer loop
      vertex 19.7525 22.0012 24
      vertex 19.1827 21.2803 24.49
      vertex 19.1827 21.2803 24
    endloop
  endfacet
  facet normal 0.0864711 0.996254 -0
    outer loop
      vertex 19.7525 22.0012 24
      vertex 18.8573 22.0789 24.49
      vertex 19.7525 22.0012 24.49
    endloop
  endfacet
  facet normal 0.0864711 0.996254 0
    outer loop
      vertex 18.8573 22.0789 24.49
      vertex 19.7525 22.0012 24
      vertex 18.8573 22.0789 24
    endloop
  endfacet
  facet normal -0.824024 0.566555 0
    outer loop
      vertex 18.6718 21.8091 24
      vertex 18.8573 22.0789 24.49
      vertex 18.8573 22.0789 24
    endloop
  endfacet
  facet normal -0.824024 0.566555 0
    outer loop
      vertex 18.8573 22.0789 24.49
      vertex 18.6718 21.8091 24
      vertex 18.6718 21.8091 24.49
    endloop
  endfacet
  facet normal -0.256851 0.966451 0
    outer loop
      vertex 18.6718 21.8091 24
      vertex 18.3975 21.7362 24.49
      vertex 18.6718 21.8091 24.49
    endloop
  endfacet
  facet normal -0.256851 0.966451 0
    outer loop
      vertex 18.3975 21.7362 24.49
      vertex 18.6718 21.8091 24
      vertex 18.3975 21.7362 24
    endloop
  endfacet
  facet normal 0.206286 0.978492 -0
    outer loop
      vertex 18.3975 21.7362 24
      vertex 18.1831 21.7814 24.49
      vertex 18.3975 21.7362 24.49
    endloop
  endfacet
  facet normal 0.206286 0.978492 0
    outer loop
      vertex 18.1831 21.7814 24.49
      vertex 18.3975 21.7362 24
      vertex 18.1831 21.7814 24
    endloop
  endfacet
  facet normal 0.648208 0.761463 -0
    outer loop
      vertex 18.1831 21.7814 24
      vertex 18.0251 21.9159 24.49
      vertex 18.1831 21.7814 24.49
    endloop
  endfacet
  facet normal 0.648208 0.761463 0
    outer loop
      vertex 18.0251 21.9159 24.49
      vertex 18.1831 21.7814 24
      vertex 18.0251 21.9159 24
    endloop
  endfacet
  facet normal 0.915595 0.402101 0
    outer loop
      vertex 18.0251 21.9159 24.49
      vertex 17.9215 22.1518 24
      vertex 17.9215 22.1518 24.49
    endloop
  endfacet
  facet normal 0.915595 0.402101 0
    outer loop
      vertex 17.9215 22.1518 24
      vertex 18.0251 21.9159 24.49
      vertex 18.0251 21.9159 24
    endloop
  endfacet
  facet normal 0.994462 0.105094 0
    outer loop
      vertex 17.9215 22.1518 24.49
      vertex 17.8934 22.4177 24
      vertex 17.8934 22.4177 24.49
    endloop
  endfacet
  facet normal 0.994462 0.105094 0
    outer loop
      vertex 17.8934 22.4177 24
      vertex 17.9215 22.1518 24.49
      vertex 17.9215 22.1518 24
    endloop
  endfacet
  facet normal 0 -1 0
    outer loop
      vertex 17.8934 22.4177 24
      vertex 19.72 22.4177 24.49
      vertex 17.8934 22.4177 24.49
    endloop
  endfacet
  facet normal 0 -1 -0
    outer loop
      vertex 19.72 22.4177 24.49
      vertex 17.8934 22.4177 24
      vertex 19.72 22.4177 24
    endloop
  endfacet
  facet normal 1 -0 0
    outer loop
      vertex 19.72 22.4177 24.49
      vertex 19.72 22.5235 24
      vertex 19.72 22.5235 24.49
    endloop
  endfacet
  facet normal 1 0 0
    outer loop
      vertex 19.72 22.5235 24
      vertex 19.72 22.4177 24.49
      vertex 19.72 22.4177 24
    endloop
  endfacet
  facet normal 0.99318 0.11659 0
    outer loop
      vertex 19.72 22.5235 24.49
      vertex 19.6365 23.2348 24
      vertex 19.6365 23.2348 24.49
    endloop
  endfacet
  facet normal 0.99318 0.11659 0
    outer loop
      vertex 19.6365 23.2348 24
      vertex 19.72 22.5235 24.49
      vertex 19.72 22.5235 24
    endloop
  endfacet
  facet normal 0.899901 0.436095 0
    outer loop
      vertex 19.6365 23.2348 24.49
      vertex 19.3784 23.7674 24
      vertex 19.3784 23.7674 24.49
    endloop
  endfacet
  facet normal 0.899901 0.436095 0
    outer loop
      vertex 19.3784 23.7674 24
      vertex 19.6365 23.2348 24.49
      vertex 19.6365 23.2348 24
    endloop
  endfacet
  facet normal 0.610077 0.792342 -0
    outer loop
      vertex 19.3784 23.7674 24
      vertex 18.9502 24.0971 24.49
      vertex 19.3784 23.7674 24.49
    endloop
  endfacet
  facet normal 0.610077 0.792342 0
    outer loop
      vertex 18.9502 24.0971 24.49
      vertex 19.3784 23.7674 24
      vertex 18.9502 24.0971 24
    endloop
  endfacet
  facet normal 0.18469 0.982797 -0
    outer loop
      vertex 18.9502 24.0971 24
      vertex 18.3739 24.2054 24.49
      vertex 18.9502 24.0971 24.49
    endloop
  endfacet
  facet normal 0.18469 0.982797 0
    outer loop
      vertex 18.3739 24.2054 24.49
      vertex 18.9502 24.0971 24
      vertex 18.3739 24.2054 24
    endloop
  endfacet
  facet normal -0.164266 0.986416 0
    outer loop
      vertex 18.3739 24.2054 24
      vertex 17.771 24.105 24.49
      vertex 18.3739 24.2054 24.49
    endloop
  endfacet
  facet normal -0.164266 0.986416 0
    outer loop
      vertex 17.771 24.105 24.49
      vertex 18.3739 24.2054 24
      vertex 17.771 24.105 24
    endloop
  endfacet
  facet normal -0.557727 0.830025 0
    outer loop
      vertex 17.771 24.105 24
      vertex 17.3159 23.7992 24.49
      vertex 17.771 24.105 24.49
    endloop
  endfacet
  facet normal -0.557727 0.830025 0
    outer loop
      vertex 17.3159 23.7992 24.49
      vertex 17.771 24.105 24
      vertex 17.3159 23.7992 24
    endloop
  endfacet
  facet normal -0.868753 0.495246 0
    outer loop
      vertex 17.0352 23.3068 24
      vertex 17.3159 23.7992 24.49
      vertex 17.3159 23.7992 24
    endloop
  endfacet
  facet normal -0.868753 0.495246 0
    outer loop
      vertex 17.3159 23.7992 24.49
      vertex 17.0352 23.3068 24
      vertex 17.0352 23.3068 24.49
    endloop
  endfacet
  facet normal -0.990298 0.138957 0
    outer loop
      vertex 16.9436 22.654 24
      vertex 17.0352 23.3068 24.49
      vertex 17.0352 23.3068 24
    endloop
  endfacet
  facet normal -0.990298 0.138957 0
    outer loop
      vertex 17.0352 23.3068 24.49
      vertex 16.9436 22.654 24
      vertex 16.9436 22.654 24.49
    endloop
  endfacet
  facet normal -0.9911 -0.133122 0
    outer loop
      vertex 17.0337 21.9832 24
      vertex 16.9436 22.654 24.49
      vertex 16.9436 22.654 24
    endloop
  endfacet
  facet normal -0.9911 -0.133122 0
    outer loop
      vertex 16.9436 22.654 24.49
      vertex 17.0337 21.9832 24
      vertex 17.0337 21.9832 24.49
    endloop
  endfacet
  facet normal -0.875089 -0.483962 0
    outer loop
      vertex 17.31 21.4836 24
      vertex 17.0337 21.9832 24.49
      vertex 17.0337 21.9832 24
    endloop
  endfacet
  facet normal -0.875089 -0.483962 0
    outer loop
      vertex 17.0337 21.9832 24.49
      vertex 17.31 21.4836 24
      vertex 17.31 21.4836 24.49
    endloop
  endfacet
  facet normal -0.562535 -0.826773 0
    outer loop
      vertex 17.31 21.4836 24
      vertex 17.7615 21.1764 24.49
      vertex 17.31 21.4836 24.49
    endloop
  endfacet
  facet normal -0.562535 -0.826773 -0
    outer loop
      vertex 17.7615 21.1764 24.49
      vertex 17.31 21.4836 24
      vertex 17.7615 21.1764 24
    endloop
  endfacet
  facet normal -0.165166 -0.986266 0
    outer loop
      vertex 17.7615 21.1764 24
      vertex 18.3658 21.0752 24.49
      vertex 17.7615 21.1764 24.49
    endloop
  endfacet
  facet normal -0.165166 -0.986266 -0
    outer loop
      vertex 18.3658 21.0752 24.49
      vertex 17.7615 21.1764 24
      vertex 18.3658 21.0752 24
    endloop
  endfacet
  facet normal 0.243513 -0.969898 0
    outer loop
      vertex 18.3658 21.0752 24
      vertex 19.1827 21.2803 24.49
      vertex 18.3658 21.0752 24.49
    endloop
  endfacet
  facet normal 0.243513 -0.969898 0
    outer loop
      vertex 19.1827 21.2803 24.49
      vertex 18.3658 21.0752 24
      vertex 19.1827 21.2803 24
    endloop
  endfacet
  facet normal 0.990097 -0.140387 0
    outer loop
      vertex 17.9019 23.0432 24.49
      vertex 17.9285 23.2308 24
      vertex 17.9285 23.2308 24.49
    endloop
  endfacet
  facet normal 0.990097 -0.140387 0
    outer loop
      vertex 17.9285 23.2308 24
      vertex 17.9019 23.0432 24.49
      vertex 17.9019 23.0432 24
    endloop
  endfacet
  facet normal 0.896387 -0.443273 0
    outer loop
      vertex 17.9285 23.2308 24.49
      vertex 18.0231 23.4221 24
      vertex 18.0231 23.4221 24.49
    endloop
  endfacet
  facet normal 0.896387 -0.443273 0
    outer loop
      vertex 18.0231 23.4221 24
      vertex 17.9285 23.2308 24.49
      vertex 17.9285 23.2308 24
    endloop
  endfacet
  facet normal 0.623891 -0.781511 0
    outer loop
      vertex 18.0231 23.4221 24
      vertex 18.1654 23.5357 24.49
      vertex 18.0231 23.4221 24.49
    endloop
  endfacet
  facet normal 0.623891 -0.781511 0
    outer loop
      vertex 18.1654 23.5357 24.49
      vertex 18.0231 23.4221 24
      vertex 18.1654 23.5357 24
    endloop
  endfacet
  facet normal 0.193053 -0.981188 0
    outer loop
      vertex 18.1654 23.5357 24
      vertex 18.3626 23.5745 24.49
      vertex 18.1654 23.5357 24.49
    endloop
  endfacet
  facet normal 0.193053 -0.981188 0
    outer loop
      vertex 18.3626 23.5745 24.49
      vertex 18.1654 23.5357 24
      vertex 18.3626 23.5745 24
    endloop
  endfacet
  facet normal -0.192484 -0.9813 0
    outer loop
      vertex 18.3626 23.5745 24
      vertex 18.5497 23.5378 24.49
      vertex 18.3626 23.5745 24.49
    endloop
  endfacet
  facet normal -0.192484 -0.9813 -0
    outer loop
      vertex 18.5497 23.5378 24.49
      vertex 18.3626 23.5745 24
      vertex 18.5497 23.5378 24
    endloop
  endfacet
  facet normal -0.605553 -0.795805 0
    outer loop
      vertex 18.5497 23.5378 24
      vertex 18.6915 23.4299 24.49
      vertex 18.5497 23.5378 24.49
    endloop
  endfacet
  facet normal -0.605553 -0.795805 -0
    outer loop
      vertex 18.6915 23.4299 24.49
      vertex 18.5497 23.5378 24
      vertex 18.6915 23.4299 24
    endloop
  endfacet
  facet normal -0.88423 -0.467052 0
    outer loop
      vertex 18.7917 23.2402 24
      vertex 18.6915 23.4299 24.49
      vertex 18.6915 23.4299 24
    endloop
  endfacet
  facet normal -0.88423 -0.467052 0
    outer loop
      vertex 18.6915 23.4299 24.49
      vertex 18.7917 23.2402 24
      vertex 18.7917 23.2402 24.49
    endloop
  endfacet
  facet normal -0.985515 -0.169589 0
    outer loop
      vertex 18.8256 23.0432 24
      vertex 18.7917 23.2402 24.49
      vertex 18.7917 23.2402 24
    endloop
  endfacet
  facet normal -0.985515 -0.169589 0
    outer loop
      vertex 18.7917 23.2402 24.49
      vertex 18.8256 23.0432 24
      vertex 18.8256 23.0432 24.49
    endloop
  endfacet
  facet normal 0 1 -0
    outer loop
      vertex 18.8256 23.0432 24
      vertex 17.9019 23.0432 24.49
      vertex 18.8256 23.0432 24.49
    endloop
  endfacet
  facet normal 0 1 0
    outer loop
      vertex 17.9019 23.0432 24.49
      vertex 18.8256 23.0432 24
      vertex 17.9019 23.0432 24
    endloop
  endfacet
  facet normal 0.784529 -0.620092 0
    outer loop
      vertex 30.0591 21.2803 24.49
      vertex 30.6289 22.0012 24
      vertex 30.6289 22.0012 24.49
    endloop
  endfacet
  facet normal 0.784529 -0.620092 0
    outer loop
      vertex 30.6289 22.0012 24
      vertex 30.0591 21.2803 24.49
      vertex 30.0591 21.2803 24
    endloop
  endfacet
  facet normal 0.0864711 0.996254 -0
    outer loop
      vertex 30.6289 22.0012 24
      vertex 29.7337 22.0789 24.49
      vertex 30.6289 22.0012 24.49
    endloop
  endfacet
  facet normal 0.0864711 0.996254 0
    outer loop
      vertex 29.7337 22.0789 24.49
      vertex 30.6289 22.0012 24
      vertex 29.7337 22.0789 24
    endloop
  endfacet
  facet normal -0.824024 0.566555 0
    outer loop
      vertex 29.5482 21.8091 24
      vertex 29.7337 22.0789 24.49
      vertex 29.7337 22.0789 24
    endloop
  endfacet
  facet normal -0.824024 0.566555 0
    outer loop
      vertex 29.7337 22.0789 24.49
      vertex 29.5482 21.8091 24
      vertex 29.5482 21.8091 24.49
    endloop
  endfacet
  facet normal -0.256851 0.966451 0
    outer loop
      vertex 29.5482 21.8091 24
      vertex 29.2739 21.7362 24.49
      vertex 29.5482 21.8091 24.49
    endloop
  endfacet
  facet normal -0.256851 0.966451 0
    outer loop
      vertex 29.2739 21.7362 24.49
      vertex 29.5482 21.8091 24
      vertex 29.2739 21.7362 24
    endloop
  endfacet
  facet normal 0.206286 0.978492 -0
    outer loop
      vertex 29.2739 21.7362 24
      vertex 29.0595 21.7814 24.49
      vertex 29.2739 21.7362 24.49
    endloop
  endfacet
  facet normal 0.206286 0.978492 0
    outer loop
      vertex 29.0595 21.7814 24.49
      vertex 29.2739 21.7362 24
      vertex 29.0595 21.7814 24
    endloop
  endfacet
  facet normal 0.648208 0.761463 -0
    outer loop
      vertex 29.0595 21.7814 24
      vertex 28.9015 21.9159 24.49
      vertex 29.0595 21.7814 24.49
    endloop
  endfacet
  facet normal 0.648208 0.761463 0
    outer loop
      vertex 28.9015 21.9159 24.49
      vertex 29.0595 21.7814 24
      vertex 28.9015 21.9159 24
    endloop
  endfacet
  facet normal 0.915595 0.402101 0
    outer loop
      vertex 28.9015 21.9159 24.49
      vertex 28.7979 22.1518 24
      vertex 28.7979 22.1518 24.49
    endloop
  endfacet
  facet normal 0.915595 0.402101 0
    outer loop
      vertex 28.7979 22.1518 24
      vertex 28.9015 21.9159 24.49
      vertex 28.9015 21.9159 24
    endloop
  endfacet
  facet normal 0.994501 0.104724 0
    outer loop
      vertex 28.7979 22.1518 24.49
      vertex 28.7699 22.4177 24
      vertex 28.7699 22.4177 24.49
    endloop
  endfacet
  facet normal 0.994501 0.104724 0
    outer loop
      vertex 28.7699 22.4177 24
      vertex 28.7979 22.1518 24.49
      vertex 28.7979 22.1518 24
    endloop
  endfacet
  facet normal 0 -1 0
    outer loop
      vertex 28.7699 22.4177 24
      vertex 30.5964 22.4177 24.49
      vertex 28.7699 22.4177 24.49
    endloop
  endfacet
  facet normal 0 -1 -0
    outer loop
      vertex 30.5964 22.4177 24.49
      vertex 28.7699 22.4177 24
      vertex 30.5964 22.4177 24
    endloop
  endfacet
  facet normal 1 -0 0
    outer loop
      vertex 30.5964 22.4177 24.49
      vertex 30.5964 22.5235 24
      vertex 30.5964 22.5235 24.49
    endloop
  endfacet
  facet normal 1 0 0
    outer loop
      vertex 30.5964 22.5235 24
      vertex 30.5964 22.4177 24.49
      vertex 30.5964 22.4177 24
    endloop
  endfacet
  facet normal 0.99318 0.11659 0
    outer loop
      vertex 30.5964 22.5235 24.49
      vertex 30.5129 23.2348 24
      vertex 30.5129 23.2348 24.49
    endloop
  endfacet
  facet normal 0.99318 0.11659 0
    outer loop
      vertex 30.5129 23.2348 24
      vertex 30.5964 22.5235 24.49
      vertex 30.5964 22.5235 24
    endloop
  endfacet
  facet normal 0.899967 0.435958 0
    outer loop
      vertex 30.5129 23.2348 24.49
      vertex 30.2549 23.7674 24
      vertex 30.2549 23.7674 24.49
    endloop
  endfacet
  facet normal 0.899967 0.435958 0
    outer loop
      vertex 30.2549 23.7674 24
      vertex 30.5129 23.2348 24.49
      vertex 30.5129 23.2348 24
    endloop
  endfacet
  facet normal 0.610077 0.792342 -0
    outer loop
      vertex 30.2549 23.7674 24
      vertex 29.8267 24.0971 24.49
      vertex 30.2549 23.7674 24.49
    endloop
  endfacet
  facet normal 0.610077 0.792342 0
    outer loop
      vertex 29.8267 24.0971 24.49
      vertex 30.2549 23.7674 24
      vertex 29.8267 24.0971 24
    endloop
  endfacet
  facet normal 0.18469 0.982797 -0
    outer loop
      vertex 29.8267 24.0971 24
      vertex 29.2504 24.2054 24.49
      vertex 29.8267 24.0971 24.49
    endloop
  endfacet
  facet normal 0.18469 0.982797 0
    outer loop
      vertex 29.2504 24.2054 24.49
      vertex 29.8267 24.0971 24
      vertex 29.2504 24.2054 24
    endloop
  endfacet
  facet normal -0.16424 0.98642 0
    outer loop
      vertex 29.2504 24.2054 24
      vertex 28.6474 24.105 24.49
      vertex 29.2504 24.2054 24.49
    endloop
  endfacet
  facet normal -0.16424 0.98642 0
    outer loop
      vertex 28.6474 24.105 24.49
      vertex 29.2504 24.2054 24
      vertex 28.6474 24.105 24
    endloop
  endfacet
  facet normal -0.557727 0.830025 0
    outer loop
      vertex 28.6474 24.105 24
      vertex 28.1923 23.7992 24.49
      vertex 28.6474 24.105 24.49
    endloop
  endfacet
  facet normal -0.557727 0.830025 0
    outer loop
      vertex 28.1923 23.7992 24.49
      vertex 28.6474 24.105 24
      vertex 28.1923 23.7992 24
    endloop
  endfacet
  facet normal -0.868753 0.495246 0
    outer loop
      vertex 27.9116 23.3068 24
      vertex 28.1923 23.7992 24.49
      vertex 28.1923 23.7992 24
    endloop
  endfacet
  facet normal -0.868753 0.495246 0
    outer loop
      vertex 28.1923 23.7992 24.49
      vertex 27.9116 23.3068 24
      vertex 27.9116 23.3068 24.49
    endloop
  endfacet
  facet normal -0.990298 0.138957 0
    outer loop
      vertex 27.82 22.654 24
      vertex 27.9116 23.3068 24.49
      vertex 27.9116 23.3068 24
    endloop
  endfacet
  facet normal -0.990298 0.138957 0
    outer loop
      vertex 27.9116 23.3068 24.49
      vertex 27.82 22.654 24
      vertex 27.82 22.654 24.49
    endloop
  endfacet
  facet normal -0.9911 -0.133122 0
    outer loop
      vertex 27.9101 21.9832 24
      vertex 27.82 22.654 24.49
      vertex 27.82 22.654 24
    endloop
  endfacet
  facet normal -0.9911 -0.133122 0
    outer loop
      vertex 27.82 22.654 24.49
      vertex 27.9101 21.9832 24
      vertex 27.9101 21.9832 24.49
    endloop
  endfacet
  facet normal -0.875089 -0.483962 0
    outer loop
      vertex 28.1864 21.4836 24
      vertex 27.9101 21.9832 24.49
      vertex 27.9101 21.9832 24
    endloop
  endfacet
  facet normal -0.875089 -0.483962 0
    outer loop
      vertex 27.9101 21.9832 24.49
      vertex 28.1864 21.4836 24
      vertex 28.1864 21.4836 24.49
    endloop
  endfacet
  facet normal -0.562535 -0.826773 0
    outer loop
      vertex 28.1864 21.4836 24
      vertex 28.6379 21.1764 24.49
      vertex 28.1864 21.4836 24.49
    endloop
  endfacet
  facet normal -0.562535 -0.826773 -0
    outer loop
      vertex 28.6379 21.1764 24.49
      vertex 28.1864 21.4836 24
      vertex 28.6379 21.1764 24
    endloop
  endfacet
  facet normal -0.165166 -0.986266 0
    outer loop
      vertex 28.6379 21.1764 24
      vertex 29.2422 21.0752 24.49
      vertex 28.6379 21.1764 24.49
    endloop
  endfacet
  facet normal -0.165166 -0.986266 -0
    outer loop
      vertex 29.2422 21.0752 24.49
      vertex 28.6379 21.1764 24
      vertex 29.2422 21.0752 24
    endloop
  endfacet
  facet normal 0.243513 -0.969898 0
    outer loop
      vertex 29.2422 21.0752 24
      vertex 30.0591 21.2803 24.49
      vertex 29.2422 21.0752 24.49
    endloop
  endfacet
  facet normal 0.243513 -0.969898 0
    outer loop
      vertex 30.0591 21.2803 24.49
      vertex 29.2422 21.0752 24
      vertex 30.0591 21.2803 24
    endloop
  endfacet
  facet normal 0.990097 -0.140387 0
    outer loop
      vertex 28.7784 23.0432 24.49
      vertex 28.805 23.2308 24
      vertex 28.805 23.2308 24.49
    endloop
  endfacet
  facet normal 0.990097 -0.140387 0
    outer loop
      vertex 28.805 23.2308 24
      vertex 28.7784 23.0432 24.49
      vertex 28.7784 23.0432 24
    endloop
  endfacet
  facet normal 0.896573 -0.442897 0
    outer loop
      vertex 28.805 23.2308 24.49
      vertex 28.8995 23.4221 24
      vertex 28.8995 23.4221 24.49
    endloop
  endfacet
  facet normal 0.896573 -0.442897 0
    outer loop
      vertex 28.8995 23.4221 24
      vertex 28.805 23.2308 24.49
      vertex 28.805 23.2308 24
    endloop
  endfacet
  facet normal 0.623623 -0.781725 0
    outer loop
      vertex 28.8995 23.4221 24
      vertex 29.0419 23.5357 24.49
      vertex 28.8995 23.4221 24.49
    endloop
  endfacet
  facet normal 0.623623 -0.781725 0
    outer loop
      vertex 29.0419 23.5357 24.49
      vertex 28.8995 23.4221 24
      vertex 29.0419 23.5357 24
    endloop
  endfacet
  facet normal 0.193148 -0.98117 0
    outer loop
      vertex 29.0419 23.5357 24
      vertex 29.239 23.5745 24.49
      vertex 29.0419 23.5357 24.49
    endloop
  endfacet
  facet normal 0.193148 -0.98117 0
    outer loop
      vertex 29.239 23.5745 24.49
      vertex 29.0419 23.5357 24
      vertex 29.239 23.5745 24
    endloop
  endfacet
  facet normal -0.192484 -0.9813 0
    outer loop
      vertex 29.239 23.5745 24
      vertex 29.4261 23.5378 24.49
      vertex 29.239 23.5745 24.49
    endloop
  endfacet
  facet normal -0.192484 -0.9813 -0
    outer loop
      vertex 29.4261 23.5378 24.49
      vertex 29.239 23.5745 24
      vertex 29.4261 23.5378 24
    endloop
  endfacet
  facet normal -0.605553 -0.795805 0
    outer loop
      vertex 29.4261 23.5378 24
      vertex 29.5679 23.4299 24.49
      vertex 29.4261 23.5378 24.49
    endloop
  endfacet
  facet normal -0.605553 -0.795805 -0
    outer loop
      vertex 29.5679 23.4299 24.49
      vertex 29.4261 23.5378 24
      vertex 29.5679 23.4299 24
    endloop
  endfacet
  facet normal -0.88423 -0.467052 0
    outer loop
      vertex 29.6681 23.2402 24
      vertex 29.5679 23.4299 24.49
      vertex 29.5679 23.4299 24
    endloop
  endfacet
  facet normal -0.88423 -0.467052 0
    outer loop
      vertex 29.5679 23.4299 24.49
      vertex 29.6681 23.2402 24
      vertex 29.6681 23.2402 24.49
    endloop
  endfacet
  facet normal -0.985431 -0.170074 0
    outer loop
      vertex 29.7021 23.0432 24
      vertex 29.6681 23.2402 24.49
      vertex 29.6681 23.2402 24
    endloop
  endfacet
  facet normal -0.985431 -0.170074 0
    outer loop
      vertex 29.6681 23.2402 24.49
      vertex 29.7021 23.0432 24
      vertex 29.7021 23.0432 24.49
    endloop
  endfacet
  facet normal 0 1 -0
    outer loop
      vertex 29.7021 23.0432 24
      vertex 28.7784 23.0432 24.49
      vertex 29.7021 23.0432 24.49
    endloop
  endfacet
  facet normal 0 1 0
    outer loop
      vertex 28.7784 23.0432 24.49
      vertex 29.7021 23.0432 24
      vertex 28.7784 23.0432 24
    endloop
  endfacet
  facet normal 0.541634 -0.840614 0
    outer loop
      vertex 47.9019 21.1794 24
      vertex 48.3914 21.4948 24.49
      vertex 47.9019 21.1794 24.49
    endloop
  endfacet
  facet normal 0.541634 -0.840614 0
    outer loop
      vertex 48.3914 21.4948 24.49
      vertex 47.9019 21.1794 24
      vertex 48.3914 21.4948 24
    endloop
  endfacet
  facet normal 0.851541 -0.524288 0
    outer loop
      vertex 48.3914 21.4948 24.49
      vertex 48.699 21.9944 24
      vertex 48.699 21.9944 24.49
    endloop
  endfacet
  facet normal 0.851541 -0.524288 0
    outer loop
      vertex 48.699 21.9944 24
      vertex 48.3914 21.4948 24.49
      vertex 48.3914 21.4948 24
    endloop
  endfacet
  facet normal 0.988127 -0.153638 0
    outer loop
      vertex 48.699 21.9944 24.49
      vertex 48.7998 22.6427 24
      vertex 48.7998 22.6427 24.49
    endloop
  endfacet
  facet normal 0.988127 -0.153638 0
    outer loop
      vertex 48.7998 22.6427 24
      vertex 48.699 21.9944 24.49
      vertex 48.699 21.9944 24
    endloop
  endfacet
  facet normal 0.989565 0.144084 0
    outer loop
      vertex 48.7998 22.6427 24.49
      vertex 48.7036 23.3034 24
      vertex 48.7036 23.3034 24.49
    endloop
  endfacet
  facet normal 0.989565 0.144084 0
    outer loop
      vertex 48.7036 23.3034 24
      vertex 48.7998 22.6427 24.49
      vertex 48.7998 22.6427 24
    endloop
  endfacet
  facet normal 0.859733 0.510743 0
    outer loop
      vertex 48.7036 23.3034 24.49
      vertex 48.409 23.7993 24
      vertex 48.409 23.7993 24.49
    endloop
  endfacet
  facet normal 0.859733 0.510743 0
    outer loop
      vertex 48.409 23.7993 24
      vertex 48.7036 23.3034 24.49
      vertex 48.7036 23.3034 24
    endloop
  endfacet
  facet normal 0.53556 0.844497 -0
    outer loop
      vertex 48.409 23.7993 24
      vertex 47.9268 24.1051 24.49
      vertex 48.409 23.7993 24.49
    endloop
  endfacet
  facet normal 0.53556 0.844497 0
    outer loop
      vertex 47.9268 24.1051 24.49
      vertex 48.409 23.7993 24
      vertex 47.9268 24.1051 24
    endloop
  endfacet
  facet normal 0.152769 0.988262 -0
    outer loop
      vertex 47.9268 24.1051 24
      vertex 47.2799 24.2051 24.49
      vertex 47.9268 24.1051 24.49
    endloop
  endfacet
  facet normal 0.152769 0.988262 0
    outer loop
      vertex 47.2799 24.2051 24.49
      vertex 47.9268 24.1051 24
      vertex 47.2799 24.2051 24
    endloop
  endfacet
  facet normal -0.160132 0.987096 0
    outer loop
      vertex 47.2799 24.2051 24
      vertex 46.6419 24.1016 24.49
      vertex 47.2799 24.2051 24.49
    endloop
  endfacet
  facet normal -0.160132 0.987096 0
    outer loop
      vertex 46.6419 24.1016 24.49
      vertex 47.2799 24.2051 24
      vertex 46.6419 24.1016 24
    endloop
  endfacet
  facet normal -0.544509 0.838755 0
    outer loop
      vertex 46.6419 24.1016 24
      vertex 46.1556 23.7859 24.49
      vertex 46.6419 24.1016 24.49
    endloop
  endfacet
  facet normal -0.544509 0.838755 0
    outer loop
      vertex 46.1556 23.7859 24.49
      vertex 46.6419 24.1016 24
      vertex 46.1556 23.7859 24
    endloop
  endfacet
  facet normal -0.854132 0.520056 0
    outer loop
      vertex 45.8522 23.2876 24
      vertex 46.1556 23.7859 24.49
      vertex 46.1556 23.7859 24
    endloop
  endfacet
  facet normal -0.854132 0.520056 0
    outer loop
      vertex 46.1556 23.7859 24.49
      vertex 45.8522 23.2876 24
      vertex 45.8522 23.2876 24.49
    endloop
  endfacet
  facet normal -0.988265 0.152749 0
    outer loop
      vertex 45.7526 22.6432 24
      vertex 45.8522 23.2876 24.49
      vertex 45.8522 23.2876 24
    endloop
  endfacet
  facet normal -0.988265 0.152749 0
    outer loop
      vertex 45.8522 23.2876 24.49
      vertex 45.7526 22.6432 24
      vertex 45.7526 22.6432 24.49
    endloop
  endfacet
  facet normal -0.98835 -0.152195 0
    outer loop
      vertex 45.8522 21.9964 24
      vertex 45.7526 22.6432 24.49
      vertex 45.7526 22.6432 24
    endloop
  endfacet
  facet normal -0.98835 -0.152195 0
    outer loop
      vertex 45.7526 22.6432 24.49
      vertex 45.8522 21.9964 24
      vertex 45.8522 21.9964 24.49
    endloop
  endfacet
  facet normal -0.854977 -0.518666 0
    outer loop
      vertex 46.1554 21.4966 24
      vertex 45.8522 21.9964 24.49
      vertex 45.8522 21.9964 24
    endloop
  endfacet
  facet normal -0.854977 -0.518666 0
    outer loop
      vertex 45.8522 21.9964 24.49
      vertex 46.1554 21.4966 24
      vertex 46.1554 21.4966 24.49
    endloop
  endfacet
  facet normal -0.549046 -0.835792 0
    outer loop
      vertex 46.1554 21.4966 24
      vertex 46.6375 21.1799 24.49
      vertex 46.1554 21.4966 24.49
    endloop
  endfacet
  facet normal -0.549046 -0.835792 -0
    outer loop
      vertex 46.6375 21.1799 24.49
      vertex 46.1554 21.4966 24
      vertex 46.6375 21.1799 24
    endloop
  endfacet
  facet normal -0.163837 -0.986487 0
    outer loop
      vertex 46.6375 21.1799 24
      vertex 47.2643 21.0758 24.49
      vertex 46.6375 21.1799 24.49
    endloop
  endfacet
  facet normal -0.163837 -0.986487 -0
    outer loop
      vertex 47.2643 21.0758 24.49
      vertex 46.6375 21.1799 24
      vertex 47.2643 21.0758 24
    endloop
  endfacet
  facet normal 0.160381 -0.987055 0
    outer loop
      vertex 47.2643 21.0758 24
      vertex 47.9019 21.1794 24.49
      vertex 47.2643 21.0758 24.49
    endloop
  endfacet
  facet normal 0.160381 -0.987055 0
    outer loop
      vertex 47.9019 21.1794 24.49
      vertex 47.2643 21.0758 24
      vertex 47.9019 21.1794 24
    endloop
  endfacet
  facet normal 0.680142 0.73308 -0
    outer loop
      vertex 47.0197 21.8004 24
      vertex 46.8466 21.961 24.49
      vertex 47.0197 21.8004 24.49
    endloop
  endfacet
  facet normal 0.680142 0.73308 0
    outer loop
      vertex 46.8466 21.961 24.49
      vertex 47.0197 21.8004 24
      vertex 46.8466 21.961 24
    endloop
  endfacet
  facet normal 0.927284 0.374359 0
    outer loop
      vertex 46.8466 21.961 24.49
      vertex 46.7336 22.2409 24
      vertex 46.7336 22.2409 24.49
    endloop
  endfacet
  facet normal 0.927284 0.374359 0
    outer loop
      vertex 46.7336 22.2409 24
      vertex 46.8466 21.961 24.49
      vertex 46.8466 21.961 24
    endloop
  endfacet
  facet normal 0.995231 0.0975422 0
    outer loop
      vertex 46.7336 22.2409 24.49
      vertex 46.6947 22.6378 24
      vertex 46.6947 22.6378 24.49
    endloop
  endfacet
  facet normal 0.995231 0.0975422 0
    outer loop
      vertex 46.6947 22.6378 24
      vertex 46.7336 22.2409 24.49
      vertex 46.7336 22.2409 24
    endloop
  endfacet
  facet normal 0.97401 -0.226507 0
    outer loop
      vertex 46.6947 22.6378 24.49
      vertex 46.8523 23.3155 24
      vertex 46.8523 23.3155 24.49
    endloop
  endfacet
  facet normal 0.97401 -0.226507 0
    outer loop
      vertex 46.8523 23.3155 24
      vertex 46.6947 22.6378 24.49
      vertex 46.6947 22.6378 24
    endloop
  endfacet
  facet normal 0.431221 -0.902246 0
    outer loop
      vertex 46.8523 23.3155 24
      vertex 47.3011 23.53 24.49
      vertex 46.8523 23.3155 24.49
    endloop
  endfacet
  facet normal 0.431221 -0.902246 0
    outer loop
      vertex 47.3011 23.53 24.49
      vertex 46.8523 23.3155 24
      vertex 47.3011 23.53 24
    endloop
  endfacet
  facet normal -0.201523 -0.979484 0
    outer loop
      vertex 47.3011 23.53 24
      vertex 47.5344 23.482 24.49
      vertex 47.3011 23.53 24.49
    endloop
  endfacet
  facet normal -0.201523 -0.979484 -0
    outer loop
      vertex 47.5344 23.482 24.49
      vertex 47.3011 23.53 24
      vertex 47.5344 23.482 24
    endloop
  endfacet
  facet normal -0.645352 -0.763886 0
    outer loop
      vertex 47.5344 23.482 24
      vertex 47.7084 23.335 24.49
      vertex 47.5344 23.482 24.49
    endloop
  endfacet
  facet normal -0.645352 -0.763886 -0
    outer loop
      vertex 47.7084 23.335 24.49
      vertex 47.5344 23.482 24
      vertex 47.7084 23.335 24
    endloop
  endfacet
  facet normal -0.923268 -0.384156 0
    outer loop
      vertex 47.8212 23.0639 24
      vertex 47.7084 23.335 24.49
      vertex 47.7084 23.335 24
    endloop
  endfacet
  facet normal -0.923268 -0.384156 0
    outer loop
      vertex 47.7084 23.335 24.49
      vertex 47.8212 23.0639 24
      vertex 47.8212 23.0639 24.49
    endloop
  endfacet
  facet normal -0.995552 -0.0942095 0
    outer loop
      vertex 47.8605 22.6486 24
      vertex 47.8212 23.0639 24.49
      vertex 47.8212 23.0639 24
    endloop
  endfacet
  facet normal -0.995552 -0.0942095 0
    outer loop
      vertex 47.8212 23.0639 24.49
      vertex 47.8605 22.6486 24
      vertex 47.8605 22.6486 24.49
    endloop
  endfacet
  facet normal -0.973851 0.227189 0
    outer loop
      vertex 47.701 21.9649 24
      vertex 47.8605 22.6486 24.49
      vertex 47.8605 22.6486 24
    endloop
  endfacet
  facet normal -0.973851 0.227189 0
    outer loop
      vertex 47.8605 22.6486 24.49
      vertex 47.701 21.9649 24
      vertex 47.701 21.9649 24.49
    endloop
  endfacet
  facet normal -0.429864 0.902894 0
    outer loop
      vertex 47.701 21.9649 24
      vertex 47.2471 21.7488 24.49
      vertex 47.701 21.9649 24.49
    endloop
  endfacet
  facet normal -0.429864 0.902894 0
    outer loop
      vertex 47.2471 21.7488 24.49
      vertex 47.701 21.9649 24
      vertex 47.2471 21.7488 24
    endloop
  endfacet
  facet normal 0.221287 0.975209 -0
    outer loop
      vertex 47.2471 21.7488 24
      vertex 47.0197 21.8004 24.49
      vertex 47.2471 21.7488 24.49
    endloop
  endfacet
  facet normal 0.221287 0.975209 0
    outer loop
      vertex 47.0197 21.8004 24.49
      vertex 47.2471 21.7488 24
      vertex 47.0197 21.8004 24
    endloop
  endfacet
  facet normal 0.733602 -0.679579 0
    outer loop
      vertex 21.3868 21.226 24.49
      vertex 21.7038 21.5682 24
      vertex 21.7038 21.5682 24.49
    endloop
  endfacet
  facet normal 0.733602 -0.679579 0
    outer loop
      vertex 21.7038 21.5682 24
      vertex 21.3868 21.226 24.49
      vertex 21.3868 21.226 24
    endloop
  endfacet
  facet normal -0.975251 -0.221103 0
    outer loop
      vertex 21.7296 21.4544 24
      vertex 21.7038 21.5682 24.49
      vertex 21.7038 21.5682 24
    endloop
  endfacet
  facet normal -0.975251 -0.221103 0
    outer loop
      vertex 21.7038 21.5682 24.49
      vertex 21.7296 21.4544 24
      vertex 21.7296 21.4544 24.49
    endloop
  endfacet
  facet normal -0.846719 -0.53204 0
    outer loop
      vertex 21.8537 21.2569 24
      vertex 21.7296 21.4544 24.49
      vertex 21.7296 21.4544 24
    endloop
  endfacet
  facet normal -0.846719 -0.53204 0
    outer loop
      vertex 21.7296 21.4544 24.49
      vertex 21.8537 21.2569 24
      vertex 21.8537 21.2569 24.49
    endloop
  endfacet
  facet normal -0.518254 -0.855226 0
    outer loop
      vertex 21.8537 21.2569 24
      vertex 22.0542 21.1354 24.49
      vertex 21.8537 21.2569 24.49
    endloop
  endfacet
  facet normal -0.518254 -0.855226 -0
    outer loop
      vertex 22.0542 21.1354 24.49
      vertex 21.8537 21.2569 24
      vertex 22.0542 21.1354 24
    endloop
  endfacet
  facet normal -0.139494 -0.990223 0
    outer loop
      vertex 22.0542 21.1354 24
      vertex 22.3204 21.0979 24.49
      vertex 22.0542 21.1354 24.49
    endloop
  endfacet
  facet normal -0.139494 -0.990223 -0
    outer loop
      vertex 22.3204 21.0979 24.49
      vertex 22.0542 21.1354 24
      vertex 22.3204 21.0979 24
    endloop
  endfacet
  facet normal 0.0169878 -0.999856 0
    outer loop
      vertex 22.3204 21.0979 24
      vertex 22.4028 21.0993 24.49
      vertex 22.3204 21.0979 24.49
    endloop
  endfacet
  facet normal 0.0169878 -0.999856 0
    outer loop
      vertex 22.4028 21.0993 24.49
      vertex 22.3204 21.0979 24
      vertex 22.4028 21.0993 24
    endloop
  endfacet
  facet normal 0.0617377 -0.998092 0
    outer loop
      vertex 22.4028 21.0993 24
      vertex 22.4707 21.1035 24.49
      vertex 22.4028 21.0993 24.49
    endloop
  endfacet
  facet normal 0.0617377 -0.998092 0
    outer loop
      vertex 22.4707 21.1035 24.49
      vertex 22.4028 21.0993 24
      vertex 22.4707 21.1035 24
    endloop
  endfacet
  facet normal 0.103235 -0.994657 0
    outer loop
      vertex 22.4707 21.1035 24
      vertex 22.5314 21.1098 24.49
      vertex 22.4707 21.1035 24.49
    endloop
  endfacet
  facet normal 0.103235 -0.994657 0
    outer loop
      vertex 22.5314 21.1098 24.49
      vertex 22.4707 21.1035 24
      vertex 22.5314 21.1098 24
    endloop
  endfacet
  facet normal 0.131484 -0.991318 0
    outer loop
      vertex 22.5314 21.1098 24
      vertex 22.5887 21.1174 24.49
      vertex 22.5314 21.1098 24.49
    endloop
  endfacet
  facet normal 0.131484 -0.991318 0
    outer loop
      vertex 22.5887 21.1174 24.49
      vertex 22.5314 21.1098 24
      vertex 22.5887 21.1174 24
    endloop
  endfacet
  facet normal 0.172889 -0.984941 0
    outer loop
      vertex 22.5887 21.1174 24
      vertex 22.6451 21.1273 24.49
      vertex 22.5887 21.1174 24.49
    endloop
  endfacet
  facet normal 0.172889 -0.984941 0
    outer loop
      vertex 22.6451 21.1273 24.49
      vertex 22.5887 21.1174 24
      vertex 22.6451 21.1273 24
    endloop
  endfacet
  facet normal 0.219345 -0.975647 0
    outer loop
      vertex 22.6451 21.1273 24
      vertex 22.7007 21.1398 24.49
      vertex 22.6451 21.1273 24.49
    endloop
  endfacet
  facet normal 0.219345 -0.975647 0
    outer loop
      vertex 22.7007 21.1398 24.49
      vertex 22.6451 21.1273 24
      vertex 22.7007 21.1398 24
    endloop
  endfacet
  facet normal 0.240131 -0.970741 0
    outer loop
      vertex 22.7007 21.1398 24
      vertex 22.7577 21.1539 24.49
      vertex 22.7007 21.1398 24.49
    endloop
  endfacet
  facet normal 0.240131 -0.970741 0
    outer loop
      vertex 22.7577 21.1539 24.49
      vertex 22.7007 21.1398 24
      vertex 22.7577 21.1539 24
    endloop
  endfacet
  facet normal 0.235127 -0.971965 0
    outer loop
      vertex 22.7577 21.1539 24
      vertex 22.8813 21.1838 24.49
      vertex 22.7577 21.1539 24.49
    endloop
  endfacet
  facet normal 0.235127 -0.971965 0
    outer loop
      vertex 22.8813 21.1838 24.49
      vertex 22.7577 21.1539 24
      vertex 22.8813 21.1838 24
    endloop
  endfacet
  facet normal 1 -0 0
    outer loop
      vertex 22.8813 21.1838 24.49
      vertex 22.8813 21.7414 24
      vertex 22.8813 21.7414 24.49
    endloop
  endfacet
  facet normal 1 0 0
    outer loop
      vertex 22.8813 21.7414 24
      vertex 22.8813 21.1838 24.49
      vertex 22.8813 21.1838 24
    endloop
  endfacet
  facet normal -0.145697 0.989329 0
    outer loop
      vertex 22.8813 21.7414 24
      vertex 22.7129 21.7166 24.49
      vertex 22.8813 21.7414 24.49
    endloop
  endfacet
  facet normal -0.145697 0.989329 0
    outer loop
      vertex 22.7129 21.7166 24.49
      vertex 22.8813 21.7414 24
      vertex 22.7129 21.7166 24
    endloop
  endfacet
  facet normal -0.0477025 0.998862 0
    outer loop
      vertex 22.7129 21.7166 24
      vertex 22.6438 21.7133 24.49
      vertex 22.7129 21.7166 24.49
    endloop
  endfacet
  facet normal -0.0477025 0.998862 0
    outer loop
      vertex 22.6438 21.7133 24.49
      vertex 22.7129 21.7166 24
      vertex 22.6438 21.7133 24
    endloop
  endfacet
  facet normal 0.204209 0.978927 -0
    outer loop
      vertex 22.6438 21.7133 24
      vertex 22.5671 21.7293 24.49
      vertex 22.6438 21.7133 24.49
    endloop
  endfacet
  facet normal 0.204209 0.978927 0
    outer loop
      vertex 22.5671 21.7293 24.49
      vertex 22.6438 21.7133 24
      vertex 22.5671 21.7293 24
    endloop
  endfacet
  facet normal 0.687301 0.726373 -0
    outer loop
      vertex 22.5671 21.7293 24
      vertex 22.5262 21.768 24.49
      vertex 22.5671 21.7293 24.49
    endloop
  endfacet
  facet normal 0.687301 0.726373 0
    outer loop
      vertex 22.5262 21.768 24.49
      vertex 22.5671 21.7293 24
      vertex 22.5262 21.768 24
    endloop
  endfacet
  facet normal 0.953539 0.301269 0
    outer loop
      vertex 22.5262 21.768 24.49
      vertex 22.4947 21.8677 24
      vertex 22.4947 21.8677 24.49
    endloop
  endfacet
  facet normal 0.953539 0.301269 0
    outer loop
      vertex 22.4947 21.8677 24
      vertex 22.5262 21.768 24.49
      vertex 22.5262 21.768 24
    endloop
  endfacet
  facet normal 0.997794 0.0663802 0
    outer loop
      vertex 22.4947 21.8677 24.49
      vertex 22.482 22.0586 24
      vertex 22.482 22.0586 24.49
    endloop
  endfacet
  facet normal 0.997794 0.0663802 0
    outer loop
      vertex 22.482 22.0586 24
      vertex 22.4947 21.8677 24.49
      vertex 22.4947 21.8677 24
    endloop
  endfacet
  facet normal 1 -0 0
    outer loop
      vertex 22.482 22.0586 24.49
      vertex 22.482 23.1047 24
      vertex 22.482 23.1047 24.49
    endloop
  endfacet
  facet normal 1 0 0
    outer loop
      vertex 22.482 23.1047 24
      vertex 22.482 22.0586 24.49
      vertex 22.482 22.0586 24
    endloop
  endfacet
  facet normal 0.986079 0.166277 0
    outer loop
      vertex 22.482 23.1047 24.49
      vertex 22.4045 23.5643 24
      vertex 22.4045 23.5643 24.49
    endloop
  endfacet
  facet normal 0.986079 0.166277 0
    outer loop
      vertex 22.4045 23.5643 24
      vertex 22.482 23.1047 24.49
      vertex 22.482 23.1047 24
    endloop
  endfacet
  facet normal 0.826574 0.562828 0
    outer loop
      vertex 22.4045 23.5643 24.49
      vertex 22.164 23.9175 24
      vertex 22.164 23.9175 24.49
    endloop
  endfacet
  facet normal 0.826574 0.562828 0
    outer loop
      vertex 22.164 23.9175 24
      vertex 22.4045 23.5643 24.49
      vertex 22.4045 23.5643 24
    endloop
  endfacet
  facet normal 0.490723 0.871316 -0
    outer loop
      vertex 22.164 23.9175 24
      vertex 21.7787 24.1345 24.49
      vertex 22.164 23.9175 24.49
    endloop
  endfacet
  facet normal 0.490723 0.871316 0
    outer loop
      vertex 21.7787 24.1345 24.49
      vertex 22.164 23.9175 24
      vertex 21.7787 24.1345 24
    endloop
  endfacet
  facet normal 0.137878 0.990449 -0
    outer loop
      vertex 21.7787 24.1345 24
      vertex 21.2737 24.2048 24.49
      vertex 21.7787 24.1345 24.49
    endloop
  endfacet
  facet normal 0.137878 0.990449 0
    outer loop
      vertex 21.2737 24.2048 24.49
      vertex 21.7787 24.1345 24
      vertex 21.2737 24.2048 24
    endloop
  endfacet
  facet normal -0.11156 0.993758 0
    outer loop
      vertex 21.2737 24.2048 24
      vertex 20.7713 24.1484 24.49
      vertex 21.2737 24.2048 24.49
    endloop
  endfacet
  facet normal -0.11156 0.993758 0
    outer loop
      vertex 20.7713 24.1484 24.49
      vertex 21.2737 24.2048 24
      vertex 20.7713 24.1484 24
    endloop
  endfacet
  facet normal -0.402832 0.915274 0
    outer loop
      vertex 20.7713 24.1484 24
      vertex 20.378 23.9753 24.49
      vertex 20.7713 24.1484 24.49
    endloop
  endfacet
  facet normal -0.402832 0.915274 0
    outer loop
      vertex 20.378 23.9753 24.49
      vertex 20.7713 24.1484 24
      vertex 20.378 23.9753 24
    endloop
  endfacet
  facet normal -0.727618 0.685983 0
    outer loop
      vertex 20.1045 23.6852 24
      vertex 20.378 23.9753 24.49
      vertex 20.378 23.9753 24
    endloop
  endfacet
  facet normal -0.727618 0.685983 0
    outer loop
      vertex 20.378 23.9753 24.49
      vertex 20.1045 23.6852 24
      vertex 20.1045 23.6852 24.49
    endloop
  endfacet
  facet normal -0.941685 0.336496 0
    outer loop
      vertex 19.9313 23.2005 24
      vertex 20.1045 23.6852 24.49
      vertex 20.1045 23.6852 24
    endloop
  endfacet
  facet normal -0.941685 0.336496 0
    outer loop
      vertex 20.1045 23.6852 24.49
      vertex 19.9313 23.2005 24
      vertex 19.9313 23.2005 24.49
    endloop
  endfacet
  facet normal -0.047745 -0.99886 0
    outer loop
      vertex 19.9313 23.2005 24
      vertex 20.8811 23.1551 24.49
      vertex 19.9313 23.2005 24.49
    endloop
  endfacet
  facet normal -0.047745 -0.99886 -0
    outer loop
      vertex 20.8811 23.1551 24.49
      vertex 19.9313 23.2005 24
      vertex 20.8811 23.1551 24
    endloop
  endfacet
  facet normal 0.975518 -0.219921 0
    outer loop
      vertex 20.8811 23.1551 24.49
      vertex 20.9348 23.3933 24
      vertex 20.9348 23.3933 24.49
    endloop
  endfacet
  facet normal 0.975518 -0.219921 0
    outer loop
      vertex 20.9348 23.3933 24
      vertex 20.8811 23.1551 24.49
      vertex 20.8811 23.1551 24
    endloop
  endfacet
  facet normal 0.846807 -0.531901 0
    outer loop
      vertex 20.9348 23.3933 24.49
      vertex 20.9951 23.4893 24
      vertex 20.9951 23.4893 24.49
    endloop
  endfacet
  facet normal 0.846807 -0.531901 0
    outer loop
      vertex 20.9951 23.4893 24
      vertex 20.9348 23.3933 24.49
      vertex 20.9348 23.3933 24
    endloop
  endfacet
  facet normal 0.49372 -0.869621 0
    outer loop
      vertex 20.9951 23.4893 24
      vertex 21.0881 23.5421 24.49
      vertex 20.9951 23.4893 24.49
    endloop
  endfacet
  facet normal 0.49372 -0.869621 0
    outer loop
      vertex 21.0881 23.5421 24.49
      vertex 20.9951 23.4893 24
      vertex 21.0881 23.5421 24
    endloop
  endfacet
  facet normal 0.130013 -0.991512 0
    outer loop
      vertex 21.0881 23.5421 24
      vertex 21.2391 23.5619 24.49
      vertex 21.0881 23.5421 24.49
    endloop
  endfacet
  facet normal 0.130013 -0.991512 0
    outer loop
      vertex 21.2391 23.5619 24.49
      vertex 21.0881 23.5421 24
      vertex 21.2391 23.5619 24
    endloop
  endfacet
  facet normal -0.175127 -0.984546 0
    outer loop
      vertex 21.2391 23.5619 24
      vertex 21.3982 23.5336 24.49
      vertex 21.2391 23.5619 24.49
    endloop
  endfacet
  facet normal -0.175127 -0.984546 -0
    outer loop
      vertex 21.3982 23.5336 24.49
      vertex 21.2391 23.5619 24
      vertex 21.3982 23.5336 24
    endloop
  endfacet
  facet normal -0.621343 -0.783538 0
    outer loop
      vertex 21.3982 23.5336 24
      vertex 21.4953 23.4566 24.49
      vertex 21.3982 23.5336 24.49
    endloop
  endfacet
  facet normal -0.621343 -0.783538 -0
    outer loop
      vertex 21.4953 23.4566 24.49
      vertex 21.3982 23.5336 24
      vertex 21.4953 23.4566 24
    endloop
  endfacet
  facet normal -0.919812 -0.392358 0
    outer loop
      vertex 21.556 23.3143 24
      vertex 21.4953 23.4566 24.49
      vertex 21.4953 23.4566 24
    endloop
  endfacet
  facet normal -0.919812 -0.392358 0
    outer loop
      vertex 21.4953 23.4566 24.49
      vertex 21.556 23.3143 24
      vertex 21.556 23.3143 24.49
    endloop
  endfacet
  facet normal -0.995046 -0.0994174 0
    outer loop
      vertex 21.5788 23.0861 24
      vertex 21.556 23.3143 24.49
      vertex 21.556 23.3143 24
    endloop
  endfacet
  facet normal -0.995046 -0.0994174 0
    outer loop
      vertex 21.556 23.3143 24.49
      vertex 21.5788 23.0861 24
      vertex 21.5788 23.0861 24.49
    endloop
  endfacet
  facet normal -1 0 0
    outer loop
      vertex 21.5788 23.0233 24
      vertex 21.5788 23.0861 24.49
      vertex 21.5788 23.0861 24
    endloop
  endfacet
  facet normal -1 -0 0
    outer loop
      vertex 21.5788 23.0861 24.49
      vertex 21.5788 23.0233 24
      vertex 21.5788 23.0233 24.49
    endloop
  endfacet
  facet normal -0.0171561 0.999853 0
    outer loop
      vertex 21.5788 23.0233 24
      vertex 21.0368 23.014 24.49
      vertex 21.5788 23.0233 24.49
    endloop
  endfacet
  facet normal -0.0171561 0.999853 0
    outer loop
      vertex 21.0368 23.014 24.49
      vertex 21.5788 23.0233 24
      vertex 21.0368 23.014 24
    endloop
  endfacet
  facet normal -0.127264 0.991869 0
    outer loop
      vertex 21.0368 23.014 24
      vertex 20.5341 22.9495 24.49
      vertex 21.0368 23.014 24.49
    endloop
  endfacet
  facet normal -0.127264 0.991869 0
    outer loop
      vertex 20.5341 22.9495 24.49
      vertex 21.0368 23.014 24
      vertex 20.5341 22.9495 24
    endloop
  endfacet
  facet normal -0.444127 0.895964 0
    outer loop
      vertex 20.5341 22.9495 24
      vertex 20.1506 22.7594 24.49
      vertex 20.5341 22.9495 24.49
    endloop
  endfacet
  facet normal -0.444127 0.895964 0
    outer loop
      vertex 20.1506 22.7594 24.49
      vertex 20.5341 22.9495 24
      vertex 20.1506 22.7594 24
    endloop
  endfacet
  facet normal -0.795958 0.605352 0
    outer loop
      vertex 19.9105 22.4437 24
      vertex 20.1506 22.7594 24.49
      vertex 20.1506 22.7594 24
    endloop
  endfacet
  facet normal -0.795958 0.605352 0
    outer loop
      vertex 20.1506 22.7594 24.49
      vertex 19.9105 22.4437 24
      vertex 19.9105 22.4437 24.49
    endloop
  endfacet
  facet normal -0.98335 0.181724 0
    outer loop
      vertex 19.8322 22.02 24
      vertex 19.9105 22.4437 24.49
      vertex 19.9105 22.4437 24
    endloop
  endfacet
  facet normal -0.98335 0.181724 0
    outer loop
      vertex 19.9105 22.4437 24.49
      vertex 19.8322 22.02 24
      vertex 19.8322 22.02 24.49
    endloop
  endfacet
  facet normal -0.987463 -0.157854 0
    outer loop
      vertex 19.8952 21.6259 24
      vertex 19.8322 22.02 24.49
      vertex 19.8322 22.02 24
    endloop
  endfacet
  facet normal -0.987463 -0.157854 0
    outer loop
      vertex 19.8322 22.02 24.49
      vertex 19.8952 21.6259 24
      vertex 19.8952 21.6259 24.49
    endloop
  endfacet
  facet normal -0.841749 -0.539869 0
    outer loop
      vertex 20.0887 21.3242 24
      vertex 19.8952 21.6259 24.49
      vertex 19.8952 21.6259 24
    endloop
  endfacet
  facet normal -0.841749 -0.539869 0
    outer loop
      vertex 19.8952 21.6259 24.49
      vertex 20.0887 21.3242 24
      vertex 20.0887 21.3242 24.49
    endloop
  endfacet
  facet normal -0.520237 -0.854022 0
    outer loop
      vertex 20.0887 21.3242 24
      vertex 20.3965 21.1367 24.49
      vertex 20.0887 21.3242 24.49
    endloop
  endfacet
  facet normal -0.520237 -0.854022 -0
    outer loop
      vertex 20.3965 21.1367 24.49
      vertex 20.0887 21.3242 24
      vertex 20.3965 21.1367 24
    endloop
  endfacet
  facet normal -0.151169 -0.988508 0
    outer loop
      vertex 20.3965 21.1367 24
      vertex 20.798 21.0753 24.49
      vertex 20.3965 21.1367 24.49
    endloop
  endfacet
  facet normal -0.151169 -0.988508 -0
    outer loop
      vertex 20.798 21.0753 24.49
      vertex 20.3965 21.1367 24
      vertex 20.798 21.0753 24
    endloop
  endfacet
  facet normal 0.247952 -0.968772 0
    outer loop
      vertex 20.798 21.0753 24
      vertex 21.3868 21.226 24.49
      vertex 20.798 21.0753 24.49
    endloop
  endfacet
  facet normal 0.247952 -0.968772 0
    outer loop
      vertex 21.3868 21.226 24.49
      vertex 20.798 21.0753 24
      vertex 21.3868 21.226 24
    endloop
  endfacet
  facet normal 0.561628 0.82739 -0
    outer loop
      vertex 20.9223 21.7758 24
      vertex 20.8426 21.8299 24.49
      vertex 20.9223 21.7758 24.49
    endloop
  endfacet
  facet normal 0.561628 0.82739 0
    outer loop
      vertex 20.8426 21.8299 24.49
      vertex 20.9223 21.7758 24
      vertex 20.8426 21.8299 24
    endloop
  endfacet
  facet normal 0.872038 0.489437 0
    outer loop
      vertex 20.8426 21.8299 24.49
      vertex 20.789 21.9254 24
      vertex 20.789 21.9254 24.49
    endloop
  endfacet
  facet normal 0.872038 0.489437 0
    outer loop
      vertex 20.789 21.9254 24
      vertex 20.8426 21.8299 24.49
      vertex 20.8426 21.8299 24
    endloop
  endfacet
  facet normal 0.991324 0.131443 0
    outer loop
      vertex 20.789 21.9254 24.49
      vertex 20.7687 22.0785 24
      vertex 20.7687 22.0785 24.49
    endloop
  endfacet
  facet normal 0.991324 0.131443 0
    outer loop
      vertex 20.7687 22.0785 24
      vertex 20.789 21.9254 24.49
      vertex 20.789 21.9254 24
    endloop
  endfacet
  facet normal 0.995029 -0.0995839 0
    outer loop
      vertex 20.7687 22.0785 24.49
      vertex 20.781 22.2014 24
      vertex 20.781 22.2014 24.49
    endloop
  endfacet
  facet normal 0.995029 -0.0995839 0
    outer loop
      vertex 20.781 22.2014 24
      vertex 20.7687 22.0785 24.49
      vertex 20.7687 22.0785 24
    endloop
  endfacet
  facet normal 0.933346 -0.358979 0
    outer loop
      vertex 20.781 22.2014 24.49
      vertex 20.815 22.2898 24
      vertex 20.815 22.2898 24.49
    endloop
  endfacet
  facet normal 0.933346 -0.358979 0
    outer loop
      vertex 20.815 22.2898 24
      vertex 20.781 22.2014 24.49
      vertex 20.781 22.2014 24
    endloop
  endfacet
  facet normal 0.766017 -0.64282 0
    outer loop
      vertex 20.815 22.2898 24.49
      vertex 20.8677 22.3526 24
      vertex 20.8677 22.3526 24.49
    endloop
  endfacet
  facet normal 0.766017 -0.64282 0
    outer loop
      vertex 20.8677 22.3526 24
      vertex 20.815 22.2898 24.49
      vertex 20.815 22.2898 24
    endloop
  endfacet
  facet normal 0.521915 -0.852998 0
    outer loop
      vertex 20.8677 22.3526 24
      vertex 20.9419 22.398 24.49
      vertex 20.8677 22.3526 24.49
    endloop
  endfacet
  facet normal 0.521915 -0.852998 0
    outer loop
      vertex 20.9419 22.398 24.49
      vertex 20.8677 22.3526 24
      vertex 20.9419 22.398 24
    endloop
  endfacet
  facet normal 0.24823 -0.968701 0
    outer loop
      vertex 20.9419 22.398 24
      vertex 21.0699 22.4308 24.49
      vertex 20.9419 22.398 24.49
    endloop
  endfacet
  facet normal 0.24823 -0.968701 0
    outer loop
      vertex 21.0699 22.4308 24.49
      vertex 20.9419 22.398 24
      vertex 21.0699 22.4308 24
    endloop
  endfacet
  facet normal 0.0877432 -0.996143 0
    outer loop
      vertex 21.0699 22.4308 24
      vertex 21.2822 22.4495 24.49
      vertex 21.0699 22.4308 24.49
    endloop
  endfacet
  facet normal 0.0877432 -0.996143 0
    outer loop
      vertex 21.2822 22.4495 24.49
      vertex 21.0699 22.4308 24
      vertex 21.2822 22.4495 24
    endloop
  endfacet
  facet normal 0.013822 -0.999904 0
    outer loop
      vertex 21.2822 22.4495 24
      vertex 21.5788 22.4536 24.49
      vertex 21.2822 22.4495 24.49
    endloop
  endfacet
  facet normal 0.013822 -0.999904 0
    outer loop
      vertex 21.5788 22.4536 24.49
      vertex 21.2822 22.4495 24
      vertex 21.5788 22.4536 24
    endloop
  endfacet
  facet normal -1 0 0
    outer loop
      vertex 21.5788 22.3936 24
      vertex 21.5788 22.4536 24.49
      vertex 21.5788 22.4536 24
    endloop
  endfacet
  facet normal -1 -0 0
    outer loop
      vertex 21.5788 22.4536 24.49
      vertex 21.5788 22.3936 24
      vertex 21.5788 22.3936 24.49
    endloop
  endfacet
  facet normal -0.993805 0.111141 0
    outer loop
      vertex 21.5599 22.2246 24
      vertex 21.5788 22.3936 24.49
      vertex 21.5788 22.3936 24
    endloop
  endfacet
  facet normal -0.993805 0.111141 0
    outer loop
      vertex 21.5788 22.3936 24.49
      vertex 21.5599 22.2246 24
      vertex 21.5599 22.2246 24.49
    endloop
  endfacet
  facet normal -0.942057 0.335452 0
    outer loop
      vertex 21.5046 22.0693 24
      vertex 21.5599 22.2246 24.49
      vertex 21.5599 22.2246 24
    endloop
  endfacet
  facet normal -0.942057 0.335452 0
    outer loop
      vertex 21.5599 22.2246 24.49
      vertex 21.5046 22.0693 24
      vertex 21.5046 22.0693 24.49
    endloop
  endfacet
  facet normal -0.838025 0.545632 0
    outer loop
      vertex 21.4182 21.9366 24
      vertex 21.5046 22.0693 24.49
      vertex 21.5046 22.0693 24
    endloop
  endfacet
  facet normal -0.838025 0.545632 0
    outer loop
      vertex 21.5046 22.0693 24.49
      vertex 21.4182 21.9366 24
      vertex 21.4182 21.9366 24.49
    endloop
  endfacet
  facet normal -0.661489 0.749955 0
    outer loop
      vertex 21.4182 21.9366 24
      vertex 21.3063 21.8379 24.49
      vertex 21.4182 21.9366 24.49
    endloop
  endfacet
  facet normal -0.661489 0.749955 0
    outer loop
      vertex 21.3063 21.8379 24.49
      vertex 21.4182 21.9366 24
      vertex 21.3063 21.8379 24
    endloop
  endfacet
  facet normal -0.42573 0.90485 0
    outer loop
      vertex 21.3063 21.8379 24
      vertex 21.1758 21.7765 24.49
      vertex 21.3063 21.8379 24.49
    endloop
  endfacet
  facet normal -0.42573 0.90485 0
    outer loop
      vertex 21.1758 21.7765 24.49
      vertex 21.3063 21.8379 24
      vertex 21.1758 21.7765 24
    endloop
  endfacet
  facet normal -0.141129 0.989991 0
    outer loop
      vertex 21.1758 21.7765 24
      vertex 21.0334 21.7562 24.49
      vertex 21.1758 21.7765 24.49
    endloop
  endfacet
  facet normal -0.141129 0.989991 0
    outer loop
      vertex 21.0334 21.7562 24.49
      vertex 21.1758 21.7765 24
      vertex 21.0334 21.7562 24
    endloop
  endfacet
  facet normal 0.173735 0.984792 -0
    outer loop
      vertex 21.0334 21.7562 24
      vertex 20.9223 21.7758 24.49
      vertex 21.0334 21.7562 24.49
    endloop
  endfacet
  facet normal 0.173735 0.984792 0
    outer loop
      vertex 20.9223 21.7758 24.49
      vertex 21.0334 21.7562 24
      vertex 20.9223 21.7758 24
    endloop
  endfacet
  facet normal 0.733602 -0.679579 0
    outer loop
      vertex 41.0811 21.226 24.49
      vertex 41.3981 21.5682 24
      vertex 41.3981 21.5682 24.49
    endloop
  endfacet
  facet normal 0.733602 -0.679579 0
    outer loop
      vertex 41.3981 21.5682 24
      vertex 41.0811 21.226 24.49
      vertex 41.0811 21.226 24
    endloop
  endfacet
  facet normal -0.975065 -0.221917 0
    outer loop
      vertex 41.424 21.4544 24
      vertex 41.3981 21.5682 24.49
      vertex 41.3981 21.5682 24
    endloop
  endfacet
  facet normal -0.975065 -0.221917 0
    outer loop
      vertex 41.3981 21.5682 24.49
      vertex 41.424 21.4544 24
      vertex 41.424 21.4544 24.49
    endloop
  endfacet
  facet normal -0.846912 -0.531732 0
    outer loop
      vertex 41.548 21.2569 24
      vertex 41.424 21.4544 24.49
      vertex 41.424 21.4544 24
    endloop
  endfacet
  facet normal -0.846912 -0.531732 0
    outer loop
      vertex 41.424 21.4544 24.49
      vertex 41.548 21.2569 24
      vertex 41.548 21.2569 24.49
    endloop
  endfacet
  facet normal -0.518065 -0.855341 0
    outer loop
      vertex 41.548 21.2569 24
      vertex 41.7486 21.1354 24.49
      vertex 41.548 21.2569 24.49
    endloop
  endfacet
  facet normal -0.518065 -0.855341 -0
    outer loop
      vertex 41.7486 21.1354 24.49
      vertex 41.548 21.2569 24
      vertex 41.7486 21.1354 24
    endloop
  endfacet
  facet normal -0.139546 -0.990216 0
    outer loop
      vertex 41.7486 21.1354 24
      vertex 42.0147 21.0979 24.49
      vertex 41.7486 21.1354 24.49
    endloop
  endfacet
  facet normal -0.139546 -0.990216 -0
    outer loop
      vertex 42.0147 21.0979 24.49
      vertex 41.7486 21.1354 24
      vertex 42.0147 21.0979 24
    endloop
  endfacet
  facet normal 0.0169673 -0.999856 0
    outer loop
      vertex 42.0147 21.0979 24
      vertex 42.0972 21.0993 24.49
      vertex 42.0147 21.0979 24.49
    endloop
  endfacet
  facet normal 0.0169673 -0.999856 0
    outer loop
      vertex 42.0972 21.0993 24.49
      vertex 42.0147 21.0979 24
      vertex 42.0972 21.0993 24
    endloop
  endfacet
  facet normal 0.0618284 -0.998087 0
    outer loop
      vertex 42.0972 21.0993 24
      vertex 42.165 21.1035 24.49
      vertex 42.0972 21.0993 24.49
    endloop
  endfacet
  facet normal 0.0618284 -0.998087 0
    outer loop
      vertex 42.165 21.1035 24.49
      vertex 42.0972 21.0993 24
      vertex 42.165 21.1035 24
    endloop
  endfacet
  facet normal 0.103235 -0.994657 0
    outer loop
      vertex 42.165 21.1035 24
      vertex 42.2257 21.1098 24.49
      vertex 42.165 21.1035 24.49
    endloop
  endfacet
  facet normal 0.103235 -0.994657 0
    outer loop
      vertex 42.2257 21.1098 24.49
      vertex 42.165 21.1035 24
      vertex 42.2257 21.1098 24
    endloop
  endfacet
  facet normal 0.131484 -0.991318 0
    outer loop
      vertex 42.2257 21.1098 24
      vertex 42.283 21.1174 24.49
      vertex 42.2257 21.1098 24.49
    endloop
  endfacet
  facet normal 0.131484 -0.991318 0
    outer loop
      vertex 42.283 21.1174 24.49
      vertex 42.2257 21.1098 24
      vertex 42.283 21.1174 24
    endloop
  endfacet
  facet normal 0.172889 -0.984941 0
    outer loop
      vertex 42.283 21.1174 24
      vertex 42.3394 21.1273 24.49
      vertex 42.283 21.1174 24.49
    endloop
  endfacet
  facet normal 0.172889 -0.984941 0
    outer loop
      vertex 42.3394 21.1273 24.49
      vertex 42.283 21.1174 24
      vertex 42.3394 21.1273 24
    endloop
  endfacet
  facet normal 0.219345 -0.975647 0
    outer loop
      vertex 42.3394 21.1273 24
      vertex 42.395 21.1398 24.49
      vertex 42.3394 21.1273 24.49
    endloop
  endfacet
  facet normal 0.219345 -0.975647 0
    outer loop
      vertex 42.395 21.1398 24.49
      vertex 42.3394 21.1273 24
      vertex 42.395 21.1398 24
    endloop
  endfacet
  facet normal 0.239734 -0.970839 0
    outer loop
      vertex 42.395 21.1398 24
      vertex 42.4521 21.1539 24.49
      vertex 42.395 21.1398 24.49
    endloop
  endfacet
  facet normal 0.239734 -0.970839 0
    outer loop
      vertex 42.4521 21.1539 24.49
      vertex 42.395 21.1398 24
      vertex 42.4521 21.1539 24
    endloop
  endfacet
  facet normal 0.235127 -0.971965 0
    outer loop
      vertex 42.4521 21.1539 24
      vertex 42.5757 21.1838 24.49
      vertex 42.4521 21.1539 24.49
    endloop
  endfacet
  facet normal 0.235127 -0.971965 0
    outer loop
      vertex 42.5757 21.1838 24.49
      vertex 42.4521 21.1539 24
      vertex 42.5757 21.1838 24
    endloop
  endfacet
  facet normal 1 -0 0
    outer loop
      vertex 42.5757 21.1838 24.49
      vertex 42.5757 21.7414 24
      vertex 42.5757 21.7414 24.49
    endloop
  endfacet
  facet normal 1 0 0
    outer loop
      vertex 42.5757 21.7414 24
      vertex 42.5757 21.1838 24.49
      vertex 42.5757 21.1838 24
    endloop
  endfacet
  facet normal -0.145612 0.989342 0
    outer loop
      vertex 42.5757 21.7414 24
      vertex 42.4072 21.7166 24.49
      vertex 42.5757 21.7414 24.49
    endloop
  endfacet
  facet normal -0.145612 0.989342 0
    outer loop
      vertex 42.4072 21.7166 24.49
      vertex 42.5757 21.7414 24
      vertex 42.4072 21.7166 24
    endloop
  endfacet
  facet normal -0.0477025 0.998862 0
    outer loop
      vertex 42.4072 21.7166 24
      vertex 42.3381 21.7133 24.49
      vertex 42.4072 21.7166 24.49
    endloop
  endfacet
  facet normal -0.0477025 0.998862 0
    outer loop
      vertex 42.3381 21.7133 24.49
      vertex 42.4072 21.7166 24
      vertex 42.3381 21.7133 24
    endloop
  endfacet
  facet normal 0.204209 0.978927 -0
    outer loop
      vertex 42.3381 21.7133 24
      vertex 42.2614 21.7293 24.49
      vertex 42.3381 21.7133 24.49
    endloop
  endfacet
  facet normal 0.204209 0.978927 0
    outer loop
      vertex 42.2614 21.7293 24.49
      vertex 42.3381 21.7133 24
      vertex 42.2614 21.7293 24
    endloop
  endfacet
  facet normal 0.687301 0.726373 -0
    outer loop
      vertex 42.2614 21.7293 24
      vertex 42.2205 21.768 24.49
      vertex 42.2614 21.7293 24.49
    endloop
  endfacet
  facet normal 0.687301 0.726373 0
    outer loop
      vertex 42.2205 21.768 24.49
      vertex 42.2614 21.7293 24
      vertex 42.2205 21.768 24
    endloop
  endfacet
  facet normal 0.953539 0.301269 0
    outer loop
      vertex 42.2205 21.768 24.49
      vertex 42.189 21.8677 24
      vertex 42.189 21.8677 24.49
    endloop
  endfacet
  facet normal 0.953539 0.301269 0
    outer loop
      vertex 42.189 21.8677 24
      vertex 42.2205 21.768 24.49
      vertex 42.2205 21.768 24
    endloop
  endfacet
  facet normal 0.997794 0.0663802 0
    outer loop
      vertex 42.189 21.8677 24.49
      vertex 42.1763 22.0586 24
      vertex 42.1763 22.0586 24.49
    endloop
  endfacet
  facet normal 0.997794 0.0663802 0
    outer loop
      vertex 42.1763 22.0586 24
      vertex 42.189 21.8677 24.49
      vertex 42.189 21.8677 24
    endloop
  endfacet
  facet normal 1 -0 0
    outer loop
      vertex 42.1763 22.0586 24.49
      vertex 42.1763 23.1047 24
      vertex 42.1763 23.1047 24.49
    endloop
  endfacet
  facet normal 1 0 0
    outer loop
      vertex 42.1763 23.1047 24
      vertex 42.1763 22.0586 24.49
      vertex 42.1763 22.0586 24
    endloop
  endfacet
  facet normal 0.986114 0.166069 0
    outer loop
      vertex 42.1763 23.1047 24.49
      vertex 42.0989 23.5643 24
      vertex 42.0989 23.5643 24.49
    endloop
  endfacet
  facet normal 0.986114 0.166069 0
    outer loop
      vertex 42.0989 23.5643 24
      vertex 42.1763 23.1047 24.49
      vertex 42.1763 23.1047 24
    endloop
  endfacet
  facet normal 0.826465 0.562988 0
    outer loop
      vertex 42.0989 23.5643 24.49
      vertex 41.8583 23.9175 24
      vertex 41.8583 23.9175 24.49
    endloop
  endfacet
  facet normal 0.826465 0.562988 0
    outer loop
      vertex 41.8583 23.9175 24
      vertex 42.0989 23.5643 24.49
      vertex 42.0989 23.5643 24
    endloop
  endfacet
  facet normal 0.49082 0.871261 -0
    outer loop
      vertex 41.8583 23.9175 24
      vertex 41.4731 24.1345 24.49
      vertex 41.8583 23.9175 24.49
    endloop
  endfacet
  facet normal 0.49082 0.871261 0
    outer loop
      vertex 41.4731 24.1345 24.49
      vertex 41.8583 23.9175 24
      vertex 41.4731 24.1345 24
    endloop
  endfacet
  facet normal 0.137878 0.990449 -0
    outer loop
      vertex 41.4731 24.1345 24
      vertex 40.9681 24.2048 24.49
      vertex 41.4731 24.1345 24.49
    endloop
  endfacet
  facet normal 0.137878 0.990449 0
    outer loop
      vertex 40.9681 24.2048 24.49
      vertex 41.4731 24.1345 24
      vertex 40.9681 24.2048 24
    endloop
  endfacet
  facet normal -0.111538 0.99376 0
    outer loop
      vertex 40.9681 24.2048 24
      vertex 40.4656 24.1484 24.49
      vertex 40.9681 24.2048 24.49
    endloop
  endfacet
  facet normal -0.111538 0.99376 0
    outer loop
      vertex 40.4656 24.1484 24.49
      vertex 40.9681 24.2048 24
      vertex 40.4656 24.1484 24
    endloop
  endfacet
  facet normal -0.402832 0.915274 0
    outer loop
      vertex 40.4656 24.1484 24
      vertex 40.0723 23.9753 24.49
      vertex 40.4656 24.1484 24.49
    endloop
  endfacet
  facet normal -0.402832 0.915274 0
    outer loop
      vertex 40.0723 23.9753 24.49
      vertex 40.4656 24.1484 24
      vertex 40.0723 23.9753 24
    endloop
  endfacet
  facet normal -0.727618 0.685983 0
    outer loop
      vertex 39.7988 23.6852 24
      vertex 40.0723 23.9753 24.49
      vertex 40.0723 23.9753 24
    endloop
  endfacet
  facet normal -0.727618 0.685983 0
    outer loop
      vertex 40.0723 23.9753 24.49
      vertex 39.7988 23.6852 24
      vertex 39.7988 23.6852 24.49
    endloop
  endfacet
  facet normal -0.941685 0.336496 0
    outer loop
      vertex 39.6256 23.2005 24
      vertex 39.7988 23.6852 24.49
      vertex 39.7988 23.6852 24
    endloop
  endfacet
  facet normal -0.941685 0.336496 0
    outer loop
      vertex 39.7988 23.6852 24.49
      vertex 39.6256 23.2005 24
      vertex 39.6256 23.2005 24.49
    endloop
  endfacet
  facet normal -0.047745 -0.99886 0
    outer loop
      vertex 39.6256 23.2005 24
      vertex 40.5754 23.1551 24.49
      vertex 39.6256 23.2005 24.49
    endloop
  endfacet
  facet normal -0.047745 -0.99886 -0
    outer loop
      vertex 40.5754 23.1551 24.49
      vertex 39.6256 23.2005 24
      vertex 40.5754 23.1551 24
    endloop
  endfacet
  facet normal 0.975518 -0.219921 0
    outer loop
      vertex 40.5754 23.1551 24.49
      vertex 40.6291 23.3933 24
      vertex 40.6291 23.3933 24.49
    endloop
  endfacet
  facet normal 0.975518 -0.219921 0
    outer loop
      vertex 40.6291 23.3933 24
      vertex 40.5754 23.1551 24.49
      vertex 40.5754 23.1551 24
    endloop
  endfacet
  facet normal 0.846409 -0.532533 0
    outer loop
      vertex 40.6291 23.3933 24.49
      vertex 40.6895 23.4893 24
      vertex 40.6895 23.4893 24.49
    endloop
  endfacet
  facet normal 0.846409 -0.532533 0
    outer loop
      vertex 40.6895 23.4893 24
      vertex 40.6291 23.3933 24.49
      vertex 40.6291 23.3933 24
    endloop
  endfacet
  facet normal 0.494122 -0.869393 0
    outer loop
      vertex 40.6895 23.4893 24
      vertex 40.7824 23.5421 24.49
      vertex 40.6895 23.4893 24.49
    endloop
  endfacet
  facet normal 0.494122 -0.869393 0
    outer loop
      vertex 40.7824 23.5421 24.49
      vertex 40.6895 23.4893 24
      vertex 40.7824 23.5421 24
    endloop
  endfacet
  facet normal 0.130013 -0.991512 0
    outer loop
      vertex 40.7824 23.5421 24
      vertex 40.9334 23.5619 24.49
      vertex 40.7824 23.5421 24.49
    endloop
  endfacet
  facet normal 0.130013 -0.991512 0
    outer loop
      vertex 40.9334 23.5619 24.49
      vertex 40.7824 23.5421 24
      vertex 40.9334 23.5619 24
    endloop
  endfacet
  facet normal -0.175127 -0.984546 0
    outer loop
      vertex 40.9334 23.5619 24
      vertex 41.0925 23.5336 24.49
      vertex 40.9334 23.5619 24.49
    endloop
  endfacet
  facet normal -0.175127 -0.984546 -0
    outer loop
      vertex 41.0925 23.5336 24.49
      vertex 40.9334 23.5619 24
      vertex 41.0925 23.5336 24
    endloop
  endfacet
  facet normal -0.620951 -0.78385 0
    outer loop
      vertex 41.0925 23.5336 24
      vertex 41.1897 23.4566 24.49
      vertex 41.0925 23.5336 24.49
    endloop
  endfacet
  facet normal -0.620951 -0.78385 -0
    outer loop
      vertex 41.1897 23.4566 24.49
      vertex 41.0925 23.5336 24
      vertex 41.1897 23.4566 24
    endloop
  endfacet
  facet normal -0.920046 -0.391811 0
    outer loop
      vertex 41.2503 23.3143 24
      vertex 41.1897 23.4566 24.49
      vertex 41.1897 23.4566 24
    endloop
  endfacet
  facet normal -0.920046 -0.391811 0
    outer loop
      vertex 41.1897 23.4566 24.49
      vertex 41.2503 23.3143 24
      vertex 41.2503 23.3143 24.49
    endloop
  endfacet
  facet normal -0.995046 -0.0994174 0
    outer loop
      vertex 41.2731 23.0861 24
      vertex 41.2503 23.3143 24.49
      vertex 41.2503 23.3143 24
    endloop
  endfacet
  facet normal -0.995046 -0.0994174 0
    outer loop
      vertex 41.2503 23.3143 24.49
      vertex 41.2731 23.0861 24
      vertex 41.2731 23.0861 24.49
    endloop
  endfacet
  facet normal -1 0 0
    outer loop
      vertex 41.2731 23.0233 24
      vertex 41.2731 23.0861 24.49
      vertex 41.2731 23.0861 24
    endloop
  endfacet
  facet normal -1 -0 0
    outer loop
      vertex 41.2731 23.0861 24.49
      vertex 41.2731 23.0233 24
      vertex 41.2731 23.0233 24.49
    endloop
  endfacet
  facet normal -0.0171593 0.999853 0
    outer loop
      vertex 41.2731 23.0233 24
      vertex 40.7312 23.014 24.49
      vertex 41.2731 23.0233 24.49
    endloop
  endfacet
  facet normal -0.0171593 0.999853 0
    outer loop
      vertex 40.7312 23.014 24.49
      vertex 41.2731 23.0233 24
      vertex 40.7312 23.014 24
    endloop
  endfacet
  facet normal -0.127264 0.991869 0
    outer loop
      vertex 40.7312 23.014 24
      vertex 40.2285 22.9495 24.49
      vertex 40.7312 23.014 24.49
    endloop
  endfacet
  facet normal -0.127264 0.991869 0
    outer loop
      vertex 40.2285 22.9495 24.49
      vertex 40.7312 23.014 24
      vertex 40.2285 22.9495 24
    endloop
  endfacet
  facet normal -0.444034 0.89601 0
    outer loop
      vertex 40.2285 22.9495 24
      vertex 39.8449 22.7594 24.49
      vertex 40.2285 22.9495 24.49
    endloop
  endfacet
  facet normal -0.444034 0.89601 0
    outer loop
      vertex 39.8449 22.7594 24.49
      vertex 40.2285 22.9495 24
      vertex 39.8449 22.7594 24
    endloop
  endfacet
  facet normal -0.795958 0.605352 0
    outer loop
      vertex 39.6048 22.4437 24
      vertex 39.8449 22.7594 24.49
      vertex 39.8449 22.7594 24
    endloop
  endfacet
  facet normal -0.795958 0.605352 0
    outer loop
      vertex 39.8449 22.7594 24.49
      vertex 39.6048 22.4437 24
      vertex 39.6048 22.4437 24.49
    endloop
  endfacet
  facet normal -0.98335 0.181724 0
    outer loop
      vertex 39.5265 22.02 24
      vertex 39.6048 22.4437 24.49
      vertex 39.6048 22.4437 24
    endloop
  endfacet
  facet normal -0.98335 0.181724 0
    outer loop
      vertex 39.6048 22.4437 24.49
      vertex 39.5265 22.02 24
      vertex 39.5265 22.02 24.49
    endloop
  endfacet
  facet normal -0.987463 -0.157854 0
    outer loop
      vertex 39.5895 21.6259 24
      vertex 39.5265 22.02 24.49
      vertex 39.5265 22.02 24
    endloop
  endfacet
  facet normal -0.987463 -0.157854 0
    outer loop
      vertex 39.5265 22.02 24.49
      vertex 39.5895 21.6259 24
      vertex 39.5895 21.6259 24.49
    endloop
  endfacet
  facet normal -0.841749 -0.539869 0
    outer loop
      vertex 39.783 21.3242 24
      vertex 39.5895 21.6259 24.49
      vertex 39.5895 21.6259 24
    endloop
  endfacet
  facet normal -0.841749 -0.539869 0
    outer loop
      vertex 39.5895 21.6259 24.49
      vertex 39.783 21.3242 24
      vertex 39.783 21.3242 24.49
    endloop
  endfacet
  facet normal -0.520237 -0.854022 0
    outer loop
      vertex 39.783 21.3242 24
      vertex 40.0908 21.1367 24.49
      vertex 39.783 21.3242 24.49
    endloop
  endfacet
  facet normal -0.520237 -0.854022 -0
    outer loop
      vertex 40.0908 21.1367 24.49
      vertex 39.783 21.3242 24
      vertex 40.0908 21.1367 24
    endloop
  endfacet
  facet normal -0.151132 -0.988514 0
    outer loop
      vertex 40.0908 21.1367 24
      vertex 40.4924 21.0753 24.49
      vertex 40.0908 21.1367 24.49
    endloop
  endfacet
  facet normal -0.151132 -0.988514 -0
    outer loop
      vertex 40.4924 21.0753 24.49
      vertex 40.0908 21.1367 24
      vertex 40.4924 21.0753 24
    endloop
  endfacet
  facet normal 0.247991 -0.968762 0
    outer loop
      vertex 40.4924 21.0753 24
      vertex 41.0811 21.226 24.49
      vertex 40.4924 21.0753 24.49
    endloop
  endfacet
  facet normal 0.247991 -0.968762 0
    outer loop
      vertex 41.0811 21.226 24.49
      vertex 40.4924 21.0753 24
      vertex 41.0811 21.226 24
    endloop
  endfacet
  facet normal 0.562111 0.827062 -0
    outer loop
      vertex 40.6166 21.7758 24
      vertex 40.537 21.8299 24.49
      vertex 40.6166 21.7758 24.49
    endloop
  endfacet
  facet normal 0.562111 0.827062 0
    outer loop
      vertex 40.537 21.8299 24.49
      vertex 40.6166 21.7758 24
      vertex 40.537 21.8299 24
    endloop
  endfacet
  facet normal 0.871649 0.490131 0
    outer loop
      vertex 40.537 21.8299 24.49
      vertex 40.4833 21.9254 24
      vertex 40.4833 21.9254 24.49
    endloop
  endfacet
  facet normal 0.871649 0.490131 0
    outer loop
      vertex 40.4833 21.9254 24
      vertex 40.537 21.8299 24.49
      vertex 40.537 21.8299 24
    endloop
  endfacet
  facet normal 0.991408 0.130806 0
    outer loop
      vertex 40.4833 21.9254 24.49
      vertex 40.4631 22.0785 24
      vertex 40.4631 22.0785 24.49
    endloop
  endfacet
  facet normal 0.991408 0.130806 0
    outer loop
      vertex 40.4631 22.0785 24
      vertex 40.4833 21.9254 24.49
      vertex 40.4833 21.9254 24
    endloop
  endfacet
  facet normal 0.995109 -0.0987822 0
    outer loop
      vertex 40.4631 22.0785 24.49
      vertex 40.4753 22.2014 24
      vertex 40.4753 22.2014 24.49
    endloop
  endfacet
  facet normal 0.995109 -0.0987822 0
    outer loop
      vertex 40.4753 22.2014 24
      vertex 40.4631 22.0785 24.49
      vertex 40.4631 22.0785 24
    endloop
  endfacet
  facet normal 0.933346 -0.358979 0
    outer loop
      vertex 40.4753 22.2014 24.49
      vertex 40.5093 22.2898 24
      vertex 40.5093 22.2898 24.49
    endloop
  endfacet
  facet normal 0.933346 -0.358979 0
    outer loop
      vertex 40.5093 22.2898 24
      vertex 40.4753 22.2014 24.49
      vertex 40.4753 22.2014 24
    endloop
  endfacet
  facet normal 0.765417 -0.643535 0
    outer loop
      vertex 40.5093 22.2898 24.49
      vertex 40.5621 22.3526 24
      vertex 40.5621 22.3526 24.49
    endloop
  endfacet
  facet normal 0.765417 -0.643535 0
    outer loop
      vertex 40.5621 22.3526 24
      vertex 40.5093 22.2898 24.49
      vertex 40.5093 22.2898 24
    endloop
  endfacet
  facet normal 0.522427 -0.852684 0
    outer loop
      vertex 40.5621 22.3526 24
      vertex 40.6362 22.398 24.49
      vertex 40.5621 22.3526 24.49
    endloop
  endfacet
  facet normal 0.522427 -0.852684 0
    outer loop
      vertex 40.6362 22.398 24.49
      vertex 40.5621 22.3526 24
      vertex 40.6362 22.398 24
    endloop
  endfacet
  facet normal 0.248048 -0.968748 0
    outer loop
      vertex 40.6362 22.398 24
      vertex 40.7643 22.4308 24.49
      vertex 40.6362 22.398 24.49
    endloop
  endfacet
  facet normal 0.248048 -0.968748 0
    outer loop
      vertex 40.7643 22.4308 24.49
      vertex 40.6362 22.398 24
      vertex 40.7643 22.4308 24
    endloop
  endfacet
  facet normal 0.0877842 -0.99614 0
    outer loop
      vertex 40.7643 22.4308 24
      vertex 40.9765 22.4495 24.49
      vertex 40.7643 22.4308 24.49
    endloop
  endfacet
  facet normal 0.0877842 -0.99614 0
    outer loop
      vertex 40.9765 22.4495 24.49
      vertex 40.7643 22.4308 24
      vertex 40.9765 22.4495 24
    endloop
  endfacet
  facet normal 0.013822 -0.999904 0
    outer loop
      vertex 40.9765 22.4495 24
      vertex 41.2731 22.4536 24.49
      vertex 40.9765 22.4495 24.49
    endloop
  endfacet
  facet normal 0.013822 -0.999904 0
    outer loop
      vertex 41.2731 22.4536 24.49
      vertex 40.9765 22.4495 24
      vertex 41.2731 22.4536 24
    endloop
  endfacet
  facet normal -1 0 0
    outer loop
      vertex 41.2731 22.3936 24
      vertex 41.2731 22.4536 24.49
      vertex 41.2731 22.4536 24
    endloop
  endfacet
  facet normal -1 -0 0
    outer loop
      vertex 41.2731 22.4536 24.49
      vertex 41.2731 22.3936 24
      vertex 41.2731 22.3936 24.49
    endloop
  endfacet
  facet normal -0.993805 0.111141 0
    outer loop
      vertex 41.2542 22.2246 24
      vertex 41.2731 22.3936 24.49
      vertex 41.2731 22.3936 24
    endloop
  endfacet
  facet normal -0.993805 0.111141 0
    outer loop
      vertex 41.2731 22.3936 24.49
      vertex 41.2542 22.2246 24
      vertex 41.2542 22.2246 24.49
    endloop
  endfacet
  facet normal -0.942057 0.335452 0
    outer loop
      vertex 41.1989 22.0693 24
      vertex 41.2542 22.2246 24.49
      vertex 41.2542 22.2246 24
    endloop
  endfacet
  facet normal -0.942057 0.335452 0
    outer loop
      vertex 41.2542 22.2246 24.49
      vertex 41.1989 22.0693 24
      vertex 41.1989 22.0693 24.49
    endloop
  endfacet
  facet normal -0.838025 0.545632 0
    outer loop
      vertex 41.1125 21.9366 24
      vertex 41.1989 22.0693 24.49
      vertex 41.1989 22.0693 24
    endloop
  endfacet
  facet normal -0.838025 0.545632 0
    outer loop
      vertex 41.1989 22.0693 24.49
      vertex 41.1125 21.9366 24
      vertex 41.1125 21.9366 24.49
    endloop
  endfacet
  facet normal -0.661821 0.749662 0
    outer loop
      vertex 41.1125 21.9366 24
      vertex 41.0007 21.8379 24.49
      vertex 41.1125 21.9366 24.49
    endloop
  endfacet
  facet normal -0.661821 0.749662 0
    outer loop
      vertex 41.0007 21.8379 24.49
      vertex 41.1125 21.9366 24
      vertex 41.0007 21.8379 24
    endloop
  endfacet
  facet normal -0.425463 0.904976 0
    outer loop
      vertex 41.0007 21.8379 24
      vertex 40.8701 21.7765 24.49
      vertex 41.0007 21.8379 24.49
    endloop
  endfacet
  facet normal -0.425463 0.904976 0
    outer loop
      vertex 40.8701 21.7765 24.49
      vertex 41.0007 21.8379 24
      vertex 40.8701 21.7765 24
    endloop
  endfacet
  facet normal -0.141129 0.989991 0
    outer loop
      vertex 40.8701 21.7765 24
      vertex 40.7277 21.7562 24.49
      vertex 40.8701 21.7765 24.49
    endloop
  endfacet
  facet normal -0.141129 0.989991 0
    outer loop
      vertex 40.7277 21.7562 24.49
      vertex 40.8701 21.7765 24
      vertex 40.7277 21.7562 24
    endloop
  endfacet
  facet normal 0.173735 0.984792 -0
    outer loop
      vertex 40.7277 21.7562 24
      vertex 40.6166 21.7758 24.49
      vertex 40.7277 21.7562 24.49
    endloop
  endfacet
  facet normal 0.173735 0.984792 0
    outer loop
      vertex 40.6166 21.7758 24.49
      vertex 40.7277 21.7562 24
      vertex 40.6166 21.7758 24
    endloop
  endfacet
  facet normal 0 1 -0
    outer loop
      vertex 45.3537 24.1513 24
      vertex 44.4505 24.1513 24.49
      vertex 45.3537 24.1513 24.49
    endloop
  endfacet
  facet normal 0 1 0
    outer loop
      vertex 44.4505 24.1513 24.49
      vertex 45.3537 24.1513 24
      vertex 44.4505 24.1513 24
    endloop
  endfacet
  facet normal -1 0 0
    outer loop
      vertex 44.4505 21.1297 24
      vertex 44.4505 24.1513 24.49
      vertex 44.4505 24.1513 24
    endloop
  endfacet
  facet normal -1 -0 0
    outer loop
      vertex 44.4505 24.1513 24.49
      vertex 44.4505 21.1297 24
      vertex 44.4505 21.1297 24.49
    endloop
  endfacet
  facet normal 0 -1 0
    outer loop
      vertex 44.4505 21.1297 24
      vertex 45.3537 21.1297 24.49
      vertex 44.4505 21.1297 24.49
    endloop
  endfacet
  facet normal 0 -1 -0
    outer loop
      vertex 45.3537 21.1297 24.49
      vertex 44.4505 21.1297 24
      vertex 45.3537 21.1297 24
    endloop
  endfacet
  facet normal 1 -0 0
    outer loop
      vertex 45.3537 21.1297 24.49
      vertex 45.3537 24.1513 24
      vertex 45.3537 24.1513 24.49
    endloop
  endfacet
  facet normal 1 0 0
    outer loop
      vertex 45.3537 24.1513 24
      vertex 45.3537 21.1297 24.49
      vertex 45.3537 21.1297 24
    endloop
  endfacet
  facet normal -0 0 1
    outer loop
      vertex 35.2495 17.6545 24.49
      vertex 35.8173 17.1334 24.49
      vertex 35.7552 17.7931 24.49
    endloop
  endfacet
  facet normal -0 0 1
    outer loop
      vertex 35.1497 17.9926 24.49
      vertex 35.7552 17.7931 24.49
      vertex 35.5635 18.2828 24.49
    endloop
  endfacet
  facet normal 0 0 1
    outer loop
      vertex 35.2479 16.6277 24.49
      vertex 35.8173 17.1334 24.49
      vertex 35.2844 17.1338 24.49
    endloop
  endfacet
  facet normal 0 0 1
    outer loop
      vertex 35.8173 17.1334 24.49
      vertex 35.2479 16.6277 24.49
      vertex 35.752 16.4809 24.49
    endloop
  endfacet
  facet normal 0 0 1
    outer loop
      vertex 35.8173 17.1334 24.49
      vertex 35.2495 17.6545 24.49
      vertex 35.2844 17.1338 24.49
    endloop
  endfacet
  facet normal 0 0 1
    outer loop
      vertex 34.9884 18.17 24.49
      vertex 35.5635 18.2828 24.49
      vertex 35.2261 18.5892 24.49
    endloop
  endfacet
  facet normal 0 0 1
    outer loop
      vertex 35.7552 17.7931 24.49
      vertex 35.1497 17.9926 24.49
      vertex 35.2495 17.6545 24.49
    endloop
  endfacet
  facet normal 0 0 1
    outer loop
      vertex 35.5635 18.2828 24.49
      vertex 34.9884 18.17 24.49
      vertex 35.1497 17.9926 24.49
    endloop
  endfacet
  facet normal 0 0 1
    outer loop
      vertex 34.7485 18.6902 24.49
      vertex 34.9884 18.17 24.49
      vertex 35.2261 18.5892 24.49
    endloop
  endfacet
  facet normal 0 0 1
    outer loop
      vertex 34.7485 18.6902 24.49
      vertex 34.7478 18.2292 24.49
      vertex 34.9884 18.17 24.49
    endloop
  endfacet
  facet normal 0 0 1
    outer loop
      vertex 34.7485 18.6902 24.49
      vertex 34.4997 18.1705 24.49
      vertex 34.7478 18.2292 24.49
    endloop
  endfacet
  facet normal -0 0 1
    outer loop
      vertex 34.2603 18.5906 24.49
      vertex 34.4997 18.1705 24.49
      vertex 34.7485 18.6902 24.49
    endloop
  endfacet
  facet normal -0 0 1
    outer loop
      vertex 33.9189 18.2874 24.49
      vertex 34.4997 18.1705 24.49
      vertex 34.2603 18.5906 24.49
    endloop
  endfacet
  facet normal 0 0 1
    outer loop
      vertex 34.4997 18.1705 24.49
      vertex 33.9189 18.2874 24.49
      vertex 34.334 17.9955 24.49
    endloop
  endfacet
  facet normal 0 0 1
    outer loop
      vertex 33.7269 17.7982 24.49
      vertex 34.334 17.9955 24.49
      vertex 33.9189 18.2874 24.49
    endloop
  endfacet
  facet normal 0 0 1
    outer loop
      vertex 34.334 17.9955 24.49
      vertex 33.7269 17.7982 24.49
      vertex 34.2316 17.6592 24.49
    endloop
  endfacet
  facet normal 0 0 1
    outer loop
      vertex 33.6649 17.1334 24.49
      vertex 34.2316 17.6592 24.49
      vertex 33.7269 17.7982 24.49
    endloop
  endfacet
  facet normal 0 -0 1
    outer loop
      vertex 33.7288 16.4787 24.49
      vertex 34.1957 17.1337 24.49
      vertex 33.6649 17.1334 24.49
    endloop
  endfacet
  facet normal 0 0 1
    outer loop
      vertex 34.2316 17.6592 24.49
      vertex 33.6649 17.1334 24.49
      vertex 34.1957 17.1337 24.49
    endloop
  endfacet
  facet normal 0 0 1
    outer loop
      vertex 34.1957 17.1337 24.49
      vertex 33.7288 16.4787 24.49
      vertex 33.9261 15.9882 24.49
    endloop
  endfacet
  facet normal 0 0 1
    outer loop
      vertex 35.1428 16.2869 24.49
      vertex 35.752 16.4809 24.49
      vertex 35.2479 16.6277 24.49
    endloop
  endfacet
  facet normal 0 0 1
    outer loop
      vertex 35.752 16.4809 24.49
      vertex 35.1428 16.2869 24.49
      vertex 35.5508 15.99 24.49
    endloop
  endfacet
  facet normal -0 0 1
    outer loop
      vertex 34.9769 16.1014 24.49
      vertex 35.5508 15.99 24.49
      vertex 35.1428 16.2869 24.49
    endloop
  endfacet
  facet normal 0 0 1
    outer loop
      vertex 35.5508 15.99 24.49
      vertex 34.9769 16.1014 24.49
      vertex 35.2079 15.6797 24.49
    endloop
  endfacet
  facet normal 0 0 1
    outer loop
      vertex 34.736 15.5768 24.49
      vertex 34.9769 16.1014 24.49
      vertex 34.7398 16.0403 24.49
    endloop
  endfacet
  facet normal 0 0 1
    outer loop
      vertex 34.9769 16.1014 24.49
      vertex 34.736 15.5768 24.49
      vertex 35.2079 15.6797 24.49
    endloop
  endfacet
  facet normal 0 0 1
    outer loop
      vertex 34.5014 16.1002 24.49
      vertex 34.736 15.5768 24.49
      vertex 34.7398 16.0403 24.49
    endloop
  endfacet
  facet normal 0 0 1
    outer loop
      vertex 33.9261 15.9882 24.49
      vertex 34.5014 16.1002 24.49
      vertex 34.3362 16.2812 24.49
    endloop
  endfacet
  facet normal 0 0 1
    outer loop
      vertex 34.5014 16.1002 24.49
      vertex 34.2652 15.6792 24.49
      vertex 34.736 15.5768 24.49
    endloop
  endfacet
  facet normal 0 0 1
    outer loop
      vertex 33.9261 15.9882 24.49
      vertex 34.3362 16.2812 24.49
      vertex 34.2321 16.6199 24.49
    endloop
  endfacet
  facet normal 0 0 1
    outer loop
      vertex 33.9261 15.9882 24.49
      vertex 34.2321 16.6199 24.49
      vertex 34.1957 17.1337 24.49
    endloop
  endfacet
  facet normal 0 0 1
    outer loop
      vertex 34.5014 16.1002 24.49
      vertex 33.9261 15.9882 24.49
      vertex 34.2652 15.6792 24.49
    endloop
  endfacet
  facet normal 0 0 1
    outer loop
      vertex 31.1567 18.0605 24.49
      vertex 31.685 18.6458 24.49
      vertex 31.2424 18.6458 24.49
    endloop
  endfacet
  facet normal -0 0 1
    outer loop
      vertex 31.685 16.0906 24.49
      vertex 32.3827 15.6194 24.49
      vertex 32.3827 16.0906 24.49
    endloop
  endfacet
  facet normal 0 0 1
    outer loop
      vertex 31.685 18.6458 24.49
      vertex 31.1567 18.0605 24.49
      vertex 31.685 16.0906 24.49
    endloop
  endfacet
  facet normal 0 0 1
    outer loop
      vertex 31.1567 16.0906 24.49
      vertex 31.685 16.0906 24.49
      vertex 31.1567 18.0605 24.49
    endloop
  endfacet
  facet normal -0 0 1
    outer loop
      vertex 31.1567 16.0906 24.49
      vertex 32.3827 15.6194 24.49
      vertex 31.685 16.0906 24.49
    endloop
  endfacet
  facet normal 0 0 1
    outer loop
      vertex 30.4264 15.6194 24.49
      vertex 31.1567 16.0906 24.49
      vertex 30.4264 16.0906 24.49
    endloop
  endfacet
  facet normal 0 0 1
    outer loop
      vertex 31.1567 16.0906 24.49
      vertex 30.4264 15.6194 24.49
      vertex 32.3827 15.6194 24.49
    endloop
  endfacet
  facet normal -0 0 1
    outer loop
      vertex 30.5098 18.142 24.49
      vertex 31.1567 18.0605 24.49
      vertex 31.2424 18.6458 24.49
    endloop
  endfacet
  facet normal 0 0 1
    outer loop
      vertex 31.1567 18.0605 24.49
      vertex 30.5098 18.142 24.49
      vertex 30.5098 17.5987 24.49
    endloop
  endfacet
  facet normal 0 0 1
    outer loop
      vertex 29.2587 16.49 24.49
      vertex 30.3387 17.9806 24.49
      vertex 29.7781 17.9806 24.49
    endloop
  endfacet
  facet normal 0 0 1
    outer loop
      vertex 30.3387 17.9806 24.49
      vertex 29.2587 16.49 24.49
      vertex 29.4571 15.6194 24.49
    endloop
  endfacet
  facet normal -0 0 1
    outer loop
      vertex 29.1859 16.2696 24.49
      vertex 29.4571 15.6194 24.49
      vertex 29.2587 16.49 24.49
    endloop
  endfacet
  facet normal 0 0 1
    outer loop
      vertex 28.9122 15.6194 24.49
      vertex 29.1686 16.3297 24.49
      vertex 29.1198 16.4927 24.49
    endloop
  endfacet
  facet normal 0 0 1
    outer loop
      vertex 29.1859 16.2696 24.49
      vertex 28.9122 15.6194 24.49
      vertex 29.4571 15.6194 24.49
    endloop
  endfacet
  facet normal 0 0 1
    outer loop
      vertex 29.1686 16.3297 24.49
      vertex 28.9122 15.6194 24.49
      vertex 29.1859 16.2696 24.49
    endloop
  endfacet
  facet normal -0 0 1
    outer loop
      vertex 28.0546 17.9806 24.49
      vertex 29.1198 16.4927 24.49
      vertex 28.6168 17.9806 24.49
    endloop
  endfacet
  facet normal 0 0 1
    outer loop
      vertex 29.1198 16.4927 24.49
      vertex 28.0546 17.9806 24.49
      vertex 28.9122 15.6194 24.49
    endloop
  endfacet
  facet normal -0 0 1
    outer loop
      vertex 32.7524 16.2249 24.49
      vertex 33.3091 15.6194 24.49
      vertex 33.3091 16.2249 24.49
    endloop
  endfacet
  facet normal 0 0 1
    outer loop
      vertex 33.3091 15.6194 24.49
      vertex 32.7524 16.2249 24.49
      vertex 32.7524 15.6194 24.49
    endloop
  endfacet
  facet normal 0.670981 -0.741474 0
    outer loop
      vertex 35.2079 15.6797 24
      vertex 35.5508 15.99 24.49
      vertex 35.2079 15.6797 24.49
    endloop
  endfacet
  facet normal 0.670981 -0.741474 0
    outer loop
      vertex 35.5508 15.99 24.49
      vertex 35.2079 15.6797 24
      vertex 35.5508 15.99 24
    endloop
  endfacet
  facet normal 0.925298 -0.379242 0
    outer loop
      vertex 35.5508 15.99 24.49
      vertex 35.752 16.4809 24
      vertex 35.752 16.4809 24.49
    endloop
  endfacet
  facet normal 0.925298 -0.379242 0
    outer loop
      vertex 35.752 16.4809 24
      vertex 35.5508 15.99 24.49
      vertex 35.5508 15.99 24
    endloop
  endfacet
  facet normal 0.99503 -0.0995792 0
    outer loop
      vertex 35.752 16.4809 24.49
      vertex 35.8173 17.1334 24
      vertex 35.8173 17.1334 24.49
    endloop
  endfacet
  facet normal 0.99503 -0.0995792 0
    outer loop
      vertex 35.8173 17.1334 24
      vertex 35.752 16.4809 24.49
      vertex 35.752 16.4809 24
    endloop
  endfacet
  facet normal 0.995599 0.0937194 0
    outer loop
      vertex 35.8173 17.1334 24.49
      vertex 35.7552 17.7931 24
      vertex 35.7552 17.7931 24.49
    endloop
  endfacet
  facet normal 0.995599 0.0937194 0
    outer loop
      vertex 35.7552 17.7931 24
      vertex 35.8173 17.1334 24.49
      vertex 35.8173 17.1334 24
    endloop
  endfacet
  facet normal 0.931192 0.364528 0
    outer loop
      vertex 35.7552 17.7931 24.49
      vertex 35.5635 18.2828 24
      vertex 35.5635 18.2828 24.49
    endloop
  endfacet
  facet normal 0.931192 0.364528 0
    outer loop
      vertex 35.5635 18.2828 24
      vertex 35.7552 17.7931 24.49
      vertex 35.7552 17.7931 24
    endloop
  endfacet
  facet normal 0.67228 0.740297 -0
    outer loop
      vertex 35.5635 18.2828 24
      vertex 35.2261 18.5892 24.49
      vertex 35.5635 18.2828 24.49
    endloop
  endfacet
  facet normal 0.67228 0.740297 0
    outer loop
      vertex 35.2261 18.5892 24.49
      vertex 35.5635 18.2828 24
      vertex 35.2261 18.5892 24
    endloop
  endfacet
  facet normal 0.206898 0.978362 -0
    outer loop
      vertex 35.2261 18.5892 24
      vertex 34.7485 18.6902 24.49
      vertex 35.2261 18.5892 24.49
    endloop
  endfacet
  facet normal 0.206898 0.978362 0
    outer loop
      vertex 34.7485 18.6902 24.49
      vertex 35.2261 18.5892 24
      vertex 34.7485 18.6902 24
    endloop
  endfacet
  facet normal -0.199897 0.979817 0
    outer loop
      vertex 34.7485 18.6902 24
      vertex 34.2603 18.5906 24.49
      vertex 34.7485 18.6902 24.49
    endloop
  endfacet
  facet normal -0.199897 0.979817 0
    outer loop
      vertex 34.2603 18.5906 24.49
      vertex 34.7485 18.6902 24
      vertex 34.2603 18.5906 24
    endloop
  endfacet
  facet normal -0.664038 0.747699 0
    outer loop
      vertex 34.2603 18.5906 24
      vertex 33.9189 18.2874 24.49
      vertex 34.2603 18.5906 24.49
    endloop
  endfacet
  facet normal -0.664038 0.747699 0
    outer loop
      vertex 33.9189 18.2874 24.49
      vertex 34.2603 18.5906 24
      vertex 33.9189 18.2874 24
    endloop
  endfacet
  facet normal -0.930872 0.365346 0
    outer loop
      vertex 33.7269 17.7982 24
      vertex 33.9189 18.2874 24.49
      vertex 33.9189 18.2874 24
    endloop
  endfacet
  facet normal -0.930872 0.365346 0
    outer loop
      vertex 33.9189 18.2874 24.49
      vertex 33.7269 17.7982 24
      vertex 33.7269 17.7982 24.49
    endloop
  endfacet
  facet normal -0.995679 0.0928582 0
    outer loop
      vertex 33.6649 17.1334 24
      vertex 33.7269 17.7982 24.49
      vertex 33.7269 17.7982 24
    endloop
  endfacet
  facet normal -0.995679 0.0928582 0
    outer loop
      vertex 33.7269 17.7982 24.49
      vertex 33.6649 17.1334 24
      vertex 33.6649 17.1334 24.49
    endloop
  endfacet
  facet normal -0.995271 -0.0971404 0
    outer loop
      vertex 33.7288 16.4787 24
      vertex 33.6649 17.1334 24.49
      vertex 33.6649 17.1334 24
    endloop
  endfacet
  facet normal -0.995271 -0.0971404 0
    outer loop
      vertex 33.6649 17.1334 24.49
      vertex 33.7288 16.4787 24
      vertex 33.7288 16.4787 24.49
    endloop
  endfacet
  facet normal -0.927758 -0.373184 0
    outer loop
      vertex 33.9261 15.9882 24
      vertex 33.7288 16.4787 24.49
      vertex 33.7288 16.4787 24
    endloop
  endfacet
  facet normal -0.927758 -0.373184 0
    outer loop
      vertex 33.7288 16.4787 24.49
      vertex 33.9261 15.9882 24
      vertex 33.9261 15.9882 24.49
    endloop
  endfacet
  facet normal -0.67354 -0.739151 0
    outer loop
      vertex 33.9261 15.9882 24
      vertex 34.2652 15.6792 24.49
      vertex 33.9261 15.9882 24.49
    endloop
  endfacet
  facet normal -0.67354 -0.739151 -0
    outer loop
      vertex 34.2652 15.6792 24.49
      vertex 33.9261 15.9882 24
      vertex 34.2652 15.6792 24
    endloop
  endfacet
  facet normal -0.212533 -0.977154 0
    outer loop
      vertex 34.2652 15.6792 24
      vertex 34.736 15.5768 24.49
      vertex 34.2652 15.6792 24.49
    endloop
  endfacet
  facet normal -0.212533 -0.977154 -0
    outer loop
      vertex 34.736 15.5768 24.49
      vertex 34.2652 15.6792 24
      vertex 34.736 15.5768 24
    endloop
  endfacet
  facet normal 0.213048 -0.977042 0
    outer loop
      vertex 34.736 15.5768 24
      vertex 35.2079 15.6797 24.49
      vertex 34.736 15.5768 24.49
    endloop
  endfacet
  facet normal 0.213048 -0.977042 0
    outer loop
      vertex 35.2079 15.6797 24.49
      vertex 34.736 15.5768 24
      vertex 35.2079 15.6797 24
    endloop
  endfacet
  facet normal 0.738609 0.674134 0
    outer loop
      vertex 34.5014 16.1002 24.49
      vertex 34.3362 16.2812 24
      vertex 34.3362 16.2812 24.49
    endloop
  endfacet
  facet normal 0.738609 0.674134 0
    outer loop
      vertex 34.3362 16.2812 24
      vertex 34.5014 16.1002 24.49
      vertex 34.5014 16.1002 24
    endloop
  endfacet
  facet normal 0.95587 0.293788 0
    outer loop
      vertex 34.3362 16.2812 24.49
      vertex 34.2321 16.6199 24
      vertex 34.2321 16.6199 24.49
    endloop
  endfacet
  facet normal 0.95587 0.293788 0
    outer loop
      vertex 34.2321 16.6199 24
      vertex 34.3362 16.2812 24.49
      vertex 34.3362 16.2812 24
    endloop
  endfacet
  facet normal 0.9975 0.0706676 0
    outer loop
      vertex 34.2321 16.6199 24.49
      vertex 34.1957 17.1337 24
      vertex 34.1957 17.1337 24.49
    endloop
  endfacet
  facet normal 0.9975 0.0706676 0
    outer loop
      vertex 34.1957 17.1337 24
      vertex 34.2321 16.6199 24.49
      vertex 34.2321 16.6199 24
    endloop
  endfacet
  facet normal 0.997675 -0.068157 0
    outer loop
      vertex 34.1957 17.1337 24.49
      vertex 34.2316 17.6592 24
      vertex 34.2316 17.6592 24.49
    endloop
  endfacet
  facet normal 0.997675 -0.068157 0
    outer loop
      vertex 34.2316 17.6592 24
      vertex 34.1957 17.1337 24.49
      vertex 34.1957 17.1337 24
    endloop
  endfacet
  facet normal 0.956636 -0.291286 0
    outer loop
      vertex 34.2316 17.6592 24.49
      vertex 34.334 17.9955 24
      vertex 34.334 17.9955 24.49
    endloop
  endfacet
  facet normal 0.956636 -0.291286 0
    outer loop
      vertex 34.334 17.9955 24
      vertex 34.2316 17.6592 24.49
      vertex 34.2316 17.6592 24
    endloop
  endfacet
  facet normal 0.726138 -0.687549 0
    outer loop
      vertex 34.334 17.9955 24.49
      vertex 34.4997 18.1705 24
      vertex 34.4997 18.1705 24.49
    endloop
  endfacet
  facet normal 0.726138 -0.687549 0
    outer loop
      vertex 34.4997 18.1705 24
      vertex 34.334 17.9955 24.49
      vertex 34.334 17.9955 24
    endloop
  endfacet
  facet normal 0.230242 -0.973134 0
    outer loop
      vertex 34.4997 18.1705 24
      vertex 34.7478 18.2292 24.49
      vertex 34.4997 18.1705 24.49
    endloop
  endfacet
  facet normal 0.230242 -0.973134 0
    outer loop
      vertex 34.7478 18.2292 24.49
      vertex 34.4997 18.1705 24
      vertex 34.7478 18.2292 24
    endloop
  endfacet
  facet normal -0.238925 -0.971038 0
    outer loop
      vertex 34.7478 18.2292 24
      vertex 34.9884 18.17 24.49
      vertex 34.7478 18.2292 24.49
    endloop
  endfacet
  facet normal -0.238925 -0.971038 -0
    outer loop
      vertex 34.9884 18.17 24.49
      vertex 34.7478 18.2292 24
      vertex 34.9884 18.17 24
    endloop
  endfacet
  facet normal -0.739883 -0.672735 0
    outer loop
      vertex 35.1497 17.9926 24
      vertex 34.9884 18.17 24.49
      vertex 34.9884 18.17 24
    endloop
  endfacet
  facet normal -0.739883 -0.672735 0
    outer loop
      vertex 34.9884 18.17 24.49
      vertex 35.1497 17.9926 24
      vertex 35.1497 17.9926 24.49
    endloop
  endfacet
  facet normal -0.95909 -0.283103 0
    outer loop
      vertex 35.2495 17.6545 24
      vertex 35.1497 17.9926 24.49
      vertex 35.1497 17.9926 24
    endloop
  endfacet
  facet normal -0.95909 -0.283103 0
    outer loop
      vertex 35.1497 17.9926 24.49
      vertex 35.2495 17.6545 24
      vertex 35.2495 17.6545 24.49
    endloop
  endfacet
  facet normal -0.997761 -0.0668751 0
    outer loop
      vertex 35.2844 17.1338 24
      vertex 35.2495 17.6545 24.49
      vertex 35.2495 17.6545 24
    endloop
  endfacet
  facet normal -0.997761 -0.0668751 0
    outer loop
      vertex 35.2495 17.6545 24.49
      vertex 35.2844 17.1338 24
      vertex 35.2844 17.1338 24.49
    endloop
  endfacet
  facet normal -0.997409 0.0719333 0
    outer loop
      vertex 35.2479 16.6277 24
      vertex 35.2844 17.1338 24.49
      vertex 35.2844 17.1338 24
    endloop
  endfacet
  facet normal -0.997409 0.0719333 0
    outer loop
      vertex 35.2844 17.1338 24.49
      vertex 35.2479 16.6277 24
      vertex 35.2479 16.6277 24.49
    endloop
  endfacet
  facet normal -0.955591 0.294697 0
    outer loop
      vertex 35.1428 16.2869 24
      vertex 35.2479 16.6277 24.49
      vertex 35.2479 16.6277 24
    endloop
  endfacet
  facet normal -0.955591 0.294697 0
    outer loop
      vertex 35.2479 16.6277 24.49
      vertex 35.1428 16.2869 24
      vertex 35.1428 16.2869 24.49
    endloop
  endfacet
  facet normal -0.745388 0.66663 0
    outer loop
      vertex 34.9769 16.1014 24
      vertex 35.1428 16.2869 24.49
      vertex 35.1428 16.2869 24
    endloop
  endfacet
  facet normal -0.745388 0.66663 0
    outer loop
      vertex 35.1428 16.2869 24.49
      vertex 34.9769 16.1014 24
      vertex 34.9769 16.1014 24.49
    endloop
  endfacet
  facet normal -0.249544 0.968363 0
    outer loop
      vertex 34.9769 16.1014 24
      vertex 34.7398 16.0403 24.49
      vertex 34.9769 16.1014 24.49
    endloop
  endfacet
  facet normal -0.249544 0.968363 0
    outer loop
      vertex 34.7398 16.0403 24.49
      vertex 34.9769 16.1014 24
      vertex 34.7398 16.0403 24
    endloop
  endfacet
  facet normal 0.243684 0.969855 -0
    outer loop
      vertex 34.7398 16.0403 24
      vertex 34.5014 16.1002 24.49
      vertex 34.7398 16.0403 24.49
    endloop
  endfacet
  facet normal 0.243684 0.969855 0
    outer loop
      vertex 34.5014 16.1002 24.49
      vertex 34.7398 16.0403 24
      vertex 34.5014 16.1002 24
    endloop
  endfacet
  facet normal 0 1 -0
    outer loop
      vertex 32.3827 16.0906 24
      vertex 31.685 16.0906 24.49
      vertex 32.3827 16.0906 24.49
    endloop
  endfacet
  facet normal 0 1 0
    outer loop
      vertex 31.685 16.0906 24.49
      vertex 32.3827 16.0906 24
      vertex 31.685 16.0906 24
    endloop
  endfacet
  facet normal 1 -0 0
    outer loop
      vertex 31.685 16.0906 24.49
      vertex 31.685 18.6458 24
      vertex 31.685 18.6458 24.49
    endloop
  endfacet
  facet normal 1 0 0
    outer loop
      vertex 31.685 18.6458 24
      vertex 31.685 16.0906 24.49
      vertex 31.685 16.0906 24
    endloop
  endfacet
  facet normal 0 1 -0
    outer loop
      vertex 31.685 18.6458 24
      vertex 31.2424 18.6458 24.49
      vertex 31.685 18.6458 24.49
    endloop
  endfacet
  facet normal 0 1 0
    outer loop
      vertex 31.2424 18.6458 24.49
      vertex 31.685 18.6458 24
      vertex 31.2424 18.6458 24
    endloop
  endfacet
  facet normal -0.566634 0.82397 0
    outer loop
      vertex 31.2424 18.6458 24
      vertex 30.5098 18.142 24.49
      vertex 31.2424 18.6458 24.49
    endloop
  endfacet
  facet normal -0.566634 0.82397 0
    outer loop
      vertex 30.5098 18.142 24.49
      vertex 31.2424 18.6458 24
      vertex 30.5098 18.142 24
    endloop
  endfacet
  facet normal -1 0 0
    outer loop
      vertex 30.5098 17.5987 24
      vertex 30.5098 18.142 24.49
      vertex 30.5098 18.142 24
    endloop
  endfacet
  facet normal -1 -0 0
    outer loop
      vertex 30.5098 18.142 24.49
      vertex 30.5098 17.5987 24
      vertex 30.5098 17.5987 24.49
    endloop
  endfacet
  facet normal 0.581012 -0.813895 0
    outer loop
      vertex 30.5098 17.5987 24
      vertex 31.1567 18.0605 24.49
      vertex 30.5098 17.5987 24.49
    endloop
  endfacet
  facet normal 0.581012 -0.813895 0
    outer loop
      vertex 31.1567 18.0605 24.49
      vertex 30.5098 17.5987 24
      vertex 31.1567 18.0605 24
    endloop
  endfacet
  facet normal -1 0 0
    outer loop
      vertex 31.1567 16.0906 24
      vertex 31.1567 18.0605 24.49
      vertex 31.1567 18.0605 24
    endloop
  endfacet
  facet normal -1 -0 0
    outer loop
      vertex 31.1567 18.0605 24.49
      vertex 31.1567 16.0906 24
      vertex 31.1567 16.0906 24.49
    endloop
  endfacet
  facet normal 0 1 -0
    outer loop
      vertex 31.1567 16.0906 24
      vertex 30.4264 16.0906 24.49
      vertex 31.1567 16.0906 24.49
    endloop
  endfacet
  facet normal 0 1 0
    outer loop
      vertex 30.4264 16.0906 24.49
      vertex 31.1567 16.0906 24
      vertex 30.4264 16.0906 24
    endloop
  endfacet
  facet normal -1 0 0
    outer loop
      vertex 30.4264 15.6194 24
      vertex 30.4264 16.0906 24.49
      vertex 30.4264 16.0906 24
    endloop
  endfacet
  facet normal -1 -0 0
    outer loop
      vertex 30.4264 16.0906 24.49
      vertex 30.4264 15.6194 24
      vertex 30.4264 15.6194 24.49
    endloop
  endfacet
  facet normal 0 -1 0
    outer loop
      vertex 30.4264 15.6194 24
      vertex 32.3827 15.6194 24.49
      vertex 30.4264 15.6194 24.49
    endloop
  endfacet
  facet normal 0 -1 -0
    outer loop
      vertex 32.3827 15.6194 24.49
      vertex 30.4264 15.6194 24
      vertex 32.3827 15.6194 24
    endloop
  endfacet
  facet normal 1 -0 0
    outer loop
      vertex 32.3827 15.6194 24.49
      vertex 32.3827 16.0906 24
      vertex 32.3827 16.0906 24.49
    endloop
  endfacet
  facet normal 1 0 0
    outer loop
      vertex 32.3827 16.0906 24
      vertex 32.3827 15.6194 24.49
      vertex 32.3827 15.6194 24
    endloop
  endfacet
  facet normal 0 1 -0
    outer loop
      vertex 30.3387 17.9806 24
      vertex 29.7781 17.9806 24.49
      vertex 30.3387 17.9806 24.49
    endloop
  endfacet
  facet normal 0 1 0
    outer loop
      vertex 29.7781 17.9806 24.49
      vertex 30.3387 17.9806 24
      vertex 29.7781 17.9806 24
    endloop
  endfacet
  facet normal -0.944314 0.329046 0
    outer loop
      vertex 29.2587 16.49 24
      vertex 29.7781 17.9806 24.49
      vertex 29.7781 17.9806 24
    endloop
  endfacet
  facet normal -0.944314 0.329046 0
    outer loop
      vertex 29.7781 17.9806 24.49
      vertex 29.2587 16.49 24
      vertex 29.2587 16.49 24.49
    endloop
  endfacet
  facet normal -0.949541 0.313642 0
    outer loop
      vertex 29.1859 16.2696 24
      vertex 29.2587 16.49 24.49
      vertex 29.2587 16.49 24
    endloop
  endfacet
  facet normal -0.949541 0.313642 0
    outer loop
      vertex 29.2587 16.49 24.49
      vertex 29.1859 16.2696 24
      vertex 29.1859 16.2696 24.49
    endloop
  endfacet
  facet normal 0.960979 0.276621 0
    outer loop
      vertex 29.1859 16.2696 24.49
      vertex 29.1686 16.3297 24
      vertex 29.1686 16.3297 24.49
    endloop
  endfacet
  facet normal 0.960979 0.276621 0
    outer loop
      vertex 29.1686 16.3297 24
      vertex 29.1859 16.2696 24.49
      vertex 29.1859 16.2696 24
    endloop
  endfacet
  facet normal 0.957988 0.286809 0
    outer loop
      vertex 29.1686 16.3297 24.49
      vertex 29.1198 16.4927 24
      vertex 29.1198 16.4927 24.49
    endloop
  endfacet
  facet normal 0.957988 0.286809 0
    outer loop
      vertex 29.1198 16.4927 24
      vertex 29.1686 16.3297 24.49
      vertex 29.1686 16.3297 24
    endloop
  endfacet
  facet normal 0.947331 0.320255 0
    outer loop
      vertex 29.1198 16.4927 24.49
      vertex 28.6168 17.9806 24
      vertex 28.6168 17.9806 24.49
    endloop
  endfacet
  facet normal 0.947331 0.320255 0
    outer loop
      vertex 28.6168 17.9806 24
      vertex 29.1198 16.4927 24.49
      vertex 29.1198 16.4927 24
    endloop
  endfacet
  facet normal 0 1 -0
    outer loop
      vertex 28.6168 17.9806 24
      vertex 28.0546 17.9806 24.49
      vertex 28.6168 17.9806 24.49
    endloop
  endfacet
  facet normal 0 1 0
    outer loop
      vertex 28.0546 17.9806 24.49
      vertex 28.6168 17.9806 24
      vertex 28.0546 17.9806 24
    endloop
  endfacet
  facet normal -0.939924 -0.341385 0
    outer loop
      vertex 28.9122 15.6194 24
      vertex 28.0546 17.9806 24.49
      vertex 28.0546 17.9806 24
    endloop
  endfacet
  facet normal -0.939924 -0.341385 0
    outer loop
      vertex 28.0546 17.9806 24.49
      vertex 28.9122 15.6194 24
      vertex 28.9122 15.6194 24.49
    endloop
  endfacet
  facet normal 0 -1 0
    outer loop
      vertex 28.9122 15.6194 24
      vertex 29.4571 15.6194 24.49
      vertex 28.9122 15.6194 24.49
    endloop
  endfacet
  facet normal 0 -1 -0
    outer loop
      vertex 29.4571 15.6194 24.49
      vertex 28.9122 15.6194 24
      vertex 29.4571 15.6194 24
    endloop
  endfacet
  facet normal 0.93683 -0.349784 0
    outer loop
      vertex 29.4571 15.6194 24.49
      vertex 30.3387 17.9806 24
      vertex 30.3387 17.9806 24.49
    endloop
  endfacet
  facet normal 0.93683 -0.349784 0
    outer loop
      vertex 30.3387 17.9806 24
      vertex 29.4571 15.6194 24.49
      vertex 29.4571 15.6194 24
    endloop
  endfacet
  facet normal 0 1 -0
    outer loop
      vertex 33.3091 16.2249 24
      vertex 32.7524 16.2249 24.49
      vertex 33.3091 16.2249 24.49
    endloop
  endfacet
  facet normal 0 1 0
    outer loop
      vertex 32.7524 16.2249 24.49
      vertex 33.3091 16.2249 24
      vertex 32.7524 16.2249 24
    endloop
  endfacet
  facet normal -1 0 0
    outer loop
      vertex 32.7524 15.6194 24
      vertex 32.7524 16.2249 24.49
      vertex 32.7524 16.2249 24
    endloop
  endfacet
  facet normal -1 -0 0
    outer loop
      vertex 32.7524 16.2249 24.49
      vertex 32.7524 15.6194 24
      vertex 32.7524 15.6194 24.49
    endloop
  endfacet
  facet normal 0 -1 0
    outer loop
      vertex 32.7524 15.6194 24
      vertex 33.3091 15.6194 24.49
      vertex 32.7524 15.6194 24.49
    endloop
  endfacet
  facet normal 0 -1 -0
    outer loop
      vertex 33.3091 15.6194 24.49
      vertex 32.7524 15.6194 24
      vertex 33.3091 15.6194 24
    endloop
  endfacet
  facet normal 1 -0 0
    outer loop
      vertex 33.3091 15.6194 24.49
      vertex 33.3091 16.2249 24
      vertex 33.3091 16.2249 24.49
    endloop
  endfacet
  facet normal 1 0 0
    outer loop
      vertex 33.3091 16.2249 24
      vertex 33.3091 15.6194 24.49
      vertex 33.3091 15.6194 24
    endloop
  endfacet
endsolid OpenSCAD_Model
