solid OpenSCAD_Model
  facet normal -0.980752 -0.195258 0
    outer loop
      vertex 35.1318 42.5788 2.5
      vertex 35.0705 42.8867 9
      vertex 35.0705 42.8867 2.5
    endloop
  endfacet
  facet normal -0.980752 -0.195258 0
    outer loop
      vertex 35.0705 42.8867 9
      vertex 35.1318 42.5788 2.5
      vertex 35.1318 42.5788 9
    endloop
  endfacet
  facet normal -0.997866 -0.0652929 0
    outer loop
      vertex 35.0705 42.8867 2.5
      vertex 35.05 43.2 9
      vertex 35.05 43.2 2.5
    endloop
  endfacet
  facet normal -0.997866 -0.0652929 0
    outer loop
      vertex 35.05 43.2 9
      vertex 35.0705 42.8867 2.5
      vertex 35.0705 42.8867 9
    endloop
  endfacet
  facet normal -0.0652929 -0.997866 0
    outer loop
      vertex 37.1367 40.8205 2.5
      vertex 37.45 40.8 9
      vertex 37.1367 40.8205 9
    endloop
  endfacet
  facet normal -0.0652929 -0.997866 -0
    outer loop
      vertex 37.45 40.8 9
      vertex 37.1367 40.8205 2.5
      vertex 37.45 40.8 2.5
    endloop
  endfacet
  facet normal -0.831315 -0.555802 0
    outer loop
      vertex 35.546 41.739 2.5
      vertex 35.3715 42 9
      vertex 35.3715 42 2.5
    endloop
  endfacet
  facet normal -0.831315 -0.555802 0
    outer loop
      vertex 35.3715 42 9
      vertex 35.546 41.739 2.5
      vertex 35.546 41.739 9
    endloop
  endfacet
  facet normal 0.659068 0.752083 -0
    outer loop
      vertex 39.1471 44.8971 2.5
      vertex 38.911 45.104 9
      vertex 39.1471 44.8971 9
    endloop
  endfacet
  facet normal 0.659068 0.752083 0
    outer loop
      vertex 38.911 45.104 9
      vertex 39.1471 44.8971 2.5
      vertex 38.911 45.104 2.5
    endloop
  endfacet
  facet normal -0.831315 0.555802 0
    outer loop
      vertex 35.3715 44.4 2.5
      vertex 35.546 44.661 9
      vertex 35.546 44.661 2.5
    endloop
  endfacet
  facet normal -0.831315 0.555802 0
    outer loop
      vertex 35.546 44.661 9
      vertex 35.3715 44.4 2.5
      vertex 35.3715 44.4 9
    endloop
  endfacet
  facet normal 0.32148 -0.946916 0
    outer loop
      vertex 38.0712 40.8818 2.5
      vertex 38.3684 40.9827 9
      vertex 38.0712 40.8818 9
    endloop
  endfacet
  facet normal 0.32148 -0.946916 0
    outer loop
      vertex 38.3684 40.9827 9
      vertex 38.0712 40.8818 2.5
      vertex 38.3684 40.9827 2.5
    endloop
  endfacet
  facet normal -0.659068 -0.752083 0
    outer loop
      vertex 35.7529 41.5029 2.5
      vertex 35.989 41.296 9
      vertex 35.7529 41.5029 9
    endloop
  endfacet
  facet normal -0.659068 -0.752083 -0
    outer loop
      vertex 35.989 41.296 9
      vertex 35.7529 41.5029 2.5
      vertex 35.989 41.296 2.5
    endloop
  endfacet
  facet normal 0.659068 -0.752083 0
    outer loop
      vertex 38.911 41.296 2.5
      vertex 39.1471 41.5029 9
      vertex 38.911 41.296 9
    endloop
  endfacet
  facet normal 0.659068 -0.752083 0
    outer loop
      vertex 39.1471 41.5029 9
      vertex 38.911 41.296 2.5
      vertex 39.1471 41.5029 2.5
    endloop
  endfacet
  facet normal 0.946916 0.32148 0
    outer loop
      vertex 39.7682 43.8212 9
      vertex 39.6673 44.1184 2.5
      vertex 39.6673 44.1184 9
    endloop
  endfacet
  facet normal 0.946916 0.32148 0
    outer loop
      vertex 39.6673 44.1184 2.5
      vertex 39.7682 43.8212 9
      vertex 39.7682 43.8212 2.5
    endloop
  endfacet
  facet normal -0.980752 0.195258 0
    outer loop
      vertex 35.0705 43.5133 2.5
      vertex 35.1318 43.8212 9
      vertex 35.1318 43.8212 2.5
    endloop
  endfacet
  facet normal -0.980752 0.195258 0
    outer loop
      vertex 35.1318 43.8212 9
      vertex 35.0705 43.5133 2.5
      vertex 35.0705 43.5133 9
    endloop
  endfacet
  facet normal 0.752083 -0.659068 0
    outer loop
      vertex 39.1471 41.5029 9
      vertex 39.354 41.739 2.5
      vertex 39.354 41.739 9
    endloop
  endfacet
  facet normal 0.752083 -0.659068 0
    outer loop
      vertex 39.354 41.739 2.5
      vertex 39.1471 41.5029 9
      vertex 39.1471 41.5029 2.5
    endloop
  endfacet
  facet normal 0.752083 0.659068 0
    outer loop
      vertex 39.354 44.661 9
      vertex 39.1471 44.8971 2.5
      vertex 39.1471 44.8971 9
    endloop
  endfacet
  facet normal 0.752083 0.659068 0
    outer loop
      vertex 39.1471 44.8971 2.5
      vertex 39.354 44.661 9
      vertex 39.354 44.661 2.5
    endloop
  endfacet
  facet normal -0.0652929 0.997866 0
    outer loop
      vertex 37.45 45.6 2.5
      vertex 37.1367 45.5795 9
      vertex 37.45 45.6 9
    endloop
  endfacet
  facet normal -0.0652929 0.997866 0
    outer loop
      vertex 37.1367 45.5795 9
      vertex 37.45 45.6 2.5
      vertex 37.1367 45.5795 2.5
    endloop
  endfacet
  facet normal 0.831315 0.555802 0
    outer loop
      vertex 39.5285 44.4 9
      vertex 39.354 44.661 2.5
      vertex 39.354 44.661 9
    endloop
  endfacet
  facet normal 0.831315 0.555802 0
    outer loop
      vertex 39.354 44.661 2.5
      vertex 39.5285 44.4 9
      vertex 39.5285 44.4 2.5
    endloop
  endfacet
  facet normal -0.195258 -0.980752 0
    outer loop
      vertex 36.8288 40.8818 2.5
      vertex 37.1367 40.8205 9
      vertex 36.8288 40.8818 9
    endloop
  endfacet
  facet normal -0.195258 -0.980752 -0
    outer loop
      vertex 37.1367 40.8205 9
      vertex 36.8288 40.8818 2.5
      vertex 37.1367 40.8205 2.5
    endloop
  endfacet
  facet normal -0.946916 0.32148 0
    outer loop
      vertex 35.1318 43.8212 2.5
      vertex 35.2327 44.1184 9
      vertex 35.2327 44.1184 2.5
    endloop
  endfacet
  facet normal -0.946916 0.32148 0
    outer loop
      vertex 35.2327 44.1184 9
      vertex 35.1318 43.8212 2.5
      vertex 35.1318 43.8212 9
    endloop
  endfacet
  facet normal 0.44211 0.896961 -0
    outer loop
      vertex 38.65 45.2785 2.5
      vertex 38.3684 45.4173 9
      vertex 38.65 45.2785 9
    endloop
  endfacet
  facet normal 0.44211 0.896961 0
    outer loop
      vertex 38.3684 45.4173 9
      vertex 38.65 45.2785 2.5
      vertex 38.3684 45.4173 2.5
    endloop
  endfacet
  facet normal 0.980752 0.195258 0
    outer loop
      vertex 39.8295 43.5133 9
      vertex 39.7682 43.8212 2.5
      vertex 39.7682 43.8212 9
    endloop
  endfacet
  facet normal 0.980752 0.195258 0
    outer loop
      vertex 39.7682 43.8212 2.5
      vertex 39.8295 43.5133 9
      vertex 39.8295 43.5133 2.5
    endloop
  endfacet
  facet normal 0.0652929 0.997866 -0
    outer loop
      vertex 37.7633 45.5795 2.5
      vertex 37.45 45.6 9
      vertex 37.7633 45.5795 9
    endloop
  endfacet
  facet normal 0.0652929 0.997866 0
    outer loop
      vertex 37.45 45.6 9
      vertex 37.7633 45.5795 2.5
      vertex 37.45 45.6 2.5
    endloop
  endfacet
  facet normal 0.997866 -0.0652929 0
    outer loop
      vertex 39.8295 42.8867 9
      vertex 39.85 43.2 2.5
      vertex 39.85 43.2 9
    endloop
  endfacet
  facet normal 0.997866 -0.0652929 0
    outer loop
      vertex 39.85 43.2 2.5
      vertex 39.8295 42.8867 9
      vertex 39.8295 42.8867 2.5
    endloop
  endfacet
  facet normal -0.32148 -0.946916 0
    outer loop
      vertex 36.5316 40.9827 2.5
      vertex 36.8288 40.8818 9
      vertex 36.5316 40.9827 9
    endloop
  endfacet
  facet normal -0.32148 -0.946916 -0
    outer loop
      vertex 36.8288 40.8818 9
      vertex 36.5316 40.9827 2.5
      vertex 36.8288 40.8818 2.5
    endloop
  endfacet
  facet normal 0.997866 0.0652929 0
    outer loop
      vertex 39.85 43.2 9
      vertex 39.8295 43.5133 2.5
      vertex 39.8295 43.5133 9
    endloop
  endfacet
  facet normal 0.997866 0.0652929 0
    outer loop
      vertex 39.8295 43.5133 2.5
      vertex 39.85 43.2 9
      vertex 39.85 43.2 2.5
    endloop
  endfacet
  facet normal 0 0 1
    outer loop
      vertex 38.55 43.2 9
      vertex 39.85 43.2 9
      vertex 39.8295 43.5133 9
    endloop
  endfacet
  facet normal 0 0 1
    outer loop
      vertex 38.5406 43.3436 9
      vertex 39.8295 43.5133 9
      vertex 39.7682 43.8212 9
    endloop
  endfacet
  facet normal 0 0 1
    outer loop
      vertex 39.85 43.2 9
      vertex 38.55 43.2 9
      vertex 39.8295 42.8867 9
    endloop
  endfacet
  facet normal 0 0 1
    outer loop
      vertex 38.5125 43.4847 9
      vertex 39.7682 43.8212 9
      vertex 39.6673 44.1184 9
    endloop
  endfacet
  facet normal -0 0 1
    outer loop
      vertex 38.5406 43.0564 9
      vertex 39.8295 42.8867 9
      vertex 38.55 43.2 9
    endloop
  endfacet
  facet normal 0 0 1
    outer loop
      vertex 38.4663 43.621 9
      vertex 39.6673 44.1184 9
      vertex 39.5285 44.4 9
    endloop
  endfacet
  facet normal 0 0 1
    outer loop
      vertex 39.8295 42.8867 9
      vertex 38.5406 43.0564 9
      vertex 39.7682 42.5788 9
    endloop
  endfacet
  facet normal 0 0 1
    outer loop
      vertex 38.4026 43.75 9
      vertex 39.5285 44.4 9
      vertex 39.354 44.661 9
    endloop
  endfacet
  facet normal -0 0 1
    outer loop
      vertex 38.5125 42.9153 9
      vertex 39.7682 42.5788 9
      vertex 38.5406 43.0564 9
    endloop
  endfacet
  facet normal 0 0 1
    outer loop
      vertex 38.3227 43.8696 9
      vertex 39.354 44.661 9
      vertex 39.1471 44.8971 9
    endloop
  endfacet
  facet normal 0 0 1
    outer loop
      vertex 39.7682 42.5788 9
      vertex 38.5125 42.9153 9
      vertex 39.6673 42.2816 9
    endloop
  endfacet
  facet normal 0 0 1
    outer loop
      vertex 38.2278 43.9778 9
      vertex 39.1471 44.8971 9
      vertex 38.911 45.104 9
    endloop
  endfacet
  facet normal -0 0 1
    outer loop
      vertex 38.4663 42.779 9
      vertex 39.6673 42.2816 9
      vertex 38.5125 42.9153 9
    endloop
  endfacet
  facet normal 0 0 1
    outer loop
      vertex 38.1196 44.0727 9
      vertex 38.911 45.104 9
      vertex 38.65 45.2785 9
    endloop
  endfacet
  facet normal 0 0 1
    outer loop
      vertex 39.6673 42.2816 9
      vertex 38.4663 42.779 9
      vertex 39.5285 42 9
    endloop
  endfacet
  facet normal -0 0 1
    outer loop
      vertex 38.4026 42.65 9
      vertex 39.5285 42 9
      vertex 38.4663 42.779 9
    endloop
  endfacet
  facet normal 0 0 1
    outer loop
      vertex 39.8295 43.5133 9
      vertex 38.5406 43.3436 9
      vertex 38.55 43.2 9
    endloop
  endfacet
  facet normal 0 0 1
    outer loop
      vertex 39.7682 43.8212 9
      vertex 38.5125 43.4847 9
      vertex 38.5406 43.3436 9
    endloop
  endfacet
  facet normal 0 0 1
    outer loop
      vertex 39.6673 44.1184 9
      vertex 38.4663 43.621 9
      vertex 38.5125 43.4847 9
    endloop
  endfacet
  facet normal 0 0 1
    outer loop
      vertex 39.5285 44.4 9
      vertex 38.4026 43.75 9
      vertex 38.4663 43.621 9
    endloop
  endfacet
  facet normal 0 0 1
    outer loop
      vertex 38 44.1526 9
      vertex 38.65 45.2785 9
      vertex 38.3684 45.4173 9
    endloop
  endfacet
  facet normal 0 0 1
    outer loop
      vertex 39.354 44.661 9
      vertex 38.3227 43.8696 9
      vertex 38.4026 43.75 9
    endloop
  endfacet
  facet normal 0 0 1
    outer loop
      vertex 39.1471 44.8971 9
      vertex 38.2278 43.9778 9
      vertex 38.3227 43.8696 9
    endloop
  endfacet
  facet normal 0 0 1
    outer loop
      vertex 38.911 45.104 9
      vertex 38.1196 44.0727 9
      vertex 38.2278 43.9778 9
    endloop
  endfacet
  facet normal 0 0 1
    outer loop
      vertex 37.871 44.2163 9
      vertex 38.3684 45.4173 9
      vertex 38.0712 45.5182 9
    endloop
  endfacet
  facet normal 0 0 1
    outer loop
      vertex 38.65 45.2785 9
      vertex 38 44.1526 9
      vertex 38.1196 44.0727 9
    endloop
  endfacet
  facet normal 0 0 1
    outer loop
      vertex 38.3684 45.4173 9
      vertex 37.871 44.2163 9
      vertex 38 44.1526 9
    endloop
  endfacet
  facet normal 0 0 1
    outer loop
      vertex 37.7347 44.2625 9
      vertex 38.0712 45.5182 9
      vertex 37.7633 45.5795 9
    endloop
  endfacet
  facet normal 0 0 1
    outer loop
      vertex 38.0712 45.5182 9
      vertex 37.7347 44.2625 9
      vertex 37.871 44.2163 9
    endloop
  endfacet
  facet normal 0 0 1
    outer loop
      vertex 37.7633 45.5795 9
      vertex 37.5936 44.2906 9
      vertex 37.7347 44.2625 9
    endloop
  endfacet
  facet normal 0 0 1
    outer loop
      vertex 37.45 45.6 9
      vertex 37.5936 44.2906 9
      vertex 37.7633 45.5795 9
    endloop
  endfacet
  facet normal 0 0 1
    outer loop
      vertex 37.45 45.6 9
      vertex 37.45 44.3 9
      vertex 37.5936 44.2906 9
    endloop
  endfacet
  facet normal 0 0 1
    outer loop
      vertex 37.45 45.6 9
      vertex 37.3064 44.2906 9
      vertex 37.45 44.3 9
    endloop
  endfacet
  facet normal -0 0 1
    outer loop
      vertex 37.1367 45.5795 9
      vertex 37.3064 44.2906 9
      vertex 37.45 45.6 9
    endloop
  endfacet
  facet normal 0 0 1
    outer loop
      vertex 37.3064 44.2906 9
      vertex 37.1367 45.5795 9
      vertex 37.1653 44.2625 9
    endloop
  endfacet
  facet normal -0 0 1
    outer loop
      vertex 36.8288 45.5182 9
      vertex 37.1653 44.2625 9
      vertex 37.1367 45.5795 9
    endloop
  endfacet
  facet normal 0 0 1
    outer loop
      vertex 37.1653 44.2625 9
      vertex 36.8288 45.5182 9
      vertex 37.029 44.2163 9
    endloop
  endfacet
  facet normal -0 0 1
    outer loop
      vertex 36.5316 45.4173 9
      vertex 37.029 44.2163 9
      vertex 36.8288 45.5182 9
    endloop
  endfacet
  facet normal 0 0 1
    outer loop
      vertex 37.029 44.2163 9
      vertex 36.5316 45.4173 9
      vertex 36.9 44.1526 9
    endloop
  endfacet
  facet normal -0 0 1
    outer loop
      vertex 36.25 45.2785 9
      vertex 36.9 44.1526 9
      vertex 36.5316 45.4173 9
    endloop
  endfacet
  facet normal 0 0 1
    outer loop
      vertex 36.9 44.1526 9
      vertex 36.25 45.2785 9
      vertex 36.7804 44.0727 9
    endloop
  endfacet
  facet normal -0 0 1
    outer loop
      vertex 35.989 45.104 9
      vertex 36.7804 44.0727 9
      vertex 36.25 45.2785 9
    endloop
  endfacet
  facet normal 0 0 1
    outer loop
      vertex 36.7804 44.0727 9
      vertex 35.989 45.104 9
      vertex 36.6722 43.9778 9
    endloop
  endfacet
  facet normal -0 0 1
    outer loop
      vertex 35.7529 44.8971 9
      vertex 36.6722 43.9778 9
      vertex 35.989 45.104 9
    endloop
  endfacet
  facet normal 0 0 1
    outer loop
      vertex 36.6722 43.9778 9
      vertex 35.7529 44.8971 9
      vertex 36.5773 43.8696 9
    endloop
  endfacet
  facet normal -0 0 1
    outer loop
      vertex 35.546 44.661 9
      vertex 36.5773 43.8696 9
      vertex 35.7529 44.8971 9
    endloop
  endfacet
  facet normal -0 0 1
    outer loop
      vertex 35.3715 44.4 9
      vertex 36.4974 43.75 9
      vertex 35.546 44.661 9
    endloop
  endfacet
  facet normal 0 0 1
    outer loop
      vertex 36.5773 43.8696 9
      vertex 35.546 44.661 9
      vertex 36.4974 43.75 9
    endloop
  endfacet
  facet normal 0 0 1
    outer loop
      vertex 39.5285 42 9
      vertex 38.4026 42.65 9
      vertex 39.354 41.739 9
    endloop
  endfacet
  facet normal -0 0 1
    outer loop
      vertex 38.3227 42.5304 9
      vertex 39.354 41.739 9
      vertex 38.4026 42.65 9
    endloop
  endfacet
  facet normal 0 0 1
    outer loop
      vertex 39.354 41.739 9
      vertex 38.3227 42.5304 9
      vertex 39.1471 41.5029 9
    endloop
  endfacet
  facet normal -0 0 1
    outer loop
      vertex 38.2278 42.4222 9
      vertex 39.1471 41.5029 9
      vertex 38.3227 42.5304 9
    endloop
  endfacet
  facet normal 0 0 1
    outer loop
      vertex 39.1471 41.5029 9
      vertex 38.2278 42.4222 9
      vertex 38.911 41.296 9
    endloop
  endfacet
  facet normal -0 0 1
    outer loop
      vertex 38.1196 42.3273 9
      vertex 38.911 41.296 9
      vertex 38.2278 42.4222 9
    endloop
  endfacet
  facet normal 0 0 1
    outer loop
      vertex 38.911 41.296 9
      vertex 38.1196 42.3273 9
      vertex 38.65 41.1215 9
    endloop
  endfacet
  facet normal -0 0 1
    outer loop
      vertex 38 42.2474 9
      vertex 38.65 41.1215 9
      vertex 38.1196 42.3273 9
    endloop
  endfacet
  facet normal 0 0 1
    outer loop
      vertex 38.65 41.1215 9
      vertex 38 42.2474 9
      vertex 38.3684 40.9827 9
    endloop
  endfacet
  facet normal -0 0 1
    outer loop
      vertex 37.871 42.1837 9
      vertex 38.3684 40.9827 9
      vertex 38 42.2474 9
    endloop
  endfacet
  facet normal 0 0 1
    outer loop
      vertex 38.3684 40.9827 9
      vertex 37.871 42.1837 9
      vertex 38.0712 40.8818 9
    endloop
  endfacet
  facet normal -0 0 1
    outer loop
      vertex 37.7347 42.1375 9
      vertex 38.0712 40.8818 9
      vertex 37.871 42.1837 9
    endloop
  endfacet
  facet normal 0 0 1
    outer loop
      vertex 38.0712 40.8818 9
      vertex 37.7347 42.1375 9
      vertex 37.7633 40.8205 9
    endloop
  endfacet
  facet normal -0 0 1
    outer loop
      vertex 37.5936 42.1094 9
      vertex 37.7633 40.8205 9
      vertex 37.7347 42.1375 9
    endloop
  endfacet
  facet normal -0 0 1
    outer loop
      vertex 37.45 42.1 9
      vertex 37.7633 40.8205 9
      vertex 37.5936 42.1094 9
    endloop
  endfacet
  facet normal 0 0 1
    outer loop
      vertex 37.45 42.1 9
      vertex 37.45 40.8 9
      vertex 37.7633 40.8205 9
    endloop
  endfacet
  facet normal 0 0 1
    outer loop
      vertex 37.3064 42.1094 9
      vertex 37.45 40.8 9
      vertex 37.45 42.1 9
    endloop
  endfacet
  facet normal 0 0 1
    outer loop
      vertex 37.1367 40.8205 9
      vertex 37.3064 42.1094 9
      vertex 37.1653 42.1375 9
    endloop
  endfacet
  facet normal 0 0 1
    outer loop
      vertex 37.3064 42.1094 9
      vertex 37.1367 40.8205 9
      vertex 37.45 40.8 9
    endloop
  endfacet
  facet normal 0 0 1
    outer loop
      vertex 36.8288 40.8818 9
      vertex 37.1653 42.1375 9
      vertex 37.029 42.1837 9
    endloop
  endfacet
  facet normal 0 0 1
    outer loop
      vertex 36.5316 40.9827 9
      vertex 37.029 42.1837 9
      vertex 36.9 42.2474 9
    endloop
  endfacet
  facet normal 0 0 1
    outer loop
      vertex 37.1653 42.1375 9
      vertex 36.8288 40.8818 9
      vertex 37.1367 40.8205 9
    endloop
  endfacet
  facet normal 0 0 1
    outer loop
      vertex 36.25 41.1215 9
      vertex 36.9 42.2474 9
      vertex 36.7804 42.3273 9
    endloop
  endfacet
  facet normal 0 0 1
    outer loop
      vertex 35.989 41.296 9
      vertex 36.7804 42.3273 9
      vertex 36.6722 42.4222 9
    endloop
  endfacet
  facet normal 0 0 1
    outer loop
      vertex 35.7529 41.5029 9
      vertex 36.6722 42.4222 9
      vertex 36.5773 42.5304 9
    endloop
  endfacet
  facet normal 0 0 1
    outer loop
      vertex 37.029 42.1837 9
      vertex 36.5316 40.9827 9
      vertex 36.8288 40.8818 9
    endloop
  endfacet
  facet normal 0 0 1
    outer loop
      vertex 35.546 41.739 9
      vertex 36.5773 42.5304 9
      vertex 36.4974 42.65 9
    endloop
  endfacet
  facet normal 0 0 1
    outer loop
      vertex 35.3715 42 9
      vertex 36.4974 42.65 9
      vertex 36.4337 42.779 9
    endloop
  endfacet
  facet normal 0 0 1
    outer loop
      vertex 35.2327 42.2816 9
      vertex 36.4337 42.779 9
      vertex 36.3875 42.9153 9
    endloop
  endfacet
  facet normal 0 0 1
    outer loop
      vertex 35.1318 42.5788 9
      vertex 36.3875 42.9153 9
      vertex 36.3594 43.0564 9
    endloop
  endfacet
  facet normal 0 0 1
    outer loop
      vertex 36.9 42.2474 9
      vertex 36.25 41.1215 9
      vertex 36.5316 40.9827 9
    endloop
  endfacet
  facet normal 0 0 1
    outer loop
      vertex 35.0705 42.8867 9
      vertex 36.3594 43.0564 9
      vertex 36.35 43.2 9
    endloop
  endfacet
  facet normal 0 0 1
    outer loop
      vertex 36.4974 43.75 9
      vertex 35.3715 44.4 9
      vertex 36.4337 43.621 9
    endloop
  endfacet
  facet normal -0 0 1
    outer loop
      vertex 35.2327 44.1184 9
      vertex 36.4337 43.621 9
      vertex 35.3715 44.4 9
    endloop
  endfacet
  facet normal 0 0 1
    outer loop
      vertex 36.7804 42.3273 9
      vertex 35.989 41.296 9
      vertex 36.25 41.1215 9
    endloop
  endfacet
  facet normal 0 0 1
    outer loop
      vertex 36.4337 43.621 9
      vertex 35.2327 44.1184 9
      vertex 36.3875 43.4847 9
    endloop
  endfacet
  facet normal 0 0 1
    outer loop
      vertex 36.6722 42.4222 9
      vertex 35.7529 41.5029 9
      vertex 35.989 41.296 9
    endloop
  endfacet
  facet normal -0 0 1
    outer loop
      vertex 35.1318 43.8212 9
      vertex 36.3875 43.4847 9
      vertex 35.2327 44.1184 9
    endloop
  endfacet
  facet normal 0 0 1
    outer loop
      vertex 36.5773 42.5304 9
      vertex 35.546 41.739 9
      vertex 35.7529 41.5029 9
    endloop
  endfacet
  facet normal 0 0 1
    outer loop
      vertex 36.3875 43.4847 9
      vertex 35.1318 43.8212 9
      vertex 36.3594 43.3436 9
    endloop
  endfacet
  facet normal 0 0 1
    outer loop
      vertex 36.4974 42.65 9
      vertex 35.3715 42 9
      vertex 35.546 41.739 9
    endloop
  endfacet
  facet normal -0 0 1
    outer loop
      vertex 35.0705 43.5133 9
      vertex 36.3594 43.3436 9
      vertex 35.1318 43.8212 9
    endloop
  endfacet
  facet normal 0 0 1
    outer loop
      vertex 36.4337 42.779 9
      vertex 35.2327 42.2816 9
      vertex 35.3715 42 9
    endloop
  endfacet
  facet normal 0 0 1
    outer loop
      vertex 36.3594 43.3436 9
      vertex 35.0705 43.5133 9
      vertex 36.35 43.2 9
    endloop
  endfacet
  facet normal 0 0 1
    outer loop
      vertex 36.3875 42.9153 9
      vertex 35.1318 42.5788 9
      vertex 35.2327 42.2816 9
    endloop
  endfacet
  facet normal 0 0 1
    outer loop
      vertex 35.05 43.2 9
      vertex 36.35 43.2 9
      vertex 35.0705 43.5133 9
    endloop
  endfacet
  facet normal 0 0 1
    outer loop
      vertex 36.3594 43.0564 9
      vertex 35.0705 42.8867 9
      vertex 35.1318 42.5788 9
    endloop
  endfacet
  facet normal 0 0 1
    outer loop
      vertex 36.35 43.2 9
      vertex 35.05 43.2 9
      vertex 35.0705 42.8867 9
    endloop
  endfacet
  facet normal -0.32148 0.946916 0
    outer loop
      vertex 36.8288 45.5182 2.5
      vertex 36.5316 45.4173 9
      vertex 36.8288 45.5182 9
    endloop
  endfacet
  facet normal -0.32148 0.946916 0
    outer loop
      vertex 36.5316 45.4173 9
      vertex 36.8288 45.5182 2.5
      vertex 36.5316 45.4173 2.5
    endloop
  endfacet
  facet normal 0.831315 -0.555802 0
    outer loop
      vertex 39.354 41.739 9
      vertex 39.5285 42 2.5
      vertex 39.5285 42 9
    endloop
  endfacet
  facet normal 0.831315 -0.555802 0
    outer loop
      vertex 39.5285 42 2.5
      vertex 39.354 41.739 9
      vertex 39.354 41.739 2.5
    endloop
  endfacet
  facet normal -0.896961 0.44211 0
    outer loop
      vertex 35.2327 44.1184 2.5
      vertex 35.3715 44.4 9
      vertex 35.3715 44.4 2.5
    endloop
  endfacet
  facet normal -0.896961 0.44211 0
    outer loop
      vertex 35.3715 44.4 9
      vertex 35.2327 44.1184 2.5
      vertex 35.2327 44.1184 9
    endloop
  endfacet
  facet normal 0.195258 -0.980752 0
    outer loop
      vertex 37.7633 40.8205 2.5
      vertex 38.0712 40.8818 9
      vertex 37.7633 40.8205 9
    endloop
  endfacet
  facet normal 0.195258 -0.980752 0
    outer loop
      vertex 38.0712 40.8818 9
      vertex 37.7633 40.8205 2.5
      vertex 38.0712 40.8818 2.5
    endloop
  endfacet
  facet normal -0.44211 0.896961 0
    outer loop
      vertex 36.5316 45.4173 2.5
      vertex 36.25 45.2785 9
      vertex 36.5316 45.4173 9
    endloop
  endfacet
  facet normal -0.44211 0.896961 0
    outer loop
      vertex 36.25 45.2785 9
      vertex 36.5316 45.4173 2.5
      vertex 36.25 45.2785 2.5
    endloop
  endfacet
  facet normal 0.896961 0.44211 0
    outer loop
      vertex 39.6673 44.1184 9
      vertex 39.5285 44.4 2.5
      vertex 39.5285 44.4 9
    endloop
  endfacet
  facet normal 0.896961 0.44211 0
    outer loop
      vertex 39.5285 44.4 2.5
      vertex 39.6673 44.1184 9
      vertex 39.6673 44.1184 2.5
    endloop
  endfacet
  facet normal -0.659068 0.752083 0
    outer loop
      vertex 35.989 45.104 2.5
      vertex 35.7529 44.8971 9
      vertex 35.989 45.104 9
    endloop
  endfacet
  facet normal -0.659068 0.752083 0
    outer loop
      vertex 35.7529 44.8971 9
      vertex 35.989 45.104 2.5
      vertex 35.7529 44.8971 2.5
    endloop
  endfacet
  facet normal -0.195258 0.980752 0
    outer loop
      vertex 37.1367 45.5795 2.5
      vertex 36.8288 45.5182 9
      vertex 37.1367 45.5795 9
    endloop
  endfacet
  facet normal -0.195258 0.980752 0
    outer loop
      vertex 36.8288 45.5182 9
      vertex 37.1367 45.5795 2.5
      vertex 36.8288 45.5182 2.5
    endloop
  endfacet
  facet normal 0.195258 0.980752 -0
    outer loop
      vertex 38.0712 45.5182 2.5
      vertex 37.7633 45.5795 9
      vertex 38.0712 45.5182 9
    endloop
  endfacet
  facet normal 0.195258 0.980752 0
    outer loop
      vertex 37.7633 45.5795 9
      vertex 38.0712 45.5182 2.5
      vertex 37.7633 45.5795 2.5
    endloop
  endfacet
  facet normal -0.997866 0.0652929 0
    outer loop
      vertex 35.05 43.2 2.5
      vertex 35.0705 43.5133 9
      vertex 35.0705 43.5133 2.5
    endloop
  endfacet
  facet normal -0.997866 0.0652929 0
    outer loop
      vertex 35.0705 43.5133 9
      vertex 35.05 43.2 2.5
      vertex 35.05 43.2 9
    endloop
  endfacet
  facet normal -0.752083 0.659068 0
    outer loop
      vertex 35.546 44.661 2.5
      vertex 35.7529 44.8971 9
      vertex 35.7529 44.8971 2.5
    endloop
  endfacet
  facet normal -0.752083 0.659068 0
    outer loop
      vertex 35.7529 44.8971 9
      vertex 35.546 44.661 2.5
      vertex 35.546 44.661 9
    endloop
  endfacet
  facet normal -0.44211 -0.896961 0
    outer loop
      vertex 36.25 41.1215 2.5
      vertex 36.5316 40.9827 9
      vertex 36.25 41.1215 9
    endloop
  endfacet
  facet normal -0.44211 -0.896961 -0
    outer loop
      vertex 36.5316 40.9827 9
      vertex 36.25 41.1215 2.5
      vertex 36.5316 40.9827 2.5
    endloop
  endfacet
  facet normal 0.980752 -0.195258 0
    outer loop
      vertex 39.7682 42.5788 9
      vertex 39.8295 42.8867 2.5
      vertex 39.8295 42.8867 9
    endloop
  endfacet
  facet normal 0.980752 -0.195258 0
    outer loop
      vertex 39.8295 42.8867 2.5
      vertex 39.7682 42.5788 9
      vertex 39.7682 42.5788 2.5
    endloop
  endfacet
  facet normal -0.555802 -0.831315 0
    outer loop
      vertex 35.989 41.296 2.5
      vertex 36.25 41.1215 9
      vertex 35.989 41.296 9
    endloop
  endfacet
  facet normal -0.555802 -0.831315 -0
    outer loop
      vertex 36.25 41.1215 9
      vertex 35.989 41.296 2.5
      vertex 36.25 41.1215 2.5
    endloop
  endfacet
  facet normal -0.896961 -0.44211 0
    outer loop
      vertex 35.3715 42 2.5
      vertex 35.2327 42.2816 9
      vertex 35.2327 42.2816 2.5
    endloop
  endfacet
  facet normal -0.896961 -0.44211 0
    outer loop
      vertex 35.2327 42.2816 9
      vertex 35.3715 42 2.5
      vertex 35.3715 42 9
    endloop
  endfacet
  facet normal -0.752083 -0.659068 0
    outer loop
      vertex 35.7529 41.5029 2.5
      vertex 35.546 41.739 9
      vertex 35.546 41.739 2.5
    endloop
  endfacet
  facet normal -0.752083 -0.659068 0
    outer loop
      vertex 35.546 41.739 9
      vertex 35.7529 41.5029 2.5
      vertex 35.7529 41.5029 9
    endloop
  endfacet
  facet normal -0.946916 -0.32148 0
    outer loop
      vertex 35.2327 42.2816 2.5
      vertex 35.1318 42.5788 9
      vertex 35.1318 42.5788 2.5
    endloop
  endfacet
  facet normal -0.946916 -0.32148 0
    outer loop
      vertex 35.1318 42.5788 9
      vertex 35.2327 42.2816 2.5
      vertex 35.2327 42.2816 9
    endloop
  endfacet
  facet normal 0.0652929 -0.997866 0
    outer loop
      vertex 37.45 40.8 2.5
      vertex 37.7633 40.8205 9
      vertex 37.45 40.8 9
    endloop
  endfacet
  facet normal 0.0652929 -0.997866 0
    outer loop
      vertex 37.7633 40.8205 9
      vertex 37.45 40.8 2.5
      vertex 37.7633 40.8205 2.5
    endloop
  endfacet
  facet normal 0.44211 -0.896961 0
    outer loop
      vertex 38.3684 40.9827 2.5
      vertex 38.65 41.1215 9
      vertex 38.3684 40.9827 9
    endloop
  endfacet
  facet normal 0.44211 -0.896961 0
    outer loop
      vertex 38.65 41.1215 9
      vertex 38.3684 40.9827 2.5
      vertex 38.65 41.1215 2.5
    endloop
  endfacet
  facet normal 0.555802 0.831315 -0
    outer loop
      vertex 38.911 45.104 2.5
      vertex 38.65 45.2785 9
      vertex 38.911 45.104 9
    endloop
  endfacet
  facet normal 0.555802 0.831315 0
    outer loop
      vertex 38.65 45.2785 9
      vertex 38.911 45.104 2.5
      vertex 38.65 45.2785 2.5
    endloop
  endfacet
  facet normal 0.946916 -0.32148 0
    outer loop
      vertex 39.6673 42.2816 9
      vertex 39.7682 42.5788 2.5
      vertex 39.7682 42.5788 9
    endloop
  endfacet
  facet normal 0.946916 -0.32148 0
    outer loop
      vertex 39.7682 42.5788 2.5
      vertex 39.6673 42.2816 9
      vertex 39.6673 42.2816 2.5
    endloop
  endfacet
  facet normal 0.555802 -0.831315 0
    outer loop
      vertex 38.65 41.1215 2.5
      vertex 38.911 41.296 9
      vertex 38.65 41.1215 9
    endloop
  endfacet
  facet normal 0.555802 -0.831315 0
    outer loop
      vertex 38.911 41.296 9
      vertex 38.65 41.1215 2.5
      vertex 38.911 41.296 2.5
    endloop
  endfacet
  facet normal 0.896961 -0.44211 0
    outer loop
      vertex 39.5285 42 9
      vertex 39.6673 42.2816 2.5
      vertex 39.6673 42.2816 9
    endloop
  endfacet
  facet normal 0.896961 -0.44211 0
    outer loop
      vertex 39.6673 42.2816 2.5
      vertex 39.5285 42 9
      vertex 39.5285 42 2.5
    endloop
  endfacet
  facet normal 0 0 1
    outer loop
      vertex 8.92205 28.13 2.5
      vertex 26.8633 40.8205 2.5
      vertex 9.03776 28.3646 2.5
    endloop
  endfacet
  facet normal 0 0 1
    outer loop
      vertex 51.1779 4.67 2.5
      vertex 9.17289 3.93105 2.5
      vertex 9.19 3.67 2.5
    endloop
  endfacet
  facet normal 0 0 1
    outer loop
      vertex 26.8633 40.8205 2.5
      vertex 8.92205 28.13 2.5
      vertex 51.1779 28.13 2.5
    endloop
  endfacet
  facet normal 0 0 1
    outer loop
      vertex 51.1779 4.67 2.5
      vertex 9.12185 4.18764 2.5
      vertex 9.17289 3.93105 2.5
    endloop
  endfacet
  facet normal 0 0 1
    outer loop
      vertex 51.1779 28.13 2.5
      vertex 8.92205 28.13 2.5
      vertex 51.1779 4.67 2.5
    endloop
  endfacet
  facet normal 0 0 1
    outer loop
      vertex 51.1779 4.67 2.5
      vertex 9.03776 4.43537 2.5
      vertex 9.12185 4.18764 2.5
    endloop
  endfacet
  facet normal 0 0 1
    outer loop
      vertex 8.92205 4.67 2.5
      vertex 51.1779 4.67 2.5
      vertex 8.92205 28.13 2.5
    endloop
  endfacet
  facet normal 0 0 1
    outer loop
      vertex 51.1779 4.67 2.5
      vertex 8.92205 4.67 2.5
      vertex 9.03776 4.43537 2.5
    endloop
  endfacet
  facet normal -0 0 1
    outer loop
      vertex 8.77671 27.9125 2.5
      vertex 8.92205 4.67 2.5
      vertex 8.92205 28.13 2.5
    endloop
  endfacet
  facet normal 0 0 1
    outer loop
      vertex 8.77671 27.9125 2.5
      vertex 8.77671 4.88752 2.5
      vertex 8.92205 4.67 2.5
    endloop
  endfacet
  facet normal -0 0 1
    outer loop
      vertex 8.60421 27.7158 2.5
      vertex 8.77671 4.88752 2.5
      vertex 8.77671 27.9125 2.5
    endloop
  endfacet
  facet normal 0 0 1
    outer loop
      vertex 8.60421 27.7158 2.5
      vertex 8.60421 5.08421 2.5
      vertex 8.77671 4.88752 2.5
    endloop
  endfacet
  facet normal -0 0 1
    outer loop
      vertex 8.40752 27.5433 2.5
      vertex 8.60421 5.08421 2.5
      vertex 8.60421 27.7158 2.5
    endloop
  endfacet
  facet normal 0 0 1
    outer loop
      vertex 8.40752 27.5433 2.5
      vertex 8.40752 5.25671 2.5
      vertex 8.60421 5.08421 2.5
    endloop
  endfacet
  facet normal -0 0 1
    outer loop
      vertex 8.19 27.3979 2.5
      vertex 8.40752 5.25671 2.5
      vertex 8.40752 27.5433 2.5
    endloop
  endfacet
  facet normal 0 0 1
    outer loop
      vertex 8.19 27.3979 2.5
      vertex 8.19 5.40205 2.5
      vertex 8.40752 5.25671 2.5
    endloop
  endfacet
  facet normal -0 0 1
    outer loop
      vertex 7.95537 27.2822 2.5
      vertex 8.19 5.40205 2.5
      vertex 8.19 27.3979 2.5
    endloop
  endfacet
  facet normal 0 0 1
    outer loop
      vertex 7.95537 27.2822 2.5
      vertex 7.95537 5.51776 2.5
      vertex 8.19 5.40205 2.5
    endloop
  endfacet
  facet normal -0 0 1
    outer loop
      vertex 7.70764 27.1981 2.5
      vertex 7.95537 5.51776 2.5
      vertex 7.95537 27.2822 2.5
    endloop
  endfacet
  facet normal 0 0 1
    outer loop
      vertex 7.70764 27.1981 2.5
      vertex 7.70764 5.60185 2.5
      vertex 7.95537 5.51776 2.5
    endloop
  endfacet
  facet normal -0 0 1
    outer loop
      vertex 7.45105 27.1471 2.5
      vertex 7.70764 5.60185 2.5
      vertex 7.70764 27.1981 2.5
    endloop
  endfacet
  facet normal 0 0 1
    outer loop
      vertex 7.45105 27.1471 2.5
      vertex 7.45105 5.65289 2.5
      vertex 7.70764 5.60185 2.5
    endloop
  endfacet
  facet normal -0 0 1
    outer loop
      vertex 7.19 27.13 2.5
      vertex 7.45105 5.65289 2.5
      vertex 7.45105 27.1471 2.5
    endloop
  endfacet
  facet normal 0 0 1
    outer loop
      vertex 7.19 27.13 2.5
      vertex 7.19 5.67 2.5
      vertex 7.45105 5.65289 2.5
    endloop
  endfacet
  facet normal 0 0 1
    outer loop
      vertex 6.92895 27.1471 2.5
      vertex 7.19 5.67 2.5
      vertex 7.19 27.13 2.5
    endloop
  endfacet
  facet normal 0 0 1
    outer loop
      vertex 6.92895 27.1471 2.5
      vertex 6.92895 5.65289 2.5
      vertex 7.19 5.67 2.5
    endloop
  endfacet
  facet normal 0 0 1
    outer loop
      vertex 6.67236 27.1981 2.5
      vertex 6.92895 5.65289 2.5
      vertex 6.92895 27.1471 2.5
    endloop
  endfacet
  facet normal 0 0 1
    outer loop
      vertex 6.67236 27.1981 2.5
      vertex 6.67236 5.60185 2.5
      vertex 6.92895 5.65289 2.5
    endloop
  endfacet
  facet normal 0 0 1
    outer loop
      vertex 6.42463 27.2822 2.5
      vertex 6.67236 5.60185 2.5
      vertex 6.67236 27.1981 2.5
    endloop
  endfacet
  facet normal 0 0 1
    outer loop
      vertex 6.42463 27.2822 2.5
      vertex 6.42463 5.51776 2.5
      vertex 6.67236 5.60185 2.5
    endloop
  endfacet
  facet normal 0 0 1
    outer loop
      vertex 6.19 27.3979 2.5
      vertex 6.42463 5.51776 2.5
      vertex 6.42463 27.2822 2.5
    endloop
  endfacet
  facet normal 0 0 1
    outer loop
      vertex 6.19 27.3979 2.5
      vertex 6.19 5.40205 2.5
      vertex 6.42463 5.51776 2.5
    endloop
  endfacet
  facet normal 0 0 1
    outer loop
      vertex 0 4 2.5
      vertex 6.19 27.3979 2.5
      vertex 5.97248 27.5433 2.5
    endloop
  endfacet
  facet normal 0 0 1
    outer loop
      vertex 6.19 27.3979 2.5
      vertex 0 4 2.5
      vertex 6.19 5.40205 2.5
    endloop
  endfacet
  facet normal 0 0 1
    outer loop
      vertex 0 4 2.5
      vertex 5.97248 27.5433 2.5
      vertex 5.77579 27.7158 2.5
    endloop
  endfacet
  facet normal 0 0 1
    outer loop
      vertex 6.19 5.40205 2.5
      vertex 0 4 2.5
      vertex 5.97248 5.25671 2.5
    endloop
  endfacet
  facet normal 0 0 1
    outer loop
      vertex 0 4 2.5
      vertex 5.77579 27.7158 2.5
      vertex 5.60329 27.9125 2.5
    endloop
  endfacet
  facet normal 0 0 1
    outer loop
      vertex 5.97248 5.25671 2.5
      vertex 0 4 2.5
      vertex 5.77579 5.08421 2.5
    endloop
  endfacet
  facet normal 0 0 1
    outer loop
      vertex 0 4 2.5
      vertex 5.60329 27.9125 2.5
      vertex 5.45795 28.13 2.5
    endloop
  endfacet
  facet normal 0 0 1
    outer loop
      vertex 5.77579 5.08421 2.5
      vertex 0 4 2.5
      vertex 5.60329 4.88752 2.5
    endloop
  endfacet
  facet normal 0 0 1
    outer loop
      vertex 0 4 2.5
      vertex 5.45795 28.13 2.5
      vertex 5.34224 28.3646 2.5
    endloop
  endfacet
  facet normal 0 0 1
    outer loop
      vertex 5.60329 4.88752 2.5
      vertex 0 4 2.5
      vertex 5.45795 4.67 2.5
    endloop
  endfacet
  facet normal 0 0 1
    outer loop
      vertex 0 4 2.5
      vertex 5.34224 28.3646 2.5
      vertex 5.25815 28.6124 2.5
    endloop
  endfacet
  facet normal 0 0 1
    outer loop
      vertex 5.45795 4.67 2.5
      vertex 0 4 2.5
      vertex 5.34224 4.43537 2.5
    endloop
  endfacet
  facet normal 0 0 1
    outer loop
      vertex 0 4 2.5
      vertex 5.25815 28.6124 2.5
      vertex 5.20711 28.8689 2.5
    endloop
  endfacet
  facet normal 0 0 1
    outer loop
      vertex 5.34224 4.43537 2.5
      vertex 0 4 2.5
      vertex 5.25815 4.18764 2.5
    endloop
  endfacet
  facet normal 0 0 1
    outer loop
      vertex 0 45.8 2.5
      vertex 5.20711 28.8689 2.5
      vertex 5.19 29.13 2.5
    endloop
  endfacet
  facet normal 0 0 1
    outer loop
      vertex 5.25815 4.18764 2.5
      vertex 0 4 2.5
      vertex 5.20711 3.93105 2.5
    endloop
  endfacet
  facet normal -0 0 1
    outer loop
      vertex 54.8419 28.6124 2.5
      vertex 64 4 2.5
      vertex 54.8929 28.8689 2.5
    endloop
  endfacet
  facet normal 0 0 1
    outer loop
      vertex 64 4 2.5
      vertex 54.8929 3.93105 2.5
      vertex 54.91 3.67 2.5
    endloop
  endfacet
  facet normal -0 0 1
    outer loop
      vertex 54.7578 28.3646 2.5
      vertex 64 4 2.5
      vertex 54.8419 28.6124 2.5
    endloop
  endfacet
  facet normal 0 0 1
    outer loop
      vertex 64 4 2.5
      vertex 54.8419 4.18764 2.5
      vertex 54.8929 3.93105 2.5
    endloop
  endfacet
  facet normal -0 0 1
    outer loop
      vertex 54.6421 28.13 2.5
      vertex 64 4 2.5
      vertex 54.7578 28.3646 2.5
    endloop
  endfacet
  facet normal 0 0 1
    outer loop
      vertex 64 4 2.5
      vertex 54.7578 4.43537 2.5
      vertex 54.8419 4.18764 2.5
    endloop
  endfacet
  facet normal -0 0 1
    outer loop
      vertex 54.4967 27.9125 2.5
      vertex 64 4 2.5
      vertex 54.6421 28.13 2.5
    endloop
  endfacet
  facet normal 0 0 1
    outer loop
      vertex 64 4 2.5
      vertex 54.6421 4.67 2.5
      vertex 54.7578 4.43537 2.5
    endloop
  endfacet
  facet normal -0 0 1
    outer loop
      vertex 54.3242 27.7158 2.5
      vertex 64 4 2.5
      vertex 54.4967 27.9125 2.5
    endloop
  endfacet
  facet normal 0 0 1
    outer loop
      vertex 64 4 2.5
      vertex 54.4967 4.88752 2.5
      vertex 54.6421 4.67 2.5
    endloop
  endfacet
  facet normal -0 0 1
    outer loop
      vertex 54.1275 27.5433 2.5
      vertex 64 4 2.5
      vertex 54.3242 27.7158 2.5
    endloop
  endfacet
  facet normal 0 0 1
    outer loop
      vertex 64 4 2.5
      vertex 54.3242 5.08421 2.5
      vertex 54.4967 4.88752 2.5
    endloop
  endfacet
  facet normal -0 0 1
    outer loop
      vertex 53.91 27.3979 2.5
      vertex 64 4 2.5
      vertex 54.1275 27.5433 2.5
    endloop
  endfacet
  facet normal 0 0 1
    outer loop
      vertex 64 4 2.5
      vertex 54.1275 5.25671 2.5
      vertex 54.3242 5.08421 2.5
    endloop
  endfacet
  facet normal -0 0 1
    outer loop
      vertex 53.91 5.40205 2.5
      vertex 64 4 2.5
      vertex 53.91 27.3979 2.5
    endloop
  endfacet
  facet normal 0 0 1
    outer loop
      vertex 64 4 2.5
      vertex 53.91 5.40205 2.5
      vertex 54.1275 5.25671 2.5
    endloop
  endfacet
  facet normal -0 0 1
    outer loop
      vertex 53.6754 27.2822 2.5
      vertex 53.91 5.40205 2.5
      vertex 53.91 27.3979 2.5
    endloop
  endfacet
  facet normal 0 0 1
    outer loop
      vertex 53.6754 27.2822 2.5
      vertex 53.6754 5.51776 2.5
      vertex 53.91 5.40205 2.5
    endloop
  endfacet
  facet normal -0 0 1
    outer loop
      vertex 53.4276 27.1981 2.5
      vertex 53.6754 5.51776 2.5
      vertex 53.6754 27.2822 2.5
    endloop
  endfacet
  facet normal 0 0 1
    outer loop
      vertex 53.4276 27.1981 2.5
      vertex 53.4276 5.60185 2.5
      vertex 53.6754 5.51776 2.5
    endloop
  endfacet
  facet normal -0 0 1
    outer loop
      vertex 53.1711 27.1471 2.5
      vertex 53.4276 5.60185 2.5
      vertex 53.4276 27.1981 2.5
    endloop
  endfacet
  facet normal 0 0 1
    outer loop
      vertex 53.1711 27.1471 2.5
      vertex 53.1711 5.65289 2.5
      vertex 53.4276 5.60185 2.5
    endloop
  endfacet
  facet normal -0 0 1
    outer loop
      vertex 52.91 27.13 2.5
      vertex 53.1711 5.65289 2.5
      vertex 53.1711 27.1471 2.5
    endloop
  endfacet
  facet normal 0 0 1
    outer loop
      vertex 52.91 27.13 2.5
      vertex 52.91 5.67 2.5
      vertex 53.1711 5.65289 2.5
    endloop
  endfacet
  facet normal 0 0 1
    outer loop
      vertex 52.6489 27.1471 2.5
      vertex 52.91 5.67 2.5
      vertex 52.91 27.13 2.5
    endloop
  endfacet
  facet normal 0 0 1
    outer loop
      vertex 52.6489 27.1471 2.5
      vertex 52.6489 5.65289 2.5
      vertex 52.91 5.67 2.5
    endloop
  endfacet
  facet normal 0 0 1
    outer loop
      vertex 52.3924 27.1981 2.5
      vertex 52.6489 5.65289 2.5
      vertex 52.6489 27.1471 2.5
    endloop
  endfacet
  facet normal 0 0 1
    outer loop
      vertex 52.3924 27.1981 2.5
      vertex 52.3924 5.60185 2.5
      vertex 52.6489 5.65289 2.5
    endloop
  endfacet
  facet normal 0 0 1
    outer loop
      vertex 52.1446 27.2822 2.5
      vertex 52.3924 5.60185 2.5
      vertex 52.3924 27.1981 2.5
    endloop
  endfacet
  facet normal 0 0 1
    outer loop
      vertex 52.1446 27.2822 2.5
      vertex 52.1446 5.51776 2.5
      vertex 52.3924 5.60185 2.5
    endloop
  endfacet
  facet normal 0 0 1
    outer loop
      vertex 51.91 27.3979 2.5
      vertex 52.1446 5.51776 2.5
      vertex 52.1446 27.2822 2.5
    endloop
  endfacet
  facet normal 0 0 1
    outer loop
      vertex 51.91 27.3979 2.5
      vertex 51.91 5.40205 2.5
      vertex 52.1446 5.51776 2.5
    endloop
  endfacet
  facet normal 0 0 1
    outer loop
      vertex 51.6925 27.5433 2.5
      vertex 51.91 5.40205 2.5
      vertex 51.91 27.3979 2.5
    endloop
  endfacet
  facet normal 0 0 1
    outer loop
      vertex 51.6925 27.5433 2.5
      vertex 51.6925 5.25671 2.5
      vertex 51.91 5.40205 2.5
    endloop
  endfacet
  facet normal 0 0 1
    outer loop
      vertex 51.4958 27.7158 2.5
      vertex 51.6925 5.25671 2.5
      vertex 51.6925 27.5433 2.5
    endloop
  endfacet
  facet normal 0 0 1
    outer loop
      vertex 51.4958 27.7158 2.5
      vertex 51.4958 5.08421 2.5
      vertex 51.6925 5.25671 2.5
    endloop
  endfacet
  facet normal 0 0 1
    outer loop
      vertex 51.3233 27.9125 2.5
      vertex 51.4958 5.08421 2.5
      vertex 51.4958 27.7158 2.5
    endloop
  endfacet
  facet normal 0 0 1
    outer loop
      vertex 51.3233 27.9125 2.5
      vertex 51.3233 4.88752 2.5
      vertex 51.4958 5.08421 2.5
    endloop
  endfacet
  facet normal 0 0 1
    outer loop
      vertex 51.1779 28.13 2.5
      vertex 51.3233 4.88752 2.5
      vertex 51.3233 27.9125 2.5
    endloop
  endfacet
  facet normal 0 0 1
    outer loop
      vertex 51.1779 28.13 2.5
      vertex 51.1779 4.67 2.5
      vertex 51.3233 4.88752 2.5
    endloop
  endfacet
  facet normal 0 0 1
    outer loop
      vertex 26.8633 40.8205 2.5
      vertex 51.1779 28.13 2.5
      vertex 51.0622 28.3646 2.5
    endloop
  endfacet
  facet normal 0 0 1
    outer loop
      vertex 9.03776 28.3646 2.5
      vertex 26.55 40.8 2.5
      vertex 9.12185 28.6124 2.5
    endloop
  endfacet
  facet normal 0 0 1
    outer loop
      vertex 36.8288 40.8818 2.5
      vertex 51.0622 28.3646 2.5
      vertex 50.9781 28.6124 2.5
    endloop
  endfacet
  facet normal -0 0 1
    outer loop
      vertex 26.55 40.8 2.5
      vertex 9.03776 28.3646 2.5
      vertex 26.8633 40.8205 2.5
    endloop
  endfacet
  facet normal 0 0 1
    outer loop
      vertex 37.1367 40.8205 2.5
      vertex 50.9781 28.6124 2.5
      vertex 50.9271 28.8689 2.5
    endloop
  endfacet
  facet normal 0 0 1
    outer loop
      vertex 51.1779 4.67 2.5
      vertex 9.19 3.67 2.5
      vertex 51.0622 4.43537 2.5
    endloop
  endfacet
  facet normal 0 0 1
    outer loop
      vertex 37.45 40.8 2.5
      vertex 50.9271 28.8689 2.5
      vertex 50.91 29.13 2.5
    endloop
  endfacet
  facet normal 0 0 1
    outer loop
      vertex 51.0622 4.43537 2.5
      vertex 9.19 3.67 2.5
      vertex 50.9781 4.18764 2.5
    endloop
  endfacet
  facet normal 0 0 1
    outer loop
      vertex 60 49.8 2.5
      vertex 64 45.8 2.5
      vertex 63.9658 46.3221 2.5
    endloop
  endfacet
  facet normal 0 0 1
    outer loop
      vertex 54.8929 28.8689 2.5
      vertex 64 45.8 2.5
      vertex 54.91 29.13 2.5
    endloop
  endfacet
  facet normal 0 0 1
    outer loop
      vertex 60 49.8 2.5
      vertex 63.9658 46.3221 2.5
      vertex 63.8637 46.8353 2.5
    endloop
  endfacet
  facet normal 0 0 1
    outer loop
      vertex 64 45.8 2.5
      vertex 54.8929 28.8689 2.5
      vertex 64 4 2.5
    endloop
  endfacet
  facet normal 0 0 1
    outer loop
      vertex 60 49.8 2.5
      vertex 63.8637 46.8353 2.5
      vertex 63.6955 47.3307 2.5
    endloop
  endfacet
  facet normal 0 -0 1
    outer loop
      vertex 60 0 2.5
      vertex 64 4 2.5
      vertex 54.91 3.67 2.5
    endloop
  endfacet
  facet normal 0 0 1
    outer loop
      vertex 60 49.8 2.5
      vertex 63.6955 47.3307 2.5
      vertex 63.4641 47.8 2.5
    endloop
  endfacet
  facet normal 0 0 1
    outer loop
      vertex 64 4 2.5
      vertex 60 0 2.5
      vertex 63.9658 3.47789 2.5
    endloop
  endfacet
  facet normal 0 0 1
    outer loop
      vertex 60 49.8 2.5
      vertex 63.4641 47.8 2.5
      vertex 63.1734 48.235 2.5
    endloop
  endfacet
  facet normal 0 0 1
    outer loop
      vertex 63.9658 3.47789 2.5
      vertex 60 0 2.5
      vertex 63.8637 2.96472 2.5
    endloop
  endfacet
  facet normal 0 0 1
    outer loop
      vertex 60 49.8 2.5
      vertex 63.1734 48.235 2.5
      vertex 62.8284 48.6284 2.5
    endloop
  endfacet
  facet normal 0 0 1
    outer loop
      vertex 63.8637 2.96472 2.5
      vertex 60 0 2.5
      vertex 63.6955 2.46927 2.5
    endloop
  endfacet
  facet normal 0 0 1
    outer loop
      vertex 60 49.8 2.5
      vertex 62.8284 48.6284 2.5
      vertex 62.435 48.9734 2.5
    endloop
  endfacet
  facet normal 0 0 1
    outer loop
      vertex 63.6955 2.46927 2.5
      vertex 60 0 2.5
      vertex 63.4641 2 2.5
    endloop
  endfacet
  facet normal 0 0 1
    outer loop
      vertex 60 49.8 2.5
      vertex 62.435 48.9734 2.5
      vertex 62 49.2641 2.5
    endloop
  endfacet
  facet normal 0 0 1
    outer loop
      vertex 63.4641 2 2.5
      vertex 60 0 2.5
      vertex 63.1734 1.56495 2.5
    endloop
  endfacet
  facet normal 0 0 1
    outer loop
      vertex 60 49.8 2.5
      vertex 62 49.2641 2.5
      vertex 61.5307 49.4955 2.5
    endloop
  endfacet
  facet normal 0 0 1
    outer loop
      vertex 63.1734 1.56495 2.5
      vertex 60 0 2.5
      vertex 62.8284 1.17157 2.5
    endloop
  endfacet
  facet normal 0 0 1
    outer loop
      vertex 60 49.8 2.5
      vertex 61.5307 49.4955 2.5
      vertex 61.0353 49.6637 2.5
    endloop
  endfacet
  facet normal 0 0 1
    outer loop
      vertex 62.8284 1.17157 2.5
      vertex 60 0 2.5
      vertex 62.435 0.826586 2.5
    endloop
  endfacet
  facet normal 0 0 1
    outer loop
      vertex 60 49.8 2.5
      vertex 61.0353 49.6637 2.5
      vertex 60.5221 49.7658 2.5
    endloop
  endfacet
  facet normal 0 0 1
    outer loop
      vertex 62.435 0.826586 2.5
      vertex 60 0 2.5
      vertex 62 0.535898 2.5
    endloop
  endfacet
  facet normal 0 0 1
    outer loop
      vertex 64 45.8 2.5
      vertex 60 49.8 2.5
      vertex 53.4276 31.0619 2.5
    endloop
  endfacet
  facet normal 0 0 1
    outer loop
      vertex 62 0.535898 2.5
      vertex 60 0 2.5
      vertex 61.5307 0.304482 2.5
    endloop
  endfacet
  facet normal 0 0 1
    outer loop
      vertex 61.5307 0.304482 2.5
      vertex 60 0 2.5
      vertex 61.0353 0.136296 2.5
    endloop
  endfacet
  facet normal 0 0 1
    outer loop
      vertex 64 45.8 2.5
      vertex 54.8929 29.3911 2.5
      vertex 54.91 29.13 2.5
    endloop
  endfacet
  facet normal 0 0 1
    outer loop
      vertex 64 45.8 2.5
      vertex 54.8419 29.6476 2.5
      vertex 54.8929 29.3911 2.5
    endloop
  endfacet
  facet normal 0 0 1
    outer loop
      vertex 64 45.8 2.5
      vertex 54.7578 29.8954 2.5
      vertex 54.8419 29.6476 2.5
    endloop
  endfacet
  facet normal 0 0 1
    outer loop
      vertex 64 45.8 2.5
      vertex 54.6421 30.13 2.5
      vertex 54.7578 29.8954 2.5
    endloop
  endfacet
  facet normal 0 0 1
    outer loop
      vertex 64 45.8 2.5
      vertex 54.4967 30.3475 2.5
      vertex 54.6421 30.13 2.5
    endloop
  endfacet
  facet normal 0 0 1
    outer loop
      vertex 64 45.8 2.5
      vertex 54.3242 30.5442 2.5
      vertex 54.4967 30.3475 2.5
    endloop
  endfacet
  facet normal 0 0 1
    outer loop
      vertex 64 45.8 2.5
      vertex 54.1275 30.7167 2.5
      vertex 54.3242 30.5442 2.5
    endloop
  endfacet
  facet normal 0 0 1
    outer loop
      vertex 64 45.8 2.5
      vertex 53.91 30.862 2.5
      vertex 54.1275 30.7167 2.5
    endloop
  endfacet
  facet normal 0 0 1
    outer loop
      vertex 64 45.8 2.5
      vertex 53.6754 30.9778 2.5
      vertex 53.91 30.862 2.5
    endloop
  endfacet
  facet normal 0 0 1
    outer loop
      vertex 64 45.8 2.5
      vertex 53.4276 31.0619 2.5
      vertex 53.6754 30.9778 2.5
    endloop
  endfacet
  facet normal 0 0 1
    outer loop
      vertex 60 49.8 2.5
      vertex 53.1711 31.1129 2.5
      vertex 53.4276 31.0619 2.5
    endloop
  endfacet
  facet normal 0 0 1
    outer loop
      vertex 60 49.8 2.5
      vertex 52.91 31.13 2.5
      vertex 53.1711 31.1129 2.5
    endloop
  endfacet
  facet normal 0 0 1
    outer loop
      vertex 60 49.8 2.5
      vertex 52.6489 31.1129 2.5
      vertex 52.91 31.13 2.5
    endloop
  endfacet
  facet normal -0 0 1
    outer loop
      vertex 39.85 43.2 2.5
      vertex 52.6489 31.1129 2.5
      vertex 60 49.8 2.5
    endloop
  endfacet
  facet normal -0 0 1
    outer loop
      vertex 39.8295 42.8867 2.5
      vertex 52.6489 31.1129 2.5
      vertex 39.85 43.2 2.5
    endloop
  endfacet
  facet normal -0 0 1
    outer loop
      vertex 39.7682 42.5788 2.5
      vertex 52.3924 31.0619 2.5
      vertex 39.8295 42.8867 2.5
    endloop
  endfacet
  facet normal 0 0 1
    outer loop
      vertex 52.3924 31.0619 2.5
      vertex 39.7682 42.5788 2.5
      vertex 52.1446 30.9778 2.5
    endloop
  endfacet
  facet normal -0 0 1
    outer loop
      vertex 39.6673 42.2816 2.5
      vertex 52.1446 30.9778 2.5
      vertex 39.7682 42.5788 2.5
    endloop
  endfacet
  facet normal 0 0 1
    outer loop
      vertex 52.1446 30.9778 2.5
      vertex 39.6673 42.2816 2.5
      vertex 51.91 30.862 2.5
    endloop
  endfacet
  facet normal -0 0 1
    outer loop
      vertex 39.5285 42 2.5
      vertex 51.91 30.862 2.5
      vertex 39.6673 42.2816 2.5
    endloop
  endfacet
  facet normal 0 0 1
    outer loop
      vertex 51.91 30.862 2.5
      vertex 39.5285 42 2.5
      vertex 51.6925 30.7167 2.5
    endloop
  endfacet
  facet normal 0 0 1
    outer loop
      vertex 51.4958 30.5442 2.5
      vertex 39.1471 41.5029 2.5
      vertex 51.3233 30.3475 2.5
    endloop
  endfacet
  facet normal -0 0 1
    outer loop
      vertex 39.1471 41.5029 2.5
      vertex 51.4958 30.5442 2.5
      vertex 39.354 41.739 2.5
    endloop
  endfacet
  facet normal 0 0 1
    outer loop
      vertex 51.6925 30.7167 2.5
      vertex 39.354 41.739 2.5
      vertex 51.4958 30.5442 2.5
    endloop
  endfacet
  facet normal -0 0 1
    outer loop
      vertex 39.354 41.739 2.5
      vertex 51.6925 30.7167 2.5
      vertex 39.5285 42 2.5
    endloop
  endfacet
  facet normal 0 0 1
    outer loop
      vertex 52.6489 31.1129 2.5
      vertex 39.8295 42.8867 2.5
      vertex 52.3924 31.0619 2.5
    endloop
  endfacet
  facet normal 0 0 1
    outer loop
      vertex 60 49.8 2.5
      vertex 39.8295 43.5133 2.5
      vertex 39.85 43.2 2.5
    endloop
  endfacet
  facet normal 0 0 1
    outer loop
      vertex 60 49.8 2.5
      vertex 39.7682 43.8212 2.5
      vertex 39.8295 43.5133 2.5
    endloop
  endfacet
  facet normal 0 0 1
    outer loop
      vertex 60 49.8 2.5
      vertex 39.6673 44.1184 2.5
      vertex 39.7682 43.8212 2.5
    endloop
  endfacet
  facet normal 0 0 1
    outer loop
      vertex 60 49.8 2.5
      vertex 39.5285 44.4 2.5
      vertex 39.6673 44.1184 2.5
    endloop
  endfacet
  facet normal 0 0 1
    outer loop
      vertex 60 49.8 2.5
      vertex 39.354 44.661 2.5
      vertex 39.5285 44.4 2.5
    endloop
  endfacet
  facet normal 0 0 1
    outer loop
      vertex 60 49.8 2.5
      vertex 39.1471 44.8971 2.5
      vertex 39.354 44.661 2.5
    endloop
  endfacet
  facet normal 0 0 1
    outer loop
      vertex 60 49.8 2.5
      vertex 38.911 45.104 2.5
      vertex 39.1471 44.8971 2.5
    endloop
  endfacet
  facet normal 0 0 1
    outer loop
      vertex 60 49.8 2.5
      vertex 38.65 45.2785 2.5
      vertex 38.911 45.104 2.5
    endloop
  endfacet
  facet normal 0 0 1
    outer loop
      vertex 60 49.8 2.5
      vertex 38.3684 45.4173 2.5
      vertex 38.65 45.2785 2.5
    endloop
  endfacet
  facet normal 0 0 1
    outer loop
      vertex 60 49.8 2.5
      vertex 38.0712 45.5182 2.5
      vertex 38.3684 45.4173 2.5
    endloop
  endfacet
  facet normal 0 0 1
    outer loop
      vertex 60 49.8 2.5
      vertex 37.7633 45.5795 2.5
      vertex 38.0712 45.5182 2.5
    endloop
  endfacet
  facet normal 0 0 1
    outer loop
      vertex 60 49.8 2.5
      vertex 37.45 45.6 2.5
      vertex 37.7633 45.5795 2.5
    endloop
  endfacet
  facet normal 0 0 1
    outer loop
      vertex 60 49.8 2.5
      vertex 37.1367 45.5795 2.5
      vertex 37.45 45.6 2.5
    endloop
  endfacet
  facet normal 0 0 1
    outer loop
      vertex 35.0705 43.5133 2.5
      vertex 28.95 43.2 2.5
      vertex 35.05 43.2 2.5
    endloop
  endfacet
  facet normal 0 0 1
    outer loop
      vertex 28.9295 43.5133 2.5
      vertex 35.0705 43.5133 2.5
      vertex 35.1318 43.8212 2.5
    endloop
  endfacet
  facet normal 0 0 1
    outer loop
      vertex 28.8682 43.8212 2.5
      vertex 35.1318 43.8212 2.5
      vertex 35.2327 44.1184 2.5
    endloop
  endfacet
  facet normal 0 0 1
    outer loop
      vertex 28.7673 44.1184 2.5
      vertex 35.2327 44.1184 2.5
      vertex 35.3715 44.4 2.5
    endloop
  endfacet
  facet normal 0 0 1
    outer loop
      vertex 28.6285 44.4 2.5
      vertex 35.3715 44.4 2.5
      vertex 35.546 44.661 2.5
    endloop
  endfacet
  facet normal 0 0 1
    outer loop
      vertex 28.454 44.661 2.5
      vertex 35.546 44.661 2.5
      vertex 35.7529 44.8971 2.5
    endloop
  endfacet
  facet normal 0 0 1
    outer loop
      vertex 28.2471 44.8971 2.5
      vertex 35.7529 44.8971 2.5
      vertex 35.989 45.104 2.5
    endloop
  endfacet
  facet normal 0 0 1
    outer loop
      vertex 28.011 45.104 2.5
      vertex 35.989 45.104 2.5
      vertex 36.25 45.2785 2.5
    endloop
  endfacet
  facet normal 0 0 1
    outer loop
      vertex 27.75 45.2785 2.5
      vertex 36.25 45.2785 2.5
      vertex 36.5316 45.4173 2.5
    endloop
  endfacet
  facet normal 0 0 1
    outer loop
      vertex 27.4684 45.4173 2.5
      vertex 36.5316 45.4173 2.5
      vertex 36.8288 45.5182 2.5
    endloop
  endfacet
  facet normal 0 0 1
    outer loop
      vertex 35.0705 43.5133 2.5
      vertex 28.9295 43.5133 2.5
      vertex 28.95 43.2 2.5
    endloop
  endfacet
  facet normal 0 0 1
    outer loop
      vertex 35.1318 43.8212 2.5
      vertex 28.8682 43.8212 2.5
      vertex 28.9295 43.5133 2.5
    endloop
  endfacet
  facet normal 0 0 1
    outer loop
      vertex 35.2327 44.1184 2.5
      vertex 28.7673 44.1184 2.5
      vertex 28.8682 43.8212 2.5
    endloop
  endfacet
  facet normal 0 0 1
    outer loop
      vertex 27.1712 45.5182 2.5
      vertex 36.8288 45.5182 2.5
      vertex 37.1367 45.5795 2.5
    endloop
  endfacet
  facet normal 0 0 1
    outer loop
      vertex 26.8633 45.5795 2.5
      vertex 37.1367 45.5795 2.5
      vertex 60 49.8 2.5
    endloop
  endfacet
  facet normal 0 0 1
    outer loop
      vertex 35.3715 44.4 2.5
      vertex 28.6285 44.4 2.5
      vertex 28.7673 44.1184 2.5
    endloop
  endfacet
  facet normal 0 0 1
    outer loop
      vertex 35.546 44.661 2.5
      vertex 28.454 44.661 2.5
      vertex 28.6285 44.4 2.5
    endloop
  endfacet
  facet normal 0 0 1
    outer loop
      vertex 35.7529 44.8971 2.5
      vertex 28.2471 44.8971 2.5
      vertex 28.454 44.661 2.5
    endloop
  endfacet
  facet normal 0 0 1
    outer loop
      vertex 35.989 45.104 2.5
      vertex 28.011 45.104 2.5
      vertex 28.2471 44.8971 2.5
    endloop
  endfacet
  facet normal 0 0 1
    outer loop
      vertex 36.25 45.2785 2.5
      vertex 27.75 45.2785 2.5
      vertex 28.011 45.104 2.5
    endloop
  endfacet
  facet normal 0 0 1
    outer loop
      vertex 36.5316 45.4173 2.5
      vertex 27.4684 45.4173 2.5
      vertex 27.75 45.2785 2.5
    endloop
  endfacet
  facet normal 0 0 1
    outer loop
      vertex 36.8288 45.5182 2.5
      vertex 27.1712 45.5182 2.5
      vertex 27.4684 45.4173 2.5
    endloop
  endfacet
  facet normal 0 0 1
    outer loop
      vertex 37.1367 45.5795 2.5
      vertex 26.8633 45.5795 2.5
      vertex 27.1712 45.5182 2.5
    endloop
  endfacet
  facet normal 0 0 1
    outer loop
      vertex 60 49.8 2.5
      vertex 26.55 45.6 2.5
      vertex 26.8633 45.5795 2.5
    endloop
  endfacet
  facet normal -0 0 1
    outer loop
      vertex 4 49.8 2.5
      vertex 26.55 45.6 2.5
      vertex 60 49.8 2.5
    endloop
  endfacet
  facet normal 0 0 1
    outer loop
      vertex 4 49.8 2.5
      vertex 24.15 43.2 2.5
      vertex 24.1705 43.5133 2.5
    endloop
  endfacet
  facet normal 0 0 1
    outer loop
      vertex 4 49.8 2.5
      vertex 24.1705 43.5133 2.5
      vertex 24.2318 43.8212 2.5
    endloop
  endfacet
  facet normal 0 0 1
    outer loop
      vertex 4 49.8 2.5
      vertex 24.2318 43.8212 2.5
      vertex 24.3327 44.1184 2.5
    endloop
  endfacet
  facet normal 0 0 1
    outer loop
      vertex 4 49.8 2.5
      vertex 24.3327 44.1184 2.5
      vertex 24.4715 44.4 2.5
    endloop
  endfacet
  facet normal 0 0 1
    outer loop
      vertex 4 49.8 2.5
      vertex 24.4715 44.4 2.5
      vertex 24.646 44.661 2.5
    endloop
  endfacet
  facet normal 0 0 1
    outer loop
      vertex 4 49.8 2.5
      vertex 24.646 44.661 2.5
      vertex 24.8529 44.8971 2.5
    endloop
  endfacet
  facet normal 0 0 1
    outer loop
      vertex 24.15 43.2 2.5
      vertex 9.17289 29.3911 2.5
      vertex 9.19 29.13 2.5
    endloop
  endfacet
  facet normal 0 0 1
    outer loop
      vertex 24.15 43.2 2.5
      vertex 9.12185 29.6476 2.5
      vertex 9.17289 29.3911 2.5
    endloop
  endfacet
  facet normal 0 0 1
    outer loop
      vertex 24.15 43.2 2.5
      vertex 9.03776 29.8954 2.5
      vertex 9.12185 29.6476 2.5
    endloop
  endfacet
  facet normal 0 0 1
    outer loop
      vertex 24.15 43.2 2.5
      vertex 8.92205 30.13 2.5
      vertex 9.03776 29.8954 2.5
    endloop
  endfacet
  facet normal 0 0 1
    outer loop
      vertex 24.15 43.2 2.5
      vertex 8.77671 30.3475 2.5
      vertex 8.92205 30.13 2.5
    endloop
  endfacet
  facet normal 0 0 1
    outer loop
      vertex 24.15 43.2 2.5
      vertex 8.60421 30.5442 2.5
      vertex 8.77671 30.3475 2.5
    endloop
  endfacet
  facet normal 0 0 1
    outer loop
      vertex 24.15 43.2 2.5
      vertex 8.40752 30.7167 2.5
      vertex 8.60421 30.5442 2.5
    endloop
  endfacet
  facet normal 0 0 1
    outer loop
      vertex 4 49.8 2.5
      vertex 24.8529 44.8971 2.5
      vertex 25.089 45.104 2.5
    endloop
  endfacet
  facet normal 0 0 1
    outer loop
      vertex 24.15 43.2 2.5
      vertex 8.19 30.862 2.5
      vertex 8.40752 30.7167 2.5
    endloop
  endfacet
  facet normal 0 0 1
    outer loop
      vertex 24.15 43.2 2.5
      vertex 7.95537 30.9778 2.5
      vertex 8.19 30.862 2.5
    endloop
  endfacet
  facet normal 0 0 1
    outer loop
      vertex 24.15 43.2 2.5
      vertex 4 49.8 2.5
      vertex 7.95537 30.9778 2.5
    endloop
  endfacet
  facet normal 0 0 1
    outer loop
      vertex 7.95537 30.9778 2.5
      vertex 4 49.8 2.5
      vertex 7.70764 31.0619 2.5
    endloop
  endfacet
  facet normal 0 0 1
    outer loop
      vertex 7.70764 31.0619 2.5
      vertex 4 49.8 2.5
      vertex 7.45105 31.1129 2.5
    endloop
  endfacet
  facet normal -0 0 1
    outer loop
      vertex 0 45.8 2.5
      vertex 7.45105 31.1129 2.5
      vertex 4 49.8 2.5
    endloop
  endfacet
  facet normal 0 0 1
    outer loop
      vertex 7.45105 31.1129 2.5
      vertex 0 45.8 2.5
      vertex 7.19 31.13 2.5
    endloop
  endfacet
  facet normal 0 0 1
    outer loop
      vertex 7.19 31.13 2.5
      vertex 0 45.8 2.5
      vertex 6.92895 31.1129 2.5
    endloop
  endfacet
  facet normal 0 0 1
    outer loop
      vertex 6.92895 31.1129 2.5
      vertex 0 45.8 2.5
      vertex 6.67236 31.0619 2.5
    endloop
  endfacet
  facet normal 0 0 1
    outer loop
      vertex 6.67236 31.0619 2.5
      vertex 0 45.8 2.5
      vertex 6.42463 30.9778 2.5
    endloop
  endfacet
  facet normal 0 0 1
    outer loop
      vertex 5.20711 29.3911 2.5
      vertex 0 45.8 2.5
      vertex 5.19 29.13 2.5
    endloop
  endfacet
  facet normal 0 0 1
    outer loop
      vertex 5.25815 29.6476 2.5
      vertex 0 45.8 2.5
      vertex 5.20711 29.3911 2.5
    endloop
  endfacet
  facet normal 0 0 1
    outer loop
      vertex 5.34224 29.8954 2.5
      vertex 0 45.8 2.5
      vertex 5.25815 29.6476 2.5
    endloop
  endfacet
  facet normal 0 0 1
    outer loop
      vertex 5.45795 30.13 2.5
      vertex 0 45.8 2.5
      vertex 5.34224 29.8954 2.5
    endloop
  endfacet
  facet normal 0 0 1
    outer loop
      vertex 5.60329 30.3475 2.5
      vertex 0 45.8 2.5
      vertex 5.45795 30.13 2.5
    endloop
  endfacet
  facet normal 0 0 1
    outer loop
      vertex 5.77579 30.5442 2.5
      vertex 0 45.8 2.5
      vertex 5.60329 30.3475 2.5
    endloop
  endfacet
  facet normal 0 0 1
    outer loop
      vertex 5.97248 30.7167 2.5
      vertex 0 45.8 2.5
      vertex 5.77579 30.5442 2.5
    endloop
  endfacet
  facet normal 0 0 1
    outer loop
      vertex 6.19 30.862 2.5
      vertex 0 45.8 2.5
      vertex 5.97248 30.7167 2.5
    endloop
  endfacet
  facet normal 0 0 1
    outer loop
      vertex 6.42463 30.9778 2.5
      vertex 0 45.8 2.5
      vertex 6.19 30.862 2.5
    endloop
  endfacet
  facet normal 0 0 1
    outer loop
      vertex 25.35 45.2785 2.5
      vertex 4 49.8 2.5
      vertex 25.089 45.104 2.5
    endloop
  endfacet
  facet normal 0 0 1
    outer loop
      vertex 25.6316 45.4173 2.5
      vertex 4 49.8 2.5
      vertex 25.35 45.2785 2.5
    endloop
  endfacet
  facet normal 0 0 1
    outer loop
      vertex 25.9288 45.5182 2.5
      vertex 4 49.8 2.5
      vertex 25.6316 45.4173 2.5
    endloop
  endfacet
  facet normal 0 0 1
    outer loop
      vertex 26.2367 45.5795 2.5
      vertex 4 49.8 2.5
      vertex 25.9288 45.5182 2.5
    endloop
  endfacet
  facet normal 0 0 1
    outer loop
      vertex 26.55 45.6 2.5
      vertex 4 49.8 2.5
      vertex 26.2367 45.5795 2.5
    endloop
  endfacet
  facet normal 0 0 1
    outer loop
      vertex 61.0353 0.136296 2.5
      vertex 60 0 2.5
      vertex 60.5221 0.0342197 2.5
    endloop
  endfacet
  facet normal -0 0 1
    outer loop
      vertex 54.8929 3.40895 2.5
      vertex 60 0 2.5
      vertex 54.91 3.67 2.5
    endloop
  endfacet
  facet normal -0 0 1
    outer loop
      vertex 54.8419 3.15236 2.5
      vertex 60 0 2.5
      vertex 54.8929 3.40895 2.5
    endloop
  endfacet
  facet normal -0 0 1
    outer loop
      vertex 54.7578 2.90463 2.5
      vertex 60 0 2.5
      vertex 54.8419 3.15236 2.5
    endloop
  endfacet
  facet normal -0 0 1
    outer loop
      vertex 54.6421 2.67 2.5
      vertex 60 0 2.5
      vertex 54.7578 2.90463 2.5
    endloop
  endfacet
  facet normal -0 0 1
    outer loop
      vertex 54.4967 2.45248 2.5
      vertex 60 0 2.5
      vertex 54.6421 2.67 2.5
    endloop
  endfacet
  facet normal -0 0 1
    outer loop
      vertex 54.3242 2.25579 2.5
      vertex 60 0 2.5
      vertex 54.4967 2.45248 2.5
    endloop
  endfacet
  facet normal -0 0 1
    outer loop
      vertex 54.1275 2.08329 2.5
      vertex 60 0 2.5
      vertex 54.3242 2.25579 2.5
    endloop
  endfacet
  facet normal -0 0 1
    outer loop
      vertex 53.91 1.93795 2.5
      vertex 60 0 2.5
      vertex 54.1275 2.08329 2.5
    endloop
  endfacet
  facet normal -0 0 1
    outer loop
      vertex 53.6754 1.82224 2.5
      vertex 60 0 2.5
      vertex 53.91 1.93795 2.5
    endloop
  endfacet
  facet normal -0 0 1
    outer loop
      vertex 53.4276 1.73815 2.5
      vertex 60 0 2.5
      vertex 53.6754 1.82224 2.5
    endloop
  endfacet
  facet normal -0 0 1
    outer loop
      vertex 53.1711 1.68711 2.5
      vertex 60 0 2.5
      vertex 53.4276 1.73815 2.5
    endloop
  endfacet
  facet normal -0 0 1
    outer loop
      vertex 52.91 1.67 2.5
      vertex 60 0 2.5
      vertex 53.1711 1.68711 2.5
    endloop
  endfacet
  facet normal 0 0 1
    outer loop
      vertex 52.6489 1.68711 2.5
      vertex 60 0 2.5
      vertex 52.91 1.67 2.5
    endloop
  endfacet
  facet normal 0 0 1
    outer loop
      vertex 52.3924 1.73815 2.5
      vertex 60 0 2.5
      vertex 52.6489 1.68711 2.5
    endloop
  endfacet
  facet normal -0 0 1
    outer loop
      vertex 38.911 41.296 2.5
      vertex 51.3233 30.3475 2.5
      vertex 39.1471 41.5029 2.5
    endloop
  endfacet
  facet normal 0 0 1
    outer loop
      vertex 51.3233 30.3475 2.5
      vertex 38.911 41.296 2.5
      vertex 51.1779 30.13 2.5
    endloop
  endfacet
  facet normal -0 0 1
    outer loop
      vertex 38.65 41.1215 2.5
      vertex 51.1779 30.13 2.5
      vertex 38.911 41.296 2.5
    endloop
  endfacet
  facet normal 0 0 1
    outer loop
      vertex 51.1779 30.13 2.5
      vertex 38.65 41.1215 2.5
      vertex 51.0622 29.8954 2.5
    endloop
  endfacet
  facet normal -0 0 1
    outer loop
      vertex 38.3684 40.9827 2.5
      vertex 51.0622 29.8954 2.5
      vertex 38.65 41.1215 2.5
    endloop
  endfacet
  facet normal 0 0 1
    outer loop
      vertex 51.0622 29.8954 2.5
      vertex 38.3684 40.9827 2.5
      vertex 50.9781 29.6476 2.5
    endloop
  endfacet
  facet normal -0 0 1
    outer loop
      vertex 38.0712 40.8818 2.5
      vertex 50.9781 29.6476 2.5
      vertex 38.3684 40.9827 2.5
    endloop
  endfacet
  facet normal 0 0 1
    outer loop
      vertex 50.9781 29.6476 2.5
      vertex 38.0712 40.8818 2.5
      vertex 50.9271 29.3911 2.5
    endloop
  endfacet
  facet normal -0 0 1
    outer loop
      vertex 37.7633 40.8205 2.5
      vertex 50.9271 29.3911 2.5
      vertex 38.0712 40.8818 2.5
    endloop
  endfacet
  facet normal 0 0 1
    outer loop
      vertex 50.9271 29.3911 2.5
      vertex 37.7633 40.8205 2.5
      vertex 50.91 29.13 2.5
    endloop
  endfacet
  facet normal -0 0 1
    outer loop
      vertex 37.45 40.8 2.5
      vertex 50.91 29.13 2.5
      vertex 37.7633 40.8205 2.5
    endloop
  endfacet
  facet normal 0 0 1
    outer loop
      vertex 50.9271 28.8689 2.5
      vertex 37.45 40.8 2.5
      vertex 37.1367 40.8205 2.5
    endloop
  endfacet
  facet normal 0 0 1
    outer loop
      vertex 50.9781 28.6124 2.5
      vertex 37.1367 40.8205 2.5
      vertex 36.8288 40.8818 2.5
    endloop
  endfacet
  facet normal 0 0 1
    outer loop
      vertex 51.0622 28.3646 2.5
      vertex 36.8288 40.8818 2.5
      vertex 27.1712 40.8818 2.5
    endloop
  endfacet
  facet normal 0 0 1
    outer loop
      vertex 51.0622 28.3646 2.5
      vertex 27.1712 40.8818 2.5
      vertex 26.8633 40.8205 2.5
    endloop
  endfacet
  facet normal 0 0 1
    outer loop
      vertex 26.2367 40.8205 2.5
      vertex 9.12185 28.6124 2.5
      vertex 26.55 40.8 2.5
    endloop
  endfacet
  facet normal 0 0 1
    outer loop
      vertex 50.9781 4.18764 2.5
      vertex 9.19 3.67 2.5
      vertex 50.9271 3.93105 2.5
    endloop
  endfacet
  facet normal 0 0 1
    outer loop
      vertex 27.1712 40.8818 2.5
      vertex 36.8288 40.8818 2.5
      vertex 36.5316 40.9827 2.5
    endloop
  endfacet
  facet normal 0 0 1
    outer loop
      vertex 27.4684 40.9827 2.5
      vertex 36.5316 40.9827 2.5
      vertex 36.25 41.1215 2.5
    endloop
  endfacet
  facet normal 0 0 1
    outer loop
      vertex 27.75 41.1215 2.5
      vertex 36.25 41.1215 2.5
      vertex 35.989 41.296 2.5
    endloop
  endfacet
  facet normal 0 0 1
    outer loop
      vertex 28.011 41.296 2.5
      vertex 35.989 41.296 2.5
      vertex 35.7529 41.5029 2.5
    endloop
  endfacet
  facet normal 0 0 1
    outer loop
      vertex 28.2471 41.5029 2.5
      vertex 35.7529 41.5029 2.5
      vertex 35.546 41.739 2.5
    endloop
  endfacet
  facet normal 0 0 1
    outer loop
      vertex 28.454 41.739 2.5
      vertex 35.546 41.739 2.5
      vertex 35.3715 42 2.5
    endloop
  endfacet
  facet normal 0 0 1
    outer loop
      vertex 28.6285 42 2.5
      vertex 35.3715 42 2.5
      vertex 35.2327 42.2816 2.5
    endloop
  endfacet
  facet normal -0 0 1
    outer loop
      vertex 28.95 43.2 2.5
      vertex 35.0705 42.8867 2.5
      vertex 35.05 43.2 2.5
    endloop
  endfacet
  facet normal 0 0 1
    outer loop
      vertex 28.9295 42.8867 2.5
      vertex 35.0705 42.8867 2.5
      vertex 28.95 43.2 2.5
    endloop
  endfacet
  facet normal 0 0 1
    outer loop
      vertex 35.0705 42.8867 2.5
      vertex 28.9295 42.8867 2.5
      vertex 35.1318 42.5788 2.5
    endloop
  endfacet
  facet normal 0 0 1
    outer loop
      vertex 28.8682 42.5788 2.5
      vertex 35.1318 42.5788 2.5
      vertex 28.9295 42.8867 2.5
    endloop
  endfacet
  facet normal 0 0 1
    outer loop
      vertex 35.1318 42.5788 2.5
      vertex 28.8682 42.5788 2.5
      vertex 35.2327 42.2816 2.5
    endloop
  endfacet
  facet normal 0 0 1
    outer loop
      vertex 28.7673 42.2816 2.5
      vertex 35.2327 42.2816 2.5
      vertex 28.8682 42.5788 2.5
    endloop
  endfacet
  facet normal 0 0 1
    outer loop
      vertex 28.6285 42 2.5
      vertex 35.2327 42.2816 2.5
      vertex 28.7673 42.2816 2.5
    endloop
  endfacet
  facet normal 0 0 1
    outer loop
      vertex 35.3715 42 2.5
      vertex 28.6285 42 2.5
      vertex 28.454 41.739 2.5
    endloop
  endfacet
  facet normal 0 0 1
    outer loop
      vertex 35.546 41.739 2.5
      vertex 28.454 41.739 2.5
      vertex 28.2471 41.5029 2.5
    endloop
  endfacet
  facet normal 0 0 1
    outer loop
      vertex 35.7529 41.5029 2.5
      vertex 28.2471 41.5029 2.5
      vertex 28.011 41.296 2.5
    endloop
  endfacet
  facet normal 0 0 1
    outer loop
      vertex 35.989 41.296 2.5
      vertex 28.011 41.296 2.5
      vertex 27.75 41.1215 2.5
    endloop
  endfacet
  facet normal 0 0 1
    outer loop
      vertex 36.25 41.1215 2.5
      vertex 27.75 41.1215 2.5
      vertex 27.4684 40.9827 2.5
    endloop
  endfacet
  facet normal 0 0 1
    outer loop
      vertex 36.5316 40.9827 2.5
      vertex 27.4684 40.9827 2.5
      vertex 27.1712 40.8818 2.5
    endloop
  endfacet
  facet normal 0 0 1
    outer loop
      vertex 50.9271 3.93105 2.5
      vertex 9.19 3.67 2.5
      vertex 50.91 3.67 2.5
    endloop
  endfacet
  facet normal 0 0 1
    outer loop
      vertex 50.91 3.67 2.5
      vertex 9.19 3.67 2.5
      vertex 50.9271 3.40895 2.5
    endloop
  endfacet
  facet normal 0 0 1
    outer loop
      vertex 9.17289 3.40895 2.5
      vertex 50.9271 3.40895 2.5
      vertex 9.19 3.67 2.5
    endloop
  endfacet
  facet normal 0 0 1
    outer loop
      vertex 9.12185 28.6124 2.5
      vertex 26.2367 40.8205 2.5
      vertex 9.17289 28.8689 2.5
    endloop
  endfacet
  facet normal 0 0 1
    outer loop
      vertex 25.9288 40.8818 2.5
      vertex 9.17289 28.8689 2.5
      vertex 26.2367 40.8205 2.5
    endloop
  endfacet
  facet normal 0 0 1
    outer loop
      vertex 9.17289 28.8689 2.5
      vertex 25.9288 40.8818 2.5
      vertex 9.19 29.13 2.5
    endloop
  endfacet
  facet normal 0 0 1
    outer loop
      vertex 9.19 29.13 2.5
      vertex 25.9288 40.8818 2.5
      vertex 25.6316 40.9827 2.5
    endloop
  endfacet
  facet normal 0 0 1
    outer loop
      vertex 9.19 29.13 2.5
      vertex 25.6316 40.9827 2.5
      vertex 25.35 41.1215 2.5
    endloop
  endfacet
  facet normal 0 0 1
    outer loop
      vertex 50.9271 3.40895 2.5
      vertex 9.17289 3.40895 2.5
      vertex 50.9781 3.15236 2.5
    endloop
  endfacet
  facet normal 0 0 1
    outer loop
      vertex 9.19 29.13 2.5
      vertex 25.35 41.1215 2.5
      vertex 25.089 41.296 2.5
    endloop
  endfacet
  facet normal 0 0 1
    outer loop
      vertex 9.19 29.13 2.5
      vertex 25.089 41.296 2.5
      vertex 24.8529 41.5029 2.5
    endloop
  endfacet
  facet normal 0 0 1
    outer loop
      vertex 9.19 29.13 2.5
      vertex 24.8529 41.5029 2.5
      vertex 24.646 41.739 2.5
    endloop
  endfacet
  facet normal 0 0 1
    outer loop
      vertex 9.19 29.13 2.5
      vertex 24.1705 42.8867 2.5
      vertex 24.15 43.2 2.5
    endloop
  endfacet
  facet normal 0 0 1
    outer loop
      vertex 9.19 29.13 2.5
      vertex 24.2318 42.5788 2.5
      vertex 24.1705 42.8867 2.5
    endloop
  endfacet
  facet normal 0 0 1
    outer loop
      vertex 9.19 29.13 2.5
      vertex 24.3327 42.2816 2.5
      vertex 24.2318 42.5788 2.5
    endloop
  endfacet
  facet normal 0 0 1
    outer loop
      vertex 9.19 29.13 2.5
      vertex 24.4715 42 2.5
      vertex 24.3327 42.2816 2.5
    endloop
  endfacet
  facet normal 0 0 1
    outer loop
      vertex 9.19 29.13 2.5
      vertex 24.646 41.739 2.5
      vertex 24.4715 42 2.5
    endloop
  endfacet
  facet normal 0 0 1
    outer loop
      vertex 9.12185 3.15236 2.5
      vertex 50.9781 3.15236 2.5
      vertex 9.17289 3.40895 2.5
    endloop
  endfacet
  facet normal 0 0 1
    outer loop
      vertex 50.9781 3.15236 2.5
      vertex 9.12185 3.15236 2.5
      vertex 51.0622 2.90463 2.5
    endloop
  endfacet
  facet normal 0 0 1
    outer loop
      vertex 9.03776 2.90463 2.5
      vertex 51.0622 2.90463 2.5
      vertex 9.12185 3.15236 2.5
    endloop
  endfacet
  facet normal 0 0 1
    outer loop
      vertex 51.0622 2.90463 2.5
      vertex 9.03776 2.90463 2.5
      vertex 51.1779 2.67 2.5
    endloop
  endfacet
  facet normal 0 0 1
    outer loop
      vertex 8.92205 2.67 2.5
      vertex 51.1779 2.67 2.5
      vertex 9.03776 2.90463 2.5
    endloop
  endfacet
  facet normal 0 0 1
    outer loop
      vertex 51.1779 2.67 2.5
      vertex 8.92205 2.67 2.5
      vertex 51.3233 2.45248 2.5
    endloop
  endfacet
  facet normal 0 0 1
    outer loop
      vertex 8.77671 2.45248 2.5
      vertex 51.3233 2.45248 2.5
      vertex 8.92205 2.67 2.5
    endloop
  endfacet
  facet normal 0 0 1
    outer loop
      vertex 51.3233 2.45248 2.5
      vertex 8.77671 2.45248 2.5
      vertex 51.4958 2.25579 2.5
    endloop
  endfacet
  facet normal 0 0 1
    outer loop
      vertex 8.60421 2.25579 2.5
      vertex 51.4958 2.25579 2.5
      vertex 8.77671 2.45248 2.5
    endloop
  endfacet
  facet normal 0 0 1
    outer loop
      vertex 51.4958 2.25579 2.5
      vertex 8.60421 2.25579 2.5
      vertex 51.6925 2.08329 2.5
    endloop
  endfacet
  facet normal 0 0 1
    outer loop
      vertex 8.40752 2.08329 2.5
      vertex 51.6925 2.08329 2.5
      vertex 8.60421 2.25579 2.5
    endloop
  endfacet
  facet normal 0 0 1
    outer loop
      vertex 51.6925 2.08329 2.5
      vertex 8.40752 2.08329 2.5
      vertex 51.91 1.93795 2.5
    endloop
  endfacet
  facet normal 0 0 1
    outer loop
      vertex 8.19 1.93795 2.5
      vertex 51.91 1.93795 2.5
      vertex 8.40752 2.08329 2.5
    endloop
  endfacet
  facet normal 0 0 1
    outer loop
      vertex 51.91 1.93795 2.5
      vertex 8.19 1.93795 2.5
      vertex 52.1446 1.82224 2.5
    endloop
  endfacet
  facet normal 0 0 1
    outer loop
      vertex 7.95537 1.82224 2.5
      vertex 52.1446 1.82224 2.5
      vertex 8.19 1.93795 2.5
    endloop
  endfacet
  facet normal 0 0 1
    outer loop
      vertex 4 0 2.5
      vertex 52.1446 1.82224 2.5
      vertex 7.95537 1.82224 2.5
    endloop
  endfacet
  facet normal 0 0 1
    outer loop
      vertex 52.1446 1.82224 2.5
      vertex 4 0 2.5
      vertex 52.3924 1.73815 2.5
    endloop
  endfacet
  facet normal 0 0 1
    outer loop
      vertex 4 0 2.5
      vertex 7.95537 1.82224 2.5
      vertex 7.70764 1.73815 2.5
    endloop
  endfacet
  facet normal 0 0 1
    outer loop
      vertex 4 0 2.5
      vertex 7.70764 1.73815 2.5
      vertex 7.45105 1.68711 2.5
    endloop
  endfacet
  facet normal 0 0 1
    outer loop
      vertex 4 0 2.5
      vertex 7.45105 1.68711 2.5
      vertex 7.19 1.67 2.5
    endloop
  endfacet
  facet normal 0 0 1
    outer loop
      vertex 52.3924 1.73815 2.5
      vertex 4 0 2.5
      vertex 60 0 2.5
    endloop
  endfacet
  facet normal 0 0 1
    outer loop
      vertex 6.92895 1.68711 2.5
      vertex 4 0 2.5
      vertex 7.19 1.67 2.5
    endloop
  endfacet
  facet normal 0 0 1
    outer loop
      vertex 6.67236 1.73815 2.5
      vertex 4 0 2.5
      vertex 6.92895 1.68711 2.5
    endloop
  endfacet
  facet normal 0 0 1
    outer loop
      vertex 6.42463 1.82224 2.5
      vertex 4 0 2.5
      vertex 6.67236 1.73815 2.5
    endloop
  endfacet
  facet normal 0 0 1
    outer loop
      vertex 6.19 1.93795 2.5
      vertex 4 0 2.5
      vertex 6.42463 1.82224 2.5
    endloop
  endfacet
  facet normal 0 0 1
    outer loop
      vertex 5.97248 2.08329 2.5
      vertex 4 0 2.5
      vertex 6.19 1.93795 2.5
    endloop
  endfacet
  facet normal 0 0 1
    outer loop
      vertex 5.77579 2.25579 2.5
      vertex 4 0 2.5
      vertex 5.97248 2.08329 2.5
    endloop
  endfacet
  facet normal 0 0 1
    outer loop
      vertex 5.60329 2.45248 2.5
      vertex 4 0 2.5
      vertex 5.77579 2.25579 2.5
    endloop
  endfacet
  facet normal 0 0 1
    outer loop
      vertex 5.45795 2.67 2.5
      vertex 4 0 2.5
      vertex 5.60329 2.45248 2.5
    endloop
  endfacet
  facet normal 0 0 1
    outer loop
      vertex 3.47789 0.0342197 2.5
      vertex 5.45795 2.67 2.5
      vertex 5.34224 2.90463 2.5
    endloop
  endfacet
  facet normal 0 0 1
    outer loop
      vertex 2.46927 0.304482 2.5
      vertex 5.34224 2.90463 2.5
      vertex 5.25815 3.15236 2.5
    endloop
  endfacet
  facet normal 0 0 1
    outer loop
      vertex 1.17157 1.17157 2.5
      vertex 5.25815 3.15236 2.5
      vertex 5.20711 3.40895 2.5
    endloop
  endfacet
  facet normal 0 0 1
    outer loop
      vertex 0.304482 2.46927 2.5
      vertex 5.20711 3.40895 2.5
      vertex 5.19 3.67 2.5
    endloop
  endfacet
  facet normal 0 0 1
    outer loop
      vertex 5.20711 28.8689 2.5
      vertex 0 45.8 2.5
      vertex 0 4 2.5
    endloop
  endfacet
  facet normal 0 0 1
    outer loop
      vertex 0 45.8 2.5
      vertex 4 49.8 2.5
      vertex 3.47789 49.7658 2.5
    endloop
  endfacet
  facet normal 0 0 1
    outer loop
      vertex 5.20711 3.93105 2.5
      vertex 0 4 2.5
      vertex 5.19 3.67 2.5
    endloop
  endfacet
  facet normal 0 0 1
    outer loop
      vertex 0 45.8 2.5
      vertex 3.47789 49.7658 2.5
      vertex 2.96472 49.6637 2.5
    endloop
  endfacet
  facet normal 0 -0 1
    outer loop
      vertex 0.0342197 3.47789 2.5
      vertex 5.19 3.67 2.5
      vertex 0 4 2.5
    endloop
  endfacet
  facet normal 0 0 1
    outer loop
      vertex 0 45.8 2.5
      vertex 2.96472 49.6637 2.5
      vertex 2.46927 49.4955 2.5
    endloop
  endfacet
  facet normal 0 0 1
    outer loop
      vertex 5.45795 2.67 2.5
      vertex 3.47789 0.0342197 2.5
      vertex 4 0 2.5
    endloop
  endfacet
  facet normal 0 0 1
    outer loop
      vertex 0 45.8 2.5
      vertex 2.46927 49.4955 2.5
      vertex 2 49.2641 2.5
    endloop
  endfacet
  facet normal 0 0 1
    outer loop
      vertex 5.34224 2.90463 2.5
      vertex 2.96472 0.136296 2.5
      vertex 3.47789 0.0342197 2.5
    endloop
  endfacet
  facet normal 0 0 1
    outer loop
      vertex 0 45.8 2.5
      vertex 2 49.2641 2.5
      vertex 1.56495 48.9734 2.5
    endloop
  endfacet
  facet normal 0 0 1
    outer loop
      vertex 5.34224 2.90463 2.5
      vertex 2.46927 0.304482 2.5
      vertex 2.96472 0.136296 2.5
    endloop
  endfacet
  facet normal 0 0 1
    outer loop
      vertex 0 45.8 2.5
      vertex 1.56495 48.9734 2.5
      vertex 1.17157 48.6284 2.5
    endloop
  endfacet
  facet normal 0 0 1
    outer loop
      vertex 5.25815 3.15236 2.5
      vertex 2 0.535898 2.5
      vertex 2.46927 0.304482 2.5
    endloop
  endfacet
  facet normal 0 0 1
    outer loop
      vertex 0 45.8 2.5
      vertex 1.17157 48.6284 2.5
      vertex 0.826586 48.235 2.5
    endloop
  endfacet
  facet normal 0 0 1
    outer loop
      vertex 5.25815 3.15236 2.5
      vertex 1.56495 0.826586 2.5
      vertex 2 0.535898 2.5
    endloop
  endfacet
  facet normal 0 0 1
    outer loop
      vertex 0 45.8 2.5
      vertex 0.826586 48.235 2.5
      vertex 0.535898 47.8 2.5
    endloop
  endfacet
  facet normal 0 0 1
    outer loop
      vertex 5.25815 3.15236 2.5
      vertex 1.17157 1.17157 2.5
      vertex 1.56495 0.826586 2.5
    endloop
  endfacet
  facet normal 0 0 1
    outer loop
      vertex 0 45.8 2.5
      vertex 0.535898 47.8 2.5
      vertex 0.304482 47.3307 2.5
    endloop
  endfacet
  facet normal 0 0 1
    outer loop
      vertex 5.20711 3.40895 2.5
      vertex 0.826586 1.56495 2.5
      vertex 1.17157 1.17157 2.5
    endloop
  endfacet
  facet normal 0 0 1
    outer loop
      vertex 0 45.8 2.5
      vertex 0.304482 47.3307 2.5
      vertex 0.136296 46.8353 2.5
    endloop
  endfacet
  facet normal 0 0 1
    outer loop
      vertex 5.20711 3.40895 2.5
      vertex 0.535898 2 2.5
      vertex 0.826586 1.56495 2.5
    endloop
  endfacet
  facet normal 0 0 1
    outer loop
      vertex 0 45.8 2.5
      vertex 0.136296 46.8353 2.5
      vertex 0.0342197 46.3221 2.5
    endloop
  endfacet
  facet normal 0 0 1
    outer loop
      vertex 5.20711 3.40895 2.5
      vertex 0.304482 2.46927 2.5
      vertex 0.535898 2 2.5
    endloop
  endfacet
  facet normal 0 0 1
    outer loop
      vertex 5.19 3.67 2.5
      vertex 0.136296 2.96472 2.5
      vertex 0.304482 2.46927 2.5
    endloop
  endfacet
  facet normal 0 0 1
    outer loop
      vertex 5.19 3.67 2.5
      vertex 0.0342197 3.47789 2.5
      vertex 0.136296 2.96472 2.5
    endloop
  endfacet
  facet normal 0 0 1
    outer loop
      vertex 38.5406 43.3436 2.5
      vertex 38.5406 43.0564 2.5
      vertex 38.55 43.2 2.5
    endloop
  endfacet
  facet normal 0 0 1
    outer loop
      vertex 38.5125 43.4847 2.5
      vertex 38.5406 43.0564 2.5
      vertex 38.5406 43.3436 2.5
    endloop
  endfacet
  facet normal 0 0 1
    outer loop
      vertex 38.5125 43.4847 2.5
      vertex 38.5125 42.9153 2.5
      vertex 38.5406 43.0564 2.5
    endloop
  endfacet
  facet normal 0 0 1
    outer loop
      vertex 38.4663 43.621 2.5
      vertex 38.5125 42.9153 2.5
      vertex 38.5125 43.4847 2.5
    endloop
  endfacet
  facet normal 0 0 1
    outer loop
      vertex 38.4663 43.621 2.5
      vertex 38.4663 42.779 2.5
      vertex 38.5125 42.9153 2.5
    endloop
  endfacet
  facet normal 0 0 1
    outer loop
      vertex 38.4026 43.75 2.5
      vertex 38.4663 42.779 2.5
      vertex 38.4663 43.621 2.5
    endloop
  endfacet
  facet normal 0 0 1
    outer loop
      vertex 38.4026 43.75 2.5
      vertex 38.4026 42.65 2.5
      vertex 38.4663 42.779 2.5
    endloop
  endfacet
  facet normal 0 0 1
    outer loop
      vertex 38.3227 43.8696 2.5
      vertex 38.4026 42.65 2.5
      vertex 38.4026 43.75 2.5
    endloop
  endfacet
  facet normal 0 0 1
    outer loop
      vertex 38.3227 43.8696 2.5
      vertex 38.3227 42.5304 2.5
      vertex 38.4026 42.65 2.5
    endloop
  endfacet
  facet normal 0 0 1
    outer loop
      vertex 38.2278 43.9778 2.5
      vertex 38.3227 42.5304 2.5
      vertex 38.3227 43.8696 2.5
    endloop
  endfacet
  facet normal 0 0 1
    outer loop
      vertex 38.2278 43.9778 2.5
      vertex 38.2278 42.4222 2.5
      vertex 38.3227 42.5304 2.5
    endloop
  endfacet
  facet normal 0 0 1
    outer loop
      vertex 38.1196 44.0727 2.5
      vertex 38.2278 42.4222 2.5
      vertex 38.2278 43.9778 2.5
    endloop
  endfacet
  facet normal 0 0 1
    outer loop
      vertex 38.1196 44.0727 2.5
      vertex 38.1196 42.3273 2.5
      vertex 38.2278 42.4222 2.5
    endloop
  endfacet
  facet normal 0 0 1
    outer loop
      vertex 38 44.1526 2.5
      vertex 38.1196 42.3273 2.5
      vertex 38.1196 44.0727 2.5
    endloop
  endfacet
  facet normal 0 0 1
    outer loop
      vertex 38 44.1526 2.5
      vertex 38 42.2474 2.5
      vertex 38.1196 42.3273 2.5
    endloop
  endfacet
  facet normal 0 0 1
    outer loop
      vertex 37.871 44.2163 2.5
      vertex 38 42.2474 2.5
      vertex 38 44.1526 2.5
    endloop
  endfacet
  facet normal 0 0 1
    outer loop
      vertex 37.871 44.2163 2.5
      vertex 37.871 42.1837 2.5
      vertex 38 42.2474 2.5
    endloop
  endfacet
  facet normal 0 0 1
    outer loop
      vertex 37.7347 44.2625 2.5
      vertex 37.871 42.1837 2.5
      vertex 37.871 44.2163 2.5
    endloop
  endfacet
  facet normal 0 0 1
    outer loop
      vertex 37.7347 44.2625 2.5
      vertex 37.7347 42.1375 2.5
      vertex 37.871 42.1837 2.5
    endloop
  endfacet
  facet normal 0 0 1
    outer loop
      vertex 37.5936 44.2906 2.5
      vertex 37.7347 42.1375 2.5
      vertex 37.7347 44.2625 2.5
    endloop
  endfacet
  facet normal 0 0 1
    outer loop
      vertex 37.5936 44.2906 2.5
      vertex 37.5936 42.1094 2.5
      vertex 37.7347 42.1375 2.5
    endloop
  endfacet
  facet normal 0 0 1
    outer loop
      vertex 37.45 44.3 2.5
      vertex 37.5936 42.1094 2.5
      vertex 37.5936 44.2906 2.5
    endloop
  endfacet
  facet normal 0 0 1
    outer loop
      vertex 37.45 44.3 2.5
      vertex 37.45 42.1 2.5
      vertex 37.5936 42.1094 2.5
    endloop
  endfacet
  facet normal -0 0 1
    outer loop
      vertex 37.3064 44.2906 2.5
      vertex 37.45 42.1 2.5
      vertex 37.45 44.3 2.5
    endloop
  endfacet
  facet normal 0 0 1
    outer loop
      vertex 37.3064 44.2906 2.5
      vertex 37.3064 42.1094 2.5
      vertex 37.45 42.1 2.5
    endloop
  endfacet
  facet normal -0 0 1
    outer loop
      vertex 37.1653 44.2625 2.5
      vertex 37.3064 42.1094 2.5
      vertex 37.3064 44.2906 2.5
    endloop
  endfacet
  facet normal 0 0 1
    outer loop
      vertex 37.1653 44.2625 2.5
      vertex 37.1653 42.1375 2.5
      vertex 37.3064 42.1094 2.5
    endloop
  endfacet
  facet normal -0 0 1
    outer loop
      vertex 37.029 44.2163 2.5
      vertex 37.1653 42.1375 2.5
      vertex 37.1653 44.2625 2.5
    endloop
  endfacet
  facet normal 0 0 1
    outer loop
      vertex 37.029 44.2163 2.5
      vertex 37.029 42.1837 2.5
      vertex 37.1653 42.1375 2.5
    endloop
  endfacet
  facet normal -0 0 1
    outer loop
      vertex 36.9 44.1526 2.5
      vertex 37.029 42.1837 2.5
      vertex 37.029 44.2163 2.5
    endloop
  endfacet
  facet normal 0 0 1
    outer loop
      vertex 36.9 44.1526 2.5
      vertex 36.9 42.2474 2.5
      vertex 37.029 42.1837 2.5
    endloop
  endfacet
  facet normal -0 0 1
    outer loop
      vertex 36.7804 44.0727 2.5
      vertex 36.9 42.2474 2.5
      vertex 36.9 44.1526 2.5
    endloop
  endfacet
  facet normal 0 0 1
    outer loop
      vertex 36.7804 44.0727 2.5
      vertex 36.7804 42.3273 2.5
      vertex 36.9 42.2474 2.5
    endloop
  endfacet
  facet normal -0 0 1
    outer loop
      vertex 36.6722 43.9778 2.5
      vertex 36.7804 42.3273 2.5
      vertex 36.7804 44.0727 2.5
    endloop
  endfacet
  facet normal 0 0 1
    outer loop
      vertex 36.6722 43.9778 2.5
      vertex 36.6722 42.4222 2.5
      vertex 36.7804 42.3273 2.5
    endloop
  endfacet
  facet normal -0 0 1
    outer loop
      vertex 36.5773 43.8696 2.5
      vertex 36.6722 42.4222 2.5
      vertex 36.6722 43.9778 2.5
    endloop
  endfacet
  facet normal 0 0 1
    outer loop
      vertex 36.5773 43.8696 2.5
      vertex 36.5773 42.5304 2.5
      vertex 36.6722 42.4222 2.5
    endloop
  endfacet
  facet normal -0 0 1
    outer loop
      vertex 36.4974 43.75 2.5
      vertex 36.5773 42.5304 2.5
      vertex 36.5773 43.8696 2.5
    endloop
  endfacet
  facet normal 0 0 1
    outer loop
      vertex 36.4974 43.75 2.5
      vertex 36.4974 42.65 2.5
      vertex 36.5773 42.5304 2.5
    endloop
  endfacet
  facet normal -0 0 1
    outer loop
      vertex 36.4337 43.621 2.5
      vertex 36.4974 42.65 2.5
      vertex 36.4974 43.75 2.5
    endloop
  endfacet
  facet normal 0 0 1
    outer loop
      vertex 36.4337 43.621 2.5
      vertex 36.4337 42.779 2.5
      vertex 36.4974 42.65 2.5
    endloop
  endfacet
  facet normal -0 0 1
    outer loop
      vertex 36.3875 43.4847 2.5
      vertex 36.4337 42.779 2.5
      vertex 36.4337 43.621 2.5
    endloop
  endfacet
  facet normal 0 0 1
    outer loop
      vertex 36.3875 43.4847 2.5
      vertex 36.3875 42.9153 2.5
      vertex 36.4337 42.779 2.5
    endloop
  endfacet
  facet normal -0 0 1
    outer loop
      vertex 36.3594 43.3436 2.5
      vertex 36.3875 42.9153 2.5
      vertex 36.3875 43.4847 2.5
    endloop
  endfacet
  facet normal 0 0 1
    outer loop
      vertex 36.3594 43.3436 2.5
      vertex 36.3594 43.0564 2.5
      vertex 36.3875 42.9153 2.5
    endloop
  endfacet
  facet normal 0 -0 1
    outer loop
      vertex 36.3594 43.0564 2.5
      vertex 36.3594 43.3436 2.5
      vertex 36.35 43.2 2.5
    endloop
  endfacet
  facet normal 0 0 1
    outer loop
      vertex 27.6406 43.3436 2.5
      vertex 27.6406 43.0564 2.5
      vertex 27.65 43.2 2.5
    endloop
  endfacet
  facet normal 0 0 1
    outer loop
      vertex 27.6125 43.4847 2.5
      vertex 27.6406 43.0564 2.5
      vertex 27.6406 43.3436 2.5
    endloop
  endfacet
  facet normal 0 0 1
    outer loop
      vertex 27.6125 43.4847 2.5
      vertex 27.6125 42.9153 2.5
      vertex 27.6406 43.0564 2.5
    endloop
  endfacet
  facet normal 0 0 1
    outer loop
      vertex 27.5663 43.621 2.5
      vertex 27.6125 42.9153 2.5
      vertex 27.6125 43.4847 2.5
    endloop
  endfacet
  facet normal 0 0 1
    outer loop
      vertex 27.5663 43.621 2.5
      vertex 27.5663 42.779 2.5
      vertex 27.6125 42.9153 2.5
    endloop
  endfacet
  facet normal 0 0 1
    outer loop
      vertex 27.5026 43.75 2.5
      vertex 27.5663 42.779 2.5
      vertex 27.5663 43.621 2.5
    endloop
  endfacet
  facet normal 0 0 1
    outer loop
      vertex 27.5026 43.75 2.5
      vertex 27.5026 42.65 2.5
      vertex 27.5663 42.779 2.5
    endloop
  endfacet
  facet normal 0 0 1
    outer loop
      vertex 27.4227 43.8696 2.5
      vertex 27.5026 42.65 2.5
      vertex 27.5026 43.75 2.5
    endloop
  endfacet
  facet normal 0 0 1
    outer loop
      vertex 27.4227 43.8696 2.5
      vertex 27.4227 42.5304 2.5
      vertex 27.5026 42.65 2.5
    endloop
  endfacet
  facet normal 0 0 1
    outer loop
      vertex 27.3278 43.9778 2.5
      vertex 27.4227 42.5304 2.5
      vertex 27.4227 43.8696 2.5
    endloop
  endfacet
  facet normal 0 0 1
    outer loop
      vertex 27.3278 43.9778 2.5
      vertex 27.3278 42.4222 2.5
      vertex 27.4227 42.5304 2.5
    endloop
  endfacet
  facet normal 0 0 1
    outer loop
      vertex 27.2196 44.0727 2.5
      vertex 27.3278 42.4222 2.5
      vertex 27.3278 43.9778 2.5
    endloop
  endfacet
  facet normal 0 0 1
    outer loop
      vertex 27.2196 44.0727 2.5
      vertex 27.2196 42.3273 2.5
      vertex 27.3278 42.4222 2.5
    endloop
  endfacet
  facet normal 0 0 1
    outer loop
      vertex 27.1 44.1526 2.5
      vertex 27.2196 42.3273 2.5
      vertex 27.2196 44.0727 2.5
    endloop
  endfacet
  facet normal 0 0 1
    outer loop
      vertex 27.1 44.1526 2.5
      vertex 27.1 42.2474 2.5
      vertex 27.2196 42.3273 2.5
    endloop
  endfacet
  facet normal 0 0 1
    outer loop
      vertex 26.971 44.2163 2.5
      vertex 27.1 42.2474 2.5
      vertex 27.1 44.1526 2.5
    endloop
  endfacet
  facet normal 0 0 1
    outer loop
      vertex 26.971 44.2163 2.5
      vertex 26.971 42.1837 2.5
      vertex 27.1 42.2474 2.5
    endloop
  endfacet
  facet normal 0 0 1
    outer loop
      vertex 26.8347 44.2625 2.5
      vertex 26.971 42.1837 2.5
      vertex 26.971 44.2163 2.5
    endloop
  endfacet
  facet normal 0 0 1
    outer loop
      vertex 26.8347 44.2625 2.5
      vertex 26.8347 42.1375 2.5
      vertex 26.971 42.1837 2.5
    endloop
  endfacet
  facet normal 0 0 1
    outer loop
      vertex 26.6936 44.2906 2.5
      vertex 26.8347 42.1375 2.5
      vertex 26.8347 44.2625 2.5
    endloop
  endfacet
  facet normal 0 0 1
    outer loop
      vertex 26.6936 44.2906 2.5
      vertex 26.6936 42.1094 2.5
      vertex 26.8347 42.1375 2.5
    endloop
  endfacet
  facet normal 0 0 1
    outer loop
      vertex 26.55 44.3 2.5
      vertex 26.6936 42.1094 2.5
      vertex 26.6936 44.2906 2.5
    endloop
  endfacet
  facet normal 0 0 1
    outer loop
      vertex 26.55 44.3 2.5
      vertex 26.55 42.1 2.5
      vertex 26.6936 42.1094 2.5
    endloop
  endfacet
  facet normal -0 0 1
    outer loop
      vertex 26.4064 44.2906 2.5
      vertex 26.55 42.1 2.5
      vertex 26.55 44.3 2.5
    endloop
  endfacet
  facet normal 0 0 1
    outer loop
      vertex 26.4064 44.2906 2.5
      vertex 26.4064 42.1094 2.5
      vertex 26.55 42.1 2.5
    endloop
  endfacet
  facet normal -0 0 1
    outer loop
      vertex 26.2653 44.2625 2.5
      vertex 26.4064 42.1094 2.5
      vertex 26.4064 44.2906 2.5
    endloop
  endfacet
  facet normal 0 0 1
    outer loop
      vertex 26.2653 44.2625 2.5
      vertex 26.2653 42.1375 2.5
      vertex 26.4064 42.1094 2.5
    endloop
  endfacet
  facet normal -0 0 1
    outer loop
      vertex 26.129 44.2163 2.5
      vertex 26.2653 42.1375 2.5
      vertex 26.2653 44.2625 2.5
    endloop
  endfacet
  facet normal 0 0 1
    outer loop
      vertex 26.129 44.2163 2.5
      vertex 26.129 42.1837 2.5
      vertex 26.2653 42.1375 2.5
    endloop
  endfacet
  facet normal -0 0 1
    outer loop
      vertex 26 44.1526 2.5
      vertex 26.129 42.1837 2.5
      vertex 26.129 44.2163 2.5
    endloop
  endfacet
  facet normal 0 0 1
    outer loop
      vertex 26 44.1526 2.5
      vertex 26 42.2474 2.5
      vertex 26.129 42.1837 2.5
    endloop
  endfacet
  facet normal -0 0 1
    outer loop
      vertex 25.8804 44.0727 2.5
      vertex 26 42.2474 2.5
      vertex 26 44.1526 2.5
    endloop
  endfacet
  facet normal 0 0 1
    outer loop
      vertex 25.8804 44.0727 2.5
      vertex 25.8804 42.3273 2.5
      vertex 26 42.2474 2.5
    endloop
  endfacet
  facet normal -0 0 1
    outer loop
      vertex 25.7722 43.9778 2.5
      vertex 25.8804 42.3273 2.5
      vertex 25.8804 44.0727 2.5
    endloop
  endfacet
  facet normal 0 0 1
    outer loop
      vertex 25.7722 43.9778 2.5
      vertex 25.7722 42.4222 2.5
      vertex 25.8804 42.3273 2.5
    endloop
  endfacet
  facet normal -0 0 1
    outer loop
      vertex 25.6773 43.8696 2.5
      vertex 25.7722 42.4222 2.5
      vertex 25.7722 43.9778 2.5
    endloop
  endfacet
  facet normal 0 0 1
    outer loop
      vertex 25.6773 43.8696 2.5
      vertex 25.6773 42.5304 2.5
      vertex 25.7722 42.4222 2.5
    endloop
  endfacet
  facet normal -0 0 1
    outer loop
      vertex 25.5974 43.75 2.5
      vertex 25.6773 42.5304 2.5
      vertex 25.6773 43.8696 2.5
    endloop
  endfacet
  facet normal 0 0 1
    outer loop
      vertex 25.5974 43.75 2.5
      vertex 25.5974 42.65 2.5
      vertex 25.6773 42.5304 2.5
    endloop
  endfacet
  facet normal -0 0 1
    outer loop
      vertex 25.5337 43.621 2.5
      vertex 25.5974 42.65 2.5
      vertex 25.5974 43.75 2.5
    endloop
  endfacet
  facet normal 0 0 1
    outer loop
      vertex 25.5337 43.621 2.5
      vertex 25.5337 42.779 2.5
      vertex 25.5974 42.65 2.5
    endloop
  endfacet
  facet normal -0 0 1
    outer loop
      vertex 25.4875 43.4847 2.5
      vertex 25.5337 42.779 2.5
      vertex 25.5337 43.621 2.5
    endloop
  endfacet
  facet normal 0 0 1
    outer loop
      vertex 25.4875 43.4847 2.5
      vertex 25.4875 42.9153 2.5
      vertex 25.5337 42.779 2.5
    endloop
  endfacet
  facet normal -0 0 1
    outer loop
      vertex 25.4594 43.3436 2.5
      vertex 25.4875 42.9153 2.5
      vertex 25.4875 43.4847 2.5
    endloop
  endfacet
  facet normal 0 0 1
    outer loop
      vertex 25.4594 43.3436 2.5
      vertex 25.4594 43.0564 2.5
      vertex 25.4875 42.9153 2.5
    endloop
  endfacet
  facet normal 0 -0 1
    outer loop
      vertex 25.4594 43.0564 2.5
      vertex 25.4594 43.3436 2.5
      vertex 25.45 43.2 2.5
    endloop
  endfacet
  facet normal 0 0 1
    outer loop
      vertex 7.61136 3.72547 2.5
      vertex 7.61136 3.61453 2.5
      vertex 7.615 3.67 2.5
    endloop
  endfacet
  facet normal 0 0 1
    outer loop
      vertex 7.60052 3.78 2.5
      vertex 7.61136 3.61453 2.5
      vertex 7.61136 3.72547 2.5
    endloop
  endfacet
  facet normal 0 0 1
    outer loop
      vertex 7.60052 3.78 2.5
      vertex 7.60052 3.56 2.5
      vertex 7.61136 3.61453 2.5
    endloop
  endfacet
  facet normal 0 0 1
    outer loop
      vertex 7.58265 3.83264 2.5
      vertex 7.60052 3.56 2.5
      vertex 7.60052 3.78 2.5
    endloop
  endfacet
  facet normal 0 0 1
    outer loop
      vertex 7.58265 3.83264 2.5
      vertex 7.58265 3.50736 2.5
      vertex 7.60052 3.56 2.5
    endloop
  endfacet
  facet normal 0 0 1
    outer loop
      vertex 7.55806 3.8825 2.5
      vertex 7.58265 3.50736 2.5
      vertex 7.58265 3.83264 2.5
    endloop
  endfacet
  facet normal 0 0 1
    outer loop
      vertex 7.55806 3.8825 2.5
      vertex 7.55806 3.4575 2.5
      vertex 7.58265 3.50736 2.5
    endloop
  endfacet
  facet normal 0 0 1
    outer loop
      vertex 7.52717 3.92872 2.5
      vertex 7.55806 3.4575 2.5
      vertex 7.55806 3.8825 2.5
    endloop
  endfacet
  facet normal 0 0 1
    outer loop
      vertex 7.52717 3.92872 2.5
      vertex 7.52717 3.41128 2.5
      vertex 7.55806 3.4575 2.5
    endloop
  endfacet
  facet normal 0 0 1
    outer loop
      vertex 7.49052 3.97052 2.5
      vertex 7.52717 3.41128 2.5
      vertex 7.52717 3.92872 2.5
    endloop
  endfacet
  facet normal 0 0 1
    outer loop
      vertex 7.49052 3.97052 2.5
      vertex 7.49052 3.36948 2.5
      vertex 7.52717 3.41128 2.5
    endloop
  endfacet
  facet normal 0 0 1
    outer loop
      vertex 7.44872 4.00717 2.5
      vertex 7.49052 3.36948 2.5
      vertex 7.49052 3.97052 2.5
    endloop
  endfacet
  facet normal 0 0 1
    outer loop
      vertex 7.44872 4.00717 2.5
      vertex 7.44872 3.33282 2.5
      vertex 7.49052 3.36948 2.5
    endloop
  endfacet
  facet normal 0 0 1
    outer loop
      vertex 7.4025 4.03806 2.5
      vertex 7.44872 3.33282 2.5
      vertex 7.44872 4.00717 2.5
    endloop
  endfacet
  facet normal 0 0 1
    outer loop
      vertex 7.4025 4.03806 2.5
      vertex 7.4025 3.30194 2.5
      vertex 7.44872 3.33282 2.5
    endloop
  endfacet
  facet normal 0 0 1
    outer loop
      vertex 7.35264 4.06265 2.5
      vertex 7.4025 3.30194 2.5
      vertex 7.4025 4.03806 2.5
    endloop
  endfacet
  facet normal 0 0 1
    outer loop
      vertex 7.35264 4.06265 2.5
      vertex 7.35264 3.27735 2.5
      vertex 7.4025 3.30194 2.5
    endloop
  endfacet
  facet normal 0 0 1
    outer loop
      vertex 7.3 4.08052 2.5
      vertex 7.35264 3.27735 2.5
      vertex 7.35264 4.06265 2.5
    endloop
  endfacet
  facet normal 0 0 1
    outer loop
      vertex 7.3 4.08052 2.5
      vertex 7.3 3.25948 2.5
      vertex 7.35264 3.27735 2.5
    endloop
  endfacet
  facet normal 0 0 1
    outer loop
      vertex 7.24547 4.09136 2.5
      vertex 7.3 3.25948 2.5
      vertex 7.3 4.08052 2.5
    endloop
  endfacet
  facet normal 0 0 1
    outer loop
      vertex 7.24547 4.09136 2.5
      vertex 7.24547 3.24864 2.5
      vertex 7.3 3.25948 2.5
    endloop
  endfacet
  facet normal 0 0 1
    outer loop
      vertex 7.19 4.095 2.5
      vertex 7.24547 3.24864 2.5
      vertex 7.24547 4.09136 2.5
    endloop
  endfacet
  facet normal 0 0 1
    outer loop
      vertex 7.19 4.095 2.5
      vertex 7.19 3.245 2.5
      vertex 7.24547 3.24864 2.5
    endloop
  endfacet
  facet normal -0 0 1
    outer loop
      vertex 7.13453 4.09136 2.5
      vertex 7.19 3.245 2.5
      vertex 7.19 4.095 2.5
    endloop
  endfacet
  facet normal 0 0 1
    outer loop
      vertex 7.13453 4.09136 2.5
      vertex 7.13453 3.24864 2.5
      vertex 7.19 3.245 2.5
    endloop
  endfacet
  facet normal -0 0 1
    outer loop
      vertex 7.08 4.08052 2.5
      vertex 7.13453 3.24864 2.5
      vertex 7.13453 4.09136 2.5
    endloop
  endfacet
  facet normal 0 0 1
    outer loop
      vertex 7.08 4.08052 2.5
      vertex 7.08 3.25948 2.5
      vertex 7.13453 3.24864 2.5
    endloop
  endfacet
  facet normal -0 0 1
    outer loop
      vertex 7.02736 4.06265 2.5
      vertex 7.08 3.25948 2.5
      vertex 7.08 4.08052 2.5
    endloop
  endfacet
  facet normal 0 0 1
    outer loop
      vertex 7.02736 4.06265 2.5
      vertex 7.02736 3.27735 2.5
      vertex 7.08 3.25948 2.5
    endloop
  endfacet
  facet normal -0 0 1
    outer loop
      vertex 6.9775 4.03806 2.5
      vertex 7.02736 3.27735 2.5
      vertex 7.02736 4.06265 2.5
    endloop
  endfacet
  facet normal 0 0 1
    outer loop
      vertex 6.9775 4.03806 2.5
      vertex 6.9775 3.30194 2.5
      vertex 7.02736 3.27735 2.5
    endloop
  endfacet
  facet normal -0 0 1
    outer loop
      vertex 6.93128 4.00717 2.5
      vertex 6.9775 3.30194 2.5
      vertex 6.9775 4.03806 2.5
    endloop
  endfacet
  facet normal 0 0 1
    outer loop
      vertex 6.93128 4.00717 2.5
      vertex 6.93128 3.33282 2.5
      vertex 6.9775 3.30194 2.5
    endloop
  endfacet
  facet normal -0 0 1
    outer loop
      vertex 6.88948 3.97052 2.5
      vertex 6.93128 3.33282 2.5
      vertex 6.93128 4.00717 2.5
    endloop
  endfacet
  facet normal 0 0 1
    outer loop
      vertex 6.88948 3.97052 2.5
      vertex 6.88948 3.36948 2.5
      vertex 6.93128 3.33282 2.5
    endloop
  endfacet
  facet normal -0 0 1
    outer loop
      vertex 6.85282 3.92872 2.5
      vertex 6.88948 3.36948 2.5
      vertex 6.88948 3.97052 2.5
    endloop
  endfacet
  facet normal 0 0 1
    outer loop
      vertex 6.85282 3.92872 2.5
      vertex 6.85282 3.41128 2.5
      vertex 6.88948 3.36948 2.5
    endloop
  endfacet
  facet normal -0 0 1
    outer loop
      vertex 6.82194 3.8825 2.5
      vertex 6.85282 3.41128 2.5
      vertex 6.85282 3.92872 2.5
    endloop
  endfacet
  facet normal 0 0 1
    outer loop
      vertex 6.82194 3.8825 2.5
      vertex 6.82194 3.4575 2.5
      vertex 6.85282 3.41128 2.5
    endloop
  endfacet
  facet normal -0 0 1
    outer loop
      vertex 6.79735 3.83264 2.5
      vertex 6.82194 3.4575 2.5
      vertex 6.82194 3.8825 2.5
    endloop
  endfacet
  facet normal 0 0 1
    outer loop
      vertex 6.79735 3.83264 2.5
      vertex 6.79735 3.50736 2.5
      vertex 6.82194 3.4575 2.5
    endloop
  endfacet
  facet normal -0 0 1
    outer loop
      vertex 6.77948 3.78 2.5
      vertex 6.79735 3.50736 2.5
      vertex 6.79735 3.83264 2.5
    endloop
  endfacet
  facet normal 0 0 1
    outer loop
      vertex 6.77948 3.78 2.5
      vertex 6.77948 3.56 2.5
      vertex 6.79735 3.50736 2.5
    endloop
  endfacet
  facet normal -0 0 1
    outer loop
      vertex 6.76864 3.72547 2.5
      vertex 6.77948 3.56 2.5
      vertex 6.77948 3.78 2.5
    endloop
  endfacet
  facet normal 0 0 1
    outer loop
      vertex 6.76864 3.72547 2.5
      vertex 6.76864 3.61453 2.5
      vertex 6.77948 3.56 2.5
    endloop
  endfacet
  facet normal 0 -0 1
    outer loop
      vertex 6.76864 3.61453 2.5
      vertex 6.76864 3.72547 2.5
      vertex 6.765 3.67 2.5
    endloop
  endfacet
  facet normal 0 0 1
    outer loop
      vertex 53.3314 3.72547 2.5
      vertex 53.3314 3.61453 2.5
      vertex 53.335 3.67 2.5
    endloop
  endfacet
  facet normal 0 0 1
    outer loop
      vertex 53.3205 3.78 2.5
      vertex 53.3314 3.61453 2.5
      vertex 53.3314 3.72547 2.5
    endloop
  endfacet
  facet normal 0 0 1
    outer loop
      vertex 53.3205 3.78 2.5
      vertex 53.3205 3.56 2.5
      vertex 53.3314 3.61453 2.5
    endloop
  endfacet
  facet normal 0 0 1
    outer loop
      vertex 53.3027 3.83264 2.5
      vertex 53.3205 3.56 2.5
      vertex 53.3205 3.78 2.5
    endloop
  endfacet
  facet normal 0 0 1
    outer loop
      vertex 53.3027 3.83264 2.5
      vertex 53.3027 3.50736 2.5
      vertex 53.3205 3.56 2.5
    endloop
  endfacet
  facet normal 0 0 1
    outer loop
      vertex 53.2781 3.8825 2.5
      vertex 53.3027 3.50736 2.5
      vertex 53.3027 3.83264 2.5
    endloop
  endfacet
  facet normal 0 0 1
    outer loop
      vertex 53.2781 3.8825 2.5
      vertex 53.2781 3.4575 2.5
      vertex 53.3027 3.50736 2.5
    endloop
  endfacet
  facet normal 0 0 1
    outer loop
      vertex 53.2472 3.92872 2.5
      vertex 53.2781 3.4575 2.5
      vertex 53.2781 3.8825 2.5
    endloop
  endfacet
  facet normal 0 0 1
    outer loop
      vertex 53.2472 3.92872 2.5
      vertex 53.2472 3.41128 2.5
      vertex 53.2781 3.4575 2.5
    endloop
  endfacet
  facet normal 0 0 1
    outer loop
      vertex 53.2105 3.97052 2.5
      vertex 53.2472 3.41128 2.5
      vertex 53.2472 3.92872 2.5
    endloop
  endfacet
  facet normal 0 0 1
    outer loop
      vertex 53.2105 3.97052 2.5
      vertex 53.2105 3.36948 2.5
      vertex 53.2472 3.41128 2.5
    endloop
  endfacet
  facet normal 0 0 1
    outer loop
      vertex 53.1687 4.00717 2.5
      vertex 53.2105 3.36948 2.5
      vertex 53.2105 3.97052 2.5
    endloop
  endfacet
  facet normal 0 0 1
    outer loop
      vertex 53.1687 4.00717 2.5
      vertex 53.1687 3.33282 2.5
      vertex 53.2105 3.36948 2.5
    endloop
  endfacet
  facet normal 0 0 1
    outer loop
      vertex 53.1225 4.03806 2.5
      vertex 53.1687 3.33282 2.5
      vertex 53.1687 4.00717 2.5
    endloop
  endfacet
  facet normal 0 0 1
    outer loop
      vertex 53.1225 4.03806 2.5
      vertex 53.1225 3.30194 2.5
      vertex 53.1687 3.33282 2.5
    endloop
  endfacet
  facet normal 0 0 1
    outer loop
      vertex 53.0726 4.06265 2.5
      vertex 53.1225 3.30194 2.5
      vertex 53.1225 4.03806 2.5
    endloop
  endfacet
  facet normal 0 0 1
    outer loop
      vertex 53.0726 4.06265 2.5
      vertex 53.0726 3.27735 2.5
      vertex 53.1225 3.30194 2.5
    endloop
  endfacet
  facet normal 0 0 1
    outer loop
      vertex 53.02 4.08052 2.5
      vertex 53.0726 3.27735 2.5
      vertex 53.0726 4.06265 2.5
    endloop
  endfacet
  facet normal 0 0 1
    outer loop
      vertex 53.02 4.08052 2.5
      vertex 53.02 3.25948 2.5
      vertex 53.0726 3.27735 2.5
    endloop
  endfacet
  facet normal 0 0 1
    outer loop
      vertex 52.9655 4.09136 2.5
      vertex 53.02 3.25948 2.5
      vertex 53.02 4.08052 2.5
    endloop
  endfacet
  facet normal 0 0 1
    outer loop
      vertex 52.9655 4.09136 2.5
      vertex 52.9655 3.24864 2.5
      vertex 53.02 3.25948 2.5
    endloop
  endfacet
  facet normal 0 0 1
    outer loop
      vertex 52.91 4.095 2.5
      vertex 52.9655 3.24864 2.5
      vertex 52.9655 4.09136 2.5
    endloop
  endfacet
  facet normal 0 0 1
    outer loop
      vertex 52.91 4.095 2.5
      vertex 52.91 3.245 2.5
      vertex 52.9655 3.24864 2.5
    endloop
  endfacet
  facet normal -0 0 1
    outer loop
      vertex 52.8545 4.09136 2.5
      vertex 52.91 3.245 2.5
      vertex 52.91 4.095 2.5
    endloop
  endfacet
  facet normal 0 0 1
    outer loop
      vertex 52.8545 4.09136 2.5
      vertex 52.8545 3.24864 2.5
      vertex 52.91 3.245 2.5
    endloop
  endfacet
  facet normal -0 0 1
    outer loop
      vertex 52.8 4.08052 2.5
      vertex 52.8545 3.24864 2.5
      vertex 52.8545 4.09136 2.5
    endloop
  endfacet
  facet normal 0 0 1
    outer loop
      vertex 52.8 4.08052 2.5
      vertex 52.8 3.25948 2.5
      vertex 52.8545 3.24864 2.5
    endloop
  endfacet
  facet normal -0 0 1
    outer loop
      vertex 52.7474 4.06265 2.5
      vertex 52.8 3.25948 2.5
      vertex 52.8 4.08052 2.5
    endloop
  endfacet
  facet normal 0 0 1
    outer loop
      vertex 52.7474 4.06265 2.5
      vertex 52.7474 3.27735 2.5
      vertex 52.8 3.25948 2.5
    endloop
  endfacet
  facet normal -0 0 1
    outer loop
      vertex 52.6975 4.03806 2.5
      vertex 52.7474 3.27735 2.5
      vertex 52.7474 4.06265 2.5
    endloop
  endfacet
  facet normal 0 0 1
    outer loop
      vertex 52.6975 4.03806 2.5
      vertex 52.6975 3.30194 2.5
      vertex 52.7474 3.27735 2.5
    endloop
  endfacet
  facet normal -0 0 1
    outer loop
      vertex 52.6513 4.00717 2.5
      vertex 52.6975 3.30194 2.5
      vertex 52.6975 4.03806 2.5
    endloop
  endfacet
  facet normal 0 0 1
    outer loop
      vertex 52.6513 4.00717 2.5
      vertex 52.6513 3.33282 2.5
      vertex 52.6975 3.30194 2.5
    endloop
  endfacet
  facet normal -0 0 1
    outer loop
      vertex 52.6095 3.97052 2.5
      vertex 52.6513 3.33282 2.5
      vertex 52.6513 4.00717 2.5
    endloop
  endfacet
  facet normal 0 0 1
    outer loop
      vertex 52.6095 3.97052 2.5
      vertex 52.6095 3.36948 2.5
      vertex 52.6513 3.33282 2.5
    endloop
  endfacet
  facet normal -0 0 1
    outer loop
      vertex 52.5728 3.92872 2.5
      vertex 52.6095 3.36948 2.5
      vertex 52.6095 3.97052 2.5
    endloop
  endfacet
  facet normal 0 0 1
    outer loop
      vertex 52.5728 3.92872 2.5
      vertex 52.5728 3.41128 2.5
      vertex 52.6095 3.36948 2.5
    endloop
  endfacet
  facet normal -0 0 1
    outer loop
      vertex 52.5419 3.8825 2.5
      vertex 52.5728 3.41128 2.5
      vertex 52.5728 3.92872 2.5
    endloop
  endfacet
  facet normal 0 0 1
    outer loop
      vertex 52.5419 3.8825 2.5
      vertex 52.5419 3.4575 2.5
      vertex 52.5728 3.41128 2.5
    endloop
  endfacet
  facet normal -0 0 1
    outer loop
      vertex 52.5173 3.83264 2.5
      vertex 52.5419 3.4575 2.5
      vertex 52.5419 3.8825 2.5
    endloop
  endfacet
  facet normal 0 0 1
    outer loop
      vertex 52.5173 3.83264 2.5
      vertex 52.5173 3.50736 2.5
      vertex 52.5419 3.4575 2.5
    endloop
  endfacet
  facet normal -0 0 1
    outer loop
      vertex 52.4995 3.78 2.5
      vertex 52.5173 3.50736 2.5
      vertex 52.5173 3.83264 2.5
    endloop
  endfacet
  facet normal 0 0 1
    outer loop
      vertex 52.4995 3.78 2.5
      vertex 52.4995 3.56 2.5
      vertex 52.5173 3.50736 2.5
    endloop
  endfacet
  facet normal -0 0 1
    outer loop
      vertex 52.4886 3.72547 2.5
      vertex 52.4995 3.56 2.5
      vertex 52.4995 3.78 2.5
    endloop
  endfacet
  facet normal 0 0 1
    outer loop
      vertex 52.4886 3.72547 2.5
      vertex 52.4886 3.61453 2.5
      vertex 52.4995 3.56 2.5
    endloop
  endfacet
  facet normal 0 -0 1
    outer loop
      vertex 52.4886 3.61453 2.5
      vertex 52.4886 3.72547 2.5
      vertex 52.485 3.67 2.5
    endloop
  endfacet
  facet normal 0 0 1
    outer loop
      vertex 7.61136 29.1855 2.5
      vertex 7.61136 29.0745 2.5
      vertex 7.615 29.13 2.5
    endloop
  endfacet
  facet normal 0 0 1
    outer loop
      vertex 7.60052 29.24 2.5
      vertex 7.61136 29.0745 2.5
      vertex 7.61136 29.1855 2.5
    endloop
  endfacet
  facet normal 0 0 1
    outer loop
      vertex 7.60052 29.24 2.5
      vertex 7.60052 29.02 2.5
      vertex 7.61136 29.0745 2.5
    endloop
  endfacet
  facet normal 0 0 1
    outer loop
      vertex 7.58265 29.2926 2.5
      vertex 7.60052 29.02 2.5
      vertex 7.60052 29.24 2.5
    endloop
  endfacet
  facet normal 0 0 1
    outer loop
      vertex 7.58265 29.2926 2.5
      vertex 7.58265 28.9674 2.5
      vertex 7.60052 29.02 2.5
    endloop
  endfacet
  facet normal 0 0 1
    outer loop
      vertex 7.55806 29.3425 2.5
      vertex 7.58265 28.9674 2.5
      vertex 7.58265 29.2926 2.5
    endloop
  endfacet
  facet normal 0 0 1
    outer loop
      vertex 7.55806 29.3425 2.5
      vertex 7.55806 28.9175 2.5
      vertex 7.58265 28.9674 2.5
    endloop
  endfacet
  facet normal 0 0 1
    outer loop
      vertex 7.52717 29.3887 2.5
      vertex 7.55806 28.9175 2.5
      vertex 7.55806 29.3425 2.5
    endloop
  endfacet
  facet normal 0 0 1
    outer loop
      vertex 7.52717 29.3887 2.5
      vertex 7.52717 28.8713 2.5
      vertex 7.55806 28.9175 2.5
    endloop
  endfacet
  facet normal 0 0 1
    outer loop
      vertex 7.49052 29.4305 2.5
      vertex 7.52717 28.8713 2.5
      vertex 7.52717 29.3887 2.5
    endloop
  endfacet
  facet normal 0 0 1
    outer loop
      vertex 7.49052 29.4305 2.5
      vertex 7.49052 28.8295 2.5
      vertex 7.52717 28.8713 2.5
    endloop
  endfacet
  facet normal 0 0 1
    outer loop
      vertex 7.44872 29.4672 2.5
      vertex 7.49052 28.8295 2.5
      vertex 7.49052 29.4305 2.5
    endloop
  endfacet
  facet normal 0 0 1
    outer loop
      vertex 7.44872 29.4672 2.5
      vertex 7.44872 28.7928 2.5
      vertex 7.49052 28.8295 2.5
    endloop
  endfacet
  facet normal 0 0 1
    outer loop
      vertex 7.4025 29.4981 2.5
      vertex 7.44872 28.7928 2.5
      vertex 7.44872 29.4672 2.5
    endloop
  endfacet
  facet normal 0 0 1
    outer loop
      vertex 7.4025 29.4981 2.5
      vertex 7.4025 28.7619 2.5
      vertex 7.44872 28.7928 2.5
    endloop
  endfacet
  facet normal 0 0 1
    outer loop
      vertex 7.35264 29.5226 2.5
      vertex 7.4025 28.7619 2.5
      vertex 7.4025 29.4981 2.5
    endloop
  endfacet
  facet normal 0 0 1
    outer loop
      vertex 7.35264 29.5226 2.5
      vertex 7.35264 28.7374 2.5
      vertex 7.4025 28.7619 2.5
    endloop
  endfacet
  facet normal 0 0 1
    outer loop
      vertex 7.3 29.5405 2.5
      vertex 7.35264 28.7374 2.5
      vertex 7.35264 29.5226 2.5
    endloop
  endfacet
  facet normal 0 0 1
    outer loop
      vertex 7.3 29.5405 2.5
      vertex 7.3 28.7195 2.5
      vertex 7.35264 28.7374 2.5
    endloop
  endfacet
  facet normal 0 0 1
    outer loop
      vertex 7.24547 29.5514 2.5
      vertex 7.3 28.7195 2.5
      vertex 7.3 29.5405 2.5
    endloop
  endfacet
  facet normal 0 0 1
    outer loop
      vertex 7.24547 29.5514 2.5
      vertex 7.24547 28.7086 2.5
      vertex 7.3 28.7195 2.5
    endloop
  endfacet
  facet normal 0 0 1
    outer loop
      vertex 7.19 29.555 2.5
      vertex 7.24547 28.7086 2.5
      vertex 7.24547 29.5514 2.5
    endloop
  endfacet
  facet normal 0 0 1
    outer loop
      vertex 7.19 29.555 2.5
      vertex 7.19 28.705 2.5
      vertex 7.24547 28.7086 2.5
    endloop
  endfacet
  facet normal -0 0 1
    outer loop
      vertex 7.13453 29.5514 2.5
      vertex 7.19 28.705 2.5
      vertex 7.19 29.555 2.5
    endloop
  endfacet
  facet normal 0 0 1
    outer loop
      vertex 7.13453 29.5514 2.5
      vertex 7.13453 28.7086 2.5
      vertex 7.19 28.705 2.5
    endloop
  endfacet
  facet normal -0 0 1
    outer loop
      vertex 7.08 29.5405 2.5
      vertex 7.13453 28.7086 2.5
      vertex 7.13453 29.5514 2.5
    endloop
  endfacet
  facet normal 0 0 1
    outer loop
      vertex 7.08 29.5405 2.5
      vertex 7.08 28.7195 2.5
      vertex 7.13453 28.7086 2.5
    endloop
  endfacet
  facet normal -0 0 1
    outer loop
      vertex 7.02736 29.5226 2.5
      vertex 7.08 28.7195 2.5
      vertex 7.08 29.5405 2.5
    endloop
  endfacet
  facet normal 0 0 1
    outer loop
      vertex 7.02736 29.5226 2.5
      vertex 7.02736 28.7374 2.5
      vertex 7.08 28.7195 2.5
    endloop
  endfacet
  facet normal -0 0 1
    outer loop
      vertex 6.9775 29.4981 2.5
      vertex 7.02736 28.7374 2.5
      vertex 7.02736 29.5226 2.5
    endloop
  endfacet
  facet normal 0 0 1
    outer loop
      vertex 6.9775 29.4981 2.5
      vertex 6.9775 28.7619 2.5
      vertex 7.02736 28.7374 2.5
    endloop
  endfacet
  facet normal -0 0 1
    outer loop
      vertex 6.93128 29.4672 2.5
      vertex 6.9775 28.7619 2.5
      vertex 6.9775 29.4981 2.5
    endloop
  endfacet
  facet normal 0 0 1
    outer loop
      vertex 6.93128 29.4672 2.5
      vertex 6.93128 28.7928 2.5
      vertex 6.9775 28.7619 2.5
    endloop
  endfacet
  facet normal -0 0 1
    outer loop
      vertex 6.88948 29.4305 2.5
      vertex 6.93128 28.7928 2.5
      vertex 6.93128 29.4672 2.5
    endloop
  endfacet
  facet normal 0 0 1
    outer loop
      vertex 6.88948 29.4305 2.5
      vertex 6.88948 28.8295 2.5
      vertex 6.93128 28.7928 2.5
    endloop
  endfacet
  facet normal -0 0 1
    outer loop
      vertex 6.85282 29.3887 2.5
      vertex 6.88948 28.8295 2.5
      vertex 6.88948 29.4305 2.5
    endloop
  endfacet
  facet normal 0 0 1
    outer loop
      vertex 6.85282 29.3887 2.5
      vertex 6.85282 28.8713 2.5
      vertex 6.88948 28.8295 2.5
    endloop
  endfacet
  facet normal -0 0 1
    outer loop
      vertex 6.82194 29.3425 2.5
      vertex 6.85282 28.8713 2.5
      vertex 6.85282 29.3887 2.5
    endloop
  endfacet
  facet normal 0 0 1
    outer loop
      vertex 6.82194 29.3425 2.5
      vertex 6.82194 28.9175 2.5
      vertex 6.85282 28.8713 2.5
    endloop
  endfacet
  facet normal -0 0 1
    outer loop
      vertex 6.79735 29.2926 2.5
      vertex 6.82194 28.9175 2.5
      vertex 6.82194 29.3425 2.5
    endloop
  endfacet
  facet normal 0 0 1
    outer loop
      vertex 6.79735 29.2926 2.5
      vertex 6.79735 28.9674 2.5
      vertex 6.82194 28.9175 2.5
    endloop
  endfacet
  facet normal -0 0 1
    outer loop
      vertex 6.77948 29.24 2.5
      vertex 6.79735 28.9674 2.5
      vertex 6.79735 29.2926 2.5
    endloop
  endfacet
  facet normal 0 0 1
    outer loop
      vertex 6.77948 29.24 2.5
      vertex 6.77948 29.02 2.5
      vertex 6.79735 28.9674 2.5
    endloop
  endfacet
  facet normal -0 0 1
    outer loop
      vertex 6.76864 29.1855 2.5
      vertex 6.77948 29.02 2.5
      vertex 6.77948 29.24 2.5
    endloop
  endfacet
  facet normal 0 0 1
    outer loop
      vertex 6.76864 29.1855 2.5
      vertex 6.76864 29.0745 2.5
      vertex 6.77948 29.02 2.5
    endloop
  endfacet
  facet normal 0 -0 1
    outer loop
      vertex 6.76864 29.0745 2.5
      vertex 6.76864 29.1855 2.5
      vertex 6.765 29.13 2.5
    endloop
  endfacet
  facet normal 0 0 1
    outer loop
      vertex 53.3314 29.1855 2.5
      vertex 53.3314 29.0745 2.5
      vertex 53.335 29.13 2.5
    endloop
  endfacet
  facet normal 0 0 1
    outer loop
      vertex 53.3205 29.24 2.5
      vertex 53.3314 29.0745 2.5
      vertex 53.3314 29.1855 2.5
    endloop
  endfacet
  facet normal 0 0 1
    outer loop
      vertex 53.3205 29.24 2.5
      vertex 53.3205 29.02 2.5
      vertex 53.3314 29.0745 2.5
    endloop
  endfacet
  facet normal 0 0 1
    outer loop
      vertex 53.3027 29.2926 2.5
      vertex 53.3205 29.02 2.5
      vertex 53.3205 29.24 2.5
    endloop
  endfacet
  facet normal 0 0 1
    outer loop
      vertex 53.3027 29.2926 2.5
      vertex 53.3027 28.9674 2.5
      vertex 53.3205 29.02 2.5
    endloop
  endfacet
  facet normal 0 0 1
    outer loop
      vertex 53.2781 29.3425 2.5
      vertex 53.3027 28.9674 2.5
      vertex 53.3027 29.2926 2.5
    endloop
  endfacet
  facet normal 0 0 1
    outer loop
      vertex 53.2781 29.3425 2.5
      vertex 53.2781 28.9175 2.5
      vertex 53.3027 28.9674 2.5
    endloop
  endfacet
  facet normal 0 0 1
    outer loop
      vertex 53.2472 29.3887 2.5
      vertex 53.2781 28.9175 2.5
      vertex 53.2781 29.3425 2.5
    endloop
  endfacet
  facet normal 0 0 1
    outer loop
      vertex 53.2472 29.3887 2.5
      vertex 53.2472 28.8713 2.5
      vertex 53.2781 28.9175 2.5
    endloop
  endfacet
  facet normal 0 0 1
    outer loop
      vertex 53.2105 29.4305 2.5
      vertex 53.2472 28.8713 2.5
      vertex 53.2472 29.3887 2.5
    endloop
  endfacet
  facet normal 0 0 1
    outer loop
      vertex 53.2105 29.4305 2.5
      vertex 53.2105 28.8295 2.5
      vertex 53.2472 28.8713 2.5
    endloop
  endfacet
  facet normal 0 0 1
    outer loop
      vertex 53.1687 29.4672 2.5
      vertex 53.2105 28.8295 2.5
      vertex 53.2105 29.4305 2.5
    endloop
  endfacet
  facet normal 0 0 1
    outer loop
      vertex 53.1687 29.4672 2.5
      vertex 53.1687 28.7928 2.5
      vertex 53.2105 28.8295 2.5
    endloop
  endfacet
  facet normal 0 0 1
    outer loop
      vertex 53.1225 29.4981 2.5
      vertex 53.1687 28.7928 2.5
      vertex 53.1687 29.4672 2.5
    endloop
  endfacet
  facet normal 0 0 1
    outer loop
      vertex 53.1225 29.4981 2.5
      vertex 53.1225 28.7619 2.5
      vertex 53.1687 28.7928 2.5
    endloop
  endfacet
  facet normal 0 0 1
    outer loop
      vertex 53.0726 29.5226 2.5
      vertex 53.1225 28.7619 2.5
      vertex 53.1225 29.4981 2.5
    endloop
  endfacet
  facet normal 0 0 1
    outer loop
      vertex 53.0726 29.5226 2.5
      vertex 53.0726 28.7374 2.5
      vertex 53.1225 28.7619 2.5
    endloop
  endfacet
  facet normal 0 0 1
    outer loop
      vertex 53.02 29.5405 2.5
      vertex 53.0726 28.7374 2.5
      vertex 53.0726 29.5226 2.5
    endloop
  endfacet
  facet normal 0 0 1
    outer loop
      vertex 53.02 29.5405 2.5
      vertex 53.02 28.7195 2.5
      vertex 53.0726 28.7374 2.5
    endloop
  endfacet
  facet normal 0 0 1
    outer loop
      vertex 52.9655 29.5514 2.5
      vertex 53.02 28.7195 2.5
      vertex 53.02 29.5405 2.5
    endloop
  endfacet
  facet normal 0 0 1
    outer loop
      vertex 52.9655 29.5514 2.5
      vertex 52.9655 28.7086 2.5
      vertex 53.02 28.7195 2.5
    endloop
  endfacet
  facet normal 0 0 1
    outer loop
      vertex 52.91 29.555 2.5
      vertex 52.9655 28.7086 2.5
      vertex 52.9655 29.5514 2.5
    endloop
  endfacet
  facet normal 0 0 1
    outer loop
      vertex 52.91 29.555 2.5
      vertex 52.91 28.705 2.5
      vertex 52.9655 28.7086 2.5
    endloop
  endfacet
  facet normal -0 0 1
    outer loop
      vertex 52.8545 29.5514 2.5
      vertex 52.91 28.705 2.5
      vertex 52.91 29.555 2.5
    endloop
  endfacet
  facet normal 0 0 1
    outer loop
      vertex 52.8545 29.5514 2.5
      vertex 52.8545 28.7086 2.5
      vertex 52.91 28.705 2.5
    endloop
  endfacet
  facet normal -0 0 1
    outer loop
      vertex 52.8 29.5405 2.5
      vertex 52.8545 28.7086 2.5
      vertex 52.8545 29.5514 2.5
    endloop
  endfacet
  facet normal 0 0 1
    outer loop
      vertex 52.8 29.5405 2.5
      vertex 52.8 28.7195 2.5
      vertex 52.8545 28.7086 2.5
    endloop
  endfacet
  facet normal -0 0 1
    outer loop
      vertex 52.7474 29.5226 2.5
      vertex 52.8 28.7195 2.5
      vertex 52.8 29.5405 2.5
    endloop
  endfacet
  facet normal 0 0 1
    outer loop
      vertex 52.7474 29.5226 2.5
      vertex 52.7474 28.7374 2.5
      vertex 52.8 28.7195 2.5
    endloop
  endfacet
  facet normal -0 0 1
    outer loop
      vertex 52.6975 29.4981 2.5
      vertex 52.7474 28.7374 2.5
      vertex 52.7474 29.5226 2.5
    endloop
  endfacet
  facet normal 0 0 1
    outer loop
      vertex 52.6975 29.4981 2.5
      vertex 52.6975 28.7619 2.5
      vertex 52.7474 28.7374 2.5
    endloop
  endfacet
  facet normal -0 0 1
    outer loop
      vertex 52.6513 29.4672 2.5
      vertex 52.6975 28.7619 2.5
      vertex 52.6975 29.4981 2.5
    endloop
  endfacet
  facet normal 0 0 1
    outer loop
      vertex 52.6513 29.4672 2.5
      vertex 52.6513 28.7928 2.5
      vertex 52.6975 28.7619 2.5
    endloop
  endfacet
  facet normal -0 0 1
    outer loop
      vertex 52.6095 29.4305 2.5
      vertex 52.6513 28.7928 2.5
      vertex 52.6513 29.4672 2.5
    endloop
  endfacet
  facet normal 0 0 1
    outer loop
      vertex 52.6095 29.4305 2.5
      vertex 52.6095 28.8295 2.5
      vertex 52.6513 28.7928 2.5
    endloop
  endfacet
  facet normal -0 0 1
    outer loop
      vertex 52.5728 29.3887 2.5
      vertex 52.6095 28.8295 2.5
      vertex 52.6095 29.4305 2.5
    endloop
  endfacet
  facet normal 0 0 1
    outer loop
      vertex 52.5728 29.3887 2.5
      vertex 52.5728 28.8713 2.5
      vertex 52.6095 28.8295 2.5
    endloop
  endfacet
  facet normal -0 0 1
    outer loop
      vertex 52.5419 29.3425 2.5
      vertex 52.5728 28.8713 2.5
      vertex 52.5728 29.3887 2.5
    endloop
  endfacet
  facet normal 0 0 1
    outer loop
      vertex 52.5419 29.3425 2.5
      vertex 52.5419 28.9175 2.5
      vertex 52.5728 28.8713 2.5
    endloop
  endfacet
  facet normal -0 0 1
    outer loop
      vertex 52.5173 29.2926 2.5
      vertex 52.5419 28.9175 2.5
      vertex 52.5419 29.3425 2.5
    endloop
  endfacet
  facet normal 0 0 1
    outer loop
      vertex 52.5173 29.2926 2.5
      vertex 52.5173 28.9674 2.5
      vertex 52.5419 28.9175 2.5
    endloop
  endfacet
  facet normal -0 0 1
    outer loop
      vertex 52.4995 29.24 2.5
      vertex 52.5173 28.9674 2.5
      vertex 52.5173 29.2926 2.5
    endloop
  endfacet
  facet normal 0 0 1
    outer loop
      vertex 52.4995 29.24 2.5
      vertex 52.4995 29.02 2.5
      vertex 52.5173 28.9674 2.5
    endloop
  endfacet
  facet normal -0 0 1
    outer loop
      vertex 52.4886 29.1855 2.5
      vertex 52.4995 29.02 2.5
      vertex 52.4995 29.24 2.5
    endloop
  endfacet
  facet normal 0 0 1
    outer loop
      vertex 52.4886 29.1855 2.5
      vertex 52.4886 29.0745 2.5
      vertex 52.4995 29.02 2.5
    endloop
  endfacet
  facet normal 0 -0 1
    outer loop
      vertex 52.4886 29.0745 2.5
      vertex 52.4886 29.1855 2.5
      vertex 52.485 29.13 2.5
    endloop
  endfacet
  facet normal 0.32148 0.946916 -0
    outer loop
      vertex 38.3684 45.4173 2.5
      vertex 38.0712 45.5182 9
      vertex 38.3684 45.4173 9
    endloop
  endfacet
  facet normal 0.32148 0.946916 0
    outer loop
      vertex 38.0712 45.5182 9
      vertex 38.3684 45.4173 2.5
      vertex 38.0712 45.5182 2.5
    endloop
  endfacet
  facet normal -0.555802 0.831315 0
    outer loop
      vertex 36.25 45.2785 2.5
      vertex 35.989 45.104 9
      vertex 36.25 45.2785 9
    endloop
  endfacet
  facet normal -0.555802 0.831315 0
    outer loop
      vertex 35.989 45.104 9
      vertex 36.25 45.2785 2.5
      vertex 35.989 45.104 2.5
    endloop
  endfacet
  facet normal 0.0653198 -0.997864 0
    outer loop
      vertex 37.3064 44.2906 2.5
      vertex 37.45 44.3 9
      vertex 37.3064 44.2906 9
    endloop
  endfacet
  facet normal 0.0653198 -0.997864 0
    outer loop
      vertex 37.45 44.3 9
      vertex 37.3064 44.2906 2.5
      vertex 37.45 44.3 2.5
    endloop
  endfacet
  facet normal -0.947073 0.321018 0
    outer loop
      vertex 38.4663 42.779 2.5
      vertex 38.5125 42.9153 9
      vertex 38.5125 42.9153 2.5
    endloop
  endfacet
  facet normal -0.947073 0.321018 0
    outer loop
      vertex 38.5125 42.9153 9
      vertex 38.4663 42.779 2.5
      vertex 38.4663 42.779 9
    endloop
  endfacet
  facet normal 0.980741 0.195314 0
    outer loop
      vertex 36.3875 42.9153 9
      vertex 36.3594 43.0564 2.5
      vertex 36.3594 43.0564 9
    endloop
  endfacet
  facet normal 0.980741 0.195314 0
    outer loop
      vertex 36.3594 43.0564 2.5
      vertex 36.3875 42.9153 9
      vertex 36.3875 42.9153 2.5
    endloop
  endfacet
  facet normal 0.997864 0.0653198 0
    outer loop
      vertex 36.3594 43.0564 9
      vertex 36.35 43.2 2.5
      vertex 36.35 43.2 9
    endloop
  endfacet
  facet normal 0.997864 0.0653198 0
    outer loop
      vertex 36.35 43.2 2.5
      vertex 36.3594 43.0564 9
      vertex 36.3594 43.0564 2.5
    endloop
  endfacet
  facet normal -0.195314 0.980741 0
    outer loop
      vertex 37.7347 42.1375 2.5
      vertex 37.5936 42.1094 9
      vertex 37.7347 42.1375 9
    endloop
  endfacet
  facet normal -0.195314 0.980741 0
    outer loop
      vertex 37.5936 42.1094 9
      vertex 37.7347 42.1375 2.5
      vertex 37.5936 42.1094 2.5
    endloop
  endfacet
  facet normal 0.44276 -0.89664 0
    outer loop
      vertex 36.9 44.1526 2.5
      vertex 37.029 44.2163 9
      vertex 36.9 44.1526 9
    endloop
  endfacet
  facet normal 0.44276 -0.89664 0
    outer loop
      vertex 37.029 44.2163 9
      vertex 36.9 44.1526 2.5
      vertex 37.029 44.2163 2.5
    endloop
  endfacet
  facet normal 0.555502 -0.831515 0
    outer loop
      vertex 36.7804 44.0727 2.5
      vertex 36.9 44.1526 9
      vertex 36.7804 44.0727 9
    endloop
  endfacet
  facet normal 0.555502 -0.831515 0
    outer loop
      vertex 36.9 44.1526 9
      vertex 36.7804 44.0727 2.5
      vertex 36.9 44.1526 2.5
    endloop
  endfacet
  facet normal -0.65939 -0.751801 0
    outer loop
      vertex 38.1196 44.0727 2.5
      vertex 38.2278 43.9778 9
      vertex 38.1196 44.0727 9
    endloop
  endfacet
  facet normal -0.65939 -0.751801 -0
    outer loop
      vertex 38.2278 43.9778 9
      vertex 38.1196 44.0727 2.5
      vertex 38.2278 43.9778 2.5
    endloop
  endfacet
  facet normal 0.44276 0.89664 -0
    outer loop
      vertex 37.029 42.1837 2.5
      vertex 36.9 42.2474 9
      vertex 37.029 42.1837 9
    endloop
  endfacet
  facet normal 0.44276 0.89664 0
    outer loop
      vertex 36.9 42.2474 9
      vertex 37.029 42.1837 2.5
      vertex 36.9 42.2474 2.5
    endloop
  endfacet
  facet normal -0.555502 0.831515 0
    outer loop
      vertex 38.1196 42.3273 2.5
      vertex 38 42.2474 9
      vertex 38.1196 42.3273 9
    endloop
  endfacet
  facet normal -0.555502 0.831515 0
    outer loop
      vertex 38 42.2474 9
      vertex 38.1196 42.3273 2.5
      vertex 38 42.2474 2.5
    endloop
  endfacet
  facet normal 0.947073 -0.321018 0
    outer loop
      vertex 36.3875 43.4847 9
      vertex 36.4337 43.621 2.5
      vertex 36.4337 43.621 9
    endloop
  endfacet
  facet normal 0.947073 -0.321018 0
    outer loop
      vertex 36.4337 43.621 2.5
      vertex 36.3875 43.4847 9
      vertex 36.3875 43.4847 2.5
    endloop
  endfacet
  facet normal -0.947073 -0.321018 0
    outer loop
      vertex 38.5125 43.4847 2.5
      vertex 38.4663 43.621 9
      vertex 38.4663 43.621 2.5
    endloop
  endfacet
  facet normal -0.947073 -0.321018 0
    outer loop
      vertex 38.4663 43.621 9
      vertex 38.5125 43.4847 2.5
      vertex 38.5125 43.4847 9
    endloop
  endfacet
  facet normal 0.89664 0.44276 0
    outer loop
      vertex 36.4974 42.65 9
      vertex 36.4337 42.779 2.5
      vertex 36.4337 42.779 9
    endloop
  endfacet
  facet normal 0.89664 0.44276 0
    outer loop
      vertex 36.4337 42.779 2.5
      vertex 36.4974 42.65 9
      vertex 36.4974 42.65 2.5
    endloop
  endfacet
  facet normal -0.195314 -0.980741 0
    outer loop
      vertex 37.5936 44.2906 2.5
      vertex 37.7347 44.2625 9
      vertex 37.5936 44.2906 9
    endloop
  endfacet
  facet normal -0.195314 -0.980741 -0
    outer loop
      vertex 37.7347 44.2625 9
      vertex 37.5936 44.2906 2.5
      vertex 37.7347 44.2625 2.5
    endloop
  endfacet
  facet normal 0.321018 -0.947073 0
    outer loop
      vertex 37.029 44.2163 2.5
      vertex 37.1653 44.2625 9
      vertex 37.029 44.2163 9
    endloop
  endfacet
  facet normal 0.321018 -0.947073 0
    outer loop
      vertex 37.1653 44.2625 9
      vertex 37.029 44.2163 2.5
      vertex 37.1653 44.2625 2.5
    endloop
  endfacet
  facet normal 0.831515 0.555502 0
    outer loop
      vertex 36.5773 42.5304 9
      vertex 36.4974 42.65 2.5
      vertex 36.4974 42.65 9
    endloop
  endfacet
  facet normal 0.831515 0.555502 0
    outer loop
      vertex 36.4974 42.65 2.5
      vertex 36.5773 42.5304 9
      vertex 36.5773 42.5304 2.5
    endloop
  endfacet
  facet normal 0.195314 -0.980741 0
    outer loop
      vertex 37.1653 44.2625 2.5
      vertex 37.3064 44.2906 9
      vertex 37.1653 44.2625 9
    endloop
  endfacet
  facet normal 0.195314 -0.980741 0
    outer loop
      vertex 37.3064 44.2906 9
      vertex 37.1653 44.2625 2.5
      vertex 37.3064 44.2906 2.5
    endloop
  endfacet
  facet normal -0.555502 -0.831515 0
    outer loop
      vertex 38 44.1526 2.5
      vertex 38.1196 44.0727 9
      vertex 38 44.1526 9
    endloop
  endfacet
  facet normal -0.555502 -0.831515 -0
    outer loop
      vertex 38.1196 44.0727 9
      vertex 38 44.1526 2.5
      vertex 38.1196 44.0727 2.5
    endloop
  endfacet
  facet normal -0.980741 0.195314 0
    outer loop
      vertex 38.5125 42.9153 2.5
      vertex 38.5406 43.0564 9
      vertex 38.5406 43.0564 2.5
    endloop
  endfacet
  facet normal -0.980741 0.195314 0
    outer loop
      vertex 38.5406 43.0564 9
      vertex 38.5125 42.9153 2.5
      vertex 38.5125 42.9153 9
    endloop
  endfacet
  facet normal 0.321018 0.947073 -0
    outer loop
      vertex 37.1653 42.1375 2.5
      vertex 37.029 42.1837 9
      vertex 37.1653 42.1375 9
    endloop
  endfacet
  facet normal 0.321018 0.947073 0
    outer loop
      vertex 37.029 42.1837 9
      vertex 37.1653 42.1375 2.5
      vertex 37.029 42.1837 2.5
    endloop
  endfacet
  facet normal 0.751801 0.65939 0
    outer loop
      vertex 36.6722 42.4222 9
      vertex 36.5773 42.5304 2.5
      vertex 36.5773 42.5304 9
    endloop
  endfacet
  facet normal 0.751801 0.65939 0
    outer loop
      vertex 36.5773 42.5304 2.5
      vertex 36.6722 42.4222 9
      vertex 36.6722 42.4222 2.5
    endloop
  endfacet
  facet normal 0.751801 -0.65939 0
    outer loop
      vertex 36.5773 43.8696 9
      vertex 36.6722 43.9778 2.5
      vertex 36.6722 43.9778 9
    endloop
  endfacet
  facet normal 0.751801 -0.65939 0
    outer loop
      vertex 36.6722 43.9778 2.5
      vertex 36.5773 43.8696 9
      vertex 36.5773 43.8696 2.5
    endloop
  endfacet
  facet normal 0.555502 0.831515 -0
    outer loop
      vertex 36.9 42.2474 2.5
      vertex 36.7804 42.3273 9
      vertex 36.9 42.2474 9
    endloop
  endfacet
  facet normal 0.555502 0.831515 0
    outer loop
      vertex 36.7804 42.3273 9
      vertex 36.9 42.2474 2.5
      vertex 36.7804 42.3273 2.5
    endloop
  endfacet
  facet normal -0.44276 0.89664 0
    outer loop
      vertex 38 42.2474 2.5
      vertex 37.871 42.1837 9
      vertex 38 42.2474 9
    endloop
  endfacet
  facet normal -0.44276 0.89664 0
    outer loop
      vertex 37.871 42.1837 9
      vertex 38 42.2474 2.5
      vertex 37.871 42.1837 2.5
    endloop
  endfacet
  facet normal -0.751801 0.65939 0
    outer loop
      vertex 38.2278 42.4222 2.5
      vertex 38.3227 42.5304 9
      vertex 38.3227 42.5304 2.5
    endloop
  endfacet
  facet normal -0.751801 0.65939 0
    outer loop
      vertex 38.3227 42.5304 9
      vertex 38.2278 42.4222 2.5
      vertex 38.2278 42.4222 9
    endloop
  endfacet
  facet normal 0.997864 -0.0653198 0
    outer loop
      vertex 36.35 43.2 9
      vertex 36.3594 43.3436 2.5
      vertex 36.3594 43.3436 9
    endloop
  endfacet
  facet normal 0.997864 -0.0653198 0
    outer loop
      vertex 36.3594 43.3436 2.5
      vertex 36.35 43.2 9
      vertex 36.35 43.2 2.5
    endloop
  endfacet
  facet normal 0.980741 -0.195314 0
    outer loop
      vertex 36.3594 43.3436 9
      vertex 36.3875 43.4847 2.5
      vertex 36.3875 43.4847 9
    endloop
  endfacet
  facet normal 0.980741 -0.195314 0
    outer loop
      vertex 36.3875 43.4847 2.5
      vertex 36.3594 43.3436 9
      vertex 36.3594 43.3436 2.5
    endloop
  endfacet
  facet normal 0.65939 0.751801 -0
    outer loop
      vertex 36.7804 42.3273 2.5
      vertex 36.6722 42.4222 9
      vertex 36.7804 42.3273 9
    endloop
  endfacet
  facet normal 0.65939 0.751801 0
    outer loop
      vertex 36.6722 42.4222 9
      vertex 36.7804 42.3273 2.5
      vertex 36.6722 42.4222 2.5
    endloop
  endfacet
  facet normal -0.0653198 0.997864 0
    outer loop
      vertex 37.5936 42.1094 2.5
      vertex 37.45 42.1 9
      vertex 37.5936 42.1094 9
    endloop
  endfacet
  facet normal -0.0653198 0.997864 0
    outer loop
      vertex 37.45 42.1 9
      vertex 37.5936 42.1094 2.5
      vertex 37.45 42.1 2.5
    endloop
  endfacet
  facet normal 0.831515 -0.555502 0
    outer loop
      vertex 36.4974 43.75 9
      vertex 36.5773 43.8696 2.5
      vertex 36.5773 43.8696 9
    endloop
  endfacet
  facet normal 0.831515 -0.555502 0
    outer loop
      vertex 36.5773 43.8696 2.5
      vertex 36.4974 43.75 9
      vertex 36.4974 43.75 2.5
    endloop
  endfacet
  facet normal 0.89664 -0.44276 0
    outer loop
      vertex 36.4337 43.621 9
      vertex 36.4974 43.75 2.5
      vertex 36.4974 43.75 9
    endloop
  endfacet
  facet normal 0.89664 -0.44276 0
    outer loop
      vertex 36.4974 43.75 2.5
      vertex 36.4337 43.621 9
      vertex 36.4337 43.621 2.5
    endloop
  endfacet
  facet normal 0.947073 0.321018 0
    outer loop
      vertex 36.4337 42.779 9
      vertex 36.3875 42.9153 2.5
      vertex 36.3875 42.9153 9
    endloop
  endfacet
  facet normal 0.947073 0.321018 0
    outer loop
      vertex 36.3875 42.9153 2.5
      vertex 36.4337 42.779 9
      vertex 36.4337 42.779 2.5
    endloop
  endfacet
  facet normal -0.831515 -0.555502 0
    outer loop
      vertex 38.4026 43.75 2.5
      vertex 38.3227 43.8696 9
      vertex 38.3227 43.8696 2.5
    endloop
  endfacet
  facet normal -0.831515 -0.555502 0
    outer loop
      vertex 38.3227 43.8696 9
      vertex 38.4026 43.75 2.5
      vertex 38.4026 43.75 9
    endloop
  endfacet
  facet normal 0.195314 0.980741 -0
    outer loop
      vertex 37.3064 42.1094 2.5
      vertex 37.1653 42.1375 9
      vertex 37.3064 42.1094 9
    endloop
  endfacet
  facet normal 0.195314 0.980741 0
    outer loop
      vertex 37.1653 42.1375 9
      vertex 37.3064 42.1094 2.5
      vertex 37.1653 42.1375 2.5
    endloop
  endfacet
  facet normal -0.980741 -0.195314 0
    outer loop
      vertex 38.5406 43.3436 2.5
      vertex 38.5125 43.4847 9
      vertex 38.5125 43.4847 2.5
    endloop
  endfacet
  facet normal -0.980741 -0.195314 0
    outer loop
      vertex 38.5125 43.4847 9
      vertex 38.5406 43.3436 2.5
      vertex 38.5406 43.3436 9
    endloop
  endfacet
  facet normal -0.65939 0.751801 0
    outer loop
      vertex 38.2278 42.4222 2.5
      vertex 38.1196 42.3273 9
      vertex 38.2278 42.4222 9
    endloop
  endfacet
  facet normal -0.65939 0.751801 0
    outer loop
      vertex 38.1196 42.3273 9
      vertex 38.2278 42.4222 2.5
      vertex 38.1196 42.3273 2.5
    endloop
  endfacet
  facet normal -0.321018 0.947073 0
    outer loop
      vertex 37.871 42.1837 2.5
      vertex 37.7347 42.1375 9
      vertex 37.871 42.1837 9
    endloop
  endfacet
  facet normal -0.321018 0.947073 0
    outer loop
      vertex 37.7347 42.1375 9
      vertex 37.871 42.1837 2.5
      vertex 37.7347 42.1375 2.5
    endloop
  endfacet
  facet normal -0.321018 -0.947073 0
    outer loop
      vertex 37.7347 44.2625 2.5
      vertex 37.871 44.2163 9
      vertex 37.7347 44.2625 9
    endloop
  endfacet
  facet normal -0.321018 -0.947073 -0
    outer loop
      vertex 37.871 44.2163 9
      vertex 37.7347 44.2625 2.5
      vertex 37.871 44.2163 2.5
    endloop
  endfacet
  facet normal 0.0653198 0.997864 -0
    outer loop
      vertex 37.45 42.1 2.5
      vertex 37.3064 42.1094 9
      vertex 37.45 42.1 9
    endloop
  endfacet
  facet normal 0.0653198 0.997864 0
    outer loop
      vertex 37.3064 42.1094 9
      vertex 37.45 42.1 2.5
      vertex 37.3064 42.1094 2.5
    endloop
  endfacet
  facet normal -0.997864 0.0653198 0
    outer loop
      vertex 38.5406 43.0564 2.5
      vertex 38.55 43.2 9
      vertex 38.55 43.2 2.5
    endloop
  endfacet
  facet normal -0.997864 0.0653198 0
    outer loop
      vertex 38.55 43.2 9
      vertex 38.5406 43.0564 2.5
      vertex 38.5406 43.0564 9
    endloop
  endfacet
  facet normal -0.751801 -0.65939 0
    outer loop
      vertex 38.3227 43.8696 2.5
      vertex 38.2278 43.9778 9
      vertex 38.2278 43.9778 2.5
    endloop
  endfacet
  facet normal -0.751801 -0.65939 0
    outer loop
      vertex 38.2278 43.9778 9
      vertex 38.3227 43.8696 2.5
      vertex 38.3227 43.8696 9
    endloop
  endfacet
  facet normal -0.831515 0.555502 0
    outer loop
      vertex 38.3227 42.5304 2.5
      vertex 38.4026 42.65 9
      vertex 38.4026 42.65 2.5
    endloop
  endfacet
  facet normal -0.831515 0.555502 0
    outer loop
      vertex 38.4026 42.65 9
      vertex 38.3227 42.5304 2.5
      vertex 38.3227 42.5304 9
    endloop
  endfacet
  facet normal -0.89664 -0.44276 0
    outer loop
      vertex 38.4663 43.621 2.5
      vertex 38.4026 43.75 9
      vertex 38.4026 43.75 2.5
    endloop
  endfacet
  facet normal -0.89664 -0.44276 0
    outer loop
      vertex 38.4026 43.75 9
      vertex 38.4663 43.621 2.5
      vertex 38.4663 43.621 9
    endloop
  endfacet
  facet normal -0.997864 -0.0653198 0
    outer loop
      vertex 38.55 43.2 2.5
      vertex 38.5406 43.3436 9
      vertex 38.5406 43.3436 2.5
    endloop
  endfacet
  facet normal -0.997864 -0.0653198 0
    outer loop
      vertex 38.5406 43.3436 9
      vertex 38.55 43.2 2.5
      vertex 38.55 43.2 9
    endloop
  endfacet
  facet normal -0.0653198 -0.997864 0
    outer loop
      vertex 37.45 44.3 2.5
      vertex 37.5936 44.2906 9
      vertex 37.45 44.3 9
    endloop
  endfacet
  facet normal -0.0653198 -0.997864 -0
    outer loop
      vertex 37.5936 44.2906 9
      vertex 37.45 44.3 2.5
      vertex 37.5936 44.2906 2.5
    endloop
  endfacet
  facet normal 0.65939 -0.751801 0
    outer loop
      vertex 36.6722 43.9778 2.5
      vertex 36.7804 44.0727 9
      vertex 36.6722 43.9778 9
    endloop
  endfacet
  facet normal 0.65939 -0.751801 0
    outer loop
      vertex 36.7804 44.0727 9
      vertex 36.6722 43.9778 2.5
      vertex 36.7804 44.0727 2.5
    endloop
  endfacet
  facet normal -0.44276 -0.89664 0
    outer loop
      vertex 37.871 44.2163 2.5
      vertex 38 44.1526 9
      vertex 37.871 44.2163 9
    endloop
  endfacet
  facet normal -0.44276 -0.89664 -0
    outer loop
      vertex 38 44.1526 9
      vertex 37.871 44.2163 2.5
      vertex 38 44.1526 2.5
    endloop
  endfacet
  facet normal -0.89664 0.44276 0
    outer loop
      vertex 38.4026 42.65 2.5
      vertex 38.4663 42.779 9
      vertex 38.4663 42.779 2.5
    endloop
  endfacet
  facet normal -0.89664 0.44276 0
    outer loop
      vertex 38.4663 42.779 9
      vertex 38.4026 42.65 2.5
      vertex 38.4026 42.65 9
    endloop
  endfacet
  facet normal 0.997866 -0.0652929 0
    outer loop
      vertex 28.9295 42.8867 9
      vertex 28.95 43.2 2.5
      vertex 28.95 43.2 9
    endloop
  endfacet
  facet normal 0.997866 -0.0652929 0
    outer loop
      vertex 28.95 43.2 2.5
      vertex 28.9295 42.8867 9
      vertex 28.9295 42.8867 2.5
    endloop
  endfacet
  facet normal 0.44211 -0.896961 0
    outer loop
      vertex 27.4684 40.9827 2.5
      vertex 27.75 41.1215 9
      vertex 27.4684 40.9827 9
    endloop
  endfacet
  facet normal 0.44211 -0.896961 0
    outer loop
      vertex 27.75 41.1215 9
      vertex 27.4684 40.9827 2.5
      vertex 27.75 41.1215 2.5
    endloop
  endfacet
  facet normal -0.980752 -0.195258 0
    outer loop
      vertex 24.2318 42.5788 2.5
      vertex 24.1705 42.8867 9
      vertex 24.1705 42.8867 2.5
    endloop
  endfacet
  facet normal -0.980752 -0.195258 0
    outer loop
      vertex 24.1705 42.8867 9
      vertex 24.2318 42.5788 2.5
      vertex 24.2318 42.5788 9
    endloop
  endfacet
  facet normal -0.997866 -0.0652929 0
    outer loop
      vertex 24.1705 42.8867 2.5
      vertex 24.15 43.2 9
      vertex 24.15 43.2 2.5
    endloop
  endfacet
  facet normal -0.997866 -0.0652929 0
    outer loop
      vertex 24.15 43.2 9
      vertex 24.1705 42.8867 2.5
      vertex 24.1705 42.8867 9
    endloop
  endfacet
  facet normal -0.896961 0.44211 0
    outer loop
      vertex 24.3327 44.1184 2.5
      vertex 24.4715 44.4 9
      vertex 24.4715 44.4 2.5
    endloop
  endfacet
  facet normal -0.896961 0.44211 0
    outer loop
      vertex 24.4715 44.4 9
      vertex 24.3327 44.1184 2.5
      vertex 24.3327 44.1184 9
    endloop
  endfacet
  facet normal 0.32148 0.946916 -0
    outer loop
      vertex 27.4684 45.4173 2.5
      vertex 27.1712 45.5182 9
      vertex 27.4684 45.4173 9
    endloop
  endfacet
  facet normal 0.32148 0.946916 0
    outer loop
      vertex 27.1712 45.5182 9
      vertex 27.4684 45.4173 2.5
      vertex 27.1712 45.5182 2.5
    endloop
  endfacet
  facet normal 0.44211 0.896961 -0
    outer loop
      vertex 27.75 45.2785 2.5
      vertex 27.4684 45.4173 9
      vertex 27.75 45.2785 9
    endloop
  endfacet
  facet normal 0.44211 0.896961 0
    outer loop
      vertex 27.4684 45.4173 9
      vertex 27.75 45.2785 2.5
      vertex 27.4684 45.4173 2.5
    endloop
  endfacet
  facet normal 0.659068 -0.752083 0
    outer loop
      vertex 28.011 41.296 2.5
      vertex 28.2471 41.5029 9
      vertex 28.011 41.296 9
    endloop
  endfacet
  facet normal 0.659068 -0.752083 0
    outer loop
      vertex 28.2471 41.5029 9
      vertex 28.011 41.296 2.5
      vertex 28.2471 41.5029 2.5
    endloop
  endfacet
  facet normal 0.980752 0.195258 0
    outer loop
      vertex 28.9295 43.5133 9
      vertex 28.8682 43.8212 2.5
      vertex 28.8682 43.8212 9
    endloop
  endfacet
  facet normal 0.980752 0.195258 0
    outer loop
      vertex 28.8682 43.8212 2.5
      vertex 28.9295 43.5133 9
      vertex 28.9295 43.5133 2.5
    endloop
  endfacet
  facet normal 0.195258 0.980752 -0
    outer loop
      vertex 27.1712 45.5182 2.5
      vertex 26.8633 45.5795 9
      vertex 27.1712 45.5182 9
    endloop
  endfacet
  facet normal 0.195258 0.980752 0
    outer loop
      vertex 26.8633 45.5795 9
      vertex 27.1712 45.5182 2.5
      vertex 26.8633 45.5795 2.5
    endloop
  endfacet
  facet normal 0.831315 0.555802 0
    outer loop
      vertex 28.6285 44.4 9
      vertex 28.454 44.661 2.5
      vertex 28.454 44.661 9
    endloop
  endfacet
  facet normal 0.831315 0.555802 0
    outer loop
      vertex 28.454 44.661 2.5
      vertex 28.6285 44.4 9
      vertex 28.6285 44.4 2.5
    endloop
  endfacet
  facet normal -0.946916 0.32148 0
    outer loop
      vertex 24.2318 43.8212 2.5
      vertex 24.3327 44.1184 9
      vertex 24.3327 44.1184 2.5
    endloop
  endfacet
  facet normal -0.946916 0.32148 0
    outer loop
      vertex 24.3327 44.1184 9
      vertex 24.2318 43.8212 2.5
      vertex 24.2318 43.8212 9
    endloop
  endfacet
  facet normal 0.555802 -0.831315 0
    outer loop
      vertex 27.75 41.1215 2.5
      vertex 28.011 41.296 9
      vertex 27.75 41.1215 9
    endloop
  endfacet
  facet normal 0.555802 -0.831315 0
    outer loop
      vertex 28.011 41.296 9
      vertex 27.75 41.1215 2.5
      vertex 28.011 41.296 2.5
    endloop
  endfacet
  facet normal -0.0652929 0.997866 0
    outer loop
      vertex 26.55 45.6 2.5
      vertex 26.2367 45.5795 9
      vertex 26.55 45.6 9
    endloop
  endfacet
  facet normal -0.0652929 0.997866 0
    outer loop
      vertex 26.2367 45.5795 9
      vertex 26.55 45.6 2.5
      vertex 26.2367 45.5795 2.5
    endloop
  endfacet
  facet normal 0 0 1
    outer loop
      vertex 27.65 43.2 9
      vertex 28.95 43.2 9
      vertex 28.9295 43.5133 9
    endloop
  endfacet
  facet normal 0 0 1
    outer loop
      vertex 27.6406 43.3436 9
      vertex 28.9295 43.5133 9
      vertex 28.8682 43.8212 9
    endloop
  endfacet
  facet normal 0 0 1
    outer loop
      vertex 28.95 43.2 9
      vertex 27.65 43.2 9
      vertex 28.9295 42.8867 9
    endloop
  endfacet
  facet normal 0 0 1
    outer loop
      vertex 27.6125 43.4847 9
      vertex 28.8682 43.8212 9
      vertex 28.7673 44.1184 9
    endloop
  endfacet
  facet normal -0 0 1
    outer loop
      vertex 27.6406 43.0564 9
      vertex 28.9295 42.8867 9
      vertex 27.65 43.2 9
    endloop
  endfacet
  facet normal 0 0 1
    outer loop
      vertex 27.5663 43.621 9
      vertex 28.7673 44.1184 9
      vertex 28.6285 44.4 9
    endloop
  endfacet
  facet normal 0 0 1
    outer loop
      vertex 28.9295 42.8867 9
      vertex 27.6406 43.0564 9
      vertex 28.8682 42.5788 9
    endloop
  endfacet
  facet normal 0 0 1
    outer loop
      vertex 27.5026 43.75 9
      vertex 28.6285 44.4 9
      vertex 28.454 44.661 9
    endloop
  endfacet
  facet normal -0 0 1
    outer loop
      vertex 27.6125 42.9153 9
      vertex 28.8682 42.5788 9
      vertex 27.6406 43.0564 9
    endloop
  endfacet
  facet normal 0 0 1
    outer loop
      vertex 27.4227 43.8696 9
      vertex 28.454 44.661 9
      vertex 28.2471 44.8971 9
    endloop
  endfacet
  facet normal 0 0 1
    outer loop
      vertex 28.8682 42.5788 9
      vertex 27.6125 42.9153 9
      vertex 28.7673 42.2816 9
    endloop
  endfacet
  facet normal 0 0 1
    outer loop
      vertex 27.3278 43.9778 9
      vertex 28.2471 44.8971 9
      vertex 28.011 45.104 9
    endloop
  endfacet
  facet normal -0 0 1
    outer loop
      vertex 27.5663 42.779 9
      vertex 28.7673 42.2816 9
      vertex 27.6125 42.9153 9
    endloop
  endfacet
  facet normal 0 0 1
    outer loop
      vertex 27.2196 44.0727 9
      vertex 28.011 45.104 9
      vertex 27.75 45.2785 9
    endloop
  endfacet
  facet normal 0 0 1
    outer loop
      vertex 28.7673 42.2816 9
      vertex 27.5663 42.779 9
      vertex 28.6285 42 9
    endloop
  endfacet
  facet normal -0 0 1
    outer loop
      vertex 27.5026 42.65 9
      vertex 28.6285 42 9
      vertex 27.5663 42.779 9
    endloop
  endfacet
  facet normal 0 0 1
    outer loop
      vertex 28.9295 43.5133 9
      vertex 27.6406 43.3436 9
      vertex 27.65 43.2 9
    endloop
  endfacet
  facet normal 0 0 1
    outer loop
      vertex 28.8682 43.8212 9
      vertex 27.6125 43.4847 9
      vertex 27.6406 43.3436 9
    endloop
  endfacet
  facet normal 0 0 1
    outer loop
      vertex 28.7673 44.1184 9
      vertex 27.5663 43.621 9
      vertex 27.6125 43.4847 9
    endloop
  endfacet
  facet normal 0 0 1
    outer loop
      vertex 28.6285 44.4 9
      vertex 27.5026 43.75 9
      vertex 27.5663 43.621 9
    endloop
  endfacet
  facet normal 0 0 1
    outer loop
      vertex 27.1 44.1526 9
      vertex 27.75 45.2785 9
      vertex 27.4684 45.4173 9
    endloop
  endfacet
  facet normal 0 0 1
    outer loop
      vertex 28.454 44.661 9
      vertex 27.4227 43.8696 9
      vertex 27.5026 43.75 9
    endloop
  endfacet
  facet normal 0 0 1
    outer loop
      vertex 28.2471 44.8971 9
      vertex 27.3278 43.9778 9
      vertex 27.4227 43.8696 9
    endloop
  endfacet
  facet normal 0 0 1
    outer loop
      vertex 28.011 45.104 9
      vertex 27.2196 44.0727 9
      vertex 27.3278 43.9778 9
    endloop
  endfacet
  facet normal 0 0 1
    outer loop
      vertex 26.971 44.2163 9
      vertex 27.4684 45.4173 9
      vertex 27.1712 45.5182 9
    endloop
  endfacet
  facet normal 0 0 1
    outer loop
      vertex 27.75 45.2785 9
      vertex 27.1 44.1526 9
      vertex 27.2196 44.0727 9
    endloop
  endfacet
  facet normal 0 0 1
    outer loop
      vertex 27.4684 45.4173 9
      vertex 26.971 44.2163 9
      vertex 27.1 44.1526 9
    endloop
  endfacet
  facet normal 0 0 1
    outer loop
      vertex 26.8347 44.2625 9
      vertex 27.1712 45.5182 9
      vertex 26.8633 45.5795 9
    endloop
  endfacet
  facet normal 0 0 1
    outer loop
      vertex 27.1712 45.5182 9
      vertex 26.8347 44.2625 9
      vertex 26.971 44.2163 9
    endloop
  endfacet
  facet normal 0 0 1
    outer loop
      vertex 26.8633 45.5795 9
      vertex 26.6936 44.2906 9
      vertex 26.8347 44.2625 9
    endloop
  endfacet
  facet normal 0 0 1
    outer loop
      vertex 26.55 45.6 9
      vertex 26.6936 44.2906 9
      vertex 26.8633 45.5795 9
    endloop
  endfacet
  facet normal 0 0 1
    outer loop
      vertex 26.55 45.6 9
      vertex 26.55 44.3 9
      vertex 26.6936 44.2906 9
    endloop
  endfacet
  facet normal 0 0 1
    outer loop
      vertex 26.55 45.6 9
      vertex 26.4064 44.2906 9
      vertex 26.55 44.3 9
    endloop
  endfacet
  facet normal -0 0 1
    outer loop
      vertex 26.2367 45.5795 9
      vertex 26.4064 44.2906 9
      vertex 26.55 45.6 9
    endloop
  endfacet
  facet normal 0 0 1
    outer loop
      vertex 26.4064 44.2906 9
      vertex 26.2367 45.5795 9
      vertex 26.2653 44.2625 9
    endloop
  endfacet
  facet normal -0 0 1
    outer loop
      vertex 25.9288 45.5182 9
      vertex 26.2653 44.2625 9
      vertex 26.2367 45.5795 9
    endloop
  endfacet
  facet normal 0 0 1
    outer loop
      vertex 26.2653 44.2625 9
      vertex 25.9288 45.5182 9
      vertex 26.129 44.2163 9
    endloop
  endfacet
  facet normal -0 0 1
    outer loop
      vertex 25.6316 45.4173 9
      vertex 26.129 44.2163 9
      vertex 25.9288 45.5182 9
    endloop
  endfacet
  facet normal 0 0 1
    outer loop
      vertex 26.129 44.2163 9
      vertex 25.6316 45.4173 9
      vertex 26 44.1526 9
    endloop
  endfacet
  facet normal -0 0 1
    outer loop
      vertex 25.35 45.2785 9
      vertex 26 44.1526 9
      vertex 25.6316 45.4173 9
    endloop
  endfacet
  facet normal 0 0 1
    outer loop
      vertex 26 44.1526 9
      vertex 25.35 45.2785 9
      vertex 25.8804 44.0727 9
    endloop
  endfacet
  facet normal -0 0 1
    outer loop
      vertex 25.089 45.104 9
      vertex 25.8804 44.0727 9
      vertex 25.35 45.2785 9
    endloop
  endfacet
  facet normal 0 0 1
    outer loop
      vertex 25.8804 44.0727 9
      vertex 25.089 45.104 9
      vertex 25.7722 43.9778 9
    endloop
  endfacet
  facet normal -0 0 1
    outer loop
      vertex 24.8529 44.8971 9
      vertex 25.7722 43.9778 9
      vertex 25.089 45.104 9
    endloop
  endfacet
  facet normal 0 0 1
    outer loop
      vertex 25.7722 43.9778 9
      vertex 24.8529 44.8971 9
      vertex 25.6773 43.8696 9
    endloop
  endfacet
  facet normal -0 0 1
    outer loop
      vertex 24.646 44.661 9
      vertex 25.6773 43.8696 9
      vertex 24.8529 44.8971 9
    endloop
  endfacet
  facet normal -0 0 1
    outer loop
      vertex 24.4715 44.4 9
      vertex 25.5974 43.75 9
      vertex 24.646 44.661 9
    endloop
  endfacet
  facet normal 0 0 1
    outer loop
      vertex 25.6773 43.8696 9
      vertex 24.646 44.661 9
      vertex 25.5974 43.75 9
    endloop
  endfacet
  facet normal 0 0 1
    outer loop
      vertex 28.6285 42 9
      vertex 27.5026 42.65 9
      vertex 28.454 41.739 9
    endloop
  endfacet
  facet normal -0 0 1
    outer loop
      vertex 27.4227 42.5304 9
      vertex 28.454 41.739 9
      vertex 27.5026 42.65 9
    endloop
  endfacet
  facet normal 0 0 1
    outer loop
      vertex 28.454 41.739 9
      vertex 27.4227 42.5304 9
      vertex 28.2471 41.5029 9
    endloop
  endfacet
  facet normal -0 0 1
    outer loop
      vertex 27.3278 42.4222 9
      vertex 28.2471 41.5029 9
      vertex 27.4227 42.5304 9
    endloop
  endfacet
  facet normal 0 0 1
    outer loop
      vertex 28.2471 41.5029 9
      vertex 27.3278 42.4222 9
      vertex 28.011 41.296 9
    endloop
  endfacet
  facet normal -0 0 1
    outer loop
      vertex 27.2196 42.3273 9
      vertex 28.011 41.296 9
      vertex 27.3278 42.4222 9
    endloop
  endfacet
  facet normal 0 0 1
    outer loop
      vertex 28.011 41.296 9
      vertex 27.2196 42.3273 9
      vertex 27.75 41.1215 9
    endloop
  endfacet
  facet normal -0 0 1
    outer loop
      vertex 27.1 42.2474 9
      vertex 27.75 41.1215 9
      vertex 27.2196 42.3273 9
    endloop
  endfacet
  facet normal 0 0 1
    outer loop
      vertex 27.75 41.1215 9
      vertex 27.1 42.2474 9
      vertex 27.4684 40.9827 9
    endloop
  endfacet
  facet normal -0 0 1
    outer loop
      vertex 26.971 42.1837 9
      vertex 27.4684 40.9827 9
      vertex 27.1 42.2474 9
    endloop
  endfacet
  facet normal 0 0 1
    outer loop
      vertex 27.4684 40.9827 9
      vertex 26.971 42.1837 9
      vertex 27.1712 40.8818 9
    endloop
  endfacet
  facet normal -0 0 1
    outer loop
      vertex 26.8347 42.1375 9
      vertex 27.1712 40.8818 9
      vertex 26.971 42.1837 9
    endloop
  endfacet
  facet normal 0 0 1
    outer loop
      vertex 27.1712 40.8818 9
      vertex 26.8347 42.1375 9
      vertex 26.8633 40.8205 9
    endloop
  endfacet
  facet normal -0 0 1
    outer loop
      vertex 26.6936 42.1094 9
      vertex 26.8633 40.8205 9
      vertex 26.8347 42.1375 9
    endloop
  endfacet
  facet normal -0 0 1
    outer loop
      vertex 26.55 42.1 9
      vertex 26.8633 40.8205 9
      vertex 26.6936 42.1094 9
    endloop
  endfacet
  facet normal 0 0 1
    outer loop
      vertex 26.55 42.1 9
      vertex 26.55 40.8 9
      vertex 26.8633 40.8205 9
    endloop
  endfacet
  facet normal 0 0 1
    outer loop
      vertex 26.4064 42.1094 9
      vertex 26.55 40.8 9
      vertex 26.55 42.1 9
    endloop
  endfacet
  facet normal 0 0 1
    outer loop
      vertex 26.2367 40.8205 9
      vertex 26.4064 42.1094 9
      vertex 26.2653 42.1375 9
    endloop
  endfacet
  facet normal 0 0 1
    outer loop
      vertex 26.4064 42.1094 9
      vertex 26.2367 40.8205 9
      vertex 26.55 40.8 9
    endloop
  endfacet
  facet normal 0 0 1
    outer loop
      vertex 25.9288 40.8818 9
      vertex 26.2653 42.1375 9
      vertex 26.129 42.1837 9
    endloop
  endfacet
  facet normal 0 0 1
    outer loop
      vertex 25.6316 40.9827 9
      vertex 26.129 42.1837 9
      vertex 26 42.2474 9
    endloop
  endfacet
  facet normal 0 0 1
    outer loop
      vertex 26.2653 42.1375 9
      vertex 25.9288 40.8818 9
      vertex 26.2367 40.8205 9
    endloop
  endfacet
  facet normal 0 0 1
    outer loop
      vertex 25.35 41.1215 9
      vertex 26 42.2474 9
      vertex 25.8804 42.3273 9
    endloop
  endfacet
  facet normal 0 0 1
    outer loop
      vertex 25.089 41.296 9
      vertex 25.8804 42.3273 9
      vertex 25.7722 42.4222 9
    endloop
  endfacet
  facet normal 0 0 1
    outer loop
      vertex 24.8529 41.5029 9
      vertex 25.7722 42.4222 9
      vertex 25.6773 42.5304 9
    endloop
  endfacet
  facet normal 0 0 1
    outer loop
      vertex 26.129 42.1837 9
      vertex 25.6316 40.9827 9
      vertex 25.9288 40.8818 9
    endloop
  endfacet
  facet normal 0 0 1
    outer loop
      vertex 24.646 41.739 9
      vertex 25.6773 42.5304 9
      vertex 25.5974 42.65 9
    endloop
  endfacet
  facet normal 0 0 1
    outer loop
      vertex 24.4715 42 9
      vertex 25.5974 42.65 9
      vertex 25.5337 42.779 9
    endloop
  endfacet
  facet normal 0 0 1
    outer loop
      vertex 24.3327 42.2816 9
      vertex 25.5337 42.779 9
      vertex 25.4875 42.9153 9
    endloop
  endfacet
  facet normal 0 0 1
    outer loop
      vertex 24.2318 42.5788 9
      vertex 25.4875 42.9153 9
      vertex 25.4594 43.0564 9
    endloop
  endfacet
  facet normal 0 0 1
    outer loop
      vertex 26 42.2474 9
      vertex 25.35 41.1215 9
      vertex 25.6316 40.9827 9
    endloop
  endfacet
  facet normal 0 0 1
    outer loop
      vertex 24.1705 42.8867 9
      vertex 25.4594 43.0564 9
      vertex 25.45 43.2 9
    endloop
  endfacet
  facet normal 0 0 1
    outer loop
      vertex 25.5974 43.75 9
      vertex 24.4715 44.4 9
      vertex 25.5337 43.621 9
    endloop
  endfacet
  facet normal -0 0 1
    outer loop
      vertex 24.3327 44.1184 9
      vertex 25.5337 43.621 9
      vertex 24.4715 44.4 9
    endloop
  endfacet
  facet normal 0 0 1
    outer loop
      vertex 25.8804 42.3273 9
      vertex 25.089 41.296 9
      vertex 25.35 41.1215 9
    endloop
  endfacet
  facet normal 0 0 1
    outer loop
      vertex 25.5337 43.621 9
      vertex 24.3327 44.1184 9
      vertex 25.4875 43.4847 9
    endloop
  endfacet
  facet normal 0 0 1
    outer loop
      vertex 25.7722 42.4222 9
      vertex 24.8529 41.5029 9
      vertex 25.089 41.296 9
    endloop
  endfacet
  facet normal -0 0 1
    outer loop
      vertex 24.2318 43.8212 9
      vertex 25.4875 43.4847 9
      vertex 24.3327 44.1184 9
    endloop
  endfacet
  facet normal 0 0 1
    outer loop
      vertex 25.6773 42.5304 9
      vertex 24.646 41.739 9
      vertex 24.8529 41.5029 9
    endloop
  endfacet
  facet normal 0 0 1
    outer loop
      vertex 25.4875 43.4847 9
      vertex 24.2318 43.8212 9
      vertex 25.4594 43.3436 9
    endloop
  endfacet
  facet normal 0 0 1
    outer loop
      vertex 25.5974 42.65 9
      vertex 24.4715 42 9
      vertex 24.646 41.739 9
    endloop
  endfacet
  facet normal -0 0 1
    outer loop
      vertex 24.1705 43.5133 9
      vertex 25.4594 43.3436 9
      vertex 24.2318 43.8212 9
    endloop
  endfacet
  facet normal 0 0 1
    outer loop
      vertex 25.5337 42.779 9
      vertex 24.3327 42.2816 9
      vertex 24.4715 42 9
    endloop
  endfacet
  facet normal 0 0 1
    outer loop
      vertex 25.4594 43.3436 9
      vertex 24.1705 43.5133 9
      vertex 25.45 43.2 9
    endloop
  endfacet
  facet normal 0 0 1
    outer loop
      vertex 25.4875 42.9153 9
      vertex 24.2318 42.5788 9
      vertex 24.3327 42.2816 9
    endloop
  endfacet
  facet normal 0 0 1
    outer loop
      vertex 24.15 43.2 9
      vertex 25.45 43.2 9
      vertex 24.1705 43.5133 9
    endloop
  endfacet
  facet normal 0 0 1
    outer loop
      vertex 25.4594 43.0564 9
      vertex 24.1705 42.8867 9
      vertex 24.2318 42.5788 9
    endloop
  endfacet
  facet normal 0 0 1
    outer loop
      vertex 25.45 43.2 9
      vertex 24.15 43.2 9
      vertex 24.1705 42.8867 9
    endloop
  endfacet
  facet normal 0.896961 -0.44211 0
    outer loop
      vertex 28.6285 42 9
      vertex 28.7673 42.2816 2.5
      vertex 28.7673 42.2816 9
    endloop
  endfacet
  facet normal 0.896961 -0.44211 0
    outer loop
      vertex 28.7673 42.2816 2.5
      vertex 28.6285 42 9
      vertex 28.6285 42 2.5
    endloop
  endfacet
  facet normal 0.32148 -0.946916 0
    outer loop
      vertex 27.1712 40.8818 2.5
      vertex 27.4684 40.9827 9
      vertex 27.1712 40.8818 9
    endloop
  endfacet
  facet normal 0.32148 -0.946916 0
    outer loop
      vertex 27.4684 40.9827 9
      vertex 27.1712 40.8818 2.5
      vertex 27.4684 40.9827 2.5
    endloop
  endfacet
  facet normal -0.32148 0.946916 0
    outer loop
      vertex 25.9288 45.5182 2.5
      vertex 25.6316 45.4173 9
      vertex 25.9288 45.5182 9
    endloop
  endfacet
  facet normal -0.32148 0.946916 0
    outer loop
      vertex 25.6316 45.4173 9
      vertex 25.9288 45.5182 2.5
      vertex 25.6316 45.4173 2.5
    endloop
  endfacet
  facet normal 0.0652929 -0.997866 0
    outer loop
      vertex 26.55 40.8 2.5
      vertex 26.8633 40.8205 9
      vertex 26.55 40.8 9
    endloop
  endfacet
  facet normal 0.0652929 -0.997866 0
    outer loop
      vertex 26.8633 40.8205 9
      vertex 26.55 40.8 2.5
      vertex 26.8633 40.8205 2.5
    endloop
  endfacet
  facet normal 0.946916 -0.32148 0
    outer loop
      vertex 28.7673 42.2816 9
      vertex 28.8682 42.5788 2.5
      vertex 28.8682 42.5788 9
    endloop
  endfacet
  facet normal 0.946916 -0.32148 0
    outer loop
      vertex 28.8682 42.5788 2.5
      vertex 28.7673 42.2816 9
      vertex 28.7673 42.2816 2.5
    endloop
  endfacet
  facet normal -0.0652929 -0.997866 0
    outer loop
      vertex 26.2367 40.8205 2.5
      vertex 26.55 40.8 9
      vertex 26.2367 40.8205 9
    endloop
  endfacet
  facet normal -0.0652929 -0.997866 -0
    outer loop
      vertex 26.55 40.8 9
      vertex 26.2367 40.8205 2.5
      vertex 26.55 40.8 2.5
    endloop
  endfacet
  facet normal 0.659068 0.752083 -0
    outer loop
      vertex 28.2471 44.8971 2.5
      vertex 28.011 45.104 9
      vertex 28.2471 44.8971 9
    endloop
  endfacet
  facet normal 0.659068 0.752083 0
    outer loop
      vertex 28.011 45.104 9
      vertex 28.2471 44.8971 2.5
      vertex 28.011 45.104 2.5
    endloop
  endfacet
  facet normal -0.752083 -0.659068 0
    outer loop
      vertex 24.8529 41.5029 2.5
      vertex 24.646 41.739 9
      vertex 24.646 41.739 2.5
    endloop
  endfacet
  facet normal -0.752083 -0.659068 0
    outer loop
      vertex 24.646 41.739 9
      vertex 24.8529 41.5029 2.5
      vertex 24.8529 41.5029 9
    endloop
  endfacet
  facet normal -0.195258 0.980752 0
    outer loop
      vertex 26.2367 45.5795 2.5
      vertex 25.9288 45.5182 9
      vertex 26.2367 45.5795 9
    endloop
  endfacet
  facet normal -0.195258 0.980752 0
    outer loop
      vertex 25.9288 45.5182 9
      vertex 26.2367 45.5795 2.5
      vertex 25.9288 45.5182 2.5
    endloop
  endfacet
  facet normal -0.831315 -0.555802 0
    outer loop
      vertex 24.646 41.739 2.5
      vertex 24.4715 42 9
      vertex 24.4715 42 2.5
    endloop
  endfacet
  facet normal -0.831315 -0.555802 0
    outer loop
      vertex 24.4715 42 9
      vertex 24.646 41.739 2.5
      vertex 24.646 41.739 9
    endloop
  endfacet
  facet normal -0.555802 0.831315 0
    outer loop
      vertex 25.35 45.2785 2.5
      vertex 25.089 45.104 9
      vertex 25.35 45.2785 9
    endloop
  endfacet
  facet normal -0.555802 0.831315 0
    outer loop
      vertex 25.089 45.104 9
      vertex 25.35 45.2785 2.5
      vertex 25.089 45.104 2.5
    endloop
  endfacet
  facet normal -0.997866 0.0652929 0
    outer loop
      vertex 24.15 43.2 2.5
      vertex 24.1705 43.5133 9
      vertex 24.1705 43.5133 2.5
    endloop
  endfacet
  facet normal -0.997866 0.0652929 0
    outer loop
      vertex 24.1705 43.5133 9
      vertex 24.15 43.2 2.5
      vertex 24.15 43.2 9
    endloop
  endfacet
  facet normal -0.32148 -0.946916 0
    outer loop
      vertex 25.6316 40.9827 2.5
      vertex 25.9288 40.8818 9
      vertex 25.6316 40.9827 9
    endloop
  endfacet
  facet normal -0.32148 -0.946916 -0
    outer loop
      vertex 25.9288 40.8818 9
      vertex 25.6316 40.9827 2.5
      vertex 25.9288 40.8818 2.5
    endloop
  endfacet
  facet normal -0.555802 -0.831315 0
    outer loop
      vertex 25.089 41.296 2.5
      vertex 25.35 41.1215 9
      vertex 25.089 41.296 9
    endloop
  endfacet
  facet normal -0.555802 -0.831315 -0
    outer loop
      vertex 25.35 41.1215 9
      vertex 25.089 41.296 2.5
      vertex 25.35 41.1215 2.5
    endloop
  endfacet
  facet normal -0.831315 0.555802 0
    outer loop
      vertex 24.4715 44.4 2.5
      vertex 24.646 44.661 9
      vertex 24.646 44.661 2.5
    endloop
  endfacet
  facet normal -0.831315 0.555802 0
    outer loop
      vertex 24.646 44.661 9
      vertex 24.4715 44.4 2.5
      vertex 24.4715 44.4 9
    endloop
  endfacet
  facet normal 0.831315 -0.555802 0
    outer loop
      vertex 28.454 41.739 9
      vertex 28.6285 42 2.5
      vertex 28.6285 42 9
    endloop
  endfacet
  facet normal 0.831315 -0.555802 0
    outer loop
      vertex 28.6285 42 2.5
      vertex 28.454 41.739 9
      vertex 28.454 41.739 2.5
    endloop
  endfacet
  facet normal -0.44211 0.896961 0
    outer loop
      vertex 25.6316 45.4173 2.5
      vertex 25.35 45.2785 9
      vertex 25.6316 45.4173 9
    endloop
  endfacet
  facet normal -0.44211 0.896961 0
    outer loop
      vertex 25.35 45.2785 9
      vertex 25.6316 45.4173 2.5
      vertex 25.35 45.2785 2.5
    endloop
  endfacet
  facet normal 0.555802 0.831315 -0
    outer loop
      vertex 28.011 45.104 2.5
      vertex 27.75 45.2785 9
      vertex 28.011 45.104 9
    endloop
  endfacet
  facet normal 0.555802 0.831315 0
    outer loop
      vertex 27.75 45.2785 9
      vertex 28.011 45.104 2.5
      vertex 27.75 45.2785 2.5
    endloop
  endfacet
  facet normal 0.752083 -0.659068 0
    outer loop
      vertex 28.2471 41.5029 9
      vertex 28.454 41.739 2.5
      vertex 28.454 41.739 9
    endloop
  endfacet
  facet normal 0.752083 -0.659068 0
    outer loop
      vertex 28.454 41.739 2.5
      vertex 28.2471 41.5029 9
      vertex 28.2471 41.5029 2.5
    endloop
  endfacet
  facet normal 0.896961 0.44211 0
    outer loop
      vertex 28.7673 44.1184 9
      vertex 28.6285 44.4 2.5
      vertex 28.6285 44.4 9
    endloop
  endfacet
  facet normal 0.896961 0.44211 0
    outer loop
      vertex 28.6285 44.4 2.5
      vertex 28.7673 44.1184 9
      vertex 28.7673 44.1184 2.5
    endloop
  endfacet
  facet normal -0.44211 -0.896961 0
    outer loop
      vertex 25.35 41.1215 2.5
      vertex 25.6316 40.9827 9
      vertex 25.35 41.1215 9
    endloop
  endfacet
  facet normal -0.44211 -0.896961 -0
    outer loop
      vertex 25.6316 40.9827 9
      vertex 25.35 41.1215 2.5
      vertex 25.6316 40.9827 2.5
    endloop
  endfacet
  facet normal -0.752083 0.659068 0
    outer loop
      vertex 24.646 44.661 2.5
      vertex 24.8529 44.8971 9
      vertex 24.8529 44.8971 2.5
    endloop
  endfacet
  facet normal -0.752083 0.659068 0
    outer loop
      vertex 24.8529 44.8971 9
      vertex 24.646 44.661 2.5
      vertex 24.646 44.661 9
    endloop
  endfacet
  facet normal -0.195258 -0.980752 0
    outer loop
      vertex 25.9288 40.8818 2.5
      vertex 26.2367 40.8205 9
      vertex 25.9288 40.8818 9
    endloop
  endfacet
  facet normal -0.195258 -0.980752 -0
    outer loop
      vertex 26.2367 40.8205 9
      vertex 25.9288 40.8818 2.5
      vertex 26.2367 40.8205 2.5
    endloop
  endfacet
  facet normal -0.980752 0.195258 0
    outer loop
      vertex 24.1705 43.5133 2.5
      vertex 24.2318 43.8212 9
      vertex 24.2318 43.8212 2.5
    endloop
  endfacet
  facet normal -0.980752 0.195258 0
    outer loop
      vertex 24.2318 43.8212 9
      vertex 24.1705 43.5133 2.5
      vertex 24.1705 43.5133 9
    endloop
  endfacet
  facet normal 0.997866 0.0652929 0
    outer loop
      vertex 28.95 43.2 9
      vertex 28.9295 43.5133 2.5
      vertex 28.9295 43.5133 9
    endloop
  endfacet
  facet normal 0.997866 0.0652929 0
    outer loop
      vertex 28.9295 43.5133 2.5
      vertex 28.95 43.2 9
      vertex 28.95 43.2 2.5
    endloop
  endfacet
  facet normal 0.0652929 0.997866 -0
    outer loop
      vertex 26.8633 45.5795 2.5
      vertex 26.55 45.6 9
      vertex 26.8633 45.5795 9
    endloop
  endfacet
  facet normal 0.0652929 0.997866 0
    outer loop
      vertex 26.55 45.6 9
      vertex 26.8633 45.5795 2.5
      vertex 26.55 45.6 2.5
    endloop
  endfacet
  facet normal -0.659068 0.752083 0
    outer loop
      vertex 25.089 45.104 2.5
      vertex 24.8529 44.8971 9
      vertex 25.089 45.104 9
    endloop
  endfacet
  facet normal -0.659068 0.752083 0
    outer loop
      vertex 24.8529 44.8971 9
      vertex 25.089 45.104 2.5
      vertex 24.8529 44.8971 2.5
    endloop
  endfacet
  facet normal -0.659068 -0.752083 0
    outer loop
      vertex 24.8529 41.5029 2.5
      vertex 25.089 41.296 9
      vertex 24.8529 41.5029 9
    endloop
  endfacet
  facet normal -0.659068 -0.752083 -0
    outer loop
      vertex 25.089 41.296 9
      vertex 24.8529 41.5029 2.5
      vertex 25.089 41.296 2.5
    endloop
  endfacet
  facet normal -0.896961 -0.44211 0
    outer loop
      vertex 24.4715 42 2.5
      vertex 24.3327 42.2816 9
      vertex 24.3327 42.2816 2.5
    endloop
  endfacet
  facet normal -0.896961 -0.44211 0
    outer loop
      vertex 24.3327 42.2816 9
      vertex 24.4715 42 2.5
      vertex 24.4715 42 9
    endloop
  endfacet
  facet normal -0.946916 -0.32148 0
    outer loop
      vertex 24.3327 42.2816 2.5
      vertex 24.2318 42.5788 9
      vertex 24.2318 42.5788 2.5
    endloop
  endfacet
  facet normal -0.946916 -0.32148 0
    outer loop
      vertex 24.2318 42.5788 9
      vertex 24.3327 42.2816 2.5
      vertex 24.3327 42.2816 9
    endloop
  endfacet
  facet normal 0.195258 -0.980752 0
    outer loop
      vertex 26.8633 40.8205 2.5
      vertex 27.1712 40.8818 9
      vertex 26.8633 40.8205 9
    endloop
  endfacet
  facet normal 0.195258 -0.980752 0
    outer loop
      vertex 27.1712 40.8818 9
      vertex 26.8633 40.8205 2.5
      vertex 27.1712 40.8818 2.5
    endloop
  endfacet
  facet normal 0.946916 0.32148 0
    outer loop
      vertex 28.8682 43.8212 9
      vertex 28.7673 44.1184 2.5
      vertex 28.7673 44.1184 9
    endloop
  endfacet
  facet normal 0.946916 0.32148 0
    outer loop
      vertex 28.7673 44.1184 2.5
      vertex 28.8682 43.8212 9
      vertex 28.8682 43.8212 2.5
    endloop
  endfacet
  facet normal 0.752083 0.659068 0
    outer loop
      vertex 28.454 44.661 9
      vertex 28.2471 44.8971 2.5
      vertex 28.2471 44.8971 9
    endloop
  endfacet
  facet normal 0.752083 0.659068 0
    outer loop
      vertex 28.2471 44.8971 2.5
      vertex 28.454 44.661 9
      vertex 28.454 44.661 2.5
    endloop
  endfacet
  facet normal 0.980752 -0.195258 0
    outer loop
      vertex 28.8682 42.5788 9
      vertex 28.9295 42.8867 2.5
      vertex 28.9295 42.8867 9
    endloop
  endfacet
  facet normal 0.980752 -0.195258 0
    outer loop
      vertex 28.9295 42.8867 2.5
      vertex 28.8682 42.5788 9
      vertex 28.8682 42.5788 2.5
    endloop
  endfacet
  facet normal -0.44276 -0.89664 0
    outer loop
      vertex 26.971 44.2163 2.5
      vertex 27.1 44.1526 9
      vertex 26.971 44.2163 9
    endloop
  endfacet
  facet normal -0.44276 -0.89664 -0
    outer loop
      vertex 27.1 44.1526 9
      vertex 26.971 44.2163 2.5
      vertex 27.1 44.1526 2.5
    endloop
  endfacet
  facet normal 0.980741 0.195314 0
    outer loop
      vertex 25.4875 42.9153 9
      vertex 25.4594 43.0564 2.5
      vertex 25.4594 43.0564 9
    endloop
  endfacet
  facet normal 0.980741 0.195314 0
    outer loop
      vertex 25.4594 43.0564 2.5
      vertex 25.4875 42.9153 9
      vertex 25.4875 42.9153 2.5
    endloop
  endfacet
  facet normal 0.997864 0.0653198 0
    outer loop
      vertex 25.4594 43.0564 9
      vertex 25.45 43.2 2.5
      vertex 25.45 43.2 9
    endloop
  endfacet
  facet normal 0.997864 0.0653198 0
    outer loop
      vertex 25.45 43.2 2.5
      vertex 25.4594 43.0564 9
      vertex 25.4594 43.0564 2.5
    endloop
  endfacet
  facet normal 0.947073 0.321018 0
    outer loop
      vertex 25.5337 42.779 9
      vertex 25.4875 42.9153 2.5
      vertex 25.4875 42.9153 9
    endloop
  endfacet
  facet normal 0.947073 0.321018 0
    outer loop
      vertex 25.4875 42.9153 2.5
      vertex 25.5337 42.779 9
      vertex 25.5337 42.779 2.5
    endloop
  endfacet
  facet normal 0.321018 0.947073 -0
    outer loop
      vertex 26.2653 42.1375 2.5
      vertex 26.129 42.1837 9
      vertex 26.2653 42.1375 9
    endloop
  endfacet
  facet normal 0.321018 0.947073 0
    outer loop
      vertex 26.129 42.1837 9
      vertex 26.2653 42.1375 2.5
      vertex 26.129 42.1837 2.5
    endloop
  endfacet
  facet normal -0.947073 0.321018 0
    outer loop
      vertex 27.5663 42.779 2.5
      vertex 27.6125 42.9153 9
      vertex 27.6125 42.9153 2.5
    endloop
  endfacet
  facet normal -0.947073 0.321018 0
    outer loop
      vertex 27.6125 42.9153 9
      vertex 27.5663 42.779 2.5
      vertex 27.5663 42.779 9
    endloop
  endfacet
  facet normal -0.997864 0.0653198 0
    outer loop
      vertex 27.6406 43.0564 2.5
      vertex 27.65 43.2 9
      vertex 27.65 43.2 2.5
    endloop
  endfacet
  facet normal -0.997864 0.0653198 0
    outer loop
      vertex 27.65 43.2 9
      vertex 27.6406 43.0564 2.5
      vertex 27.6406 43.0564 9
    endloop
  endfacet
  facet normal 0.980741 -0.195314 0
    outer loop
      vertex 25.4594 43.3436 9
      vertex 25.4875 43.4847 2.5
      vertex 25.4875 43.4847 9
    endloop
  endfacet
  facet normal 0.980741 -0.195314 0
    outer loop
      vertex 25.4875 43.4847 2.5
      vertex 25.4594 43.3436 9
      vertex 25.4594 43.3436 2.5
    endloop
  endfacet
  facet normal 0.0653198 -0.997864 0
    outer loop
      vertex 26.4064 44.2906 2.5
      vertex 26.55 44.3 9
      vertex 26.4064 44.2906 9
    endloop
  endfacet
  facet normal 0.0653198 -0.997864 0
    outer loop
      vertex 26.55 44.3 9
      vertex 26.4064 44.2906 2.5
      vertex 26.55 44.3 2.5
    endloop
  endfacet
  facet normal -0.555502 -0.831515 0
    outer loop
      vertex 27.1 44.1526 2.5
      vertex 27.2196 44.0727 9
      vertex 27.1 44.1526 9
    endloop
  endfacet
  facet normal -0.555502 -0.831515 -0
    outer loop
      vertex 27.2196 44.0727 9
      vertex 27.1 44.1526 2.5
      vertex 27.2196 44.0727 2.5
    endloop
  endfacet
  facet normal -0.0653198 0.997864 0
    outer loop
      vertex 26.6936 42.1094 2.5
      vertex 26.55 42.1 9
      vertex 26.6936 42.1094 9
    endloop
  endfacet
  facet normal -0.0653198 0.997864 0
    outer loop
      vertex 26.55 42.1 9
      vertex 26.6936 42.1094 2.5
      vertex 26.55 42.1 2.5
    endloop
  endfacet
  facet normal 0.89664 0.44276 0
    outer loop
      vertex 25.5974 42.65 9
      vertex 25.5337 42.779 2.5
      vertex 25.5337 42.779 9
    endloop
  endfacet
  facet normal 0.89664 0.44276 0
    outer loop
      vertex 25.5337 42.779 2.5
      vertex 25.5974 42.65 9
      vertex 25.5974 42.65 2.5
    endloop
  endfacet
  facet normal -0.980741 0.195314 0
    outer loop
      vertex 27.6125 42.9153 2.5
      vertex 27.6406 43.0564 9
      vertex 27.6406 43.0564 2.5
    endloop
  endfacet
  facet normal -0.980741 0.195314 0
    outer loop
      vertex 27.6406 43.0564 9
      vertex 27.6125 42.9153 2.5
      vertex 27.6125 42.9153 9
    endloop
  endfacet
  facet normal -0.321018 0.947073 0
    outer loop
      vertex 26.971 42.1837 2.5
      vertex 26.8347 42.1375 9
      vertex 26.971 42.1837 9
    endloop
  endfacet
  facet normal -0.321018 0.947073 0
    outer loop
      vertex 26.8347 42.1375 9
      vertex 26.971 42.1837 2.5
      vertex 26.8347 42.1375 2.5
    endloop
  endfacet
  facet normal 0.831515 -0.555502 0
    outer loop
      vertex 25.5974 43.75 9
      vertex 25.6773 43.8696 2.5
      vertex 25.6773 43.8696 9
    endloop
  endfacet
  facet normal 0.831515 -0.555502 0
    outer loop
      vertex 25.6773 43.8696 2.5
      vertex 25.5974 43.75 9
      vertex 25.5974 43.75 2.5
    endloop
  endfacet
  facet normal -0.44276 0.89664 0
    outer loop
      vertex 27.1 42.2474 2.5
      vertex 26.971 42.1837 9
      vertex 27.1 42.2474 9
    endloop
  endfacet
  facet normal -0.44276 0.89664 0
    outer loop
      vertex 26.971 42.1837 9
      vertex 27.1 42.2474 2.5
      vertex 26.971 42.1837 2.5
    endloop
  endfacet
  facet normal -0.751801 -0.65939 0
    outer loop
      vertex 27.4227 43.8696 2.5
      vertex 27.3278 43.9778 9
      vertex 27.3278 43.9778 2.5
    endloop
  endfacet
  facet normal -0.751801 -0.65939 0
    outer loop
      vertex 27.3278 43.9778 9
      vertex 27.4227 43.8696 2.5
      vertex 27.4227 43.8696 9
    endloop
  endfacet
  facet normal 0.947073 -0.321018 0
    outer loop
      vertex 25.4875 43.4847 9
      vertex 25.5337 43.621 2.5
      vertex 25.5337 43.621 9
    endloop
  endfacet
  facet normal 0.947073 -0.321018 0
    outer loop
      vertex 25.5337 43.621 2.5
      vertex 25.4875 43.4847 9
      vertex 25.4875 43.4847 2.5
    endloop
  endfacet
  facet normal 0.555502 0.831515 -0
    outer loop
      vertex 26 42.2474 2.5
      vertex 25.8804 42.3273 9
      vertex 26 42.2474 9
    endloop
  endfacet
  facet normal 0.555502 0.831515 0
    outer loop
      vertex 25.8804 42.3273 9
      vertex 26 42.2474 2.5
      vertex 25.8804 42.3273 2.5
    endloop
  endfacet
  facet normal 0.44276 0.89664 -0
    outer loop
      vertex 26.129 42.1837 2.5
      vertex 26 42.2474 9
      vertex 26.129 42.1837 9
    endloop
  endfacet
  facet normal 0.44276 0.89664 0
    outer loop
      vertex 26 42.2474 9
      vertex 26.129 42.1837 2.5
      vertex 26 42.2474 2.5
    endloop
  endfacet
  facet normal -0.555502 0.831515 0
    outer loop
      vertex 27.2196 42.3273 2.5
      vertex 27.1 42.2474 9
      vertex 27.2196 42.3273 9
    endloop
  endfacet
  facet normal -0.555502 0.831515 0
    outer loop
      vertex 27.1 42.2474 9
      vertex 27.2196 42.3273 2.5
      vertex 27.1 42.2474 2.5
    endloop
  endfacet
  facet normal 0.831515 0.555502 0
    outer loop
      vertex 25.6773 42.5304 9
      vertex 25.5974 42.65 2.5
      vertex 25.5974 42.65 9
    endloop
  endfacet
  facet normal 0.831515 0.555502 0
    outer loop
      vertex 25.5974 42.65 2.5
      vertex 25.6773 42.5304 9
      vertex 25.6773 42.5304 2.5
    endloop
  endfacet
  facet normal -0.65939 0.751801 0
    outer loop
      vertex 27.3278 42.4222 2.5
      vertex 27.2196 42.3273 9
      vertex 27.3278 42.4222 9
    endloop
  endfacet
  facet normal -0.65939 0.751801 0
    outer loop
      vertex 27.2196 42.3273 9
      vertex 27.3278 42.4222 2.5
      vertex 27.2196 42.3273 2.5
    endloop
  endfacet
  facet normal 0.44276 -0.89664 0
    outer loop
      vertex 26 44.1526 2.5
      vertex 26.129 44.2163 9
      vertex 26 44.1526 9
    endloop
  endfacet
  facet normal 0.44276 -0.89664 0
    outer loop
      vertex 26.129 44.2163 9
      vertex 26 44.1526 2.5
      vertex 26.129 44.2163 2.5
    endloop
  endfacet
  facet normal 0.997864 -0.0653198 0
    outer loop
      vertex 25.45 43.2 9
      vertex 25.4594 43.3436 2.5
      vertex 25.4594 43.3436 9
    endloop
  endfacet
  facet normal 0.997864 -0.0653198 0
    outer loop
      vertex 25.4594 43.3436 2.5
      vertex 25.45 43.2 9
      vertex 25.45 43.2 2.5
    endloop
  endfacet
  facet normal -0.997864 -0.0653198 0
    outer loop
      vertex 27.65 43.2 2.5
      vertex 27.6406 43.3436 9
      vertex 27.6406 43.3436 2.5
    endloop
  endfacet
  facet normal -0.997864 -0.0653198 0
    outer loop
      vertex 27.6406 43.3436 9
      vertex 27.65 43.2 2.5
      vertex 27.65 43.2 9
    endloop
  endfacet
  facet normal 0.751801 -0.65939 0
    outer loop
      vertex 25.6773 43.8696 9
      vertex 25.7722 43.9778 2.5
      vertex 25.7722 43.9778 9
    endloop
  endfacet
  facet normal 0.751801 -0.65939 0
    outer loop
      vertex 25.7722 43.9778 2.5
      vertex 25.6773 43.8696 9
      vertex 25.6773 43.8696 2.5
    endloop
  endfacet
  facet normal -0.195314 0.980741 0
    outer loop
      vertex 26.8347 42.1375 2.5
      vertex 26.6936 42.1094 9
      vertex 26.8347 42.1375 9
    endloop
  endfacet
  facet normal -0.195314 0.980741 0
    outer loop
      vertex 26.6936 42.1094 9
      vertex 26.8347 42.1375 2.5
      vertex 26.6936 42.1094 2.5
    endloop
  endfacet
  facet normal -0.89664 -0.44276 0
    outer loop
      vertex 27.5663 43.621 2.5
      vertex 27.5026 43.75 9
      vertex 27.5026 43.75 2.5
    endloop
  endfacet
  facet normal -0.89664 -0.44276 0
    outer loop
      vertex 27.5026 43.75 9
      vertex 27.5663 43.621 2.5
      vertex 27.5663 43.621 9
    endloop
  endfacet
  facet normal -0.0653198 -0.997864 0
    outer loop
      vertex 26.55 44.3 2.5
      vertex 26.6936 44.2906 9
      vertex 26.55 44.3 9
    endloop
  endfacet
  facet normal -0.0653198 -0.997864 -0
    outer loop
      vertex 26.6936 44.2906 9
      vertex 26.55 44.3 2.5
      vertex 26.6936 44.2906 2.5
    endloop
  endfacet
  facet normal -0.947073 -0.321018 0
    outer loop
      vertex 27.6125 43.4847 2.5
      vertex 27.5663 43.621 9
      vertex 27.5663 43.621 2.5
    endloop
  endfacet
  facet normal -0.947073 -0.321018 0
    outer loop
      vertex 27.5663 43.621 9
      vertex 27.6125 43.4847 2.5
      vertex 27.6125 43.4847 9
    endloop
  endfacet
  facet normal 0.321018 -0.947073 0
    outer loop
      vertex 26.129 44.2163 2.5
      vertex 26.2653 44.2625 9
      vertex 26.129 44.2163 9
    endloop
  endfacet
  facet normal 0.321018 -0.947073 0
    outer loop
      vertex 26.2653 44.2625 9
      vertex 26.129 44.2163 2.5
      vertex 26.2653 44.2625 2.5
    endloop
  endfacet
  facet normal 0.195314 -0.980741 0
    outer loop
      vertex 26.2653 44.2625 2.5
      vertex 26.4064 44.2906 9
      vertex 26.2653 44.2625 9
    endloop
  endfacet
  facet normal 0.195314 -0.980741 0
    outer loop
      vertex 26.4064 44.2906 9
      vertex 26.2653 44.2625 2.5
      vertex 26.4064 44.2906 2.5
    endloop
  endfacet
  facet normal 0.89664 -0.44276 0
    outer loop
      vertex 25.5337 43.621 9
      vertex 25.5974 43.75 2.5
      vertex 25.5974 43.75 9
    endloop
  endfacet
  facet normal 0.89664 -0.44276 0
    outer loop
      vertex 25.5974 43.75 2.5
      vertex 25.5337 43.621 9
      vertex 25.5337 43.621 2.5
    endloop
  endfacet
  facet normal 0.555502 -0.831515 0
    outer loop
      vertex 25.8804 44.0727 2.5
      vertex 26 44.1526 9
      vertex 25.8804 44.0727 9
    endloop
  endfacet
  facet normal 0.555502 -0.831515 0
    outer loop
      vertex 26 44.1526 9
      vertex 25.8804 44.0727 2.5
      vertex 26 44.1526 2.5
    endloop
  endfacet
  facet normal 0.65939 0.751801 -0
    outer loop
      vertex 25.8804 42.3273 2.5
      vertex 25.7722 42.4222 9
      vertex 25.8804 42.3273 9
    endloop
  endfacet
  facet normal 0.65939 0.751801 0
    outer loop
      vertex 25.7722 42.4222 9
      vertex 25.8804 42.3273 2.5
      vertex 25.7722 42.4222 2.5
    endloop
  endfacet
  facet normal -0.980741 -0.195314 0
    outer loop
      vertex 27.6406 43.3436 2.5
      vertex 27.6125 43.4847 9
      vertex 27.6125 43.4847 2.5
    endloop
  endfacet
  facet normal -0.980741 -0.195314 0
    outer loop
      vertex 27.6125 43.4847 9
      vertex 27.6406 43.3436 2.5
      vertex 27.6406 43.3436 9
    endloop
  endfacet
  facet normal 0.195314 0.980741 -0
    outer loop
      vertex 26.4064 42.1094 2.5
      vertex 26.2653 42.1375 9
      vertex 26.4064 42.1094 9
    endloop
  endfacet
  facet normal 0.195314 0.980741 0
    outer loop
      vertex 26.2653 42.1375 9
      vertex 26.4064 42.1094 2.5
      vertex 26.2653 42.1375 2.5
    endloop
  endfacet
  facet normal 0.751801 0.65939 0
    outer loop
      vertex 25.7722 42.4222 9
      vertex 25.6773 42.5304 2.5
      vertex 25.6773 42.5304 9
    endloop
  endfacet
  facet normal 0.751801 0.65939 0
    outer loop
      vertex 25.6773 42.5304 2.5
      vertex 25.7722 42.4222 9
      vertex 25.7722 42.4222 2.5
    endloop
  endfacet
  facet normal -0.65939 -0.751801 0
    outer loop
      vertex 27.2196 44.0727 2.5
      vertex 27.3278 43.9778 9
      vertex 27.2196 44.0727 9
    endloop
  endfacet
  facet normal -0.65939 -0.751801 -0
    outer loop
      vertex 27.3278 43.9778 9
      vertex 27.2196 44.0727 2.5
      vertex 27.3278 43.9778 2.5
    endloop
  endfacet
  facet normal -0.751801 0.65939 0
    outer loop
      vertex 27.3278 42.4222 2.5
      vertex 27.4227 42.5304 9
      vertex 27.4227 42.5304 2.5
    endloop
  endfacet
  facet normal -0.751801 0.65939 0
    outer loop
      vertex 27.4227 42.5304 9
      vertex 27.3278 42.4222 2.5
      vertex 27.3278 42.4222 9
    endloop
  endfacet
  facet normal 0.0653198 0.997864 -0
    outer loop
      vertex 26.55 42.1 2.5
      vertex 26.4064 42.1094 9
      vertex 26.55 42.1 9
    endloop
  endfacet
  facet normal 0.0653198 0.997864 0
    outer loop
      vertex 26.4064 42.1094 9
      vertex 26.55 42.1 2.5
      vertex 26.4064 42.1094 2.5
    endloop
  endfacet
  facet normal -0.321018 -0.947073 0
    outer loop
      vertex 26.8347 44.2625 2.5
      vertex 26.971 44.2163 9
      vertex 26.8347 44.2625 9
    endloop
  endfacet
  facet normal -0.321018 -0.947073 -0
    outer loop
      vertex 26.971 44.2163 9
      vertex 26.8347 44.2625 2.5
      vertex 26.971 44.2163 2.5
    endloop
  endfacet
  facet normal -0.195314 -0.980741 0
    outer loop
      vertex 26.6936 44.2906 2.5
      vertex 26.8347 44.2625 9
      vertex 26.6936 44.2906 9
    endloop
  endfacet
  facet normal -0.195314 -0.980741 -0
    outer loop
      vertex 26.8347 44.2625 9
      vertex 26.6936 44.2906 2.5
      vertex 26.8347 44.2625 2.5
    endloop
  endfacet
  facet normal -0.89664 0.44276 0
    outer loop
      vertex 27.5026 42.65 2.5
      vertex 27.5663 42.779 9
      vertex 27.5663 42.779 2.5
    endloop
  endfacet
  facet normal -0.89664 0.44276 0
    outer loop
      vertex 27.5663 42.779 9
      vertex 27.5026 42.65 2.5
      vertex 27.5026 42.65 9
    endloop
  endfacet
  facet normal 0.65939 -0.751801 0
    outer loop
      vertex 25.7722 43.9778 2.5
      vertex 25.8804 44.0727 9
      vertex 25.7722 43.9778 9
    endloop
  endfacet
  facet normal 0.65939 -0.751801 0
    outer loop
      vertex 25.8804 44.0727 9
      vertex 25.7722 43.9778 2.5
      vertex 25.8804 44.0727 2.5
    endloop
  endfacet
  facet normal -0.831515 -0.555502 0
    outer loop
      vertex 27.5026 43.75 2.5
      vertex 27.4227 43.8696 9
      vertex 27.4227 43.8696 2.5
    endloop
  endfacet
  facet normal -0.831515 -0.555502 0
    outer loop
      vertex 27.4227 43.8696 9
      vertex 27.5026 43.75 2.5
      vertex 27.5026 43.75 9
    endloop
  endfacet
  facet normal -0.831515 0.555502 0
    outer loop
      vertex 27.4227 42.5304 2.5
      vertex 27.5026 42.65 9
      vertex 27.5026 42.65 2.5
    endloop
  endfacet
  facet normal -0.831515 0.555502 0
    outer loop
      vertex 27.5026 42.65 9
      vertex 27.4227 42.5304 2.5
      vertex 27.4227 42.5304 9
    endloop
  endfacet
  facet normal -0.946934 0.321429 0
    outer loop
      vertex 5.25815 4.18764 2.5
      vertex 5.34224 4.43537 8.5
      vertex 5.34224 4.43537 2.5
    endloop
  endfacet
  facet normal -0.946934 0.321429 0
    outer loop
      vertex 5.34224 4.43537 8.5
      vertex 5.25815 4.18764 2.5
      vertex 5.25815 4.18764 8.5
    endloop
  endfacet
  facet normal 0.980784 0.195094 0
    outer loop
      vertex 9.17289 3.93105 8.5
      vertex 9.12185 4.18764 2.5
      vertex 9.12185 4.18764 8.5
    endloop
  endfacet
  facet normal 0.980784 0.195094 0
    outer loop
      vertex 9.12185 4.18764 2.5
      vertex 9.17289 3.93105 8.5
      vertex 9.17289 3.93105 2.5
    endloop
  endfacet
  facet normal 0.997859 0.0654027 0
    outer loop
      vertex 9.19 3.67 8.5
      vertex 9.17289 3.93105 2.5
      vertex 9.17289 3.93105 8.5
    endloop
  endfacet
  facet normal 0.997859 0.0654027 0
    outer loop
      vertex 9.17289 3.93105 2.5
      vertex 9.19 3.67 8.5
      vertex 9.19 3.67 2.5
    endloop
  endfacet
  facet normal 0.946934 0.321429 0
    outer loop
      vertex 9.12185 4.18764 8.5
      vertex 9.03776 4.43537 2.5
      vertex 9.03776 4.43537 8.5
    endloop
  endfacet
  facet normal 0.946934 0.321429 0
    outer loop
      vertex 9.03776 4.43537 2.5
      vertex 9.12185 4.18764 8.5
      vertex 9.12185 4.18764 2.5
    endloop
  endfacet
  facet normal -0.997859 -0.0654027 0
    outer loop
      vertex 5.20711 3.40895 2.5
      vertex 5.19 3.67 8.5
      vertex 5.19 3.67 2.5
    endloop
  endfacet
  facet normal -0.997859 -0.0654027 0
    outer loop
      vertex 5.19 3.67 8.5
      vertex 5.20711 3.40895 2.5
      vertex 5.20711 3.40895 8.5
    endloop
  endfacet
  facet normal 0.980784 -0.195094 0
    outer loop
      vertex 9.12185 3.15236 8.5
      vertex 9.17289 3.40895 2.5
      vertex 9.17289 3.40895 8.5
    endloop
  endfacet
  facet normal 0.980784 -0.195094 0
    outer loop
      vertex 9.17289 3.40895 2.5
      vertex 9.12185 3.15236 8.5
      vertex 9.12185 3.15236 2.5
    endloop
  endfacet
  facet normal -0.0654027 -0.997859 0
    outer loop
      vertex 6.92895 1.68711 2.5
      vertex 7.19 1.67 8.5
      vertex 6.92895 1.68711 8.5
    endloop
  endfacet
  facet normal -0.0654027 -0.997859 -0
    outer loop
      vertex 7.19 1.67 8.5
      vertex 6.92895 1.68711 2.5
      vertex 7.19 1.67 2.5
    endloop
  endfacet
  facet normal 0.555564 0.831474 -0
    outer loop
      vertex 8.40752 5.25671 2.5
      vertex 8.19 5.40205 8.5
      vertex 8.40752 5.25671 8.5
    endloop
  endfacet
  facet normal 0.555564 0.831474 0
    outer loop
      vertex 8.19 5.40205 8.5
      vertex 8.40752 5.25671 2.5
      vertex 8.19 5.40205 2.5
    endloop
  endfacet
  facet normal 0.946934 -0.321429 0
    outer loop
      vertex 9.03776 2.90463 8.5
      vertex 9.12185 3.15236 2.5
      vertex 9.12185 3.15236 8.5
    endloop
  endfacet
  facet normal 0.946934 -0.321429 0
    outer loop
      vertex 9.12185 3.15236 2.5
      vertex 9.03776 2.90463 8.5
      vertex 9.03776 2.90463 2.5
    endloop
  endfacet
  facet normal -0.442299 -0.896868 0
    outer loop
      vertex 6.19 1.93795 2.5
      vertex 6.42463 1.82224 8.5
      vertex 6.19 1.93795 8.5
    endloop
  endfacet
  facet normal -0.442299 -0.896868 -0
    outer loop
      vertex 6.42463 1.82224 8.5
      vertex 6.19 1.93795 2.5
      vertex 6.42463 1.82224 2.5
    endloop
  endfacet
  facet normal 0.0654027 -0.997859 0
    outer loop
      vertex 7.19 1.67 2.5
      vertex 7.45105 1.68711 8.5
      vertex 7.19 1.67 8.5
    endloop
  endfacet
  facet normal 0.0654027 -0.997859 0
    outer loop
      vertex 7.45105 1.68711 8.5
      vertex 7.19 1.67 2.5
      vertex 7.45105 1.68711 2.5
    endloop
  endfacet
  facet normal -0.0654027 0.997859 0
    outer loop
      vertex 7.19 5.67 2.5
      vertex 6.92895 5.65289 8.5
      vertex 7.19 5.67 8.5
    endloop
  endfacet
  facet normal -0.0654027 0.997859 0
    outer loop
      vertex 6.92895 5.65289 8.5
      vertex 7.19 5.67 2.5
      vertex 6.92895 5.65289 2.5
    endloop
  endfacet
  facet normal 0.896868 0.442299 0
    outer loop
      vertex 9.03776 4.43537 8.5
      vertex 8.92205 4.67 2.5
      vertex 8.92205 4.67 8.5
    endloop
  endfacet
  facet normal 0.896868 0.442299 0
    outer loop
      vertex 8.92205 4.67 2.5
      vertex 9.03776 4.43537 8.5
      vertex 9.03776 4.43537 2.5
    endloop
  endfacet
  facet normal -0.896868 -0.442299 0
    outer loop
      vertex 5.45795 2.67 2.5
      vertex 5.34224 2.90463 8.5
      vertex 5.34224 2.90463 2.5
    endloop
  endfacet
  facet normal -0.896868 -0.442299 0
    outer loop
      vertex 5.34224 2.90463 8.5
      vertex 5.45795 2.67 2.5
      vertex 5.45795 2.67 8.5
    endloop
  endfacet
  facet normal -0.980784 -0.195094 0
    outer loop
      vertex 5.25815 3.15236 2.5
      vertex 5.20711 3.40895 8.5
      vertex 5.20711 3.40895 2.5
    endloop
  endfacet
  facet normal -0.980784 -0.195094 0
    outer loop
      vertex 5.20711 3.40895 8.5
      vertex 5.25815 3.15236 2.5
      vertex 5.25815 3.15236 8.5
    endloop
  endfacet
  facet normal 0.831474 -0.555564 0
    outer loop
      vertex 8.77671 2.45248 8.5
      vertex 8.92205 2.67 2.5
      vertex 8.92205 2.67 8.5
    endloop
  endfacet
  facet normal 0.831474 -0.555564 0
    outer loop
      vertex 8.92205 2.67 2.5
      vertex 8.77671 2.45248 8.5
      vertex 8.77671 2.45248 2.5
    endloop
  endfacet
  facet normal -0.751826 -0.659362 0
    outer loop
      vertex 5.77579 2.25579 2.5
      vertex 5.60329 2.45248 8.5
      vertex 5.60329 2.45248 2.5
    endloop
  endfacet
  facet normal -0.751826 -0.659362 0
    outer loop
      vertex 5.60329 2.45248 8.5
      vertex 5.77579 2.25579 2.5
      vertex 5.77579 2.25579 8.5
    endloop
  endfacet
  facet normal -0.321429 0.946934 0
    outer loop
      vertex 6.67236 5.60185 2.5
      vertex 6.42463 5.51776 8.5
      vertex 6.67236 5.60185 8.5
    endloop
  endfacet
  facet normal -0.321429 0.946934 0
    outer loop
      vertex 6.42463 5.51776 8.5
      vertex 6.67236 5.60185 2.5
      vertex 6.42463 5.51776 2.5
    endloop
  endfacet
  facet normal 0.442299 0.896868 -0
    outer loop
      vertex 8.19 5.40205 2.5
      vertex 7.95537 5.51776 8.5
      vertex 8.19 5.40205 8.5
    endloop
  endfacet
  facet normal 0.442299 0.896868 0
    outer loop
      vertex 7.95537 5.51776 8.5
      vertex 8.19 5.40205 2.5
      vertex 7.95537 5.51776 2.5
    endloop
  endfacet
  facet normal -0.896868 0.442299 0
    outer loop
      vertex 5.34224 4.43537 2.5
      vertex 5.45795 4.67 8.5
      vertex 5.45795 4.67 2.5
    endloop
  endfacet
  facet normal -0.896868 0.442299 0
    outer loop
      vertex 5.45795 4.67 8.5
      vertex 5.34224 4.43537 2.5
      vertex 5.34224 4.43537 8.5
    endloop
  endfacet
  facet normal 0.659362 0.751826 -0
    outer loop
      vertex 8.60421 5.08421 2.5
      vertex 8.40752 5.25671 8.5
      vertex 8.60421 5.08421 8.5
    endloop
  endfacet
  facet normal 0.659362 0.751826 0
    outer loop
      vertex 8.40752 5.25671 8.5
      vertex 8.60421 5.08421 2.5
      vertex 8.40752 5.25671 2.5
    endloop
  endfacet
  facet normal -0.555564 0.831474 0
    outer loop
      vertex 6.19 5.40205 2.5
      vertex 5.97248 5.25671 8.5
      vertex 6.19 5.40205 8.5
    endloop
  endfacet
  facet normal -0.555564 0.831474 0
    outer loop
      vertex 5.97248 5.25671 8.5
      vertex 6.19 5.40205 2.5
      vertex 5.97248 5.25671 2.5
    endloop
  endfacet
  facet normal 0.195094 -0.980784 0
    outer loop
      vertex 7.45105 1.68711 2.5
      vertex 7.70764 1.73815 8.5
      vertex 7.45105 1.68711 8.5
    endloop
  endfacet
  facet normal 0.195094 -0.980784 0
    outer loop
      vertex 7.70764 1.73815 8.5
      vertex 7.45105 1.68711 2.5
      vertex 7.70764 1.73815 2.5
    endloop
  endfacet
  facet normal 0.831474 0.555564 0
    outer loop
      vertex 8.92205 4.67 8.5
      vertex 8.77671 4.88752 2.5
      vertex 8.77671 4.88752 8.5
    endloop
  endfacet
  facet normal 0.831474 0.555564 0
    outer loop
      vertex 8.77671 4.88752 2.5
      vertex 8.92205 4.67 8.5
      vertex 8.92205 4.67 2.5
    endloop
  endfacet
  facet normal 0.321429 0.946934 -0
    outer loop
      vertex 7.95537 5.51776 2.5
      vertex 7.70764 5.60185 8.5
      vertex 7.95537 5.51776 8.5
    endloop
  endfacet
  facet normal 0.321429 0.946934 0
    outer loop
      vertex 7.70764 5.60185 8.5
      vertex 7.95537 5.51776 2.5
      vertex 7.70764 5.60185 2.5
    endloop
  endfacet
  facet normal 0.997859 -0.0654027 0
    outer loop
      vertex 9.17289 3.40895 8.5
      vertex 9.19 3.67 2.5
      vertex 9.19 3.67 8.5
    endloop
  endfacet
  facet normal 0.997859 -0.0654027 0
    outer loop
      vertex 9.19 3.67 2.5
      vertex 9.17289 3.40895 8.5
      vertex 9.17289 3.40895 2.5
    endloop
  endfacet
  facet normal -0.659362 0.751826 0
    outer loop
      vertex 5.97248 5.25671 2.5
      vertex 5.77579 5.08421 8.5
      vertex 5.97248 5.25671 8.5
    endloop
  endfacet
  facet normal -0.659362 0.751826 0
    outer loop
      vertex 5.77579 5.08421 8.5
      vertex 5.97248 5.25671 2.5
      vertex 5.77579 5.08421 2.5
    endloop
  endfacet
  facet normal -0.442299 0.896868 0
    outer loop
      vertex 6.42463 5.51776 2.5
      vertex 6.19 5.40205 8.5
      vertex 6.42463 5.51776 8.5
    endloop
  endfacet
  facet normal -0.442299 0.896868 0
    outer loop
      vertex 6.19 5.40205 8.5
      vertex 6.42463 5.51776 2.5
      vertex 6.19 5.40205 2.5
    endloop
  endfacet
  facet normal -0.751826 0.659362 0
    outer loop
      vertex 5.60329 4.88752 2.5
      vertex 5.77579 5.08421 8.5
      vertex 5.77579 5.08421 2.5
    endloop
  endfacet
  facet normal -0.751826 0.659362 0
    outer loop
      vertex 5.77579 5.08421 8.5
      vertex 5.60329 4.88752 2.5
      vertex 5.60329 4.88752 8.5
    endloop
  endfacet
  facet normal 0.751826 -0.659362 0
    outer loop
      vertex 8.60421 2.25579 8.5
      vertex 8.77671 2.45248 2.5
      vertex 8.77671 2.45248 8.5
    endloop
  endfacet
  facet normal 0.751826 -0.659362 0
    outer loop
      vertex 8.77671 2.45248 2.5
      vertex 8.60421 2.25579 8.5
      vertex 8.60421 2.25579 2.5
    endloop
  endfacet
  facet normal -0.195094 0.980784 0
    outer loop
      vertex 6.92895 5.65289 2.5
      vertex 6.67236 5.60185 8.5
      vertex 6.92895 5.65289 8.5
    endloop
  endfacet
  facet normal -0.195094 0.980784 0
    outer loop
      vertex 6.67236 5.60185 8.5
      vertex 6.92895 5.65289 2.5
      vertex 6.67236 5.60185 2.5
    endloop
  endfacet
  facet normal -0.555564 -0.831474 0
    outer loop
      vertex 5.97248 2.08329 2.5
      vertex 6.19 1.93795 8.5
      vertex 5.97248 2.08329 8.5
    endloop
  endfacet
  facet normal -0.555564 -0.831474 -0
    outer loop
      vertex 6.19 1.93795 8.5
      vertex 5.97248 2.08329 2.5
      vertex 6.19 1.93795 2.5
    endloop
  endfacet
  facet normal -0.997859 0.0654027 0
    outer loop
      vertex 5.19 3.67 2.5
      vertex 5.20711 3.93105 8.5
      vertex 5.20711 3.93105 2.5
    endloop
  endfacet
  facet normal -0.997859 0.0654027 0
    outer loop
      vertex 5.20711 3.93105 8.5
      vertex 5.19 3.67 2.5
      vertex 5.19 3.67 8.5
    endloop
  endfacet
  facet normal 0.896868 -0.442299 0
    outer loop
      vertex 8.92205 2.67 8.5
      vertex 9.03776 2.90463 2.5
      vertex 9.03776 2.90463 8.5
    endloop
  endfacet
  facet normal 0.896868 -0.442299 0
    outer loop
      vertex 9.03776 2.90463 2.5
      vertex 8.92205 2.67 8.5
      vertex 8.92205 2.67 2.5
    endloop
  endfacet
  facet normal 0.555564 -0.831474 0
    outer loop
      vertex 8.19 1.93795 2.5
      vertex 8.40752 2.08329 8.5
      vertex 8.19 1.93795 8.5
    endloop
  endfacet
  facet normal 0.555564 -0.831474 0
    outer loop
      vertex 8.40752 2.08329 8.5
      vertex 8.19 1.93795 2.5
      vertex 8.40752 2.08329 2.5
    endloop
  endfacet
  facet normal -0.195094 -0.980784 0
    outer loop
      vertex 6.67236 1.73815 2.5
      vertex 6.92895 1.68711 8.5
      vertex 6.67236 1.73815 8.5
    endloop
  endfacet
  facet normal -0.195094 -0.980784 -0
    outer loop
      vertex 6.92895 1.68711 8.5
      vertex 6.67236 1.73815 2.5
      vertex 6.92895 1.68711 2.5
    endloop
  endfacet
  facet normal -0.946934 -0.321429 0
    outer loop
      vertex 5.34224 2.90463 2.5
      vertex 5.25815 3.15236 8.5
      vertex 5.25815 3.15236 2.5
    endloop
  endfacet
  facet normal -0.946934 -0.321429 0
    outer loop
      vertex 5.25815 3.15236 8.5
      vertex 5.34224 2.90463 2.5
      vertex 5.34224 2.90463 8.5
    endloop
  endfacet
  facet normal 0.751826 0.659362 0
    outer loop
      vertex 8.77671 4.88752 8.5
      vertex 8.60421 5.08421 2.5
      vertex 8.60421 5.08421 8.5
    endloop
  endfacet
  facet normal 0.751826 0.659362 0
    outer loop
      vertex 8.60421 5.08421 2.5
      vertex 8.77671 4.88752 8.5
      vertex 8.77671 4.88752 2.5
    endloop
  endfacet
  facet normal 0.195094 0.980784 -0
    outer loop
      vertex 7.70764 5.60185 2.5
      vertex 7.45105 5.65289 8.5
      vertex 7.70764 5.60185 8.5
    endloop
  endfacet
  facet normal 0.195094 0.980784 0
    outer loop
      vertex 7.45105 5.65289 8.5
      vertex 7.70764 5.60185 2.5
      vertex 7.45105 5.65289 2.5
    endloop
  endfacet
  facet normal 0.442299 -0.896868 0
    outer loop
      vertex 7.95537 1.82224 2.5
      vertex 8.19 1.93795 8.5
      vertex 7.95537 1.82224 8.5
    endloop
  endfacet
  facet normal 0.442299 -0.896868 0
    outer loop
      vertex 8.19 1.93795 8.5
      vertex 7.95537 1.82224 2.5
      vertex 8.19 1.93795 2.5
    endloop
  endfacet
  facet normal 0 0 1
    outer loop
      vertex 7.615 3.67 8.5
      vertex 9.19 3.67 8.5
      vertex 9.17289 3.93105 8.5
    endloop
  endfacet
  facet normal 0 0 1
    outer loop
      vertex 7.61136 3.72547 8.5
      vertex 9.17289 3.93105 8.5
      vertex 9.12185 4.18764 8.5
    endloop
  endfacet
  facet normal 0 0 1
    outer loop
      vertex 9.19 3.67 8.5
      vertex 7.615 3.67 8.5
      vertex 9.17289 3.40895 8.5
    endloop
  endfacet
  facet normal 0 0 1
    outer loop
      vertex 7.60052 3.78 8.5
      vertex 9.12185 4.18764 8.5
      vertex 9.03776 4.43537 8.5
    endloop
  endfacet
  facet normal -0 0 1
    outer loop
      vertex 7.61136 3.61453 8.5
      vertex 9.17289 3.40895 8.5
      vertex 7.615 3.67 8.5
    endloop
  endfacet
  facet normal 0 0 1
    outer loop
      vertex 7.58265 3.83264 8.5
      vertex 9.03776 4.43537 8.5
      vertex 8.92205 4.67 8.5
    endloop
  endfacet
  facet normal 0 0 1
    outer loop
      vertex 9.17289 3.40895 8.5
      vertex 7.61136 3.61453 8.5
      vertex 9.12185 3.15236 8.5
    endloop
  endfacet
  facet normal 0 0 1
    outer loop
      vertex 7.55806 3.8825 8.5
      vertex 8.92205 4.67 8.5
      vertex 8.77671 4.88752 8.5
    endloop
  endfacet
  facet normal -0 0 1
    outer loop
      vertex 7.60052 3.56 8.5
      vertex 9.12185 3.15236 8.5
      vertex 7.61136 3.61453 8.5
    endloop
  endfacet
  facet normal 0 0 1
    outer loop
      vertex 7.52717 3.92872 8.5
      vertex 8.77671 4.88752 8.5
      vertex 8.60421 5.08421 8.5
    endloop
  endfacet
  facet normal 0 0 1
    outer loop
      vertex 9.12185 3.15236 8.5
      vertex 7.60052 3.56 8.5
      vertex 9.03776 2.90463 8.5
    endloop
  endfacet
  facet normal 0 0 1
    outer loop
      vertex 7.49052 3.97052 8.5
      vertex 8.60421 5.08421 8.5
      vertex 8.40752 5.25671 8.5
    endloop
  endfacet
  facet normal -0 0 1
    outer loop
      vertex 7.58265 3.50736 8.5
      vertex 9.03776 2.90463 8.5
      vertex 7.60052 3.56 8.5
    endloop
  endfacet
  facet normal 0 0 1
    outer loop
      vertex 7.44872 4.00717 8.5
      vertex 8.40752 5.25671 8.5
      vertex 8.19 5.40205 8.5
    endloop
  endfacet
  facet normal 0 0 1
    outer loop
      vertex 9.03776 2.90463 8.5
      vertex 7.58265 3.50736 8.5
      vertex 8.92205 2.67 8.5
    endloop
  endfacet
  facet normal 0 0 1
    outer loop
      vertex 7.4025 4.03806 8.5
      vertex 8.19 5.40205 8.5
      vertex 7.95537 5.51776 8.5
    endloop
  endfacet
  facet normal -0 0 1
    outer loop
      vertex 7.55806 3.4575 8.5
      vertex 8.92205 2.67 8.5
      vertex 7.58265 3.50736 8.5
    endloop
  endfacet
  facet normal 0 0 1
    outer loop
      vertex 7.35264 4.06265 8.5
      vertex 7.95537 5.51776 8.5
      vertex 7.70764 5.60185 8.5
    endloop
  endfacet
  facet normal 0 0 1
    outer loop
      vertex 8.92205 2.67 8.5
      vertex 7.55806 3.4575 8.5
      vertex 8.77671 2.45248 8.5
    endloop
  endfacet
  facet normal -0 0 1
    outer loop
      vertex 7.52717 3.41128 8.5
      vertex 8.77671 2.45248 8.5
      vertex 7.55806 3.4575 8.5
    endloop
  endfacet
  facet normal 0 0 1
    outer loop
      vertex 9.17289 3.93105 8.5
      vertex 7.61136 3.72547 8.5
      vertex 7.615 3.67 8.5
    endloop
  endfacet
  facet normal 0 0 1
    outer loop
      vertex 9.12185 4.18764 8.5
      vertex 7.60052 3.78 8.5
      vertex 7.61136 3.72547 8.5
    endloop
  endfacet
  facet normal 0 0 1
    outer loop
      vertex 9.03776 4.43537 8.5
      vertex 7.58265 3.83264 8.5
      vertex 7.60052 3.78 8.5
    endloop
  endfacet
  facet normal 0 0 1
    outer loop
      vertex 8.92205 4.67 8.5
      vertex 7.55806 3.8825 8.5
      vertex 7.58265 3.83264 8.5
    endloop
  endfacet
  facet normal 0 0 1
    outer loop
      vertex 8.77671 4.88752 8.5
      vertex 7.52717 3.92872 8.5
      vertex 7.55806 3.8825 8.5
    endloop
  endfacet
  facet normal 0 0 1
    outer loop
      vertex 8.60421 5.08421 8.5
      vertex 7.49052 3.97052 8.5
      vertex 7.52717 3.92872 8.5
    endloop
  endfacet
  facet normal 0 0 1
    outer loop
      vertex 7.3 4.08052 8.5
      vertex 7.70764 5.60185 8.5
      vertex 7.45105 5.65289 8.5
    endloop
  endfacet
  facet normal 0 0 1
    outer loop
      vertex 8.40752 5.25671 8.5
      vertex 7.44872 4.00717 8.5
      vertex 7.49052 3.97052 8.5
    endloop
  endfacet
  facet normal 0 0 1
    outer loop
      vertex 8.19 5.40205 8.5
      vertex 7.4025 4.03806 8.5
      vertex 7.44872 4.00717 8.5
    endloop
  endfacet
  facet normal 0 0 1
    outer loop
      vertex 7.95537 5.51776 8.5
      vertex 7.35264 4.06265 8.5
      vertex 7.4025 4.03806 8.5
    endloop
  endfacet
  facet normal 0 0 1
    outer loop
      vertex 7.70764 5.60185 8.5
      vertex 7.3 4.08052 8.5
      vertex 7.35264 4.06265 8.5
    endloop
  endfacet
  facet normal 0 0 1
    outer loop
      vertex 7.45105 5.65289 8.5
      vertex 7.24547 4.09136 8.5
      vertex 7.3 4.08052 8.5
    endloop
  endfacet
  facet normal 0 0 1
    outer loop
      vertex 7.19 5.67 8.5
      vertex 7.24547 4.09136 8.5
      vertex 7.45105 5.65289 8.5
    endloop
  endfacet
  facet normal 0 0 1
    outer loop
      vertex 7.19 5.67 8.5
      vertex 7.19 4.095 8.5
      vertex 7.24547 4.09136 8.5
    endloop
  endfacet
  facet normal 0 0 1
    outer loop
      vertex 7.19 5.67 8.5
      vertex 7.13453 4.09136 8.5
      vertex 7.19 4.095 8.5
    endloop
  endfacet
  facet normal -0 0 1
    outer loop
      vertex 6.92895 5.65289 8.5
      vertex 7.13453 4.09136 8.5
      vertex 7.19 5.67 8.5
    endloop
  endfacet
  facet normal 0 0 1
    outer loop
      vertex 7.13453 4.09136 8.5
      vertex 6.92895 5.65289 8.5
      vertex 7.08 4.08052 8.5
    endloop
  endfacet
  facet normal -0 0 1
    outer loop
      vertex 6.67236 5.60185 8.5
      vertex 7.08 4.08052 8.5
      vertex 6.92895 5.65289 8.5
    endloop
  endfacet
  facet normal 0 0 1
    outer loop
      vertex 7.08 4.08052 8.5
      vertex 6.67236 5.60185 8.5
      vertex 7.02736 4.06265 8.5
    endloop
  endfacet
  facet normal -0 0 1
    outer loop
      vertex 6.42463 5.51776 8.5
      vertex 7.02736 4.06265 8.5
      vertex 6.67236 5.60185 8.5
    endloop
  endfacet
  facet normal 0 0 1
    outer loop
      vertex 7.02736 4.06265 8.5
      vertex 6.42463 5.51776 8.5
      vertex 6.9775 4.03806 8.5
    endloop
  endfacet
  facet normal -0 0 1
    outer loop
      vertex 6.19 5.40205 8.5
      vertex 6.9775 4.03806 8.5
      vertex 6.42463 5.51776 8.5
    endloop
  endfacet
  facet normal 0 0 1
    outer loop
      vertex 6.9775 4.03806 8.5
      vertex 6.19 5.40205 8.5
      vertex 6.93128 4.00717 8.5
    endloop
  endfacet
  facet normal -0 0 1
    outer loop
      vertex 5.97248 5.25671 8.5
      vertex 6.93128 4.00717 8.5
      vertex 6.19 5.40205 8.5
    endloop
  endfacet
  facet normal 0 0 1
    outer loop
      vertex 6.93128 4.00717 8.5
      vertex 5.97248 5.25671 8.5
      vertex 6.88948 3.97052 8.5
    endloop
  endfacet
  facet normal -0 0 1
    outer loop
      vertex 5.77579 5.08421 8.5
      vertex 6.88948 3.97052 8.5
      vertex 5.97248 5.25671 8.5
    endloop
  endfacet
  facet normal -0 0 1
    outer loop
      vertex 5.60329 4.88752 8.5
      vertex 6.85282 3.92872 8.5
      vertex 5.77579 5.08421 8.5
    endloop
  endfacet
  facet normal 0 0 1
    outer loop
      vertex 6.88948 3.97052 8.5
      vertex 5.77579 5.08421 8.5
      vertex 6.85282 3.92872 8.5
    endloop
  endfacet
  facet normal 0 0 1
    outer loop
      vertex 8.77671 2.45248 8.5
      vertex 7.52717 3.41128 8.5
      vertex 8.60421 2.25579 8.5
    endloop
  endfacet
  facet normal -0 0 1
    outer loop
      vertex 7.49052 3.36948 8.5
      vertex 8.60421 2.25579 8.5
      vertex 7.52717 3.41128 8.5
    endloop
  endfacet
  facet normal 0 0 1
    outer loop
      vertex 8.60421 2.25579 8.5
      vertex 7.49052 3.36948 8.5
      vertex 8.40752 2.08329 8.5
    endloop
  endfacet
  facet normal -0 0 1
    outer loop
      vertex 7.44872 3.33282 8.5
      vertex 8.40752 2.08329 8.5
      vertex 7.49052 3.36948 8.5
    endloop
  endfacet
  facet normal 0 0 1
    outer loop
      vertex 8.40752 2.08329 8.5
      vertex 7.44872 3.33282 8.5
      vertex 8.19 1.93795 8.5
    endloop
  endfacet
  facet normal -0 0 1
    outer loop
      vertex 7.4025 3.30194 8.5
      vertex 8.19 1.93795 8.5
      vertex 7.44872 3.33282 8.5
    endloop
  endfacet
  facet normal 0 0 1
    outer loop
      vertex 8.19 1.93795 8.5
      vertex 7.4025 3.30194 8.5
      vertex 7.95537 1.82224 8.5
    endloop
  endfacet
  facet normal -0 0 1
    outer loop
      vertex 7.35264 3.27735 8.5
      vertex 7.95537 1.82224 8.5
      vertex 7.4025 3.30194 8.5
    endloop
  endfacet
  facet normal 0 0 1
    outer loop
      vertex 7.95537 1.82224 8.5
      vertex 7.35264 3.27735 8.5
      vertex 7.70764 1.73815 8.5
    endloop
  endfacet
  facet normal -0 0 1
    outer loop
      vertex 7.3 3.25948 8.5
      vertex 7.70764 1.73815 8.5
      vertex 7.35264 3.27735 8.5
    endloop
  endfacet
  facet normal 0 0 1
    outer loop
      vertex 7.70764 1.73815 8.5
      vertex 7.3 3.25948 8.5
      vertex 7.45105 1.68711 8.5
    endloop
  endfacet
  facet normal -0 0 1
    outer loop
      vertex 7.24547 3.24864 8.5
      vertex 7.45105 1.68711 8.5
      vertex 7.3 3.25948 8.5
    endloop
  endfacet
  facet normal -0 0 1
    outer loop
      vertex 7.19 3.245 8.5
      vertex 7.45105 1.68711 8.5
      vertex 7.24547 3.24864 8.5
    endloop
  endfacet
  facet normal 0 0 1
    outer loop
      vertex 7.19 3.245 8.5
      vertex 7.19 1.67 8.5
      vertex 7.45105 1.68711 8.5
    endloop
  endfacet
  facet normal 0 0 1
    outer loop
      vertex 7.13453 3.24864 8.5
      vertex 7.19 1.67 8.5
      vertex 7.19 3.245 8.5
    endloop
  endfacet
  facet normal 0 0 1
    outer loop
      vertex 6.92895 1.68711 8.5
      vertex 7.13453 3.24864 8.5
      vertex 7.08 3.25948 8.5
    endloop
  endfacet
  facet normal 0 0 1
    outer loop
      vertex 6.67236 1.73815 8.5
      vertex 7.08 3.25948 8.5
      vertex 7.02736 3.27735 8.5
    endloop
  endfacet
  facet normal 0 0 1
    outer loop
      vertex 6.42463 1.82224 8.5
      vertex 7.02736 3.27735 8.5
      vertex 6.9775 3.30194 8.5
    endloop
  endfacet
  facet normal 0 0 1
    outer loop
      vertex 6.19 1.93795 8.5
      vertex 6.9775 3.30194 8.5
      vertex 6.93128 3.33282 8.5
    endloop
  endfacet
  facet normal 0 0 1
    outer loop
      vertex 7.13453 3.24864 8.5
      vertex 6.92895 1.68711 8.5
      vertex 7.19 1.67 8.5
    endloop
  endfacet
  facet normal 0 0 1
    outer loop
      vertex 5.97248 2.08329 8.5
      vertex 6.93128 3.33282 8.5
      vertex 6.88948 3.36948 8.5
    endloop
  endfacet
  facet normal 0 0 1
    outer loop
      vertex 5.77579 2.25579 8.5
      vertex 6.88948 3.36948 8.5
      vertex 6.85282 3.41128 8.5
    endloop
  endfacet
  facet normal 0 0 1
    outer loop
      vertex 5.60329 2.45248 8.5
      vertex 6.85282 3.41128 8.5
      vertex 6.82194 3.4575 8.5
    endloop
  endfacet
  facet normal 0 0 1
    outer loop
      vertex 5.45795 2.67 8.5
      vertex 6.82194 3.4575 8.5
      vertex 6.79735 3.50736 8.5
    endloop
  endfacet
  facet normal 0 0 1
    outer loop
      vertex 5.34224 2.90463 8.5
      vertex 6.79735 3.50736 8.5
      vertex 6.77948 3.56 8.5
    endloop
  endfacet
  facet normal 0 0 1
    outer loop
      vertex 5.25815 3.15236 8.5
      vertex 6.77948 3.56 8.5
      vertex 6.76864 3.61453 8.5
    endloop
  endfacet
  facet normal 0 0 1
    outer loop
      vertex 7.08 3.25948 8.5
      vertex 6.67236 1.73815 8.5
      vertex 6.92895 1.68711 8.5
    endloop
  endfacet
  facet normal 0 0 1
    outer loop
      vertex 5.20711 3.40895 8.5
      vertex 6.76864 3.61453 8.5
      vertex 6.765 3.67 8.5
    endloop
  endfacet
  facet normal 0 0 1
    outer loop
      vertex 6.85282 3.92872 8.5
      vertex 5.60329 4.88752 8.5
      vertex 6.82194 3.8825 8.5
    endloop
  endfacet
  facet normal -0 0 1
    outer loop
      vertex 5.45795 4.67 8.5
      vertex 6.82194 3.8825 8.5
      vertex 5.60329 4.88752 8.5
    endloop
  endfacet
  facet normal 0 0 1
    outer loop
      vertex 7.02736 3.27735 8.5
      vertex 6.42463 1.82224 8.5
      vertex 6.67236 1.73815 8.5
    endloop
  endfacet
  facet normal 0 0 1
    outer loop
      vertex 6.82194 3.8825 8.5
      vertex 5.45795 4.67 8.5
      vertex 6.79735 3.83264 8.5
    endloop
  endfacet
  facet normal 0 0 1
    outer loop
      vertex 6.9775 3.30194 8.5
      vertex 6.19 1.93795 8.5
      vertex 6.42463 1.82224 8.5
    endloop
  endfacet
  facet normal -0 0 1
    outer loop
      vertex 5.34224 4.43537 8.5
      vertex 6.79735 3.83264 8.5
      vertex 5.45795 4.67 8.5
    endloop
  endfacet
  facet normal 0 0 1
    outer loop
      vertex 6.93128 3.33282 8.5
      vertex 5.97248 2.08329 8.5
      vertex 6.19 1.93795 8.5
    endloop
  endfacet
  facet normal 0 0 1
    outer loop
      vertex 6.79735 3.83264 8.5
      vertex 5.34224 4.43537 8.5
      vertex 6.77948 3.78 8.5
    endloop
  endfacet
  facet normal 0 0 1
    outer loop
      vertex 6.88948 3.36948 8.5
      vertex 5.77579 2.25579 8.5
      vertex 5.97248 2.08329 8.5
    endloop
  endfacet
  facet normal -0 0 1
    outer loop
      vertex 5.25815 4.18764 8.5
      vertex 6.77948 3.78 8.5
      vertex 5.34224 4.43537 8.5
    endloop
  endfacet
  facet normal 0 0 1
    outer loop
      vertex 6.85282 3.41128 8.5
      vertex 5.60329 2.45248 8.5
      vertex 5.77579 2.25579 8.5
    endloop
  endfacet
  facet normal 0 0 1
    outer loop
      vertex 6.77948 3.78 8.5
      vertex 5.25815 4.18764 8.5
      vertex 6.76864 3.72547 8.5
    endloop
  endfacet
  facet normal 0 0 1
    outer loop
      vertex 6.82194 3.4575 8.5
      vertex 5.45795 2.67 8.5
      vertex 5.60329 2.45248 8.5
    endloop
  endfacet
  facet normal -0 0 1
    outer loop
      vertex 5.20711 3.93105 8.5
      vertex 6.76864 3.72547 8.5
      vertex 5.25815 4.18764 8.5
    endloop
  endfacet
  facet normal 0 0 1
    outer loop
      vertex 6.79735 3.50736 8.5
      vertex 5.34224 2.90463 8.5
      vertex 5.45795 2.67 8.5
    endloop
  endfacet
  facet normal 0 0 1
    outer loop
      vertex 6.76864 3.72547 8.5
      vertex 5.20711 3.93105 8.5
      vertex 6.765 3.67 8.5
    endloop
  endfacet
  facet normal 0 0 1
    outer loop
      vertex 6.77948 3.56 8.5
      vertex 5.25815 3.15236 8.5
      vertex 5.34224 2.90463 8.5
    endloop
  endfacet
  facet normal 0 0 1
    outer loop
      vertex 5.19 3.67 8.5
      vertex 6.765 3.67 8.5
      vertex 5.20711 3.93105 8.5
    endloop
  endfacet
  facet normal 0 0 1
    outer loop
      vertex 6.76864 3.61453 8.5
      vertex 5.20711 3.40895 8.5
      vertex 5.25815 3.15236 8.5
    endloop
  endfacet
  facet normal 0 0 1
    outer loop
      vertex 6.765 3.67 8.5
      vertex 5.19 3.67 8.5
      vertex 5.20711 3.40895 8.5
    endloop
  endfacet
  facet normal -0.980784 0.195094 0
    outer loop
      vertex 5.20711 3.93105 2.5
      vertex 5.25815 4.18764 8.5
      vertex 5.25815 4.18764 2.5
    endloop
  endfacet
  facet normal -0.980784 0.195094 0
    outer loop
      vertex 5.25815 4.18764 8.5
      vertex 5.20711 3.93105 2.5
      vertex 5.20711 3.93105 8.5
    endloop
  endfacet
  facet normal -0.831474 0.555564 0
    outer loop
      vertex 5.45795 4.67 2.5
      vertex 5.60329 4.88752 8.5
      vertex 5.60329 4.88752 2.5
    endloop
  endfacet
  facet normal -0.831474 0.555564 0
    outer loop
      vertex 5.60329 4.88752 8.5
      vertex 5.45795 4.67 2.5
      vertex 5.45795 4.67 8.5
    endloop
  endfacet
  facet normal 0.0654027 0.997859 -0
    outer loop
      vertex 7.45105 5.65289 2.5
      vertex 7.19 5.67 8.5
      vertex 7.45105 5.65289 8.5
    endloop
  endfacet
  facet normal 0.0654027 0.997859 0
    outer loop
      vertex 7.19 5.67 8.5
      vertex 7.45105 5.65289 2.5
      vertex 7.19 5.67 2.5
    endloop
  endfacet
  facet normal 0.321429 -0.946934 0
    outer loop
      vertex 7.70764 1.73815 2.5
      vertex 7.95537 1.82224 8.5
      vertex 7.70764 1.73815 8.5
    endloop
  endfacet
  facet normal 0.321429 -0.946934 0
    outer loop
      vertex 7.95537 1.82224 8.5
      vertex 7.70764 1.73815 2.5
      vertex 7.95537 1.82224 2.5
    endloop
  endfacet
  facet normal -0.321429 -0.946934 0
    outer loop
      vertex 6.42463 1.82224 2.5
      vertex 6.67236 1.73815 8.5
      vertex 6.42463 1.82224 8.5
    endloop
  endfacet
  facet normal -0.321429 -0.946934 -0
    outer loop
      vertex 6.67236 1.73815 8.5
      vertex 6.42463 1.82224 2.5
      vertex 6.67236 1.73815 2.5
    endloop
  endfacet
  facet normal -0.659362 -0.751826 0
    outer loop
      vertex 5.77579 2.25579 2.5
      vertex 5.97248 2.08329 8.5
      vertex 5.77579 2.25579 8.5
    endloop
  endfacet
  facet normal -0.659362 -0.751826 -0
    outer loop
      vertex 5.97248 2.08329 8.5
      vertex 5.77579 2.25579 2.5
      vertex 5.97248 2.08329 2.5
    endloop
  endfacet
  facet normal 0.659362 -0.751826 0
    outer loop
      vertex 8.40752 2.08329 2.5
      vertex 8.60421 2.25579 8.5
      vertex 8.40752 2.08329 8.5
    endloop
  endfacet
  facet normal 0.659362 -0.751826 0
    outer loop
      vertex 8.60421 2.25579 8.5
      vertex 8.40752 2.08329 2.5
      vertex 8.60421 2.25579 2.5
    endloop
  endfacet
  facet normal -0.831474 -0.555564 0
    outer loop
      vertex 5.60329 2.45248 2.5
      vertex 5.45795 2.67 8.5
      vertex 5.45795 2.67 2.5
    endloop
  endfacet
  facet normal -0.831474 -0.555564 0
    outer loop
      vertex 5.45795 2.67 8.5
      vertex 5.60329 2.45248 2.5
      vertex 5.60329 2.45248 8.5
    endloop
  endfacet
  facet normal 0.65937 0.751819 -0
    outer loop
      vertex 6.93128 3.33282 2.5
      vertex 6.88948 3.36948 8.5
      vertex 6.93128 3.33282 8.5
    endloop
  endfacet
  facet normal 0.65937 0.751819 0
    outer loop
      vertex 6.88948 3.36948 8.5
      vertex 6.93128 3.33282 2.5
      vertex 6.88948 3.36948 2.5
    endloop
  endfacet
  facet normal -0.980808 -0.194975 0
    outer loop
      vertex 7.61136 3.72547 2.5
      vertex 7.60052 3.78 8.5
      vertex 7.60052 3.78 2.5
    endloop
  endfacet
  facet normal -0.980808 -0.194975 0
    outer loop
      vertex 7.60052 3.78 8.5
      vertex 7.61136 3.72547 2.5
      vertex 7.61136 3.72547 8.5
    endloop
  endfacet
  facet normal -0.997854 -0.0654802 0
    outer loop
      vertex 7.615 3.67 2.5
      vertex 7.61136 3.72547 8.5
      vertex 7.61136 3.72547 2.5
    endloop
  endfacet
  facet normal -0.997854 -0.0654802 0
    outer loop
      vertex 7.61136 3.72547 8.5
      vertex 7.615 3.67 2.5
      vertex 7.615 3.67 8.5
    endloop
  endfacet
  facet normal 0.321458 0.946924 -0
    outer loop
      vertex 7.08 3.25948 2.5
      vertex 7.02736 3.27735 8.5
      vertex 7.08 3.25948 8.5
    endloop
  endfacet
  facet normal 0.321458 0.946924 0
    outer loop
      vertex 7.02736 3.27735 8.5
      vertex 7.08 3.25948 2.5
      vertex 7.02736 3.27735 2.5
    endloop
  endfacet
  facet normal -0.555655 -0.831413 0
    outer loop
      vertex 7.4025 4.03806 2.5
      vertex 7.44872 4.00717 8.5
      vertex 7.4025 4.03806 8.5
    endloop
  endfacet
  facet normal -0.555655 -0.831413 -0
    outer loop
      vertex 7.44872 4.00717 8.5
      vertex 7.4025 4.03806 2.5
      vertex 7.44872 4.00717 2.5
    endloop
  endfacet
  facet normal -0.442314 -0.89686 0
    outer loop
      vertex 7.35264 4.06265 2.5
      vertex 7.4025 4.03806 8.5
      vertex 7.35264 4.06265 8.5
    endloop
  endfacet
  facet normal -0.442314 -0.89686 -0
    outer loop
      vertex 7.4025 4.03806 8.5
      vertex 7.35264 4.06265 2.5
      vertex 7.4025 4.03806 2.5
    endloop
  endfacet
  facet normal 0.0654802 -0.997854 0
    outer loop
      vertex 7.13453 4.09136 2.5
      vertex 7.19 4.095 8.5
      vertex 7.13453 4.09136 8.5
    endloop
  endfacet
  facet normal 0.0654802 -0.997854 0
    outer loop
      vertex 7.19 4.095 8.5
      vertex 7.13453 4.09136 2.5
      vertex 7.19 4.095 2.5
    endloop
  endfacet
  facet normal 0.997854 0.0654802 0
    outer loop
      vertex 6.76864 3.61453 8.5
      vertex 6.765 3.67 2.5
      vertex 6.765 3.67 8.5
    endloop
  endfacet
  facet normal 0.997854 0.0654802 0
    outer loop
      vertex 6.765 3.67 2.5
      vertex 6.76864 3.61453 8.5
      vertex 6.76864 3.61453 2.5
    endloop
  endfacet
  facet normal 0.751819 0.65937 0
    outer loop
      vertex 6.88948 3.36948 8.5
      vertex 6.85282 3.41128 2.5
      vertex 6.85282 3.41128 8.5
    endloop
  endfacet
  facet normal 0.751819 0.65937 0
    outer loop
      vertex 6.85282 3.41128 2.5
      vertex 6.88948 3.36948 8.5
      vertex 6.88948 3.36948 2.5
    endloop
  endfacet
  facet normal -0.0654802 -0.997854 0
    outer loop
      vertex 7.19 4.095 2.5
      vertex 7.24547 4.09136 8.5
      vertex 7.19 4.095 8.5
    endloop
  endfacet
  facet normal -0.0654802 -0.997854 -0
    outer loop
      vertex 7.24547 4.09136 8.5
      vertex 7.19 4.095 2.5
      vertex 7.24547 4.09136 2.5
    endloop
  endfacet
  facet normal -0.980808 0.194975 0
    outer loop
      vertex 7.60052 3.56 2.5
      vertex 7.61136 3.61453 8.5
      vertex 7.61136 3.61453 2.5
    endloop
  endfacet
  facet normal -0.980808 0.194975 0
    outer loop
      vertex 7.61136 3.61453 8.5
      vertex 7.60052 3.56 2.5
      vertex 7.60052 3.56 8.5
    endloop
  endfacet
  facet normal 0.980808 -0.194975 0
    outer loop
      vertex 6.76864 3.72547 8.5
      vertex 6.77948 3.78 2.5
      vertex 6.77948 3.78 8.5
    endloop
  endfacet
  facet normal 0.980808 -0.194975 0
    outer loop
      vertex 6.77948 3.78 2.5
      vertex 6.76864 3.72547 8.5
      vertex 6.76864 3.72547 2.5
    endloop
  endfacet
  facet normal -0.321458 -0.946924 0
    outer loop
      vertex 7.3 4.08052 2.5
      vertex 7.35264 4.06265 8.5
      vertex 7.3 4.08052 8.5
    endloop
  endfacet
  facet normal -0.321458 -0.946924 -0
    outer loop
      vertex 7.35264 4.06265 8.5
      vertex 7.3 4.08052 2.5
      vertex 7.35264 4.06265 2.5
    endloop
  endfacet
  facet normal -0.89686 0.442314 0
    outer loop
      vertex 7.55806 3.4575 2.5
      vertex 7.58265 3.50736 8.5
      vertex 7.58265 3.50736 2.5
    endloop
  endfacet
  facet normal -0.89686 0.442314 0
    outer loop
      vertex 7.58265 3.50736 8.5
      vertex 7.55806 3.4575 2.5
      vertex 7.55806 3.4575 8.5
    endloop
  endfacet
  facet normal 0.831496 -0.55553 0
    outer loop
      vertex 6.82194 3.8825 8.5
      vertex 6.85282 3.92872 2.5
      vertex 6.85282 3.92872 8.5
    endloop
  endfacet
  facet normal 0.831496 -0.55553 0
    outer loop
      vertex 6.85282 3.92872 2.5
      vertex 6.82194 3.8825 8.5
      vertex 6.82194 3.8825 2.5
    endloop
  endfacet
  facet normal 0.442314 -0.89686 0
    outer loop
      vertex 6.9775 4.03806 2.5
      vertex 7.02736 4.06265 8.5
      vertex 6.9775 4.03806 8.5
    endloop
  endfacet
  facet normal 0.442314 -0.89686 0
    outer loop
      vertex 7.02736 4.06265 8.5
      vertex 6.9775 4.03806 2.5
      vertex 7.02736 4.06265 2.5
    endloop
  endfacet
  facet normal -0.946924 0.321458 0
    outer loop
      vertex 7.58265 3.50736 2.5
      vertex 7.60052 3.56 8.5
      vertex 7.60052 3.56 2.5
    endloop
  endfacet
  facet normal -0.946924 0.321458 0
    outer loop
      vertex 7.60052 3.56 8.5
      vertex 7.58265 3.50736 2.5
      vertex 7.58265 3.50736 8.5
    endloop
  endfacet
  facet normal -0.55553 0.831496 0
    outer loop
      vertex 7.44872 3.33282 2.5
      vertex 7.4025 3.30194 8.5
      vertex 7.44872 3.33282 8.5
    endloop
  endfacet
  facet normal -0.55553 0.831496 0
    outer loop
      vertex 7.4025 3.30194 8.5
      vertex 7.44872 3.33282 2.5
      vertex 7.4025 3.30194 2.5
    endloop
  endfacet
  facet normal -0.194975 0.980808 0
    outer loop
      vertex 7.3 3.25948 2.5
      vertex 7.24547 3.24864 8.5
      vertex 7.3 3.25948 8.5
    endloop
  endfacet
  facet normal -0.194975 0.980808 0
    outer loop
      vertex 7.24547 3.24864 8.5
      vertex 7.3 3.25948 2.5
      vertex 7.24547 3.24864 2.5
    endloop
  endfacet
  facet normal -0.321458 0.946924 0
    outer loop
      vertex 7.35264 3.27735 2.5
      vertex 7.3 3.25948 8.5
      vertex 7.35264 3.27735 8.5
    endloop
  endfacet
  facet normal -0.321458 0.946924 0
    outer loop
      vertex 7.3 3.25948 8.5
      vertex 7.35264 3.27735 2.5
      vertex 7.3 3.25948 2.5
    endloop
  endfacet
  facet normal 0.946924 0.321458 0
    outer loop
      vertex 6.79735 3.50736 8.5
      vertex 6.77948 3.56 2.5
      vertex 6.77948 3.56 8.5
    endloop
  endfacet
  facet normal 0.946924 0.321458 0
    outer loop
      vertex 6.77948 3.56 2.5
      vertex 6.79735 3.50736 8.5
      vertex 6.79735 3.50736 2.5
    endloop
  endfacet
  facet normal -0.659268 -0.751908 0
    outer loop
      vertex 7.44872 4.00717 2.5
      vertex 7.49052 3.97052 8.5
      vertex 7.44872 4.00717 8.5
    endloop
  endfacet
  facet normal -0.659268 -0.751908 -0
    outer loop
      vertex 7.49052 3.97052 8.5
      vertex 7.44872 4.00717 2.5
      vertex 7.49052 3.97052 2.5
    endloop
  endfacet
  facet normal 0.831496 0.55553 0
    outer loop
      vertex 6.85282 3.41128 8.5
      vertex 6.82194 3.4575 2.5
      vertex 6.82194 3.4575 8.5
    endloop
  endfacet
  facet normal 0.831496 0.55553 0
    outer loop
      vertex 6.82194 3.4575 2.5
      vertex 6.85282 3.41128 8.5
      vertex 6.85282 3.41128 2.5
    endloop
  endfacet
  facet normal -0.831413 -0.555655 0
    outer loop
      vertex 7.55806 3.8825 2.5
      vertex 7.52717 3.92872 8.5
      vertex 7.52717 3.92872 2.5
    endloop
  endfacet
  facet normal -0.831413 -0.555655 0
    outer loop
      vertex 7.52717 3.92872 8.5
      vertex 7.55806 3.8825 2.5
      vertex 7.55806 3.8825 8.5
    endloop
  endfacet
  facet normal -0.89686 -0.442314 0
    outer loop
      vertex 7.58265 3.83264 2.5
      vertex 7.55806 3.8825 8.5
      vertex 7.55806 3.8825 2.5
    endloop
  endfacet
  facet normal -0.89686 -0.442314 0
    outer loop
      vertex 7.55806 3.8825 8.5
      vertex 7.58265 3.83264 2.5
      vertex 7.58265 3.83264 8.5
    endloop
  endfacet
  facet normal 0.980808 0.194975 0
    outer loop
      vertex 6.77948 3.56 8.5
      vertex 6.76864 3.61453 2.5
      vertex 6.76864 3.61453 8.5
    endloop
  endfacet
  facet normal 0.980808 0.194975 0
    outer loop
      vertex 6.76864 3.61453 2.5
      vertex 6.77948 3.56 8.5
      vertex 6.77948 3.56 2.5
    endloop
  endfacet
  facet normal -0.831413 0.555655 0
    outer loop
      vertex 7.52717 3.41128 2.5
      vertex 7.55806 3.4575 8.5
      vertex 7.55806 3.4575 2.5
    endloop
  endfacet
  facet normal -0.831413 0.555655 0
    outer loop
      vertex 7.55806 3.4575 8.5
      vertex 7.52717 3.41128 2.5
      vertex 7.52717 3.41128 8.5
    endloop
  endfacet
  facet normal -0.997854 0.0654802 0
    outer loop
      vertex 7.61136 3.61453 2.5
      vertex 7.615 3.67 8.5
      vertex 7.615 3.67 2.5
    endloop
  endfacet
  facet normal -0.997854 0.0654802 0
    outer loop
      vertex 7.615 3.67 8.5
      vertex 7.61136 3.61453 2.5
      vertex 7.61136 3.61453 8.5
    endloop
  endfacet
  facet normal -0.442314 0.89686 0
    outer loop
      vertex 7.4025 3.30194 2.5
      vertex 7.35264 3.27735 8.5
      vertex 7.4025 3.30194 8.5
    endloop
  endfacet
  facet normal -0.442314 0.89686 0
    outer loop
      vertex 7.35264 3.27735 8.5
      vertex 7.4025 3.30194 2.5
      vertex 7.35264 3.27735 2.5
    endloop
  endfacet
  facet normal 0.321458 -0.946924 0
    outer loop
      vertex 7.02736 4.06265 2.5
      vertex 7.08 4.08052 8.5
      vertex 7.02736 4.06265 8.5
    endloop
  endfacet
  facet normal 0.321458 -0.946924 0
    outer loop
      vertex 7.08 4.08052 8.5
      vertex 7.02736 4.06265 2.5
      vertex 7.08 4.08052 2.5
    endloop
  endfacet
  facet normal 0.659268 -0.751908 0
    outer loop
      vertex 6.88948 3.97052 2.5
      vertex 6.93128 4.00717 8.5
      vertex 6.88948 3.97052 8.5
    endloop
  endfacet
  facet normal 0.659268 -0.751908 0
    outer loop
      vertex 6.93128 4.00717 8.5
      vertex 6.88948 3.97052 2.5
      vertex 6.93128 4.00717 2.5
    endloop
  endfacet
  facet normal 0.194975 -0.980808 0
    outer loop
      vertex 7.08 4.08052 2.5
      vertex 7.13453 4.09136 8.5
      vertex 7.08 4.08052 8.5
    endloop
  endfacet
  facet normal 0.194975 -0.980808 0
    outer loop
      vertex 7.13453 4.09136 8.5
      vertex 7.08 4.08052 2.5
      vertex 7.13453 4.09136 2.5
    endloop
  endfacet
  facet normal -0.65937 0.751819 0
    outer loop
      vertex 7.49052 3.36948 2.5
      vertex 7.44872 3.33282 8.5
      vertex 7.49052 3.36948 8.5
    endloop
  endfacet
  facet normal -0.65937 0.751819 0
    outer loop
      vertex 7.44872 3.33282 8.5
      vertex 7.49052 3.36948 2.5
      vertex 7.44872 3.33282 2.5
    endloop
  endfacet
  facet normal 0.442314 0.89686 -0
    outer loop
      vertex 7.02736 3.27735 2.5
      vertex 6.9775 3.30194 8.5
      vertex 7.02736 3.27735 8.5
    endloop
  endfacet
  facet normal 0.442314 0.89686 0
    outer loop
      vertex 6.9775 3.30194 8.5
      vertex 7.02736 3.27735 2.5
      vertex 6.9775 3.30194 2.5
    endloop
  endfacet
  facet normal -0.194975 -0.980808 0
    outer loop
      vertex 7.24547 4.09136 2.5
      vertex 7.3 4.08052 8.5
      vertex 7.24547 4.09136 8.5
    endloop
  endfacet
  facet normal -0.194975 -0.980808 -0
    outer loop
      vertex 7.3 4.08052 8.5
      vertex 7.24547 4.09136 2.5
      vertex 7.3 4.08052 2.5
    endloop
  endfacet
  facet normal 0.946924 -0.321458 0
    outer loop
      vertex 6.77948 3.78 8.5
      vertex 6.79735 3.83264 2.5
      vertex 6.79735 3.83264 8.5
    endloop
  endfacet
  facet normal 0.946924 -0.321458 0
    outer loop
      vertex 6.79735 3.83264 2.5
      vertex 6.77948 3.78 8.5
      vertex 6.77948 3.78 2.5
    endloop
  endfacet
  facet normal 0.89686 0.442314 0
    outer loop
      vertex 6.82194 3.4575 8.5
      vertex 6.79735 3.50736 2.5
      vertex 6.79735 3.50736 8.5
    endloop
  endfacet
  facet normal 0.89686 0.442314 0
    outer loop
      vertex 6.79735 3.50736 2.5
      vertex 6.82194 3.4575 8.5
      vertex 6.82194 3.4575 2.5
    endloop
  endfacet
  facet normal -0.751908 -0.659268 0
    outer loop
      vertex 7.52717 3.92872 2.5
      vertex 7.49052 3.97052 8.5
      vertex 7.49052 3.97052 2.5
    endloop
  endfacet
  facet normal -0.751908 -0.659268 0
    outer loop
      vertex 7.49052 3.97052 8.5
      vertex 7.52717 3.92872 2.5
      vertex 7.52717 3.92872 8.5
    endloop
  endfacet
  facet normal 0.194975 0.980808 -0
    outer loop
      vertex 7.13453 3.24864 2.5
      vertex 7.08 3.25948 8.5
      vertex 7.13453 3.24864 8.5
    endloop
  endfacet
  facet normal 0.194975 0.980808 0
    outer loop
      vertex 7.08 3.25948 8.5
      vertex 7.13453 3.24864 2.5
      vertex 7.08 3.25948 2.5
    endloop
  endfacet
  facet normal 0.0654802 0.997854 -0
    outer loop
      vertex 7.19 3.245 2.5
      vertex 7.13453 3.24864 8.5
      vertex 7.19 3.245 8.5
    endloop
  endfacet
  facet normal 0.0654802 0.997854 0
    outer loop
      vertex 7.13453 3.24864 8.5
      vertex 7.19 3.245 2.5
      vertex 7.13453 3.24864 2.5
    endloop
  endfacet
  facet normal 0.89686 -0.442314 0
    outer loop
      vertex 6.79735 3.83264 8.5
      vertex 6.82194 3.8825 2.5
      vertex 6.82194 3.8825 8.5
    endloop
  endfacet
  facet normal 0.89686 -0.442314 0
    outer loop
      vertex 6.82194 3.8825 2.5
      vertex 6.79735 3.83264 8.5
      vertex 6.79735 3.83264 2.5
    endloop
  endfacet
  facet normal 0.555655 -0.831413 0
    outer loop
      vertex 6.93128 4.00717 2.5
      vertex 6.9775 4.03806 8.5
      vertex 6.93128 4.00717 8.5
    endloop
  endfacet
  facet normal 0.555655 -0.831413 0
    outer loop
      vertex 6.9775 4.03806 8.5
      vertex 6.93128 4.00717 2.5
      vertex 6.9775 4.03806 2.5
    endloop
  endfacet
  facet normal -0.0654802 0.997854 0
    outer loop
      vertex 7.24547 3.24864 2.5
      vertex 7.19 3.245 8.5
      vertex 7.24547 3.24864 8.5
    endloop
  endfacet
  facet normal -0.0654802 0.997854 0
    outer loop
      vertex 7.19 3.245 8.5
      vertex 7.24547 3.24864 2.5
      vertex 7.19 3.245 2.5
    endloop
  endfacet
  facet normal -0.946924 -0.321458 0
    outer loop
      vertex 7.60052 3.78 2.5
      vertex 7.58265 3.83264 8.5
      vertex 7.58265 3.83264 2.5
    endloop
  endfacet
  facet normal -0.946924 -0.321458 0
    outer loop
      vertex 7.58265 3.83264 8.5
      vertex 7.60052 3.78 2.5
      vertex 7.60052 3.78 8.5
    endloop
  endfacet
  facet normal 0.751819 -0.65937 0
    outer loop
      vertex 6.85282 3.92872 8.5
      vertex 6.88948 3.97052 2.5
      vertex 6.88948 3.97052 8.5
    endloop
  endfacet
  facet normal 0.751819 -0.65937 0
    outer loop
      vertex 6.88948 3.97052 2.5
      vertex 6.85282 3.92872 8.5
      vertex 6.85282 3.92872 2.5
    endloop
  endfacet
  facet normal 0.997854 -0.0654802 0
    outer loop
      vertex 6.765 3.67 8.5
      vertex 6.76864 3.72547 2.5
      vertex 6.76864 3.72547 8.5
    endloop
  endfacet
  facet normal 0.997854 -0.0654802 0
    outer loop
      vertex 6.76864 3.72547 2.5
      vertex 6.765 3.67 8.5
      vertex 6.765 3.67 2.5
    endloop
  endfacet
  facet normal -0.751908 0.659268 0
    outer loop
      vertex 7.49052 3.36948 2.5
      vertex 7.52717 3.41128 8.5
      vertex 7.52717 3.41128 2.5
    endloop
  endfacet
  facet normal -0.751908 0.659268 0
    outer loop
      vertex 7.52717 3.41128 8.5
      vertex 7.49052 3.36948 2.5
      vertex 7.49052 3.36948 8.5
    endloop
  endfacet
  facet normal 0.55553 0.831496 -0
    outer loop
      vertex 6.9775 3.30194 2.5
      vertex 6.93128 3.33282 8.5
      vertex 6.9775 3.30194 8.5
    endloop
  endfacet
  facet normal 0.55553 0.831496 0
    outer loop
      vertex 6.93128 3.33282 8.5
      vertex 6.9775 3.30194 2.5
      vertex 6.93128 3.33282 2.5
    endloop
  endfacet
  facet normal 0.0653902 -0.99786 0
    outer loop
      vertex 52.91 1.67 2.5
      vertex 53.1711 1.68711 8.5
      vertex 52.91 1.67 8.5
    endloop
  endfacet
  facet normal 0.0653902 -0.99786 0
    outer loop
      vertex 53.1711 1.68711 8.5
      vertex 52.91 1.67 2.5
      vertex 53.1711 1.68711 2.5
    endloop
  endfacet
  facet normal 0.980814 0.194947 0
    outer loop
      vertex 54.8929 3.93105 8.5
      vertex 54.8419 4.18764 2.5
      vertex 54.8419 4.18764 8.5
    endloop
  endfacet
  facet normal 0.980814 0.194947 0
    outer loop
      vertex 54.8419 4.18764 2.5
      vertex 54.8929 3.93105 8.5
      vertex 54.8929 3.93105 2.5
    endloop
  endfacet
  facet normal 0.997861 0.0653646 0
    outer loop
      vertex 54.91 3.67 8.5
      vertex 54.8929 3.93105 2.5
      vertex 54.8929 3.93105 8.5
    endloop
  endfacet
  facet normal 0.997861 0.0653646 0
    outer loop
      vertex 54.8929 3.93105 2.5
      vertex 54.91 3.67 8.5
      vertex 54.91 3.67 2.5
    endloop
  endfacet
  facet normal 0.980814 -0.194947 0
    outer loop
      vertex 54.8419 3.15236 8.5
      vertex 54.8929 3.40895 2.5
      vertex 54.8929 3.40895 8.5
    endloop
  endfacet
  facet normal 0.980814 -0.194947 0
    outer loop
      vertex 54.8929 3.40895 2.5
      vertex 54.8419 3.15236 8.5
      vertex 54.8419 3.15236 2.5
    endloop
  endfacet
  facet normal -0.442344 0.896845 0
    outer loop
      vertex 52.1446 5.51776 2.5
      vertex 51.91 5.40205 8.5
      vertex 52.1446 5.51776 8.5
    endloop
  endfacet
  facet normal -0.442344 0.896845 0
    outer loop
      vertex 51.91 5.40205 8.5
      vertex 52.1446 5.51776 2.5
      vertex 51.91 5.40205 2.5
    endloop
  endfacet
  facet normal 0.946922 -0.321463 0
    outer loop
      vertex 54.7578 2.90463 8.5
      vertex 54.8419 3.15236 2.5
      vertex 54.8419 3.15236 8.5
    endloop
  endfacet
  facet normal 0.946922 -0.321463 0
    outer loop
      vertex 54.8419 3.15236 2.5
      vertex 54.7578 2.90463 8.5
      vertex 54.7578 2.90463 2.5
    endloop
  endfacet
  facet normal -0.321348 -0.946961 0
    outer loop
      vertex 52.1446 1.82224 2.5
      vertex 52.3924 1.73815 8.5
      vertex 52.1446 1.82224 8.5
    endloop
  endfacet
  facet normal -0.321348 -0.946961 -0
    outer loop
      vertex 52.3924 1.73815 8.5
      vertex 52.1446 1.82224 2.5
      vertex 52.3924 1.73815 2.5
    endloop
  endfacet
  facet normal -0.19516 -0.980771 0
    outer loop
      vertex 52.3924 1.73815 2.5
      vertex 52.6489 1.68711 8.5
      vertex 52.3924 1.73815 8.5
    endloop
  endfacet
  facet normal -0.19516 -0.980771 -0
    outer loop
      vertex 52.6489 1.68711 8.5
      vertex 52.3924 1.73815 2.5
      vertex 52.6489 1.68711 2.5
    endloop
  endfacet
  facet normal -0.659343 -0.751842 0
    outer loop
      vertex 51.4958 2.25579 2.5
      vertex 51.6925 2.08329 8.5
      vertex 51.4958 2.25579 8.5
    endloop
  endfacet
  facet normal -0.659343 -0.751842 -0
    outer loop
      vertex 51.6925 2.08329 8.5
      vertex 51.4958 2.25579 2.5
      vertex 51.6925 2.08329 2.5
    endloop
  endfacet
  facet normal 0.442344 0.896845 -0
    outer loop
      vertex 53.91 5.40205 2.5
      vertex 53.6754 5.51776 8.5
      vertex 53.91 5.40205 8.5
    endloop
  endfacet
  facet normal 0.442344 0.896845 0
    outer loop
      vertex 53.6754 5.51776 8.5
      vertex 53.91 5.40205 2.5
      vertex 53.6754 5.51776 2.5
    endloop
  endfacet
  facet normal -0.5556 0.83145 0
    outer loop
      vertex 51.91 5.40205 2.5
      vertex 51.6925 5.25671 8.5
      vertex 51.91 5.40205 8.5
    endloop
  endfacet
  facet normal -0.5556 0.83145 0
    outer loop
      vertex 51.6925 5.25671 8.5
      vertex 51.91 5.40205 2.5
      vertex 51.6925 5.25671 2.5
    endloop
  endfacet
  facet normal 0.896883 0.442268 0
    outer loop
      vertex 54.7578 4.43537 8.5
      vertex 54.6421 4.67 2.5
      vertex 54.6421 4.67 8.5
    endloop
  endfacet
  facet normal 0.896883 0.442268 0
    outer loop
      vertex 54.6421 4.67 2.5
      vertex 54.7578 4.43537 8.5
      vertex 54.7578 4.43537 2.5
    endloop
  endfacet
  facet normal 0.19516 -0.980771 0
    outer loop
      vertex 53.1711 1.68711 2.5
      vertex 53.4276 1.73815 8.5
      vertex 53.1711 1.68711 8.5
    endloop
  endfacet
  facet normal 0.19516 -0.980771 0
    outer loop
      vertex 53.4276 1.73815 8.5
      vertex 53.1711 1.68711 2.5
      vertex 53.4276 1.73815 2.5
    endloop
  endfacet
  facet normal 0.442344 -0.896845 0
    outer loop
      vertex 53.6754 1.82224 2.5
      vertex 53.91 1.93795 8.5
      vertex 53.6754 1.82224 8.5
    endloop
  endfacet
  facet normal 0.442344 -0.896845 0
    outer loop
      vertex 53.91 1.93795 8.5
      vertex 53.6754 1.82224 2.5
      vertex 53.91 1.93795 2.5
    endloop
  endfacet
  facet normal 0.321348 -0.946961 0
    outer loop
      vertex 53.4276 1.73815 2.5
      vertex 53.6754 1.82224 8.5
      vertex 53.4276 1.73815 8.5
    endloop
  endfacet
  facet normal 0.321348 -0.946961 0
    outer loop
      vertex 53.6754 1.82224 8.5
      vertex 53.4276 1.73815 2.5
      vertex 53.6754 1.82224 2.5
    endloop
  endfacet
  facet normal 0.5556 -0.83145 0
    outer loop
      vertex 53.91 1.93795 2.5
      vertex 54.1275 2.08329 8.5
      vertex 53.91 1.93795 8.5
    endloop
  endfacet
  facet normal 0.5556 -0.83145 0
    outer loop
      vertex 54.1275 2.08329 8.5
      vertex 53.91 1.93795 2.5
      vertex 54.1275 2.08329 2.5
    endloop
  endfacet
  facet normal -0.946922 0.321463 0
    outer loop
      vertex 50.9781 4.18764 2.5
      vertex 51.0622 4.43537 8.5
      vertex 51.0622 4.43537 2.5
    endloop
  endfacet
  facet normal -0.946922 0.321463 0
    outer loop
      vertex 51.0622 4.43537 8.5
      vertex 50.9781 4.18764 2.5
      vertex 50.9781 4.18764 8.5
    endloop
  endfacet
  facet normal 0.751826 -0.659362 0
    outer loop
      vertex 54.3242 2.25579 8.5
      vertex 54.4967 2.45248 2.5
      vertex 54.4967 2.45248 8.5
    endloop
  endfacet
  facet normal 0.751826 -0.659362 0
    outer loop
      vertex 54.4967 2.45248 2.5
      vertex 54.3242 2.25579 8.5
      vertex 54.3242 2.25579 2.5
    endloop
  endfacet
  facet normal 0.831368 0.555723 0
    outer loop
      vertex 54.6421 4.67 8.5
      vertex 54.4967 4.88752 2.5
      vertex 54.4967 4.88752 8.5
    endloop
  endfacet
  facet normal 0.831368 0.555723 0
    outer loop
      vertex 54.4967 4.88752 2.5
      vertex 54.6421 4.67 8.5
      vertex 54.6421 4.67 2.5
    endloop
  endfacet
  facet normal 0 0 1
    outer loop
      vertex 53.335 3.67 8.5
      vertex 54.91 3.67 8.5
      vertex 54.8929 3.93105 8.5
    endloop
  endfacet
  facet normal 0 0 1
    outer loop
      vertex 53.3314 3.72547 8.5
      vertex 54.8929 3.93105 8.5
      vertex 54.8419 4.18764 8.5
    endloop
  endfacet
  facet normal 0 0 1
    outer loop
      vertex 54.91 3.67 8.5
      vertex 53.335 3.67 8.5
      vertex 54.8929 3.40895 8.5
    endloop
  endfacet
  facet normal 0 0 1
    outer loop
      vertex 53.3205 3.78 8.5
      vertex 54.8419 4.18764 8.5
      vertex 54.7578 4.43537 8.5
    endloop
  endfacet
  facet normal -0 0 1
    outer loop
      vertex 53.3314 3.61453 8.5
      vertex 54.8929 3.40895 8.5
      vertex 53.335 3.67 8.5
    endloop
  endfacet
  facet normal 0 0 1
    outer loop
      vertex 53.3027 3.83264 8.5
      vertex 54.7578 4.43537 8.5
      vertex 54.6421 4.67 8.5
    endloop
  endfacet
  facet normal 0 0 1
    outer loop
      vertex 54.8929 3.40895 8.5
      vertex 53.3314 3.61453 8.5
      vertex 54.8419 3.15236 8.5
    endloop
  endfacet
  facet normal 0 0 1
    outer loop
      vertex 53.2781 3.8825 8.5
      vertex 54.6421 4.67 8.5
      vertex 54.4967 4.88752 8.5
    endloop
  endfacet
  facet normal -0 0 1
    outer loop
      vertex 53.3205 3.56 8.5
      vertex 54.8419 3.15236 8.5
      vertex 53.3314 3.61453 8.5
    endloop
  endfacet
  facet normal 0 0 1
    outer loop
      vertex 53.2472 3.92872 8.5
      vertex 54.4967 4.88752 8.5
      vertex 54.3242 5.08421 8.5
    endloop
  endfacet
  facet normal 0 0 1
    outer loop
      vertex 54.8419 3.15236 8.5
      vertex 53.3205 3.56 8.5
      vertex 54.7578 2.90463 8.5
    endloop
  endfacet
  facet normal 0 0 1
    outer loop
      vertex 53.2105 3.97052 8.5
      vertex 54.3242 5.08421 8.5
      vertex 54.1275 5.25671 8.5
    endloop
  endfacet
  facet normal -0 0 1
    outer loop
      vertex 53.3027 3.50736 8.5
      vertex 54.7578 2.90463 8.5
      vertex 53.3205 3.56 8.5
    endloop
  endfacet
  facet normal 0 0 1
    outer loop
      vertex 53.1687 4.00717 8.5
      vertex 54.1275 5.25671 8.5
      vertex 53.91 5.40205 8.5
    endloop
  endfacet
  facet normal 0 0 1
    outer loop
      vertex 54.7578 2.90463 8.5
      vertex 53.3027 3.50736 8.5
      vertex 54.6421 2.67 8.5
    endloop
  endfacet
  facet normal 0 0 1
    outer loop
      vertex 53.1225 4.03806 8.5
      vertex 53.91 5.40205 8.5
      vertex 53.6754 5.51776 8.5
    endloop
  endfacet
  facet normal -0 0 1
    outer loop
      vertex 53.2781 3.4575 8.5
      vertex 54.6421 2.67 8.5
      vertex 53.3027 3.50736 8.5
    endloop
  endfacet
  facet normal 0 0 1
    outer loop
      vertex 53.0726 4.06265 8.5
      vertex 53.6754 5.51776 8.5
      vertex 53.4276 5.60185 8.5
    endloop
  endfacet
  facet normal 0 0 1
    outer loop
      vertex 54.6421 2.67 8.5
      vertex 53.2781 3.4575 8.5
      vertex 54.4967 2.45248 8.5
    endloop
  endfacet
  facet normal -0 0 1
    outer loop
      vertex 53.2472 3.41128 8.5
      vertex 54.4967 2.45248 8.5
      vertex 53.2781 3.4575 8.5
    endloop
  endfacet
  facet normal 0 0 1
    outer loop
      vertex 54.8929 3.93105 8.5
      vertex 53.3314 3.72547 8.5
      vertex 53.335 3.67 8.5
    endloop
  endfacet
  facet normal 0 0 1
    outer loop
      vertex 54.8419 4.18764 8.5
      vertex 53.3205 3.78 8.5
      vertex 53.3314 3.72547 8.5
    endloop
  endfacet
  facet normal 0 0 1
    outer loop
      vertex 54.7578 4.43537 8.5
      vertex 53.3027 3.83264 8.5
      vertex 53.3205 3.78 8.5
    endloop
  endfacet
  facet normal 0 0 1
    outer loop
      vertex 54.6421 4.67 8.5
      vertex 53.2781 3.8825 8.5
      vertex 53.3027 3.83264 8.5
    endloop
  endfacet
  facet normal 0 0 1
    outer loop
      vertex 54.4967 4.88752 8.5
      vertex 53.2472 3.92872 8.5
      vertex 53.2781 3.8825 8.5
    endloop
  endfacet
  facet normal 0 0 1
    outer loop
      vertex 54.3242 5.08421 8.5
      vertex 53.2105 3.97052 8.5
      vertex 53.2472 3.92872 8.5
    endloop
  endfacet
  facet normal 0 0 1
    outer loop
      vertex 53.02 4.08052 8.5
      vertex 53.4276 5.60185 8.5
      vertex 53.1711 5.65289 8.5
    endloop
  endfacet
  facet normal 0 0 1
    outer loop
      vertex 54.1275 5.25671 8.5
      vertex 53.1687 4.00717 8.5
      vertex 53.2105 3.97052 8.5
    endloop
  endfacet
  facet normal 0 0 1
    outer loop
      vertex 53.91 5.40205 8.5
      vertex 53.1225 4.03806 8.5
      vertex 53.1687 4.00717 8.5
    endloop
  endfacet
  facet normal 0 0 1
    outer loop
      vertex 53.6754 5.51776 8.5
      vertex 53.0726 4.06265 8.5
      vertex 53.1225 4.03806 8.5
    endloop
  endfacet
  facet normal 0 0 1
    outer loop
      vertex 53.4276 5.60185 8.5
      vertex 53.02 4.08052 8.5
      vertex 53.0726 4.06265 8.5
    endloop
  endfacet
  facet normal 0 0 1
    outer loop
      vertex 53.1711 5.65289 8.5
      vertex 52.9655 4.09136 8.5
      vertex 53.02 4.08052 8.5
    endloop
  endfacet
  facet normal 0 0 1
    outer loop
      vertex 52.91 5.67 8.5
      vertex 52.9655 4.09136 8.5
      vertex 53.1711 5.65289 8.5
    endloop
  endfacet
  facet normal 0 0 1
    outer loop
      vertex 52.91 5.67 8.5
      vertex 52.91 4.095 8.5
      vertex 52.9655 4.09136 8.5
    endloop
  endfacet
  facet normal 0 0 1
    outer loop
      vertex 52.91 5.67 8.5
      vertex 52.8545 4.09136 8.5
      vertex 52.91 4.095 8.5
    endloop
  endfacet
  facet normal -0 0 1
    outer loop
      vertex 52.6489 5.65289 8.5
      vertex 52.8545 4.09136 8.5
      vertex 52.91 5.67 8.5
    endloop
  endfacet
  facet normal 0 0 1
    outer loop
      vertex 52.8545 4.09136 8.5
      vertex 52.6489 5.65289 8.5
      vertex 52.8 4.08052 8.5
    endloop
  endfacet
  facet normal -0 0 1
    outer loop
      vertex 52.3924 5.60185 8.5
      vertex 52.8 4.08052 8.5
      vertex 52.6489 5.65289 8.5
    endloop
  endfacet
  facet normal 0 0 1
    outer loop
      vertex 52.8 4.08052 8.5
      vertex 52.3924 5.60185 8.5
      vertex 52.7474 4.06265 8.5
    endloop
  endfacet
  facet normal -0 0 1
    outer loop
      vertex 52.1446 5.51776 8.5
      vertex 52.7474 4.06265 8.5
      vertex 52.3924 5.60185 8.5
    endloop
  endfacet
  facet normal 0 0 1
    outer loop
      vertex 52.7474 4.06265 8.5
      vertex 52.1446 5.51776 8.5
      vertex 52.6975 4.03806 8.5
    endloop
  endfacet
  facet normal -0 0 1
    outer loop
      vertex 51.91 5.40205 8.5
      vertex 52.6975 4.03806 8.5
      vertex 52.1446 5.51776 8.5
    endloop
  endfacet
  facet normal 0 0 1
    outer loop
      vertex 52.6975 4.03806 8.5
      vertex 51.91 5.40205 8.5
      vertex 52.6513 4.00717 8.5
    endloop
  endfacet
  facet normal -0 0 1
    outer loop
      vertex 51.6925 5.25671 8.5
      vertex 52.6513 4.00717 8.5
      vertex 51.91 5.40205 8.5
    endloop
  endfacet
  facet normal 0 0 1
    outer loop
      vertex 52.6513 4.00717 8.5
      vertex 51.6925 5.25671 8.5
      vertex 52.6095 3.97052 8.5
    endloop
  endfacet
  facet normal -0 0 1
    outer loop
      vertex 51.4958 5.08421 8.5
      vertex 52.6095 3.97052 8.5
      vertex 51.6925 5.25671 8.5
    endloop
  endfacet
  facet normal -0 0 1
    outer loop
      vertex 51.3233 4.88752 8.5
      vertex 52.5728 3.92872 8.5
      vertex 51.4958 5.08421 8.5
    endloop
  endfacet
  facet normal 0 0 1
    outer loop
      vertex 52.6095 3.97052 8.5
      vertex 51.4958 5.08421 8.5
      vertex 52.5728 3.92872 8.5
    endloop
  endfacet
  facet normal 0 0 1
    outer loop
      vertex 54.4967 2.45248 8.5
      vertex 53.2472 3.41128 8.5
      vertex 54.3242 2.25579 8.5
    endloop
  endfacet
  facet normal -0 0 1
    outer loop
      vertex 53.2105 3.36948 8.5
      vertex 54.3242 2.25579 8.5
      vertex 53.2472 3.41128 8.5
    endloop
  endfacet
  facet normal 0 0 1
    outer loop
      vertex 54.3242 2.25579 8.5
      vertex 53.2105 3.36948 8.5
      vertex 54.1275 2.08329 8.5
    endloop
  endfacet
  facet normal -0 0 1
    outer loop
      vertex 53.1687 3.33282 8.5
      vertex 54.1275 2.08329 8.5
      vertex 53.2105 3.36948 8.5
    endloop
  endfacet
  facet normal 0 0 1
    outer loop
      vertex 54.1275 2.08329 8.5
      vertex 53.1687 3.33282 8.5
      vertex 53.91 1.93795 8.5
    endloop
  endfacet
  facet normal -0 0 1
    outer loop
      vertex 53.1225 3.30194 8.5
      vertex 53.91 1.93795 8.5
      vertex 53.1687 3.33282 8.5
    endloop
  endfacet
  facet normal 0 0 1
    outer loop
      vertex 53.91 1.93795 8.5
      vertex 53.1225 3.30194 8.5
      vertex 53.6754 1.82224 8.5
    endloop
  endfacet
  facet normal -0 0 1
    outer loop
      vertex 53.0726 3.27735 8.5
      vertex 53.6754 1.82224 8.5
      vertex 53.1225 3.30194 8.5
    endloop
  endfacet
  facet normal 0 0 1
    outer loop
      vertex 53.6754 1.82224 8.5
      vertex 53.0726 3.27735 8.5
      vertex 53.4276 1.73815 8.5
    endloop
  endfacet
  facet normal -0 0 1
    outer loop
      vertex 53.02 3.25948 8.5
      vertex 53.4276 1.73815 8.5
      vertex 53.0726 3.27735 8.5
    endloop
  endfacet
  facet normal 0 0 1
    outer loop
      vertex 53.4276 1.73815 8.5
      vertex 53.02 3.25948 8.5
      vertex 53.1711 1.68711 8.5
    endloop
  endfacet
  facet normal -0 0 1
    outer loop
      vertex 52.9655 3.24864 8.5
      vertex 53.1711 1.68711 8.5
      vertex 53.02 3.25948 8.5
    endloop
  endfacet
  facet normal -0 0 1
    outer loop
      vertex 52.91 3.245 8.5
      vertex 53.1711 1.68711 8.5
      vertex 52.9655 3.24864 8.5
    endloop
  endfacet
  facet normal 0 0 1
    outer loop
      vertex 52.91 3.245 8.5
      vertex 52.91 1.67 8.5
      vertex 53.1711 1.68711 8.5
    endloop
  endfacet
  facet normal 0 0 1
    outer loop
      vertex 52.8545 3.24864 8.5
      vertex 52.91 1.67 8.5
      vertex 52.91 3.245 8.5
    endloop
  endfacet
  facet normal 0 0 1
    outer loop
      vertex 52.6489 1.68711 8.5
      vertex 52.8545 3.24864 8.5
      vertex 52.8 3.25948 8.5
    endloop
  endfacet
  facet normal 0 0 1
    outer loop
      vertex 52.3924 1.73815 8.5
      vertex 52.8 3.25948 8.5
      vertex 52.7474 3.27735 8.5
    endloop
  endfacet
  facet normal 0 0 1
    outer loop
      vertex 52.1446 1.82224 8.5
      vertex 52.7474 3.27735 8.5
      vertex 52.6975 3.30194 8.5
    endloop
  endfacet
  facet normal 0 0 1
    outer loop
      vertex 51.91 1.93795 8.5
      vertex 52.6975 3.30194 8.5
      vertex 52.6513 3.33282 8.5
    endloop
  endfacet
  facet normal 0 0 1
    outer loop
      vertex 52.8545 3.24864 8.5
      vertex 52.6489 1.68711 8.5
      vertex 52.91 1.67 8.5
    endloop
  endfacet
  facet normal 0 0 1
    outer loop
      vertex 51.6925 2.08329 8.5
      vertex 52.6513 3.33282 8.5
      vertex 52.6095 3.36948 8.5
    endloop
  endfacet
  facet normal 0 0 1
    outer loop
      vertex 51.4958 2.25579 8.5
      vertex 52.6095 3.36948 8.5
      vertex 52.5728 3.41128 8.5
    endloop
  endfacet
  facet normal 0 0 1
    outer loop
      vertex 51.3233 2.45248 8.5
      vertex 52.5728 3.41128 8.5
      vertex 52.5419 3.4575 8.5
    endloop
  endfacet
  facet normal 0 0 1
    outer loop
      vertex 51.1779 2.67 8.5
      vertex 52.5419 3.4575 8.5
      vertex 52.5173 3.50736 8.5
    endloop
  endfacet
  facet normal 0 0 1
    outer loop
      vertex 51.0622 2.90463 8.5
      vertex 52.5173 3.50736 8.5
      vertex 52.4995 3.56 8.5
    endloop
  endfacet
  facet normal 0 0 1
    outer loop
      vertex 50.9781 3.15236 8.5
      vertex 52.4995 3.56 8.5
      vertex 52.4886 3.61453 8.5
    endloop
  endfacet
  facet normal 0 0 1
    outer loop
      vertex 52.8 3.25948 8.5
      vertex 52.3924 1.73815 8.5
      vertex 52.6489 1.68711 8.5
    endloop
  endfacet
  facet normal 0 0 1
    outer loop
      vertex 50.9271 3.40895 8.5
      vertex 52.4886 3.61453 8.5
      vertex 52.485 3.67 8.5
    endloop
  endfacet
  facet normal 0 0 1
    outer loop
      vertex 52.5728 3.92872 8.5
      vertex 51.3233 4.88752 8.5
      vertex 52.5419 3.8825 8.5
    endloop
  endfacet
  facet normal -0 0 1
    outer loop
      vertex 51.1779 4.67 8.5
      vertex 52.5419 3.8825 8.5
      vertex 51.3233 4.88752 8.5
    endloop
  endfacet
  facet normal 0 0 1
    outer loop
      vertex 52.7474 3.27735 8.5
      vertex 52.1446 1.82224 8.5
      vertex 52.3924 1.73815 8.5
    endloop
  endfacet
  facet normal 0 0 1
    outer loop
      vertex 52.5419 3.8825 8.5
      vertex 51.1779 4.67 8.5
      vertex 52.5173 3.83264 8.5
    endloop
  endfacet
  facet normal 0 0 1
    outer loop
      vertex 52.6975 3.30194 8.5
      vertex 51.91 1.93795 8.5
      vertex 52.1446 1.82224 8.5
    endloop
  endfacet
  facet normal -0 0 1
    outer loop
      vertex 51.0622 4.43537 8.5
      vertex 52.5173 3.83264 8.5
      vertex 51.1779 4.67 8.5
    endloop
  endfacet
  facet normal 0 0 1
    outer loop
      vertex 52.6513 3.33282 8.5
      vertex 51.6925 2.08329 8.5
      vertex 51.91 1.93795 8.5
    endloop
  endfacet
  facet normal 0 0 1
    outer loop
      vertex 52.5173 3.83264 8.5
      vertex 51.0622 4.43537 8.5
      vertex 52.4995 3.78 8.5
    endloop
  endfacet
  facet normal 0 0 1
    outer loop
      vertex 52.6095 3.36948 8.5
      vertex 51.4958 2.25579 8.5
      vertex 51.6925 2.08329 8.5
    endloop
  endfacet
  facet normal -0 0 1
    outer loop
      vertex 50.9781 4.18764 8.5
      vertex 52.4995 3.78 8.5
      vertex 51.0622 4.43537 8.5
    endloop
  endfacet
  facet normal 0 0 1
    outer loop
      vertex 52.5728 3.41128 8.5
      vertex 51.3233 2.45248 8.5
      vertex 51.4958 2.25579 8.5
    endloop
  endfacet
  facet normal 0 0 1
    outer loop
      vertex 52.4995 3.78 8.5
      vertex 50.9781 4.18764 8.5
      vertex 52.4886 3.72547 8.5
    endloop
  endfacet
  facet normal 0 0 1
    outer loop
      vertex 52.5419 3.4575 8.5
      vertex 51.1779 2.67 8.5
      vertex 51.3233 2.45248 8.5
    endloop
  endfacet
  facet normal -0 0 1
    outer loop
      vertex 50.9271 3.93105 8.5
      vertex 52.4886 3.72547 8.5
      vertex 50.9781 4.18764 8.5
    endloop
  endfacet
  facet normal 0 0 1
    outer loop
      vertex 52.5173 3.50736 8.5
      vertex 51.0622 2.90463 8.5
      vertex 51.1779 2.67 8.5
    endloop
  endfacet
  facet normal 0 0 1
    outer loop
      vertex 52.4886 3.72547 8.5
      vertex 50.9271 3.93105 8.5
      vertex 52.485 3.67 8.5
    endloop
  endfacet
  facet normal 0 0 1
    outer loop
      vertex 52.4995 3.56 8.5
      vertex 50.9781 3.15236 8.5
      vertex 51.0622 2.90463 8.5
    endloop
  endfacet
  facet normal 0 0 1
    outer loop
      vertex 50.91 3.67 8.5
      vertex 52.485 3.67 8.5
      vertex 50.9271 3.93105 8.5
    endloop
  endfacet
  facet normal 0 0 1
    outer loop
      vertex 52.4886 3.61453 8.5
      vertex 50.9271 3.40895 8.5
      vertex 50.9781 3.15236 8.5
    endloop
  endfacet
  facet normal 0 0 1
    outer loop
      vertex 52.485 3.67 8.5
      vertex 50.91 3.67 8.5
      vertex 50.9271 3.40895 8.5
    endloop
  endfacet
  facet normal -0.5556 -0.83145 0
    outer loop
      vertex 51.6925 2.08329 2.5
      vertex 51.91 1.93795 8.5
      vertex 51.6925 2.08329 8.5
    endloop
  endfacet
  facet normal -0.5556 -0.83145 -0
    outer loop
      vertex 51.91 1.93795 8.5
      vertex 51.6925 2.08329 2.5
      vertex 51.91 1.93795 2.5
    endloop
  endfacet
  facet normal -0.980814 0.194947 0
    outer loop
      vertex 50.9271 3.93105 2.5
      vertex 50.9781 4.18764 8.5
      vertex 50.9781 4.18764 2.5
    endloop
  endfacet
  facet normal -0.980814 0.194947 0
    outer loop
      vertex 50.9781 4.18764 8.5
      vertex 50.9271 3.93105 2.5
      vertex 50.9271 3.93105 8.5
    endloop
  endfacet
  facet normal 0.321348 0.946961 -0
    outer loop
      vertex 53.6754 5.51776 2.5
      vertex 53.4276 5.60185 8.5
      vertex 53.6754 5.51776 8.5
    endloop
  endfacet
  facet normal 0.321348 0.946961 0
    outer loop
      vertex 53.4276 5.60185 8.5
      vertex 53.6754 5.51776 2.5
      vertex 53.4276 5.60185 2.5
    endloop
  endfacet
  facet normal 0.997861 -0.0653646 0
    outer loop
      vertex 54.8929 3.40895 8.5
      vertex 54.91 3.67 2.5
      vertex 54.91 3.67 8.5
    endloop
  endfacet
  facet normal 0.997861 -0.0653646 0
    outer loop
      vertex 54.91 3.67 2.5
      vertex 54.8929 3.40895 8.5
      vertex 54.8929 3.40895 2.5
    endloop
  endfacet
  facet normal -0.321348 0.946961 0
    outer loop
      vertex 52.3924 5.60185 2.5
      vertex 52.1446 5.51776 8.5
      vertex 52.3924 5.60185 8.5
    endloop
  endfacet
  facet normal -0.321348 0.946961 0
    outer loop
      vertex 52.1446 5.51776 8.5
      vertex 52.3924 5.60185 2.5
      vertex 52.1446 5.51776 2.5
    endloop
  endfacet
  facet normal 0.751826 0.659362 0
    outer loop
      vertex 54.4967 4.88752 8.5
      vertex 54.3242 5.08421 2.5
      vertex 54.3242 5.08421 8.5
    endloop
  endfacet
  facet normal 0.751826 0.659362 0
    outer loop
      vertex 54.3242 5.08421 2.5
      vertex 54.4967 4.88752 8.5
      vertex 54.4967 4.88752 2.5
    endloop
  endfacet
  facet normal 0.5556 0.83145 -0
    outer loop
      vertex 54.1275 5.25671 2.5
      vertex 53.91 5.40205 8.5
      vertex 54.1275 5.25671 8.5
    endloop
  endfacet
  facet normal 0.5556 0.83145 0
    outer loop
      vertex 53.91 5.40205 8.5
      vertex 54.1275 5.25671 2.5
      vertex 53.91 5.40205 2.5
    endloop
  endfacet
  facet normal 0.896883 -0.442268 0
    outer loop
      vertex 54.6421 2.67 8.5
      vertex 54.7578 2.90463 2.5
      vertex 54.7578 2.90463 8.5
    endloop
  endfacet
  facet normal 0.896883 -0.442268 0
    outer loop
      vertex 54.7578 2.90463 2.5
      vertex 54.6421 2.67 8.5
      vertex 54.6421 2.67 2.5
    endloop
  endfacet
  facet normal 0.831368 -0.555723 0
    outer loop
      vertex 54.4967 2.45248 8.5
      vertex 54.6421 2.67 2.5
      vertex 54.6421 2.67 8.5
    endloop
  endfacet
  facet normal 0.831368 -0.555723 0
    outer loop
      vertex 54.6421 2.67 2.5
      vertex 54.4967 2.45248 8.5
      vertex 54.4967 2.45248 2.5
    endloop
  endfacet
  facet normal -0.751826 0.659362 0
    outer loop
      vertex 51.3233 4.88752 2.5
      vertex 51.4958 5.08421 8.5
      vertex 51.4958 5.08421 2.5
    endloop
  endfacet
  facet normal -0.751826 0.659362 0
    outer loop
      vertex 51.4958 5.08421 8.5
      vertex 51.3233 4.88752 2.5
      vertex 51.3233 4.88752 8.5
    endloop
  endfacet
  facet normal -0.19516 0.980771 0
    outer loop
      vertex 52.6489 5.65289 2.5
      vertex 52.3924 5.60185 8.5
      vertex 52.6489 5.65289 8.5
    endloop
  endfacet
  facet normal -0.19516 0.980771 0
    outer loop
      vertex 52.3924 5.60185 8.5
      vertex 52.6489 5.65289 2.5
      vertex 52.3924 5.60185 2.5
    endloop
  endfacet
  facet normal -0.0653902 0.99786 0
    outer loop
      vertex 52.91 5.67 2.5
      vertex 52.6489 5.65289 8.5
      vertex 52.91 5.67 8.5
    endloop
  endfacet
  facet normal -0.0653902 0.99786 0
    outer loop
      vertex 52.6489 5.65289 8.5
      vertex 52.91 5.67 2.5
      vertex 52.6489 5.65289 2.5
    endloop
  endfacet
  facet normal 0.659343 0.751842 -0
    outer loop
      vertex 54.3242 5.08421 2.5
      vertex 54.1275 5.25671 8.5
      vertex 54.3242 5.08421 8.5
    endloop
  endfacet
  facet normal 0.659343 0.751842 0
    outer loop
      vertex 54.1275 5.25671 8.5
      vertex 54.3242 5.08421 2.5
      vertex 54.1275 5.25671 2.5
    endloop
  endfacet
  facet normal -0.946922 -0.321463 0
    outer loop
      vertex 51.0622 2.90463 2.5
      vertex 50.9781 3.15236 8.5
      vertex 50.9781 3.15236 2.5
    endloop
  endfacet
  facet normal -0.946922 -0.321463 0
    outer loop
      vertex 50.9781 3.15236 8.5
      vertex 51.0622 2.90463 2.5
      vertex 51.0622 2.90463 8.5
    endloop
  endfacet
  facet normal 0.946922 0.321463 0
    outer loop
      vertex 54.8419 4.18764 8.5
      vertex 54.7578 4.43537 2.5
      vertex 54.7578 4.43537 8.5
    endloop
  endfacet
  facet normal 0.946922 0.321463 0
    outer loop
      vertex 54.7578 4.43537 2.5
      vertex 54.8419 4.18764 8.5
      vertex 54.8419 4.18764 2.5
    endloop
  endfacet
  facet normal -0.831368 -0.555723 0
    outer loop
      vertex 51.3233 2.45248 2.5
      vertex 51.1779 2.67 8.5
      vertex 51.1779 2.67 2.5
    endloop
  endfacet
  facet normal -0.831368 -0.555723 0
    outer loop
      vertex 51.1779 2.67 8.5
      vertex 51.3233 2.45248 2.5
      vertex 51.3233 2.45248 8.5
    endloop
  endfacet
  facet normal 0.19516 0.980771 -0
    outer loop
      vertex 53.4276 5.60185 2.5
      vertex 53.1711 5.65289 8.5
      vertex 53.4276 5.60185 8.5
    endloop
  endfacet
  facet normal 0.19516 0.980771 0
    outer loop
      vertex 53.1711 5.65289 8.5
      vertex 53.4276 5.60185 2.5
      vertex 53.1711 5.65289 2.5
    endloop
  endfacet
  facet normal -0.980814 -0.194947 0
    outer loop
      vertex 50.9781 3.15236 2.5
      vertex 50.9271 3.40895 8.5
      vertex 50.9271 3.40895 2.5
    endloop
  endfacet
  facet normal -0.980814 -0.194947 0
    outer loop
      vertex 50.9271 3.40895 8.5
      vertex 50.9781 3.15236 2.5
      vertex 50.9781 3.15236 8.5
    endloop
  endfacet
  facet normal -0.659343 0.751842 0
    outer loop
      vertex 51.6925 5.25671 2.5
      vertex 51.4958 5.08421 8.5
      vertex 51.6925 5.25671 8.5
    endloop
  endfacet
  facet normal -0.659343 0.751842 0
    outer loop
      vertex 51.4958 5.08421 8.5
      vertex 51.6925 5.25671 2.5
      vertex 51.4958 5.08421 2.5
    endloop
  endfacet
  facet normal 0.0653902 0.99786 -0
    outer loop
      vertex 53.1711 5.65289 2.5
      vertex 52.91 5.67 8.5
      vertex 53.1711 5.65289 8.5
    endloop
  endfacet
  facet normal 0.0653902 0.99786 0
    outer loop
      vertex 52.91 5.67 8.5
      vertex 53.1711 5.65289 2.5
      vertex 52.91 5.67 2.5
    endloop
  endfacet
  facet normal -0.997861 0.0653646 0
    outer loop
      vertex 50.91 3.67 2.5
      vertex 50.9271 3.93105 8.5
      vertex 50.9271 3.93105 2.5
    endloop
  endfacet
  facet normal -0.997861 0.0653646 0
    outer loop
      vertex 50.9271 3.93105 8.5
      vertex 50.91 3.67 2.5
      vertex 50.91 3.67 8.5
    endloop
  endfacet
  facet normal -0.751826 -0.659362 0
    outer loop
      vertex 51.4958 2.25579 2.5
      vertex 51.3233 2.45248 8.5
      vertex 51.3233 2.45248 2.5
    endloop
  endfacet
  facet normal -0.751826 -0.659362 0
    outer loop
      vertex 51.3233 2.45248 8.5
      vertex 51.4958 2.25579 2.5
      vertex 51.4958 2.25579 8.5
    endloop
  endfacet
  facet normal -0.831368 0.555723 0
    outer loop
      vertex 51.1779 4.67 2.5
      vertex 51.3233 4.88752 8.5
      vertex 51.3233 4.88752 2.5
    endloop
  endfacet
  facet normal -0.831368 0.555723 0
    outer loop
      vertex 51.3233 4.88752 8.5
      vertex 51.1779 4.67 2.5
      vertex 51.1779 4.67 8.5
    endloop
  endfacet
  facet normal -0.896883 -0.442268 0
    outer loop
      vertex 51.1779 2.67 2.5
      vertex 51.0622 2.90463 8.5
      vertex 51.0622 2.90463 2.5
    endloop
  endfacet
  facet normal -0.896883 -0.442268 0
    outer loop
      vertex 51.0622 2.90463 8.5
      vertex 51.1779 2.67 2.5
      vertex 51.1779 2.67 8.5
    endloop
  endfacet
  facet normal -0.997861 -0.0653646 0
    outer loop
      vertex 50.9271 3.40895 2.5
      vertex 50.91 3.67 8.5
      vertex 50.91 3.67 2.5
    endloop
  endfacet
  facet normal -0.997861 -0.0653646 0
    outer loop
      vertex 50.91 3.67 8.5
      vertex 50.9271 3.40895 2.5
      vertex 50.9271 3.40895 8.5
    endloop
  endfacet
  facet normal -0.0653902 -0.99786 0
    outer loop
      vertex 52.6489 1.68711 2.5
      vertex 52.91 1.67 8.5
      vertex 52.6489 1.68711 8.5
    endloop
  endfacet
  facet normal -0.0653902 -0.99786 -0
    outer loop
      vertex 52.91 1.67 8.5
      vertex 52.6489 1.68711 2.5
      vertex 52.91 1.67 2.5
    endloop
  endfacet
  facet normal 0.659343 -0.751842 0
    outer loop
      vertex 54.1275 2.08329 2.5
      vertex 54.3242 2.25579 8.5
      vertex 54.1275 2.08329 8.5
    endloop
  endfacet
  facet normal 0.659343 -0.751842 0
    outer loop
      vertex 54.3242 2.25579 8.5
      vertex 54.1275 2.08329 2.5
      vertex 54.3242 2.25579 2.5
    endloop
  endfacet
  facet normal -0.442344 -0.896845 0
    outer loop
      vertex 51.91 1.93795 2.5
      vertex 52.1446 1.82224 8.5
      vertex 51.91 1.93795 8.5
    endloop
  endfacet
  facet normal -0.442344 -0.896845 -0
    outer loop
      vertex 52.1446 1.82224 8.5
      vertex 51.91 1.93795 2.5
      vertex 52.1446 1.82224 2.5
    endloop
  endfacet
  facet normal -0.896883 0.442268 0
    outer loop
      vertex 51.0622 4.43537 2.5
      vertex 51.1779 4.67 8.5
      vertex 51.1779 4.67 2.5
    endloop
  endfacet
  facet normal -0.896883 0.442268 0
    outer loop
      vertex 51.1779 4.67 8.5
      vertex 51.0622 4.43537 2.5
      vertex 51.0622 4.43537 8.5
    endloop
  endfacet
  facet normal -0.980601 -0.196012 0
    outer loop
      vertex 53.3314 3.72547 2.5
      vertex 53.3205 3.78 8.5
      vertex 53.3205 3.78 2.5
    endloop
  endfacet
  facet normal -0.980601 -0.196012 0
    outer loop
      vertex 53.3205 3.78 8.5
      vertex 53.3314 3.72547 2.5
      vertex 53.3314 3.72547 8.5
    endloop
  endfacet
  facet normal -0.997901 -0.0647637 0
    outer loop
      vertex 53.335 3.67 2.5
      vertex 53.3314 3.72547 8.5
      vertex 53.3314 3.72547 2.5
    endloop
  endfacet
  facet normal -0.997901 -0.0647637 0
    outer loop
      vertex 53.3314 3.72547 8.5
      vertex 53.335 3.67 2.5
      vertex 53.335 3.67 8.5
    endloop
  endfacet
  facet normal -0.947307 -0.320328 0
    outer loop
      vertex 53.3205 3.78 2.5
      vertex 53.3027 3.83264 8.5
      vertex 53.3027 3.83264 2.5
    endloop
  endfacet
  facet normal -0.947307 -0.320328 0
    outer loop
      vertex 53.3027 3.83264 8.5
      vertex 53.3205 3.78 2.5
      vertex 53.3205 3.78 8.5
    endloop
  endfacet
  facet normal -0.896789 0.442459 0
    outer loop
      vertex 53.2781 3.4575 2.5
      vertex 53.3027 3.50736 8.5
      vertex 53.3027 3.50736 2.5
    endloop
  endfacet
  facet normal -0.896789 0.442459 0
    outer loop
      vertex 53.3027 3.50736 8.5
      vertex 53.2781 3.4575 2.5
      vertex 53.2781 3.4575 8.5
    endloop
  endfacet
  facet normal -0.321677 -0.94685 0
    outer loop
      vertex 53.02 4.08052 2.5
      vertex 53.0726 4.06265 8.5
      vertex 53.02 4.08052 8.5
    endloop
  endfacet
  facet normal -0.321677 -0.94685 -0
    outer loop
      vertex 53.0726 4.06265 8.5
      vertex 53.02 4.08052 2.5
      vertex 53.0726 4.06265 2.5
    endloop
  endfacet
  facet normal 0.065445 0.997856 -0
    outer loop
      vertex 52.91 3.245 2.5
      vertex 52.8545 3.24864 8.5
      vertex 52.91 3.245 8.5
    endloop
  endfacet
  facet normal 0.065445 0.997856 0
    outer loop
      vertex 52.8545 3.24864 8.5
      vertex 52.91 3.245 2.5
      vertex 52.8545 3.24864 2.5
    endloop
  endfacet
  facet normal -0.980601 0.196012 0
    outer loop
      vertex 53.3205 3.56 2.5
      vertex 53.3314 3.61453 8.5
      vertex 53.3314 3.61453 2.5
    endloop
  endfacet
  facet normal -0.980601 0.196012 0
    outer loop
      vertex 53.3314 3.61453 8.5
      vertex 53.3205 3.56 2.5
      vertex 53.3205 3.56 8.5
    endloop
  endfacet
  facet normal -0.555821 -0.831302 0
    outer loop
      vertex 53.1225 4.03806 2.5
      vertex 53.1687 4.00717 8.5
      vertex 53.1225 4.03806 8.5
    endloop
  endfacet
  facet normal -0.555821 -0.831302 -0
    outer loop
      vertex 53.1687 4.00717 8.5
      vertex 53.1225 4.03806 2.5
      vertex 53.1687 4.00717 2.5
    endloop
  endfacet
  facet normal 0.896789 0.442459 0
    outer loop
      vertex 52.5419 3.4575 8.5
      vertex 52.5173 3.50736 2.5
      vertex 52.5173 3.50736 8.5
    endloop
  endfacet
  facet normal 0.896789 0.442459 0
    outer loop
      vertex 52.5173 3.50736 2.5
      vertex 52.5419 3.4575 8.5
      vertex 52.5419 3.4575 2.5
    endloop
  endfacet
  facet normal -0.321677 0.94685 0
    outer loop
      vertex 53.0726 3.27735 2.5
      vertex 53.02 3.25948 8.5
      vertex 53.0726 3.27735 8.5
    endloop
  endfacet
  facet normal -0.321677 0.94685 0
    outer loop
      vertex 53.02 3.25948 8.5
      vertex 53.0726 3.27735 2.5
      vertex 53.02 3.25948 2.5
    endloop
  endfacet
  facet normal -0.896789 -0.442459 0
    outer loop
      vertex 53.3027 3.83264 2.5
      vertex 53.2781 3.8825 8.5
      vertex 53.2781 3.8825 2.5
    endloop
  endfacet
  facet normal -0.896789 -0.442459 0
    outer loop
      vertex 53.2781 3.8825 8.5
      vertex 53.3027 3.83264 2.5
      vertex 53.3027 3.83264 8.5
    endloop
  endfacet
  facet normal 0.195078 -0.980788 0
    outer loop
      vertex 52.8 4.08052 2.5
      vertex 52.8545 4.09136 8.5
      vertex 52.8 4.08052 8.5
    endloop
  endfacet
  facet normal 0.195078 -0.980788 0
    outer loop
      vertex 52.8545 4.09136 8.5
      vertex 52.8 4.08052 2.5
      vertex 52.8545 4.09136 2.5
    endloop
  endfacet
  facet normal 0.751462 -0.659776 0
    outer loop
      vertex 52.5728 3.92872 8.5
      vertex 52.6095 3.97052 2.5
      vertex 52.6095 3.97052 8.5
    endloop
  endfacet
  facet normal 0.751462 -0.659776 0
    outer loop
      vertex 52.6095 3.97052 2.5
      vertex 52.5728 3.92872 8.5
      vertex 52.5728 3.92872 2.5
    endloop
  endfacet
  facet normal -0.947307 0.320328 0
    outer loop
      vertex 53.3027 3.50736 2.5
      vertex 53.3205 3.56 8.5
      vertex 53.3205 3.56 2.5
    endloop
  endfacet
  facet normal -0.947307 0.320328 0
    outer loop
      vertex 53.3205 3.56 8.5
      vertex 53.3027 3.50736 2.5
      vertex 53.3027 3.50736 8.5
    endloop
  endfacet
  facet normal -0.065445 0.997856 0
    outer loop
      vertex 52.9655 3.24864 2.5
      vertex 52.91 3.245 8.5
      vertex 52.9655 3.24864 8.5
    endloop
  endfacet
  facet normal -0.065445 0.997856 0
    outer loop
      vertex 52.91 3.245 8.5
      vertex 52.9655 3.24864 2.5
      vertex 52.91 3.245 2.5
    endloop
  endfacet
  facet normal -0.555696 0.831385 0
    outer loop
      vertex 53.1687 3.33282 2.5
      vertex 53.1225 3.30194 8.5
      vertex 53.1687 3.33282 8.5
    endloop
  endfacet
  facet normal -0.555696 0.831385 0
    outer loop
      vertex 53.1225 3.30194 8.5
      vertex 53.1687 3.33282 2.5
      vertex 53.1225 3.30194 2.5
    endloop
  endfacet
  facet normal 0.83133 0.555779 0
    outer loop
      vertex 52.5728 3.41128 8.5
      vertex 52.5419 3.4575 2.5
      vertex 52.5419 3.4575 8.5
    endloop
  endfacet
  facet normal 0.83133 0.555779 0
    outer loop
      vertex 52.5419 3.4575 2.5
      vertex 52.5728 3.41128 8.5
      vertex 52.5728 3.41128 2.5
    endloop
  endfacet
  facet normal 0.321677 -0.94685 0
    outer loop
      vertex 52.7474 4.06265 2.5
      vertex 52.8 4.08052 8.5
      vertex 52.7474 4.06265 8.5
    endloop
  endfacet
  facet normal 0.321677 -0.94685 0
    outer loop
      vertex 52.8 4.08052 8.5
      vertex 52.7474 4.06265 2.5
      vertex 52.8 4.08052 2.5
    endloop
  endfacet
  facet normal -0.195078 0.980788 0
    outer loop
      vertex 53.02 3.25948 2.5
      vertex 52.9655 3.24864 8.5
      vertex 53.02 3.25948 8.5
    endloop
  endfacet
  facet normal -0.195078 0.980788 0
    outer loop
      vertex 52.9655 3.24864 8.5
      vertex 53.02 3.25948 2.5
      vertex 52.9655 3.24864 2.5
    endloop
  endfacet
  facet normal -0.065445 -0.997856 0
    outer loop
      vertex 52.91 4.095 2.5
      vertex 52.9655 4.09136 8.5
      vertex 52.91 4.095 8.5
    endloop
  endfacet
  facet normal -0.065445 -0.997856 -0
    outer loop
      vertex 52.9655 4.09136 8.5
      vertex 52.91 4.095 2.5
      vertex 52.9655 4.09136 2.5
    endloop
  endfacet
  facet normal -0.659268 -0.751908 0
    outer loop
      vertex 53.1687 4.00717 2.5
      vertex 53.2105 3.97052 8.5
      vertex 53.1687 4.00717 8.5
    endloop
  endfacet
  facet normal -0.659268 -0.751908 -0
    outer loop
      vertex 53.2105 3.97052 8.5
      vertex 53.1687 4.00717 2.5
      vertex 53.2105 3.97052 2.5
    endloop
  endfacet
  facet normal 0.442029 -0.897001 0
    outer loop
      vertex 52.6975 4.03806 2.5
      vertex 52.7474 4.06265 8.5
      vertex 52.6975 4.03806 8.5
    endloop
  endfacet
  facet normal 0.442029 -0.897001 0
    outer loop
      vertex 52.7474 4.06265 8.5
      vertex 52.6975 4.03806 2.5
      vertex 52.7474 4.06265 2.5
    endloop
  endfacet
  facet normal -0.83133 0.555779 0
    outer loop
      vertex 53.2472 3.41128 2.5
      vertex 53.2781 3.4575 8.5
      vertex 53.2781 3.4575 2.5
    endloop
  endfacet
  facet normal -0.83133 0.555779 0
    outer loop
      vertex 53.2781 3.4575 8.5
      vertex 53.2472 3.41128 2.5
      vertex 53.2472 3.41128 8.5
    endloop
  endfacet
  facet normal 0.997901 -0.0647637 0
    outer loop
      vertex 52.485 3.67 8.5
      vertex 52.4886 3.72547 2.5
      vertex 52.4886 3.72547 8.5
    endloop
  endfacet
  facet normal 0.997901 -0.0647637 0
    outer loop
      vertex 52.4886 3.72547 2.5
      vertex 52.485 3.67 8.5
      vertex 52.485 3.67 2.5
    endloop
  endfacet
  facet normal -0.751462 -0.659776 0
    outer loop
      vertex 53.2472 3.92872 2.5
      vertex 53.2105 3.97052 8.5
      vertex 53.2105 3.97052 2.5
    endloop
  endfacet
  facet normal -0.751462 -0.659776 0
    outer loop
      vertex 53.2105 3.97052 8.5
      vertex 53.2472 3.92872 2.5
      vertex 53.2472 3.92872 8.5
    endloop
  endfacet
  facet normal 0.751462 0.659776 0
    outer loop
      vertex 52.6095 3.36948 8.5
      vertex 52.5728 3.41128 2.5
      vertex 52.5728 3.41128 8.5
    endloop
  endfacet
  facet normal 0.751462 0.659776 0
    outer loop
      vertex 52.5728 3.41128 2.5
      vertex 52.6095 3.36948 8.5
      vertex 52.6095 3.36948 2.5
    endloop
  endfacet
  facet normal -0.997901 0.0647637 0
    outer loop
      vertex 53.3314 3.61453 2.5
      vertex 53.335 3.67 8.5
      vertex 53.335 3.67 2.5
    endloop
  endfacet
  facet normal -0.997901 0.0647637 0
    outer loop
      vertex 53.335 3.67 8.5
      vertex 53.3314 3.61453 2.5
      vertex 53.3314 3.61453 8.5
    endloop
  endfacet
  facet normal -0.83133 -0.555779 0
    outer loop
      vertex 53.2781 3.8825 2.5
      vertex 53.2472 3.92872 8.5
      vertex 53.2472 3.92872 2.5
    endloop
  endfacet
  facet normal -0.83133 -0.555779 0
    outer loop
      vertex 53.2472 3.92872 8.5
      vertex 53.2781 3.8825 2.5
      vertex 53.2781 3.8825 8.5
    endloop
  endfacet
  facet normal 0.555696 0.831385 -0
    outer loop
      vertex 52.6975 3.30194 2.5
      vertex 52.6513 3.33282 8.5
      vertex 52.6975 3.30194 8.5
    endloop
  endfacet
  facet normal 0.555696 0.831385 0
    outer loop
      vertex 52.6513 3.33282 8.5
      vertex 52.6975 3.30194 2.5
      vertex 52.6513 3.33282 2.5
    endloop
  endfacet
  facet normal -0.442029 0.897001 0
    outer loop
      vertex 53.1225 3.30194 2.5
      vertex 53.0726 3.27735 8.5
      vertex 53.1225 3.30194 8.5
    endloop
  endfacet
  facet normal -0.442029 0.897001 0
    outer loop
      vertex 53.0726 3.27735 8.5
      vertex 53.1225 3.30194 2.5
      vertex 53.0726 3.27735 2.5
    endloop
  endfacet
  facet normal -0.442029 -0.897001 0
    outer loop
      vertex 53.0726 4.06265 2.5
      vertex 53.1225 4.03806 8.5
      vertex 53.0726 4.06265 8.5
    endloop
  endfacet
  facet normal -0.442029 -0.897001 -0
    outer loop
      vertex 53.1225 4.03806 8.5
      vertex 53.0726 4.06265 2.5
      vertex 53.1225 4.03806 2.5
    endloop
  endfacet
  facet normal 0.980601 -0.196012 0
    outer loop
      vertex 52.4886 3.72547 8.5
      vertex 52.4995 3.78 2.5
      vertex 52.4995 3.78 8.5
    endloop
  endfacet
  facet normal 0.980601 -0.196012 0
    outer loop
      vertex 52.4995 3.78 2.5
      vertex 52.4886 3.72547 8.5
      vertex 52.4886 3.72547 2.5
    endloop
  endfacet
  facet normal 0.896789 -0.442459 0
    outer loop
      vertex 52.5173 3.83264 8.5
      vertex 52.5419 3.8825 2.5
      vertex 52.5419 3.8825 8.5
    endloop
  endfacet
  facet normal 0.896789 -0.442459 0
    outer loop
      vertex 52.5419 3.8825 2.5
      vertex 52.5173 3.83264 8.5
      vertex 52.5173 3.83264 2.5
    endloop
  endfacet
  facet normal 0.997901 0.0647637 0
    outer loop
      vertex 52.4886 3.61453 8.5
      vertex 52.485 3.67 2.5
      vertex 52.485 3.67 8.5
    endloop
  endfacet
  facet normal 0.997901 0.0647637 0
    outer loop
      vertex 52.485 3.67 2.5
      vertex 52.4886 3.61453 8.5
      vertex 52.4886 3.61453 2.5
    endloop
  endfacet
  facet normal 0.195078 0.980788 -0
    outer loop
      vertex 52.8545 3.24864 2.5
      vertex 52.8 3.25948 8.5
      vertex 52.8545 3.24864 8.5
    endloop
  endfacet
  facet normal 0.195078 0.980788 0
    outer loop
      vertex 52.8 3.25948 8.5
      vertex 52.8545 3.24864 2.5
      vertex 52.8 3.25948 2.5
    endloop
  endfacet
  facet normal 0.321677 0.94685 -0
    outer loop
      vertex 52.8 3.25948 2.5
      vertex 52.7474 3.27735 8.5
      vertex 52.8 3.25948 8.5
    endloop
  endfacet
  facet normal 0.321677 0.94685 0
    outer loop
      vertex 52.7474 3.27735 8.5
      vertex 52.8 3.25948 2.5
      vertex 52.7474 3.27735 2.5
    endloop
  endfacet
  facet normal 0.83133 -0.555779 0
    outer loop
      vertex 52.5419 3.8825 8.5
      vertex 52.5728 3.92872 2.5
      vertex 52.5728 3.92872 8.5
    endloop
  endfacet
  facet normal 0.83133 -0.555779 0
    outer loop
      vertex 52.5728 3.92872 2.5
      vertex 52.5419 3.8825 8.5
      vertex 52.5419 3.8825 2.5
    endloop
  endfacet
  facet normal -0.195078 -0.980788 0
    outer loop
      vertex 52.9655 4.09136 2.5
      vertex 53.02 4.08052 8.5
      vertex 52.9655 4.09136 8.5
    endloop
  endfacet
  facet normal -0.195078 -0.980788 -0
    outer loop
      vertex 53.02 4.08052 8.5
      vertex 52.9655 4.09136 2.5
      vertex 53.02 4.08052 2.5
    endloop
  endfacet
  facet normal 0.659268 -0.751908 0
    outer loop
      vertex 52.6095 3.97052 2.5
      vertex 52.6513 4.00717 8.5
      vertex 52.6095 3.97052 8.5
    endloop
  endfacet
  facet normal 0.659268 -0.751908 0
    outer loop
      vertex 52.6513 4.00717 8.5
      vertex 52.6095 3.97052 2.5
      vertex 52.6513 4.00717 2.5
    endloop
  endfacet
  facet normal 0.555821 -0.831302 0
    outer loop
      vertex 52.6513 4.00717 2.5
      vertex 52.6975 4.03806 8.5
      vertex 52.6513 4.00717 8.5
    endloop
  endfacet
  facet normal 0.555821 -0.831302 0
    outer loop
      vertex 52.6975 4.03806 8.5
      vertex 52.6513 4.00717 2.5
      vertex 52.6975 4.03806 2.5
    endloop
  endfacet
  facet normal 0.065445 -0.997856 0
    outer loop
      vertex 52.8545 4.09136 2.5
      vertex 52.91 4.095 8.5
      vertex 52.8545 4.09136 8.5
    endloop
  endfacet
  facet normal 0.065445 -0.997856 0
    outer loop
      vertex 52.91 4.095 8.5
      vertex 52.8545 4.09136 2.5
      vertex 52.91 4.095 2.5
    endloop
  endfacet
  facet normal -0.65937 0.751819 0
    outer loop
      vertex 53.2105 3.36948 2.5
      vertex 53.1687 3.33282 8.5
      vertex 53.2105 3.36948 8.5
    endloop
  endfacet
  facet normal -0.65937 0.751819 0
    outer loop
      vertex 53.1687 3.33282 8.5
      vertex 53.2105 3.36948 2.5
      vertex 53.1687 3.33282 2.5
    endloop
  endfacet
  facet normal -0.751462 0.659776 0
    outer loop
      vertex 53.2105 3.36948 2.5
      vertex 53.2472 3.41128 8.5
      vertex 53.2472 3.41128 2.5
    endloop
  endfacet
  facet normal -0.751462 0.659776 0
    outer loop
      vertex 53.2472 3.41128 8.5
      vertex 53.2105 3.36948 2.5
      vertex 53.2105 3.36948 8.5
    endloop
  endfacet
  facet normal 0.947307 0.320328 0
    outer loop
      vertex 52.5173 3.50736 8.5
      vertex 52.4995 3.56 2.5
      vertex 52.4995 3.56 8.5
    endloop
  endfacet
  facet normal 0.947307 0.320328 0
    outer loop
      vertex 52.4995 3.56 2.5
      vertex 52.5173 3.50736 8.5
      vertex 52.5173 3.50736 2.5
    endloop
  endfacet
  facet normal 0.980601 0.196012 0
    outer loop
      vertex 52.4995 3.56 8.5
      vertex 52.4886 3.61453 2.5
      vertex 52.4886 3.61453 8.5
    endloop
  endfacet
  facet normal 0.980601 0.196012 0
    outer loop
      vertex 52.4886 3.61453 2.5
      vertex 52.4995 3.56 8.5
      vertex 52.4995 3.56 2.5
    endloop
  endfacet
  facet normal 0.65937 0.751819 -0
    outer loop
      vertex 52.6513 3.33282 2.5
      vertex 52.6095 3.36948 8.5
      vertex 52.6513 3.33282 8.5
    endloop
  endfacet
  facet normal 0.65937 0.751819 0
    outer loop
      vertex 52.6095 3.36948 8.5
      vertex 52.6513 3.33282 2.5
      vertex 52.6095 3.36948 2.5
    endloop
  endfacet
  facet normal 0.947307 -0.320328 0
    outer loop
      vertex 52.4995 3.78 8.5
      vertex 52.5173 3.83264 2.5
      vertex 52.5173 3.83264 8.5
    endloop
  endfacet
  facet normal 0.947307 -0.320328 0
    outer loop
      vertex 52.5173 3.83264 2.5
      vertex 52.4995 3.78 8.5
      vertex 52.4995 3.78 2.5
    endloop
  endfacet
  facet normal 0.442029 0.897001 -0
    outer loop
      vertex 52.7474 3.27735 2.5
      vertex 52.6975 3.30194 8.5
      vertex 52.7474 3.27735 8.5
    endloop
  endfacet
  facet normal 0.442029 0.897001 0
    outer loop
      vertex 52.6975 3.30194 8.5
      vertex 52.7474 3.27735 2.5
      vertex 52.6975 3.30194 2.5
    endloop
  endfacet
  facet normal 0.980771 0.19516 0
    outer loop
      vertex 9.17289 29.3911 8.5
      vertex 9.12185 29.6476 2.5
      vertex 9.12185 29.6476 8.5
    endloop
  endfacet
  facet normal 0.980771 0.19516 0
    outer loop
      vertex 9.12185 29.6476 2.5
      vertex 9.17289 29.3911 8.5
      vertex 9.17289 29.3911 2.5
    endloop
  endfacet
  facet normal 0.99786 0.0653902 0
    outer loop
      vertex 9.19 29.13 8.5
      vertex 9.17289 29.3911 2.5
      vertex 9.17289 29.3911 8.5
    endloop
  endfacet
  facet normal 0.99786 0.0653902 0
    outer loop
      vertex 9.17289 29.3911 2.5
      vertex 9.19 29.13 8.5
      vertex 9.19 29.13 2.5
    endloop
  endfacet
  facet normal 0.946961 0.321348 0
    outer loop
      vertex 9.12185 29.6476 8.5
      vertex 9.03776 29.8954 2.5
      vertex 9.03776 29.8954 8.5
    endloop
  endfacet
  facet normal 0.946961 0.321348 0
    outer loop
      vertex 9.03776 29.8954 2.5
      vertex 9.12185 29.6476 8.5
      vertex 9.12185 29.6476 2.5
    endloop
  endfacet
  facet normal -0.83145 -0.5556 0
    outer loop
      vertex 5.60329 27.9125 2.5
      vertex 5.45795 28.13 8.5
      vertex 5.45795 28.13 2.5
    endloop
  endfacet
  facet normal -0.83145 -0.5556 0
    outer loop
      vertex 5.45795 28.13 8.5
      vertex 5.60329 27.9125 2.5
      vertex 5.60329 27.9125 8.5
    endloop
  endfacet
  facet normal -0.99786 -0.0653902 0
    outer loop
      vertex 5.20711 28.8689 2.5
      vertex 5.19 29.13 8.5
      vertex 5.19 29.13 2.5
    endloop
  endfacet
  facet normal -0.99786 -0.0653902 0
    outer loop
      vertex 5.19 29.13 8.5
      vertex 5.20711 28.8689 2.5
      vertex 5.20711 28.8689 8.5
    endloop
  endfacet
  facet normal -0.896845 0.442344 0
    outer loop
      vertex 5.34224 29.8954 2.5
      vertex 5.45795 30.13 8.5
      vertex 5.45795 30.13 2.5
    endloop
  endfacet
  facet normal -0.896845 0.442344 0
    outer loop
      vertex 5.45795 30.13 8.5
      vertex 5.34224 29.8954 2.5
      vertex 5.34224 29.8954 8.5
    endloop
  endfacet
  facet normal 0.555459 0.831544 -0
    outer loop
      vertex 8.40752 30.7167 2.5
      vertex 8.19 30.862 8.5
      vertex 8.40752 30.7167 8.5
    endloop
  endfacet
  facet normal 0.555459 0.831544 0
    outer loop
      vertex 8.19 30.862 8.5
      vertex 8.40752 30.7167 2.5
      vertex 8.19 30.862 2.5
    endloop
  endfacet
  facet normal 0.896845 -0.442344 0
    outer loop
      vertex 8.92205 28.13 8.5
      vertex 9.03776 28.3646 2.5
      vertex 9.03776 28.3646 8.5
    endloop
  endfacet
  facet normal 0.896845 -0.442344 0
    outer loop
      vertex 9.03776 28.3646 2.5
      vertex 8.92205 28.13 8.5
      vertex 8.92205 28.13 2.5
    endloop
  endfacet
  facet normal 0.0653646 0.997861 -0
    outer loop
      vertex 7.45105 31.1129 2.5
      vertex 7.19 31.13 8.5
      vertex 7.45105 31.1129 8.5
    endloop
  endfacet
  facet normal 0.0653646 0.997861 0
    outer loop
      vertex 7.19 31.13 8.5
      vertex 7.45105 31.1129 2.5
      vertex 7.19 31.13 2.5
    endloop
  endfacet
  facet normal 0.0653646 -0.997861 0
    outer loop
      vertex 7.19 27.13 2.5
      vertex 7.45105 27.1471 8.5
      vertex 7.19 27.13 8.5
    endloop
  endfacet
  facet normal 0.0653646 -0.997861 0
    outer loop
      vertex 7.45105 27.1471 8.5
      vertex 7.19 27.13 2.5
      vertex 7.45105 27.1471 2.5
    endloop
  endfacet
  facet normal 0.896845 0.442344 0
    outer loop
      vertex 9.03776 29.8954 8.5
      vertex 8.92205 30.13 2.5
      vertex 8.92205 30.13 8.5
    endloop
  endfacet
  facet normal 0.896845 0.442344 0
    outer loop
      vertex 8.92205 30.13 2.5
      vertex 9.03776 29.8954 8.5
      vertex 9.03776 29.8954 2.5
    endloop
  endfacet
  facet normal -0.980771 0.19516 0
    outer loop
      vertex 5.20711 29.3911 2.5
      vertex 5.25815 29.6476 8.5
      vertex 5.25815 29.6476 2.5
    endloop
  endfacet
  facet normal -0.980771 0.19516 0
    outer loop
      vertex 5.25815 29.6476 8.5
      vertex 5.20711 29.3911 2.5
      vertex 5.20711 29.3911 8.5
    endloop
  endfacet
  facet normal -0.980771 -0.19516 0
    outer loop
      vertex 5.25815 28.6124 2.5
      vertex 5.20711 28.8689 8.5
      vertex 5.20711 28.8689 2.5
    endloop
  endfacet
  facet normal -0.980771 -0.19516 0
    outer loop
      vertex 5.20711 28.8689 8.5
      vertex 5.25815 28.6124 2.5
      vertex 5.25815 28.6124 8.5
    endloop
  endfacet
  facet normal 0.83145 -0.5556 0
    outer loop
      vertex 8.77671 27.9125 8.5
      vertex 8.92205 28.13 2.5
      vertex 8.92205 28.13 8.5
    endloop
  endfacet
  facet normal 0.83145 -0.5556 0
    outer loop
      vertex 8.92205 28.13 2.5
      vertex 8.77671 27.9125 8.5
      vertex 8.77671 27.9125 2.5
    endloop
  endfacet
  facet normal -0.751842 -0.659343 0
    outer loop
      vertex 5.77579 27.7158 2.5
      vertex 5.60329 27.9125 8.5
      vertex 5.60329 27.9125 2.5
    endloop
  endfacet
  facet normal -0.751842 -0.659343 0
    outer loop
      vertex 5.60329 27.9125 8.5
      vertex 5.77579 27.7158 2.5
      vertex 5.77579 27.7158 8.5
    endloop
  endfacet
  facet normal -0.321463 0.946922 0
    outer loop
      vertex 6.67236 31.0619 2.5
      vertex 6.42463 30.9778 8.5
      vertex 6.67236 31.0619 8.5
    endloop
  endfacet
  facet normal -0.321463 0.946922 0
    outer loop
      vertex 6.42463 30.9778 8.5
      vertex 6.67236 31.0619 2.5
      vertex 6.42463 30.9778 2.5
    endloop
  endfacet
  facet normal 0.659362 0.751826 -0
    outer loop
      vertex 8.60421 30.5442 2.5
      vertex 8.40752 30.7167 8.5
      vertex 8.60421 30.5442 8.5
    endloop
  endfacet
  facet normal 0.659362 0.751826 0
    outer loop
      vertex 8.40752 30.7167 8.5
      vertex 8.60421 30.5442 2.5
      vertex 8.40752 30.7167 2.5
    endloop
  endfacet
  facet normal 0.946961 -0.321348 0
    outer loop
      vertex 9.03776 28.3646 8.5
      vertex 9.12185 28.6124 2.5
      vertex 9.12185 28.6124 8.5
    endloop
  endfacet
  facet normal 0.946961 -0.321348 0
    outer loop
      vertex 9.12185 28.6124 2.5
      vertex 9.03776 28.3646 8.5
      vertex 9.03776 28.3646 2.5
    endloop
  endfacet
  facet normal 0.442575 0.896731 -0
    outer loop
      vertex 8.19 30.862 2.5
      vertex 7.95537 30.9778 8.5
      vertex 8.19 30.862 8.5
    endloop
  endfacet
  facet normal 0.442575 0.896731 0
    outer loop
      vertex 7.95537 30.9778 8.5
      vertex 8.19 30.862 2.5
      vertex 7.95537 30.9778 2.5
    endloop
  endfacet
  facet normal -0.555459 0.831544 0
    outer loop
      vertex 6.19 30.862 2.5
      vertex 5.97248 30.7167 8.5
      vertex 6.19 30.862 8.5
    endloop
  endfacet
  facet normal -0.555459 0.831544 0
    outer loop
      vertex 5.97248 30.7167 8.5
      vertex 6.19 30.862 2.5
      vertex 5.97248 30.7167 2.5
    endloop
  endfacet
  facet normal 0.194947 -0.980814 0
    outer loop
      vertex 7.45105 27.1471 2.5
      vertex 7.70764 27.1981 8.5
      vertex 7.45105 27.1471 8.5
    endloop
  endfacet
  facet normal 0.194947 -0.980814 0
    outer loop
      vertex 7.70764 27.1981 8.5
      vertex 7.45105 27.1471 2.5
      vertex 7.70764 27.1981 2.5
    endloop
  endfacet
  facet normal -0.0653646 0.997861 0
    outer loop
      vertex 7.19 31.13 2.5
      vertex 6.92895 31.1129 8.5
      vertex 7.19 31.13 8.5
    endloop
  endfacet
  facet normal -0.0653646 0.997861 0
    outer loop
      vertex 6.92895 31.1129 8.5
      vertex 7.19 31.13 2.5
      vertex 6.92895 31.1129 2.5
    endloop
  endfacet
  facet normal 0.83145 0.5556 0
    outer loop
      vertex 8.92205 30.13 8.5
      vertex 8.77671 30.3475 2.5
      vertex 8.77671 30.3475 8.5
    endloop
  endfacet
  facet normal 0.83145 0.5556 0
    outer loop
      vertex 8.77671 30.3475 2.5
      vertex 8.92205 30.13 8.5
      vertex 8.92205 30.13 2.5
    endloop
  endfacet
  facet normal -0.0653646 -0.997861 0
    outer loop
      vertex 6.92895 27.1471 2.5
      vertex 7.19 27.13 8.5
      vertex 6.92895 27.1471 8.5
    endloop
  endfacet
  facet normal -0.0653646 -0.997861 -0
    outer loop
      vertex 7.19 27.13 8.5
      vertex 6.92895 27.1471 2.5
      vertex 7.19 27.13 2.5
    endloop
  endfacet
  facet normal 0.321463 0.946922 -0
    outer loop
      vertex 7.95537 30.9778 2.5
      vertex 7.70764 31.0619 8.5
      vertex 7.95537 30.9778 8.5
    endloop
  endfacet
  facet normal 0.321463 0.946922 0
    outer loop
      vertex 7.70764 31.0619 8.5
      vertex 7.95537 30.9778 2.5
      vertex 7.70764 31.0619 2.5
    endloop
  endfacet
  facet normal 0.659362 -0.751826 0
    outer loop
      vertex 8.40752 27.5433 2.5
      vertex 8.60421 27.7158 8.5
      vertex 8.40752 27.5433 8.5
    endloop
  endfacet
  facet normal 0.659362 -0.751826 0
    outer loop
      vertex 8.60421 27.7158 8.5
      vertex 8.40752 27.5433 2.5
      vertex 8.60421 27.7158 2.5
    endloop
  endfacet
  facet normal 0.980771 -0.19516 0
    outer loop
      vertex 9.12185 28.6124 8.5
      vertex 9.17289 28.8689 2.5
      vertex 9.17289 28.8689 8.5
    endloop
  endfacet
  facet normal 0.980771 -0.19516 0
    outer loop
      vertex 9.17289 28.8689 2.5
      vertex 9.12185 28.6124 8.5
      vertex 9.12185 28.6124 2.5
    endloop
  endfacet
  facet normal 0.99786 -0.0653902 0
    outer loop
      vertex 9.17289 28.8689 8.5
      vertex 9.19 29.13 2.5
      vertex 9.19 29.13 8.5
    endloop
  endfacet
  facet normal 0.99786 -0.0653902 0
    outer loop
      vertex 9.19 29.13 2.5
      vertex 9.17289 28.8689 8.5
      vertex 9.17289 28.8689 2.5
    endloop
  endfacet
  facet normal -0.659362 0.751826 0
    outer loop
      vertex 5.97248 30.7167 2.5
      vertex 5.77579 30.5442 8.5
      vertex 5.97248 30.7167 8.5
    endloop
  endfacet
  facet normal -0.659362 0.751826 0
    outer loop
      vertex 5.77579 30.5442 8.5
      vertex 5.97248 30.7167 2.5
      vertex 5.77579 30.5442 2.5
    endloop
  endfacet
  facet normal -0.442575 0.896731 0
    outer loop
      vertex 6.42463 30.9778 2.5
      vertex 6.19 30.862 8.5
      vertex 6.42463 30.9778 8.5
    endloop
  endfacet
  facet normal -0.442575 0.896731 0
    outer loop
      vertex 6.19 30.862 8.5
      vertex 6.42463 30.9778 2.5
      vertex 6.19 30.862 2.5
    endloop
  endfacet
  facet normal -0.99786 0.0653902 0
    outer loop
      vertex 5.19 29.13 2.5
      vertex 5.20711 29.3911 8.5
      vertex 5.20711 29.3911 2.5
    endloop
  endfacet
  facet normal -0.99786 0.0653902 0
    outer loop
      vertex 5.20711 29.3911 8.5
      vertex 5.19 29.13 2.5
      vertex 5.19 29.13 8.5
    endloop
  endfacet
  facet normal -0.442268 -0.896883 0
    outer loop
      vertex 6.19 27.3979 2.5
      vertex 6.42463 27.2822 8.5
      vertex 6.19 27.3979 8.5
    endloop
  endfacet
  facet normal -0.442268 -0.896883 -0
    outer loop
      vertex 6.42463 27.2822 8.5
      vertex 6.19 27.3979 2.5
      vertex 6.42463 27.2822 2.5
    endloop
  endfacet
  facet normal -0.751842 0.659343 0
    outer loop
      vertex 5.60329 30.3475 2.5
      vertex 5.77579 30.5442 8.5
      vertex 5.77579 30.5442 2.5
    endloop
  endfacet
  facet normal -0.751842 0.659343 0
    outer loop
      vertex 5.77579 30.5442 8.5
      vertex 5.60329 30.3475 2.5
      vertex 5.60329 30.3475 8.5
    endloop
  endfacet
  facet normal -0.194947 0.980814 0
    outer loop
      vertex 6.92895 31.1129 2.5
      vertex 6.67236 31.0619 8.5
      vertex 6.92895 31.1129 8.5
    endloop
  endfacet
  facet normal -0.194947 0.980814 0
    outer loop
      vertex 6.67236 31.0619 8.5
      vertex 6.92895 31.1129 2.5
      vertex 6.67236 31.0619 2.5
    endloop
  endfacet
  facet normal -0.83145 0.5556 0
    outer loop
      vertex 5.45795 30.13 2.5
      vertex 5.60329 30.3475 8.5
      vertex 5.60329 30.3475 2.5
    endloop
  endfacet
  facet normal -0.83145 0.5556 0
    outer loop
      vertex 5.60329 30.3475 8.5
      vertex 5.45795 30.13 2.5
      vertex 5.45795 30.13 8.5
    endloop
  endfacet
  facet normal 0.555723 -0.831368 0
    outer loop
      vertex 8.19 27.3979 2.5
      vertex 8.40752 27.5433 8.5
      vertex 8.19 27.3979 8.5
    endloop
  endfacet
  facet normal 0.555723 -0.831368 0
    outer loop
      vertex 8.40752 27.5433 8.5
      vertex 8.19 27.3979 2.5
      vertex 8.40752 27.5433 2.5
    endloop
  endfacet
  facet normal 0.751842 -0.659343 0
    outer loop
      vertex 8.60421 27.7158 8.5
      vertex 8.77671 27.9125 2.5
      vertex 8.77671 27.9125 8.5
    endloop
  endfacet
  facet normal 0.751842 -0.659343 0
    outer loop
      vertex 8.77671 27.9125 2.5
      vertex 8.60421 27.7158 8.5
      vertex 8.60421 27.7158 2.5
    endloop
  endfacet
  facet normal 0 0 1
    outer loop
      vertex 7.615 29.13 8.5
      vertex 9.19 29.13 8.5
      vertex 9.17289 29.3911 8.5
    endloop
  endfacet
  facet normal 0 0 1
    outer loop
      vertex 7.61136 29.1855 8.5
      vertex 9.17289 29.3911 8.5
      vertex 9.12185 29.6476 8.5
    endloop
  endfacet
  facet normal 0 0 1
    outer loop
      vertex 9.19 29.13 8.5
      vertex 7.615 29.13 8.5
      vertex 9.17289 28.8689 8.5
    endloop
  endfacet
  facet normal 0 0 1
    outer loop
      vertex 7.60052 29.24 8.5
      vertex 9.12185 29.6476 8.5
      vertex 9.03776 29.8954 8.5
    endloop
  endfacet
  facet normal -0 0 1
    outer loop
      vertex 7.61136 29.0745 8.5
      vertex 9.17289 28.8689 8.5
      vertex 7.615 29.13 8.5
    endloop
  endfacet
  facet normal 0 0 1
    outer loop
      vertex 7.58265 29.2926 8.5
      vertex 9.03776 29.8954 8.5
      vertex 8.92205 30.13 8.5
    endloop
  endfacet
  facet normal 0 0 1
    outer loop
      vertex 9.17289 28.8689 8.5
      vertex 7.61136 29.0745 8.5
      vertex 9.12185 28.6124 8.5
    endloop
  endfacet
  facet normal 0 0 1
    outer loop
      vertex 7.55806 29.3425 8.5
      vertex 8.92205 30.13 8.5
      vertex 8.77671 30.3475 8.5
    endloop
  endfacet
  facet normal -0 0 1
    outer loop
      vertex 7.60052 29.02 8.5
      vertex 9.12185 28.6124 8.5
      vertex 7.61136 29.0745 8.5
    endloop
  endfacet
  facet normal 0 0 1
    outer loop
      vertex 7.52717 29.3887 8.5
      vertex 8.77671 30.3475 8.5
      vertex 8.60421 30.5442 8.5
    endloop
  endfacet
  facet normal 0 0 1
    outer loop
      vertex 9.12185 28.6124 8.5
      vertex 7.60052 29.02 8.5
      vertex 9.03776 28.3646 8.5
    endloop
  endfacet
  facet normal 0 0 1
    outer loop
      vertex 7.49052 29.4305 8.5
      vertex 8.60421 30.5442 8.5
      vertex 8.40752 30.7167 8.5
    endloop
  endfacet
  facet normal -0 0 1
    outer loop
      vertex 7.58265 28.9674 8.5
      vertex 9.03776 28.3646 8.5
      vertex 7.60052 29.02 8.5
    endloop
  endfacet
  facet normal 0 0 1
    outer loop
      vertex 7.44872 29.4672 8.5
      vertex 8.40752 30.7167 8.5
      vertex 8.19 30.862 8.5
    endloop
  endfacet
  facet normal 0 0 1
    outer loop
      vertex 9.03776 28.3646 8.5
      vertex 7.58265 28.9674 8.5
      vertex 8.92205 28.13 8.5
    endloop
  endfacet
  facet normal 0 0 1
    outer loop
      vertex 7.4025 29.4981 8.5
      vertex 8.19 30.862 8.5
      vertex 7.95537 30.9778 8.5
    endloop
  endfacet
  facet normal -0 0 1
    outer loop
      vertex 7.55806 28.9175 8.5
      vertex 8.92205 28.13 8.5
      vertex 7.58265 28.9674 8.5
    endloop
  endfacet
  facet normal 0 0 1
    outer loop
      vertex 7.35264 29.5226 8.5
      vertex 7.95537 30.9778 8.5
      vertex 7.70764 31.0619 8.5
    endloop
  endfacet
  facet normal 0 0 1
    outer loop
      vertex 8.92205 28.13 8.5
      vertex 7.55806 28.9175 8.5
      vertex 8.77671 27.9125 8.5
    endloop
  endfacet
  facet normal -0 0 1
    outer loop
      vertex 7.52717 28.8713 8.5
      vertex 8.77671 27.9125 8.5
      vertex 7.55806 28.9175 8.5
    endloop
  endfacet
  facet normal 0 0 1
    outer loop
      vertex 9.17289 29.3911 8.5
      vertex 7.61136 29.1855 8.5
      vertex 7.615 29.13 8.5
    endloop
  endfacet
  facet normal 0 0 1
    outer loop
      vertex 9.12185 29.6476 8.5
      vertex 7.60052 29.24 8.5
      vertex 7.61136 29.1855 8.5
    endloop
  endfacet
  facet normal 0 0 1
    outer loop
      vertex 9.03776 29.8954 8.5
      vertex 7.58265 29.2926 8.5
      vertex 7.60052 29.24 8.5
    endloop
  endfacet
  facet normal 0 0 1
    outer loop
      vertex 8.92205 30.13 8.5
      vertex 7.55806 29.3425 8.5
      vertex 7.58265 29.2926 8.5
    endloop
  endfacet
  facet normal 0 0 1
    outer loop
      vertex 8.77671 30.3475 8.5
      vertex 7.52717 29.3887 8.5
      vertex 7.55806 29.3425 8.5
    endloop
  endfacet
  facet normal 0 0 1
    outer loop
      vertex 8.60421 30.5442 8.5
      vertex 7.49052 29.4305 8.5
      vertex 7.52717 29.3887 8.5
    endloop
  endfacet
  facet normal 0 0 1
    outer loop
      vertex 7.3 29.5405 8.5
      vertex 7.70764 31.0619 8.5
      vertex 7.45105 31.1129 8.5
    endloop
  endfacet
  facet normal 0 0 1
    outer loop
      vertex 8.40752 30.7167 8.5
      vertex 7.44872 29.4672 8.5
      vertex 7.49052 29.4305 8.5
    endloop
  endfacet
  facet normal 0 0 1
    outer loop
      vertex 8.19 30.862 8.5
      vertex 7.4025 29.4981 8.5
      vertex 7.44872 29.4672 8.5
    endloop
  endfacet
  facet normal 0 0 1
    outer loop
      vertex 7.95537 30.9778 8.5
      vertex 7.35264 29.5226 8.5
      vertex 7.4025 29.4981 8.5
    endloop
  endfacet
  facet normal 0 0 1
    outer loop
      vertex 7.70764 31.0619 8.5
      vertex 7.3 29.5405 8.5
      vertex 7.35264 29.5226 8.5
    endloop
  endfacet
  facet normal 0 0 1
    outer loop
      vertex 7.45105 31.1129 8.5
      vertex 7.24547 29.5514 8.5
      vertex 7.3 29.5405 8.5
    endloop
  endfacet
  facet normal 0 0 1
    outer loop
      vertex 7.19 31.13 8.5
      vertex 7.24547 29.5514 8.5
      vertex 7.45105 31.1129 8.5
    endloop
  endfacet
  facet normal 0 0 1
    outer loop
      vertex 7.19 31.13 8.5
      vertex 7.19 29.555 8.5
      vertex 7.24547 29.5514 8.5
    endloop
  endfacet
  facet normal 0 0 1
    outer loop
      vertex 7.19 31.13 8.5
      vertex 7.13453 29.5514 8.5
      vertex 7.19 29.555 8.5
    endloop
  endfacet
  facet normal -0 0 1
    outer loop
      vertex 6.92895 31.1129 8.5
      vertex 7.13453 29.5514 8.5
      vertex 7.19 31.13 8.5
    endloop
  endfacet
  facet normal 0 0 1
    outer loop
      vertex 7.13453 29.5514 8.5
      vertex 6.92895 31.1129 8.5
      vertex 7.08 29.5405 8.5
    endloop
  endfacet
  facet normal -0 0 1
    outer loop
      vertex 6.67236 31.0619 8.5
      vertex 7.08 29.5405 8.5
      vertex 6.92895 31.1129 8.5
    endloop
  endfacet
  facet normal 0 0 1
    outer loop
      vertex 7.08 29.5405 8.5
      vertex 6.67236 31.0619 8.5
      vertex 7.02736 29.5226 8.5
    endloop
  endfacet
  facet normal -0 0 1
    outer loop
      vertex 6.42463 30.9778 8.5
      vertex 7.02736 29.5226 8.5
      vertex 6.67236 31.0619 8.5
    endloop
  endfacet
  facet normal 0 0 1
    outer loop
      vertex 7.02736 29.5226 8.5
      vertex 6.42463 30.9778 8.5
      vertex 6.9775 29.4981 8.5
    endloop
  endfacet
  facet normal -0 0 1
    outer loop
      vertex 6.19 30.862 8.5
      vertex 6.9775 29.4981 8.5
      vertex 6.42463 30.9778 8.5
    endloop
  endfacet
  facet normal 0 0 1
    outer loop
      vertex 6.9775 29.4981 8.5
      vertex 6.19 30.862 8.5
      vertex 6.93128 29.4672 8.5
    endloop
  endfacet
  facet normal -0 0 1
    outer loop
      vertex 5.97248 30.7167 8.5
      vertex 6.93128 29.4672 8.5
      vertex 6.19 30.862 8.5
    endloop
  endfacet
  facet normal 0 0 1
    outer loop
      vertex 6.93128 29.4672 8.5
      vertex 5.97248 30.7167 8.5
      vertex 6.88948 29.4305 8.5
    endloop
  endfacet
  facet normal -0 0 1
    outer loop
      vertex 5.77579 30.5442 8.5
      vertex 6.88948 29.4305 8.5
      vertex 5.97248 30.7167 8.5
    endloop
  endfacet
  facet normal -0 0 1
    outer loop
      vertex 5.60329 30.3475 8.5
      vertex 6.85282 29.3887 8.5
      vertex 5.77579 30.5442 8.5
    endloop
  endfacet
  facet normal 0 0 1
    outer loop
      vertex 6.88948 29.4305 8.5
      vertex 5.77579 30.5442 8.5
      vertex 6.85282 29.3887 8.5
    endloop
  endfacet
  facet normal 0 0 1
    outer loop
      vertex 8.77671 27.9125 8.5
      vertex 7.52717 28.8713 8.5
      vertex 8.60421 27.7158 8.5
    endloop
  endfacet
  facet normal -0 0 1
    outer loop
      vertex 7.49052 28.8295 8.5
      vertex 8.60421 27.7158 8.5
      vertex 7.52717 28.8713 8.5
    endloop
  endfacet
  facet normal 0 0 1
    outer loop
      vertex 8.60421 27.7158 8.5
      vertex 7.49052 28.8295 8.5
      vertex 8.40752 27.5433 8.5
    endloop
  endfacet
  facet normal -0 0 1
    outer loop
      vertex 7.44872 28.7928 8.5
      vertex 8.40752 27.5433 8.5
      vertex 7.49052 28.8295 8.5
    endloop
  endfacet
  facet normal 0 0 1
    outer loop
      vertex 8.40752 27.5433 8.5
      vertex 7.44872 28.7928 8.5
      vertex 8.19 27.3979 8.5
    endloop
  endfacet
  facet normal -0 0 1
    outer loop
      vertex 7.4025 28.7619 8.5
      vertex 8.19 27.3979 8.5
      vertex 7.44872 28.7928 8.5
    endloop
  endfacet
  facet normal 0 0 1
    outer loop
      vertex 8.19 27.3979 8.5
      vertex 7.4025 28.7619 8.5
      vertex 7.95537 27.2822 8.5
    endloop
  endfacet
  facet normal -0 0 1
    outer loop
      vertex 7.35264 28.7374 8.5
      vertex 7.95537 27.2822 8.5
      vertex 7.4025 28.7619 8.5
    endloop
  endfacet
  facet normal 0 0 1
    outer loop
      vertex 7.95537 27.2822 8.5
      vertex 7.35264 28.7374 8.5
      vertex 7.70764 27.1981 8.5
    endloop
  endfacet
  facet normal -0 0 1
    outer loop
      vertex 7.3 28.7195 8.5
      vertex 7.70764 27.1981 8.5
      vertex 7.35264 28.7374 8.5
    endloop
  endfacet
  facet normal 0 0 1
    outer loop
      vertex 7.70764 27.1981 8.5
      vertex 7.3 28.7195 8.5
      vertex 7.45105 27.1471 8.5
    endloop
  endfacet
  facet normal -0 0 1
    outer loop
      vertex 7.24547 28.7086 8.5
      vertex 7.45105 27.1471 8.5
      vertex 7.3 28.7195 8.5
    endloop
  endfacet
  facet normal -0 0 1
    outer loop
      vertex 7.19 28.705 8.5
      vertex 7.45105 27.1471 8.5
      vertex 7.24547 28.7086 8.5
    endloop
  endfacet
  facet normal 0 0 1
    outer loop
      vertex 7.19 28.705 8.5
      vertex 7.19 27.13 8.5
      vertex 7.45105 27.1471 8.5
    endloop
  endfacet
  facet normal 0 0 1
    outer loop
      vertex 7.13453 28.7086 8.5
      vertex 7.19 27.13 8.5
      vertex 7.19 28.705 8.5
    endloop
  endfacet
  facet normal 0 0 1
    outer loop
      vertex 6.92895 27.1471 8.5
      vertex 7.13453 28.7086 8.5
      vertex 7.08 28.7195 8.5
    endloop
  endfacet
  facet normal 0 0 1
    outer loop
      vertex 6.67236 27.1981 8.5
      vertex 7.08 28.7195 8.5
      vertex 7.02736 28.7374 8.5
    endloop
  endfacet
  facet normal 0 0 1
    outer loop
      vertex 6.42463 27.2822 8.5
      vertex 7.02736 28.7374 8.5
      vertex 6.9775 28.7619 8.5
    endloop
  endfacet
  facet normal 0 0 1
    outer loop
      vertex 6.19 27.3979 8.5
      vertex 6.9775 28.7619 8.5
      vertex 6.93128 28.7928 8.5
    endloop
  endfacet
  facet normal 0 0 1
    outer loop
      vertex 7.13453 28.7086 8.5
      vertex 6.92895 27.1471 8.5
      vertex 7.19 27.13 8.5
    endloop
  endfacet
  facet normal 0 0 1
    outer loop
      vertex 5.97248 27.5433 8.5
      vertex 6.93128 28.7928 8.5
      vertex 6.88948 28.8295 8.5
    endloop
  endfacet
  facet normal 0 0 1
    outer loop
      vertex 5.77579 27.7158 8.5
      vertex 6.88948 28.8295 8.5
      vertex 6.85282 28.8713 8.5
    endloop
  endfacet
  facet normal 0 0 1
    outer loop
      vertex 5.60329 27.9125 8.5
      vertex 6.85282 28.8713 8.5
      vertex 6.82194 28.9175 8.5
    endloop
  endfacet
  facet normal 0 0 1
    outer loop
      vertex 5.45795 28.13 8.5
      vertex 6.82194 28.9175 8.5
      vertex 6.79735 28.9674 8.5
    endloop
  endfacet
  facet normal 0 0 1
    outer loop
      vertex 5.34224 28.3646 8.5
      vertex 6.79735 28.9674 8.5
      vertex 6.77948 29.02 8.5
    endloop
  endfacet
  facet normal 0 0 1
    outer loop
      vertex 5.25815 28.6124 8.5
      vertex 6.77948 29.02 8.5
      vertex 6.76864 29.0745 8.5
    endloop
  endfacet
  facet normal 0 0 1
    outer loop
      vertex 7.08 28.7195 8.5
      vertex 6.67236 27.1981 8.5
      vertex 6.92895 27.1471 8.5
    endloop
  endfacet
  facet normal 0 0 1
    outer loop
      vertex 5.20711 28.8689 8.5
      vertex 6.76864 29.0745 8.5
      vertex 6.765 29.13 8.5
    endloop
  endfacet
  facet normal 0 0 1
    outer loop
      vertex 6.85282 29.3887 8.5
      vertex 5.60329 30.3475 8.5
      vertex 6.82194 29.3425 8.5
    endloop
  endfacet
  facet normal -0 0 1
    outer loop
      vertex 5.45795 30.13 8.5
      vertex 6.82194 29.3425 8.5
      vertex 5.60329 30.3475 8.5
    endloop
  endfacet
  facet normal 0 0 1
    outer loop
      vertex 7.02736 28.7374 8.5
      vertex 6.42463 27.2822 8.5
      vertex 6.67236 27.1981 8.5
    endloop
  endfacet
  facet normal 0 0 1
    outer loop
      vertex 6.82194 29.3425 8.5
      vertex 5.45795 30.13 8.5
      vertex 6.79735 29.2926 8.5
    endloop
  endfacet
  facet normal 0 0 1
    outer loop
      vertex 6.9775 28.7619 8.5
      vertex 6.19 27.3979 8.5
      vertex 6.42463 27.2822 8.5
    endloop
  endfacet
  facet normal -0 0 1
    outer loop
      vertex 5.34224 29.8954 8.5
      vertex 6.79735 29.2926 8.5
      vertex 5.45795 30.13 8.5
    endloop
  endfacet
  facet normal 0 0 1
    outer loop
      vertex 6.93128 28.7928 8.5
      vertex 5.97248 27.5433 8.5
      vertex 6.19 27.3979 8.5
    endloop
  endfacet
  facet normal 0 0 1
    outer loop
      vertex 6.79735 29.2926 8.5
      vertex 5.34224 29.8954 8.5
      vertex 6.77948 29.24 8.5
    endloop
  endfacet
  facet normal 0 0 1
    outer loop
      vertex 6.88948 28.8295 8.5
      vertex 5.77579 27.7158 8.5
      vertex 5.97248 27.5433 8.5
    endloop
  endfacet
  facet normal -0 0 1
    outer loop
      vertex 5.25815 29.6476 8.5
      vertex 6.77948 29.24 8.5
      vertex 5.34224 29.8954 8.5
    endloop
  endfacet
  facet normal 0 0 1
    outer loop
      vertex 6.85282 28.8713 8.5
      vertex 5.60329 27.9125 8.5
      vertex 5.77579 27.7158 8.5
    endloop
  endfacet
  facet normal 0 0 1
    outer loop
      vertex 6.77948 29.24 8.5
      vertex 5.25815 29.6476 8.5
      vertex 6.76864 29.1855 8.5
    endloop
  endfacet
  facet normal 0 0 1
    outer loop
      vertex 6.82194 28.9175 8.5
      vertex 5.45795 28.13 8.5
      vertex 5.60329 27.9125 8.5
    endloop
  endfacet
  facet normal -0 0 1
    outer loop
      vertex 5.20711 29.3911 8.5
      vertex 6.76864 29.1855 8.5
      vertex 5.25815 29.6476 8.5
    endloop
  endfacet
  facet normal 0 0 1
    outer loop
      vertex 6.79735 28.9674 8.5
      vertex 5.34224 28.3646 8.5
      vertex 5.45795 28.13 8.5
    endloop
  endfacet
  facet normal 0 0 1
    outer loop
      vertex 6.76864 29.1855 8.5
      vertex 5.20711 29.3911 8.5
      vertex 6.765 29.13 8.5
    endloop
  endfacet
  facet normal 0 0 1
    outer loop
      vertex 6.77948 29.02 8.5
      vertex 5.25815 28.6124 8.5
      vertex 5.34224 28.3646 8.5
    endloop
  endfacet
  facet normal 0 0 1
    outer loop
      vertex 5.19 29.13 8.5
      vertex 6.765 29.13 8.5
      vertex 5.20711 29.3911 8.5
    endloop
  endfacet
  facet normal 0 0 1
    outer loop
      vertex 6.76864 29.0745 8.5
      vertex 5.20711 28.8689 8.5
      vertex 5.25815 28.6124 8.5
    endloop
  endfacet
  facet normal 0 0 1
    outer loop
      vertex 6.765 29.13 8.5
      vertex 5.19 29.13 8.5
      vertex 5.20711 28.8689 8.5
    endloop
  endfacet
  facet normal -0.946961 -0.321348 0
    outer loop
      vertex 5.34224 28.3646 2.5
      vertex 5.25815 28.6124 8.5
      vertex 5.25815 28.6124 2.5
    endloop
  endfacet
  facet normal -0.946961 -0.321348 0
    outer loop
      vertex 5.25815 28.6124 8.5
      vertex 5.34224 28.3646 2.5
      vertex 5.34224 28.3646 8.5
    endloop
  endfacet
  facet normal 0.751842 0.659343 0
    outer loop
      vertex 8.77671 30.3475 8.5
      vertex 8.60421 30.5442 2.5
      vertex 8.60421 30.5442 8.5
    endloop
  endfacet
  facet normal 0.751842 0.659343 0
    outer loop
      vertex 8.60421 30.5442 2.5
      vertex 8.77671 30.3475 8.5
      vertex 8.77671 30.3475 2.5
    endloop
  endfacet
  facet normal -0.946961 0.321348 0
    outer loop
      vertex 5.25815 29.6476 2.5
      vertex 5.34224 29.8954 8.5
      vertex 5.34224 29.8954 2.5
    endloop
  endfacet
  facet normal -0.946961 0.321348 0
    outer loop
      vertex 5.34224 29.8954 8.5
      vertex 5.25815 29.6476 2.5
      vertex 5.25815 29.6476 8.5
    endloop
  endfacet
  facet normal -0.194947 -0.980814 0
    outer loop
      vertex 6.67236 27.1981 2.5
      vertex 6.92895 27.1471 8.5
      vertex 6.67236 27.1981 8.5
    endloop
  endfacet
  facet normal -0.194947 -0.980814 -0
    outer loop
      vertex 6.92895 27.1471 8.5
      vertex 6.67236 27.1981 2.5
      vertex 6.92895 27.1471 2.5
    endloop
  endfacet
  facet normal 0.194947 0.980814 -0
    outer loop
      vertex 7.70764 31.0619 2.5
      vertex 7.45105 31.1129 8.5
      vertex 7.70764 31.0619 8.5
    endloop
  endfacet
  facet normal 0.194947 0.980814 0
    outer loop
      vertex 7.45105 31.1129 8.5
      vertex 7.70764 31.0619 2.5
      vertex 7.45105 31.1129 2.5
    endloop
  endfacet
  facet normal 0.442268 -0.896883 0
    outer loop
      vertex 7.95537 27.2822 2.5
      vertex 8.19 27.3979 8.5
      vertex 7.95537 27.2822 8.5
    endloop
  endfacet
  facet normal 0.442268 -0.896883 0
    outer loop
      vertex 8.19 27.3979 8.5
      vertex 7.95537 27.2822 2.5
      vertex 8.19 27.3979 2.5
    endloop
  endfacet
  facet normal 0.321463 -0.946922 0
    outer loop
      vertex 7.70764 27.1981 2.5
      vertex 7.95537 27.2822 8.5
      vertex 7.70764 27.1981 8.5
    endloop
  endfacet
  facet normal 0.321463 -0.946922 0
    outer loop
      vertex 7.95537 27.2822 8.5
      vertex 7.70764 27.1981 2.5
      vertex 7.95537 27.2822 2.5
    endloop
  endfacet
  facet normal -0.321463 -0.946922 0
    outer loop
      vertex 6.42463 27.2822 2.5
      vertex 6.67236 27.1981 8.5
      vertex 6.42463 27.2822 8.5
    endloop
  endfacet
  facet normal -0.321463 -0.946922 -0
    outer loop
      vertex 6.67236 27.1981 8.5
      vertex 6.42463 27.2822 2.5
      vertex 6.67236 27.1981 2.5
    endloop
  endfacet
  facet normal -0.896845 -0.442344 0
    outer loop
      vertex 5.45795 28.13 2.5
      vertex 5.34224 28.3646 8.5
      vertex 5.34224 28.3646 2.5
    endloop
  endfacet
  facet normal -0.896845 -0.442344 0
    outer loop
      vertex 5.34224 28.3646 8.5
      vertex 5.45795 28.13 2.5
      vertex 5.45795 28.13 8.5
    endloop
  endfacet
  facet normal -0.659362 -0.751826 0
    outer loop
      vertex 5.77579 27.7158 2.5
      vertex 5.97248 27.5433 8.5
      vertex 5.77579 27.7158 8.5
    endloop
  endfacet
  facet normal -0.659362 -0.751826 -0
    outer loop
      vertex 5.97248 27.5433 8.5
      vertex 5.77579 27.7158 2.5
      vertex 5.97248 27.5433 2.5
    endloop
  endfacet
  facet normal -0.555723 -0.831368 0
    outer loop
      vertex 5.97248 27.5433 2.5
      vertex 6.19 27.3979 8.5
      vertex 5.97248 27.5433 8.5
    endloop
  endfacet
  facet normal -0.555723 -0.831368 -0
    outer loop
      vertex 6.19 27.3979 8.5
      vertex 5.97248 27.5433 2.5
      vertex 6.19 27.3979 2.5
    endloop
  endfacet
  facet normal 0.659776 0.751462 -0
    outer loop
      vertex 6.93128 28.7928 2.5
      vertex 6.88948 28.8295 8.5
      vertex 6.93128 28.7928 8.5
    endloop
  endfacet
  facet normal 0.659776 0.751462 0
    outer loop
      vertex 6.88948 28.8295 8.5
      vertex 6.93128 28.7928 2.5
      vertex 6.88948 28.8295 2.5
    endloop
  endfacet
  facet normal 0.980788 0.195078 0
    outer loop
      vertex 6.77948 29.02 8.5
      vertex 6.76864 29.0745 2.5
      vertex 6.76864 29.0745 8.5
    endloop
  endfacet
  facet normal 0.980788 0.195078 0
    outer loop
      vertex 6.76864 29.0745 2.5
      vertex 6.77948 29.02 8.5
      vertex 6.77948 29.02 2.5
    endloop
  endfacet
  facet normal -0.980788 -0.195078 0
    outer loop
      vertex 7.61136 29.1855 2.5
      vertex 7.60052 29.24 8.5
      vertex 7.60052 29.24 2.5
    endloop
  endfacet
  facet normal -0.980788 -0.195078 0
    outer loop
      vertex 7.60052 29.24 8.5
      vertex 7.61136 29.1855 2.5
      vertex 7.61136 29.1855 8.5
    endloop
  endfacet
  facet normal -0.997856 -0.065445 0
    outer loop
      vertex 7.615 29.13 2.5
      vertex 7.61136 29.1855 8.5
      vertex 7.61136 29.1855 2.5
    endloop
  endfacet
  facet normal -0.997856 -0.065445 0
    outer loop
      vertex 7.61136 29.1855 8.5
      vertex 7.615 29.13 2.5
      vertex 7.615 29.13 8.5
    endloop
  endfacet
  facet normal -0.321941 -0.94676 0
    outer loop
      vertex 7.3 29.5405 2.5
      vertex 7.35264 29.5226 8.5
      vertex 7.3 29.5405 8.5
    endloop
  endfacet
  facet normal -0.321941 -0.94676 -0
    outer loop
      vertex 7.35264 29.5226 8.5
      vertex 7.3 29.5405 2.5
      vertex 7.35264 29.5226 2.5
    endloop
  endfacet
  facet normal -0.441011 0.897502 0
    outer loop
      vertex 7.4025 28.7619 2.5
      vertex 7.35264 28.7374 8.5
      vertex 7.4025 28.7619 8.5
    endloop
  endfacet
  facet normal -0.441011 0.897502 0
    outer loop
      vertex 7.35264 28.7374 8.5
      vertex 7.4025 28.7619 2.5
      vertex 7.35264 28.7374 2.5
    endloop
  endfacet
  facet normal 0.751819 0.65937 0
    outer loop
      vertex 6.88948 28.8295 8.5
      vertex 6.85282 28.8713 2.5
      vertex 6.85282 28.8713 8.5
    endloop
  endfacet
  facet normal 0.751819 0.65937 0
    outer loop
      vertex 6.85282 28.8713 2.5
      vertex 6.88948 28.8295 8.5
      vertex 6.88948 28.8295 2.5
    endloop
  endfacet
  facet normal -0.0647637 -0.997901 0
    outer loop
      vertex 7.19 29.555 2.5
      vertex 7.24547 29.5514 8.5
      vertex 7.19 29.555 8.5
    endloop
  endfacet
  facet normal -0.0647637 -0.997901 -0
    outer loop
      vertex 7.24547 29.5514 8.5
      vertex 7.19 29.555 2.5
      vertex 7.24547 29.5514 2.5
    endloop
  endfacet
  facet normal 0.980788 -0.195078 0
    outer loop
      vertex 6.76864 29.1855 8.5
      vertex 6.77948 29.24 2.5
      vertex 6.77948 29.24 8.5
    endloop
  endfacet
  facet normal 0.980788 -0.195078 0
    outer loop
      vertex 6.77948 29.24 2.5
      vertex 6.76864 29.1855 8.5
      vertex 6.76864 29.1855 2.5
    endloop
  endfacet
  facet normal -0.555779 0.83133 0
    outer loop
      vertex 7.44872 28.7928 2.5
      vertex 7.4025 28.7619 8.5
      vertex 7.44872 28.7928 8.5
    endloop
  endfacet
  facet normal -0.555779 0.83133 0
    outer loop
      vertex 7.4025 28.7619 8.5
      vertex 7.44872 28.7928 2.5
      vertex 7.4025 28.7619 2.5
    endloop
  endfacet
  facet normal 0.831385 -0.555696 0
    outer loop
      vertex 6.82194 29.3425 8.5
      vertex 6.85282 29.3887 2.5
      vertex 6.85282 29.3887 8.5
    endloop
  endfacet
  facet normal 0.831385 -0.555696 0
    outer loop
      vertex 6.85282 29.3887 2.5
      vertex 6.82194 29.3425 8.5
      vertex 6.82194 29.3425 2.5
    endloop
  endfacet
  facet normal -0.441011 -0.897502 0
    outer loop
      vertex 7.35264 29.5226 2.5
      vertex 7.4025 29.4981 8.5
      vertex 7.35264 29.5226 8.5
    endloop
  endfacet
  facet normal -0.441011 -0.897502 -0
    outer loop
      vertex 7.4025 29.4981 8.5
      vertex 7.35264 29.5226 2.5
      vertex 7.4025 29.4981 2.5
    endloop
  endfacet
  facet normal 0.555779 -0.83133 0
    outer loop
      vertex 6.93128 29.4672 2.5
      vertex 6.9775 29.4981 8.5
      vertex 6.93128 29.4672 8.5
    endloop
  endfacet
  facet normal 0.555779 -0.83133 0
    outer loop
      vertex 6.9775 29.4981 8.5
      vertex 6.93128 29.4672 2.5
      vertex 6.9775 29.4981 2.5
    endloop
  endfacet
  facet normal -0.94685 0.321677 0
    outer loop
      vertex 7.58265 28.9674 2.5
      vertex 7.60052 29.02 8.5
      vertex 7.60052 29.02 2.5
    endloop
  endfacet
  facet normal -0.94685 0.321677 0
    outer loop
      vertex 7.60052 29.02 8.5
      vertex 7.58265 28.9674 2.5
      vertex 7.58265 28.9674 8.5
    endloop
  endfacet
  facet normal 0.321941 0.94676 -0
    outer loop
      vertex 7.08 28.7195 2.5
      vertex 7.02736 28.7374 8.5
      vertex 7.08 28.7195 8.5
    endloop
  endfacet
  facet normal 0.321941 0.94676 0
    outer loop
      vertex 7.02736 28.7374 8.5
      vertex 7.08 28.7195 2.5
      vertex 7.02736 28.7374 2.5
    endloop
  endfacet
  facet normal 0.0647637 -0.997901 0
    outer loop
      vertex 7.13453 29.5514 2.5
      vertex 7.19 29.555 8.5
      vertex 7.13453 29.5514 8.5
    endloop
  endfacet
  facet normal 0.0647637 -0.997901 0
    outer loop
      vertex 7.19 29.555 8.5
      vertex 7.13453 29.5514 2.5
      vertex 7.19 29.555 2.5
    endloop
  endfacet
  facet normal -0.321941 0.94676 0
    outer loop
      vertex 7.35264 28.7374 2.5
      vertex 7.3 28.7195 8.5
      vertex 7.35264 28.7374 8.5
    endloop
  endfacet
  facet normal -0.321941 0.94676 0
    outer loop
      vertex 7.3 28.7195 8.5
      vertex 7.35264 28.7374 2.5
      vertex 7.3 28.7195 2.5
    endloop
  endfacet
  facet normal 0.94685 0.321677 0
    outer loop
      vertex 6.79735 28.9674 8.5
      vertex 6.77948 29.02 2.5
      vertex 6.77948 29.02 8.5
    endloop
  endfacet
  facet normal 0.94685 0.321677 0
    outer loop
      vertex 6.77948 29.02 2.5
      vertex 6.79735 28.9674 8.5
      vertex 6.79735 28.9674 2.5
    endloop
  endfacet
  facet normal -0.659776 -0.751462 0
    outer loop
      vertex 7.44872 29.4672 2.5
      vertex 7.49052 29.4305 8.5
      vertex 7.44872 29.4672 8.5
    endloop
  endfacet
  facet normal -0.659776 -0.751462 -0
    outer loop
      vertex 7.49052 29.4305 8.5
      vertex 7.44872 29.4672 2.5
      vertex 7.49052 29.4305 2.5
    endloop
  endfacet
  facet normal 0.659776 -0.751462 0
    outer loop
      vertex 6.88948 29.4305 2.5
      vertex 6.93128 29.4672 8.5
      vertex 6.88948 29.4305 8.5
    endloop
  endfacet
  facet normal 0.659776 -0.751462 0
    outer loop
      vertex 6.93128 29.4672 8.5
      vertex 6.88948 29.4305 2.5
      vertex 6.93128 29.4672 2.5
    endloop
  endfacet
  facet normal -0.831302 -0.555821 0
    outer loop
      vertex 7.55806 29.3425 2.5
      vertex 7.52717 29.3887 8.5
      vertex 7.52717 29.3887 2.5
    endloop
  endfacet
  facet normal -0.831302 -0.555821 0
    outer loop
      vertex 7.52717 29.3887 8.5
      vertex 7.55806 29.3425 2.5
      vertex 7.55806 29.3425 8.5
    endloop
  endfacet
  facet normal -0.196012 0.980601 0
    outer loop
      vertex 7.3 28.7195 2.5
      vertex 7.24547 28.7086 8.5
      vertex 7.3 28.7195 8.5
    endloop
  endfacet
  facet normal -0.196012 0.980601 0
    outer loop
      vertex 7.24547 28.7086 8.5
      vertex 7.3 28.7195 2.5
      vertex 7.24547 28.7086 2.5
    endloop
  endfacet
  facet normal 0.831385 0.555696 0
    outer loop
      vertex 6.85282 28.8713 8.5
      vertex 6.82194 28.9175 2.5
      vertex 6.82194 28.9175 8.5
    endloop
  endfacet
  facet normal 0.831385 0.555696 0
    outer loop
      vertex 6.82194 28.9175 2.5
      vertex 6.85282 28.8713 8.5
      vertex 6.85282 28.8713 2.5
    endloop
  endfacet
  facet normal -0.897001 -0.442029 0
    outer loop
      vertex 7.58265 29.2926 2.5
      vertex 7.55806 29.3425 8.5
      vertex 7.55806 29.3425 2.5
    endloop
  endfacet
  facet normal -0.897001 -0.442029 0
    outer loop
      vertex 7.55806 29.3425 8.5
      vertex 7.58265 29.2926 2.5
      vertex 7.58265 29.2926 8.5
    endloop
  endfacet
  facet normal 0.555779 0.83133 -0
    outer loop
      vertex 6.9775 28.7619 2.5
      vertex 6.93128 28.7928 8.5
      vertex 6.9775 28.7619 8.5
    endloop
  endfacet
  facet normal 0.555779 0.83133 0
    outer loop
      vertex 6.93128 28.7928 8.5
      vertex 6.9775 28.7619 2.5
      vertex 6.93128 28.7928 2.5
    endloop
  endfacet
  facet normal -0.555779 -0.83133 0
    outer loop
      vertex 7.4025 29.4981 2.5
      vertex 7.44872 29.4672 8.5
      vertex 7.4025 29.4981 8.5
    endloop
  endfacet
  facet normal -0.555779 -0.83133 -0
    outer loop
      vertex 7.44872 29.4672 8.5
      vertex 7.4025 29.4981 2.5
      vertex 7.44872 29.4672 2.5
    endloop
  endfacet
  facet normal -0.831302 0.555821 0
    outer loop
      vertex 7.52717 28.8713 2.5
      vertex 7.55806 28.9175 8.5
      vertex 7.55806 28.9175 2.5
    endloop
  endfacet
  facet normal -0.831302 0.555821 0
    outer loop
      vertex 7.55806 28.9175 8.5
      vertex 7.52717 28.8713 2.5
      vertex 7.52717 28.8713 8.5
    endloop
  endfacet
  facet normal -0.897001 0.442029 0
    outer loop
      vertex 7.55806 28.9175 2.5
      vertex 7.58265 28.9674 8.5
      vertex 7.58265 28.9674 2.5
    endloop
  endfacet
  facet normal -0.897001 0.442029 0
    outer loop
      vertex 7.58265 28.9674 8.5
      vertex 7.55806 28.9175 2.5
      vertex 7.55806 28.9175 8.5
    endloop
  endfacet
  facet normal 0.441011 -0.897502 0
    outer loop
      vertex 6.9775 29.4981 2.5
      vertex 7.02736 29.5226 8.5
      vertex 6.9775 29.4981 8.5
    endloop
  endfacet
  facet normal 0.441011 -0.897502 0
    outer loop
      vertex 7.02736 29.5226 8.5
      vertex 6.9775 29.4981 2.5
      vertex 7.02736 29.5226 2.5
    endloop
  endfacet
  facet normal -0.0647637 0.997901 0
    outer loop
      vertex 7.24547 28.7086 2.5
      vertex 7.19 28.705 8.5
      vertex 7.24547 28.7086 8.5
    endloop
  endfacet
  facet normal -0.0647637 0.997901 0
    outer loop
      vertex 7.19 28.705 8.5
      vertex 7.24547 28.7086 2.5
      vertex 7.19 28.705 2.5
    endloop
  endfacet
  facet normal -0.997856 0.065445 0
    outer loop
      vertex 7.61136 29.0745 2.5
      vertex 7.615 29.13 8.5
      vertex 7.615 29.13 2.5
    endloop
  endfacet
  facet normal -0.997856 0.065445 0
    outer loop
      vertex 7.615 29.13 8.5
      vertex 7.61136 29.0745 2.5
      vertex 7.61136 29.0745 8.5
    endloop
  endfacet
  facet normal -0.980788 0.195078 0
    outer loop
      vertex 7.60052 29.02 2.5
      vertex 7.61136 29.0745 8.5
      vertex 7.61136 29.0745 2.5
    endloop
  endfacet
  facet normal -0.980788 0.195078 0
    outer loop
      vertex 7.61136 29.0745 8.5
      vertex 7.60052 29.02 2.5
      vertex 7.60052 29.02 8.5
    endloop
  endfacet
  facet normal -0.659776 0.751462 0
    outer loop
      vertex 7.49052 28.8295 2.5
      vertex 7.44872 28.7928 8.5
      vertex 7.49052 28.8295 8.5
    endloop
  endfacet
  facet normal -0.659776 0.751462 0
    outer loop
      vertex 7.44872 28.7928 8.5
      vertex 7.49052 28.8295 2.5
      vertex 7.44872 28.7928 2.5
    endloop
  endfacet
  facet normal 0.196012 -0.980601 0
    outer loop
      vertex 7.08 29.5405 2.5
      vertex 7.13453 29.5514 8.5
      vertex 7.08 29.5405 8.5
    endloop
  endfacet
  facet normal 0.196012 -0.980601 0
    outer loop
      vertex 7.13453 29.5514 8.5
      vertex 7.08 29.5405 2.5
      vertex 7.13453 29.5514 2.5
    endloop
  endfacet
  facet normal 0.441011 0.897502 -0
    outer loop
      vertex 7.02736 28.7374 2.5
      vertex 6.9775 28.7619 8.5
      vertex 7.02736 28.7374 8.5
    endloop
  endfacet
  facet normal 0.441011 0.897502 0
    outer loop
      vertex 6.9775 28.7619 8.5
      vertex 7.02736 28.7374 2.5
      vertex 6.9775 28.7619 2.5
    endloop
  endfacet
  facet normal -0.196012 -0.980601 0
    outer loop
      vertex 7.24547 29.5514 2.5
      vertex 7.3 29.5405 8.5
      vertex 7.24547 29.5514 8.5
    endloop
  endfacet
  facet normal -0.196012 -0.980601 -0
    outer loop
      vertex 7.3 29.5405 8.5
      vertex 7.24547 29.5514 2.5
      vertex 7.3 29.5405 2.5
    endloop
  endfacet
  facet normal 0.94685 -0.321677 0
    outer loop
      vertex 6.77948 29.24 8.5
      vertex 6.79735 29.2926 2.5
      vertex 6.79735 29.2926 8.5
    endloop
  endfacet
  facet normal 0.94685 -0.321677 0
    outer loop
      vertex 6.79735 29.2926 2.5
      vertex 6.77948 29.24 8.5
      vertex 6.77948 29.24 2.5
    endloop
  endfacet
  facet normal 0.897001 0.442029 0
    outer loop
      vertex 6.82194 28.9175 8.5
      vertex 6.79735 28.9674 2.5
      vertex 6.79735 28.9674 8.5
    endloop
  endfacet
  facet normal 0.897001 0.442029 0
    outer loop
      vertex 6.79735 28.9674 2.5
      vertex 6.82194 28.9175 8.5
      vertex 6.82194 28.9175 2.5
    endloop
  endfacet
  facet normal -0.751908 -0.659268 0
    outer loop
      vertex 7.52717 29.3887 2.5
      vertex 7.49052 29.4305 8.5
      vertex 7.49052 29.4305 2.5
    endloop
  endfacet
  facet normal -0.751908 -0.659268 0
    outer loop
      vertex 7.49052 29.4305 8.5
      vertex 7.52717 29.3887 2.5
      vertex 7.52717 29.3887 8.5
    endloop
  endfacet
  facet normal 0.196012 0.980601 -0
    outer loop
      vertex 7.13453 28.7086 2.5
      vertex 7.08 28.7195 8.5
      vertex 7.13453 28.7086 8.5
    endloop
  endfacet
  facet normal 0.196012 0.980601 0
    outer loop
      vertex 7.08 28.7195 8.5
      vertex 7.13453 28.7086 2.5
      vertex 7.08 28.7195 2.5
    endloop
  endfacet
  facet normal 0.0647637 0.997901 -0
    outer loop
      vertex 7.19 28.705 2.5
      vertex 7.13453 28.7086 8.5
      vertex 7.19 28.705 8.5
    endloop
  endfacet
  facet normal 0.0647637 0.997901 0
    outer loop
      vertex 7.13453 28.7086 8.5
      vertex 7.19 28.705 2.5
      vertex 7.13453 28.7086 2.5
    endloop
  endfacet
  facet normal 0.897001 -0.442029 0
    outer loop
      vertex 6.79735 29.2926 8.5
      vertex 6.82194 29.3425 2.5
      vertex 6.82194 29.3425 8.5
    endloop
  endfacet
  facet normal 0.897001 -0.442029 0
    outer loop
      vertex 6.82194 29.3425 2.5
      vertex 6.79735 29.2926 8.5
      vertex 6.79735 29.2926 2.5
    endloop
  endfacet
  facet normal 0.321941 -0.94676 0
    outer loop
      vertex 7.02736 29.5226 2.5
      vertex 7.08 29.5405 8.5
      vertex 7.02736 29.5226 8.5
    endloop
  endfacet
  facet normal 0.321941 -0.94676 0
    outer loop
      vertex 7.08 29.5405 8.5
      vertex 7.02736 29.5226 2.5
      vertex 7.08 29.5405 2.5
    endloop
  endfacet
  facet normal -0.94685 -0.321677 0
    outer loop
      vertex 7.60052 29.24 2.5
      vertex 7.58265 29.2926 8.5
      vertex 7.58265 29.2926 2.5
    endloop
  endfacet
  facet normal -0.94685 -0.321677 0
    outer loop
      vertex 7.58265 29.2926 8.5
      vertex 7.60052 29.24 2.5
      vertex 7.60052 29.24 8.5
    endloop
  endfacet
  facet normal 0.997856 -0.065445 0
    outer loop
      vertex 6.765 29.13 8.5
      vertex 6.76864 29.1855 2.5
      vertex 6.76864 29.1855 8.5
    endloop
  endfacet
  facet normal 0.997856 -0.065445 0
    outer loop
      vertex 6.76864 29.1855 2.5
      vertex 6.765 29.13 8.5
      vertex 6.765 29.13 2.5
    endloop
  endfacet
  facet normal 0.997856 0.065445 0
    outer loop
      vertex 6.76864 29.0745 8.5
      vertex 6.765 29.13 2.5
      vertex 6.765 29.13 8.5
    endloop
  endfacet
  facet normal 0.997856 0.065445 0
    outer loop
      vertex 6.765 29.13 2.5
      vertex 6.76864 29.0745 8.5
      vertex 6.76864 29.0745 2.5
    endloop
  endfacet
  facet normal 0.751819 -0.65937 0
    outer loop
      vertex 6.85282 29.3887 8.5
      vertex 6.88948 29.4305 2.5
      vertex 6.88948 29.4305 8.5
    endloop
  endfacet
  facet normal 0.751819 -0.65937 0
    outer loop
      vertex 6.88948 29.4305 2.5
      vertex 6.85282 29.3887 8.5
      vertex 6.85282 29.3887 2.5
    endloop
  endfacet
  facet normal -0.751908 0.659268 0
    outer loop
      vertex 7.49052 28.8295 2.5
      vertex 7.52717 28.8713 8.5
      vertex 7.52717 28.8713 2.5
    endloop
  endfacet
  facet normal -0.751908 0.659268 0
    outer loop
      vertex 7.52717 28.8713 8.5
      vertex 7.49052 28.8295 2.5
      vertex 7.49052 28.8295 8.5
    endloop
  endfacet
  facet normal 0.442314 -0.89686 0
    outer loop
      vertex 53.6754 27.2822 2.5
      vertex 53.91 27.3979 8.5
      vertex 53.6754 27.2822 8.5
    endloop
  endfacet
  facet normal 0.442314 -0.89686 0
    outer loop
      vertex 53.91 27.3979 8.5
      vertex 53.6754 27.2822 2.5
      vertex 53.91 27.3979 2.5
    endloop
  endfacet
  facet normal 0.195013 0.980801 -0
    outer loop
      vertex 53.4276 31.0619 2.5
      vertex 53.1711 31.1129 8.5
      vertex 53.4276 31.0619 8.5
    endloop
  endfacet
  facet normal 0.195013 0.980801 0
    outer loop
      vertex 53.1711 31.1129 8.5
      vertex 53.4276 31.0619 2.5
      vertex 53.1711 31.1129 2.5
    endloop
  endfacet
  facet normal -0.89686 -0.442314 0
    outer loop
      vertex 51.1779 28.13 2.5
      vertex 51.0622 28.3646 8.5
      vertex 51.0622 28.3646 2.5
    endloop
  endfacet
  facet normal -0.89686 -0.442314 0
    outer loop
      vertex 51.0622 28.3646 8.5
      vertex 51.1779 28.13 2.5
      vertex 51.1779 28.13 8.5
    endloop
  endfacet
  facet normal 0.0653521 0.997862 -0
    outer loop
      vertex 53.1711 31.1129 2.5
      vertex 52.91 31.13 8.5
      vertex 53.1711 31.1129 8.5
    endloop
  endfacet
  facet normal 0.0653521 0.997862 0
    outer loop
      vertex 52.91 31.13 8.5
      vertex 53.1711 31.1129 2.5
      vertex 52.91 31.13 2.5
    endloop
  endfacet
  facet normal 0.321382 -0.94695 0
    outer loop
      vertex 53.4276 27.1981 2.5
      vertex 53.6754 27.2822 8.5
      vertex 53.4276 27.1981 8.5
    endloop
  endfacet
  facet normal 0.321382 -0.94695 0
    outer loop
      vertex 53.6754 27.2822 8.5
      vertex 53.4276 27.1981 2.5
      vertex 53.6754 27.2822 2.5
    endloop
  endfacet
  facet normal -0.980801 -0.195013 0
    outer loop
      vertex 50.9781 28.6124 2.5
      vertex 50.9271 28.8689 8.5
      vertex 50.9271 28.8689 2.5
    endloop
  endfacet
  facet normal -0.980801 -0.195013 0
    outer loop
      vertex 50.9271 28.8689 8.5
      vertex 50.9781 28.6124 2.5
      vertex 50.9781 28.6124 8.5
    endloop
  endfacet
  facet normal -0.89686 0.442314 0
    outer loop
      vertex 51.0622 29.8954 2.5
      vertex 51.1779 30.13 8.5
      vertex 51.1779 30.13 2.5
    endloop
  endfacet
  facet normal -0.89686 0.442314 0
    outer loop
      vertex 51.1779 30.13 8.5
      vertex 51.0622 29.8954 2.5
      vertex 51.0622 29.8954 8.5
    endloop
  endfacet
  facet normal -0.0653521 -0.997862 0
    outer loop
      vertex 52.6489 27.1471 2.5
      vertex 52.91 27.13 8.5
      vertex 52.6489 27.1471 8.5
    endloop
  endfacet
  facet normal -0.0653521 -0.997862 -0
    outer loop
      vertex 52.91 27.13 8.5
      vertex 52.6489 27.1471 2.5
      vertex 52.91 27.13 2.5
    endloop
  endfacet
  facet normal -0.94695 -0.321382 0
    outer loop
      vertex 51.0622 28.3646 2.5
      vertex 50.9781 28.6124 8.5
      vertex 50.9781 28.6124 2.5
    endloop
  endfacet
  facet normal -0.94695 -0.321382 0
    outer loop
      vertex 50.9781 28.6124 8.5
      vertex 51.0622 28.3646 2.5
      vertex 51.0622 28.3646 8.5
    endloop
  endfacet
  facet normal 0.997862 0.0653521 0
    outer loop
      vertex 54.91 29.13 8.5
      vertex 54.8929 29.3911 2.5
      vertex 54.8929 29.3911 8.5
    endloop
  endfacet
  facet normal 0.997862 0.0653521 0
    outer loop
      vertex 54.8929 29.3911 2.5
      vertex 54.91 29.13 8.5
      vertex 54.91 29.13 2.5
    endloop
  endfacet
  facet normal -0.442621 0.896709 0
    outer loop
      vertex 52.1446 30.9778 2.5
      vertex 51.91 30.862 8.5
      vertex 52.1446 30.9778 8.5
    endloop
  endfacet
  facet normal -0.442621 0.896709 0
    outer loop
      vertex 51.91 30.862 8.5
      vertex 52.1446 30.9778 2.5
      vertex 51.91 30.862 2.5
    endloop
  endfacet
  facet normal -0.94695 0.321382 0
    outer loop
      vertex 50.9781 29.6476 2.5
      vertex 51.0622 29.8954 8.5
      vertex 51.0622 29.8954 2.5
    endloop
  endfacet
  facet normal -0.94695 0.321382 0
    outer loop
      vertex 51.0622 29.8954 8.5
      vertex 50.9781 29.6476 2.5
      vertex 50.9781 29.6476 8.5
    endloop
  endfacet
  facet normal -0.321382 0.94695 0
    outer loop
      vertex 52.3924 31.0619 2.5
      vertex 52.1446 30.9778 8.5
      vertex 52.3924 31.0619 8.5
    endloop
  endfacet
  facet normal -0.321382 0.94695 0
    outer loop
      vertex 52.1446 30.9778 8.5
      vertex 52.3924 31.0619 2.5
      vertex 52.1446 30.9778 2.5
    endloop
  endfacet
  facet normal -0.195013 0.980801 0
    outer loop
      vertex 52.6489 31.1129 2.5
      vertex 52.3924 31.0619 8.5
      vertex 52.6489 31.1129 8.5
    endloop
  endfacet
  facet normal -0.195013 0.980801 0
    outer loop
      vertex 52.3924 31.0619 8.5
      vertex 52.6489 31.1129 2.5
      vertex 52.3924 31.0619 2.5
    endloop
  endfacet
  facet normal 0.980801 0.195013 0
    outer loop
      vertex 54.8929 29.3911 8.5
      vertex 54.8419 29.6476 2.5
      vertex 54.8419 29.6476 8.5
    endloop
  endfacet
  facet normal 0.980801 0.195013 0
    outer loop
      vertex 54.8419 29.6476 2.5
      vertex 54.8929 29.3911 8.5
      vertex 54.8929 29.3911 2.5
    endloop
  endfacet
  facet normal -0.831344 -0.555758 0
    outer loop
      vertex 51.3233 27.9125 2.5
      vertex 51.1779 28.13 8.5
      vertex 51.1779 28.13 2.5
    endloop
  endfacet
  facet normal -0.831344 -0.555758 0
    outer loop
      vertex 51.1779 28.13 8.5
      vertex 51.3233 27.9125 2.5
      vertex 51.3233 27.9125 8.5
    endloop
  endfacet
  facet normal 0.555494 0.831521 -0
    outer loop
      vertex 54.1275 30.7167 2.5
      vertex 53.91 30.862 8.5
      vertex 54.1275 30.7167 8.5
    endloop
  endfacet
  facet normal 0.555494 0.831521 0
    outer loop
      vertex 53.91 30.862 8.5
      vertex 54.1275 30.7167 2.5
      vertex 53.91 30.862 2.5
    endloop
  endfacet
  facet normal -0.980801 0.195013 0
    outer loop
      vertex 50.9271 29.3911 2.5
      vertex 50.9781 29.6476 8.5
      vertex 50.9781 29.6476 2.5
    endloop
  endfacet
  facet normal -0.980801 0.195013 0
    outer loop
      vertex 50.9781 29.6476 8.5
      vertex 50.9271 29.3911 2.5
      vertex 50.9271 29.3911 8.5
    endloop
  endfacet
  facet normal -0.997862 0.0653521 0
    outer loop
      vertex 50.91 29.13 2.5
      vertex 50.9271 29.3911 8.5
      vertex 50.9271 29.3911 2.5
    endloop
  endfacet
  facet normal -0.997862 0.0653521 0
    outer loop
      vertex 50.9271 29.3911 8.5
      vertex 50.91 29.13 2.5
      vertex 50.91 29.13 8.5
    endloop
  endfacet
  facet normal -0.659343 -0.751842 0
    outer loop
      vertex 51.4958 27.7158 2.5
      vertex 51.6925 27.5433 8.5
      vertex 51.4958 27.7158 8.5
    endloop
  endfacet
  facet normal -0.659343 -0.751842 -0
    outer loop
      vertex 51.6925 27.5433 8.5
      vertex 51.4958 27.7158 2.5
      vertex 51.6925 27.5433 2.5
    endloop
  endfacet
  facet normal 0.321382 0.94695 -0
    outer loop
      vertex 53.6754 30.9778 2.5
      vertex 53.4276 31.0619 8.5
      vertex 53.6754 30.9778 8.5
    endloop
  endfacet
  facet normal 0.321382 0.94695 0
    outer loop
      vertex 53.4276 31.0619 8.5
      vertex 53.6754 30.9778 2.5
      vertex 53.4276 31.0619 2.5
    endloop
  endfacet
  facet normal 0.442621 0.896709 -0
    outer loop
      vertex 53.91 30.862 2.5
      vertex 53.6754 30.9778 8.5
      vertex 53.91 30.862 8.5
    endloop
  endfacet
  facet normal 0.442621 0.896709 0
    outer loop
      vertex 53.6754 30.9778 8.5
      vertex 53.91 30.862 2.5
      vertex 53.6754 30.9778 2.5
    endloop
  endfacet
  facet normal 0.94695 -0.321382 0
    outer loop
      vertex 54.7578 28.3646 8.5
      vertex 54.8419 28.6124 2.5
      vertex 54.8419 28.6124 8.5
    endloop
  endfacet
  facet normal 0.94695 -0.321382 0
    outer loop
      vertex 54.8419 28.6124 2.5
      vertex 54.7578 28.3646 8.5
      vertex 54.7578 28.3646 2.5
    endloop
  endfacet
  facet normal 0.195013 -0.980801 0
    outer loop
      vertex 53.1711 27.1471 2.5
      vertex 53.4276 27.1981 8.5
      vertex 53.1711 27.1471 8.5
    endloop
  endfacet
  facet normal 0.195013 -0.980801 0
    outer loop
      vertex 53.4276 27.1981 8.5
      vertex 53.1711 27.1471 2.5
      vertex 53.4276 27.1981 2.5
    endloop
  endfacet
  facet normal -0.195013 -0.980801 0
    outer loop
      vertex 52.3924 27.1981 2.5
      vertex 52.6489 27.1471 8.5
      vertex 52.3924 27.1981 8.5
    endloop
  endfacet
  facet normal -0.195013 -0.980801 -0
    outer loop
      vertex 52.6489 27.1471 8.5
      vertex 52.3924 27.1981 2.5
      vertex 52.6489 27.1471 2.5
    endloop
  endfacet
  facet normal -0.659343 0.751842 0
    outer loop
      vertex 51.6925 30.7167 2.5
      vertex 51.4958 30.5442 8.5
      vertex 51.6925 30.7167 8.5
    endloop
  endfacet
  facet normal -0.659343 0.751842 0
    outer loop
      vertex 51.4958 30.5442 8.5
      vertex 51.6925 30.7167 2.5
      vertex 51.4958 30.5442 2.5
    endloop
  endfacet
  facet normal 0.0653521 -0.997862 0
    outer loop
      vertex 52.91 27.13 2.5
      vertex 53.1711 27.1471 8.5
      vertex 52.91 27.13 8.5
    endloop
  endfacet
  facet normal 0.0653521 -0.997862 0
    outer loop
      vertex 53.1711 27.1471 8.5
      vertex 52.91 27.13 2.5
      vertex 53.1711 27.1471 2.5
    endloop
  endfacet
  facet normal 0.831344 0.555758 0
    outer loop
      vertex 54.6421 30.13 8.5
      vertex 54.4967 30.3475 2.5
      vertex 54.4967 30.3475 8.5
    endloop
  endfacet
  facet normal 0.831344 0.555758 0
    outer loop
      vertex 54.4967 30.3475 2.5
      vertex 54.6421 30.13 8.5
      vertex 54.6421 30.13 2.5
    endloop
  endfacet
  facet normal 0 0 1
    outer loop
      vertex 53.335 29.13 8.5
      vertex 54.91 29.13 8.5
      vertex 54.8929 29.3911 8.5
    endloop
  endfacet
  facet normal 0 0 1
    outer loop
      vertex 53.3314 29.1855 8.5
      vertex 54.8929 29.3911 8.5
      vertex 54.8419 29.6476 8.5
    endloop
  endfacet
  facet normal 0 0 1
    outer loop
      vertex 54.91 29.13 8.5
      vertex 53.335 29.13 8.5
      vertex 54.8929 28.8689 8.5
    endloop
  endfacet
  facet normal 0 0 1
    outer loop
      vertex 53.3205 29.24 8.5
      vertex 54.8419 29.6476 8.5
      vertex 54.7578 29.8954 8.5
    endloop
  endfacet
  facet normal -0 0 1
    outer loop
      vertex 53.3314 29.0745 8.5
      vertex 54.8929 28.8689 8.5
      vertex 53.335 29.13 8.5
    endloop
  endfacet
  facet normal 0 0 1
    outer loop
      vertex 53.3027 29.2926 8.5
      vertex 54.7578 29.8954 8.5
      vertex 54.6421 30.13 8.5
    endloop
  endfacet
  facet normal 0 0 1
    outer loop
      vertex 54.8929 28.8689 8.5
      vertex 53.3314 29.0745 8.5
      vertex 54.8419 28.6124 8.5
    endloop
  endfacet
  facet normal 0 0 1
    outer loop
      vertex 53.2781 29.3425 8.5
      vertex 54.6421 30.13 8.5
      vertex 54.4967 30.3475 8.5
    endloop
  endfacet
  facet normal -0 0 1
    outer loop
      vertex 53.3205 29.02 8.5
      vertex 54.8419 28.6124 8.5
      vertex 53.3314 29.0745 8.5
    endloop
  endfacet
  facet normal 0 0 1
    outer loop
      vertex 53.2472 29.3887 8.5
      vertex 54.4967 30.3475 8.5
      vertex 54.3242 30.5442 8.5
    endloop
  endfacet
  facet normal 0 0 1
    outer loop
      vertex 54.8419 28.6124 8.5
      vertex 53.3205 29.02 8.5
      vertex 54.7578 28.3646 8.5
    endloop
  endfacet
  facet normal 0 0 1
    outer loop
      vertex 53.2105 29.4305 8.5
      vertex 54.3242 30.5442 8.5
      vertex 54.1275 30.7167 8.5
    endloop
  endfacet
  facet normal -0 0 1
    outer loop
      vertex 53.3027 28.9674 8.5
      vertex 54.7578 28.3646 8.5
      vertex 53.3205 29.02 8.5
    endloop
  endfacet
  facet normal 0 0 1
    outer loop
      vertex 53.1687 29.4672 8.5
      vertex 54.1275 30.7167 8.5
      vertex 53.91 30.862 8.5
    endloop
  endfacet
  facet normal 0 0 1
    outer loop
      vertex 54.7578 28.3646 8.5
      vertex 53.3027 28.9674 8.5
      vertex 54.6421 28.13 8.5
    endloop
  endfacet
  facet normal 0 0 1
    outer loop
      vertex 53.1225 29.4981 8.5
      vertex 53.91 30.862 8.5
      vertex 53.6754 30.9778 8.5
    endloop
  endfacet
  facet normal -0 0 1
    outer loop
      vertex 53.2781 28.9175 8.5
      vertex 54.6421 28.13 8.5
      vertex 53.3027 28.9674 8.5
    endloop
  endfacet
  facet normal 0 0 1
    outer loop
      vertex 53.0726 29.5226 8.5
      vertex 53.6754 30.9778 8.5
      vertex 53.4276 31.0619 8.5
    endloop
  endfacet
  facet normal 0 0 1
    outer loop
      vertex 54.6421 28.13 8.5
      vertex 53.2781 28.9175 8.5
      vertex 54.4967 27.9125 8.5
    endloop
  endfacet
  facet normal -0 0 1
    outer loop
      vertex 53.2472 28.8713 8.5
      vertex 54.4967 27.9125 8.5
      vertex 53.2781 28.9175 8.5
    endloop
  endfacet
  facet normal 0 0 1
    outer loop
      vertex 54.8929 29.3911 8.5
      vertex 53.3314 29.1855 8.5
      vertex 53.335 29.13 8.5
    endloop
  endfacet
  facet normal 0 0 1
    outer loop
      vertex 54.8419 29.6476 8.5
      vertex 53.3205 29.24 8.5
      vertex 53.3314 29.1855 8.5
    endloop
  endfacet
  facet normal 0 0 1
    outer loop
      vertex 54.7578 29.8954 8.5
      vertex 53.3027 29.2926 8.5
      vertex 53.3205 29.24 8.5
    endloop
  endfacet
  facet normal 0 0 1
    outer loop
      vertex 54.6421 30.13 8.5
      vertex 53.2781 29.3425 8.5
      vertex 53.3027 29.2926 8.5
    endloop
  endfacet
  facet normal 0 0 1
    outer loop
      vertex 54.4967 30.3475 8.5
      vertex 53.2472 29.3887 8.5
      vertex 53.2781 29.3425 8.5
    endloop
  endfacet
  facet normal 0 0 1
    outer loop
      vertex 54.3242 30.5442 8.5
      vertex 53.2105 29.4305 8.5
      vertex 53.2472 29.3887 8.5
    endloop
  endfacet
  facet normal 0 0 1
    outer loop
      vertex 53.02 29.5405 8.5
      vertex 53.4276 31.0619 8.5
      vertex 53.1711 31.1129 8.5
    endloop
  endfacet
  facet normal 0 0 1
    outer loop
      vertex 54.1275 30.7167 8.5
      vertex 53.1687 29.4672 8.5
      vertex 53.2105 29.4305 8.5
    endloop
  endfacet
  facet normal 0 0 1
    outer loop
      vertex 53.91 30.862 8.5
      vertex 53.1225 29.4981 8.5
      vertex 53.1687 29.4672 8.5
    endloop
  endfacet
  facet normal 0 0 1
    outer loop
      vertex 53.6754 30.9778 8.5
      vertex 53.0726 29.5226 8.5
      vertex 53.1225 29.4981 8.5
    endloop
  endfacet
  facet normal 0 0 1
    outer loop
      vertex 53.4276 31.0619 8.5
      vertex 53.02 29.5405 8.5
      vertex 53.0726 29.5226 8.5
    endloop
  endfacet
  facet normal 0 0 1
    outer loop
      vertex 53.1711 31.1129 8.5
      vertex 52.9655 29.5514 8.5
      vertex 53.02 29.5405 8.5
    endloop
  endfacet
  facet normal 0 0 1
    outer loop
      vertex 52.91 31.13 8.5
      vertex 52.9655 29.5514 8.5
      vertex 53.1711 31.1129 8.5
    endloop
  endfacet
  facet normal 0 0 1
    outer loop
      vertex 52.91 31.13 8.5
      vertex 52.91 29.555 8.5
      vertex 52.9655 29.5514 8.5
    endloop
  endfacet
  facet normal 0 0 1
    outer loop
      vertex 52.91 31.13 8.5
      vertex 52.8545 29.5514 8.5
      vertex 52.91 29.555 8.5
    endloop
  endfacet
  facet normal -0 0 1
    outer loop
      vertex 52.6489 31.1129 8.5
      vertex 52.8545 29.5514 8.5
      vertex 52.91 31.13 8.5
    endloop
  endfacet
  facet normal 0 0 1
    outer loop
      vertex 52.8545 29.5514 8.5
      vertex 52.6489 31.1129 8.5
      vertex 52.8 29.5405 8.5
    endloop
  endfacet
  facet normal -0 0 1
    outer loop
      vertex 52.3924 31.0619 8.5
      vertex 52.8 29.5405 8.5
      vertex 52.6489 31.1129 8.5
    endloop
  endfacet
  facet normal 0 0 1
    outer loop
      vertex 52.8 29.5405 8.5
      vertex 52.3924 31.0619 8.5
      vertex 52.7474 29.5226 8.5
    endloop
  endfacet
  facet normal -0 0 1
    outer loop
      vertex 52.1446 30.9778 8.5
      vertex 52.7474 29.5226 8.5
      vertex 52.3924 31.0619 8.5
    endloop
  endfacet
  facet normal 0 0 1
    outer loop
      vertex 52.7474 29.5226 8.5
      vertex 52.1446 30.9778 8.5
      vertex 52.6975 29.4981 8.5
    endloop
  endfacet
  facet normal -0 0 1
    outer loop
      vertex 51.91 30.862 8.5
      vertex 52.6975 29.4981 8.5
      vertex 52.1446 30.9778 8.5
    endloop
  endfacet
  facet normal 0 0 1
    outer loop
      vertex 52.6975 29.4981 8.5
      vertex 51.91 30.862 8.5
      vertex 52.6513 29.4672 8.5
    endloop
  endfacet
  facet normal -0 0 1
    outer loop
      vertex 51.6925 30.7167 8.5
      vertex 52.6513 29.4672 8.5
      vertex 51.91 30.862 8.5
    endloop
  endfacet
  facet normal 0 0 1
    outer loop
      vertex 52.6513 29.4672 8.5
      vertex 51.6925 30.7167 8.5
      vertex 52.6095 29.4305 8.5
    endloop
  endfacet
  facet normal -0 0 1
    outer loop
      vertex 51.4958 30.5442 8.5
      vertex 52.6095 29.4305 8.5
      vertex 51.6925 30.7167 8.5
    endloop
  endfacet
  facet normal -0 0 1
    outer loop
      vertex 51.3233 30.3475 8.5
      vertex 52.5728 29.3887 8.5
      vertex 51.4958 30.5442 8.5
    endloop
  endfacet
  facet normal 0 0 1
    outer loop
      vertex 52.6095 29.4305 8.5
      vertex 51.4958 30.5442 8.5
      vertex 52.5728 29.3887 8.5
    endloop
  endfacet
  facet normal 0 0 1
    outer loop
      vertex 54.4967 27.9125 8.5
      vertex 53.2472 28.8713 8.5
      vertex 54.3242 27.7158 8.5
    endloop
  endfacet
  facet normal -0 0 1
    outer loop
      vertex 53.2105 28.8295 8.5
      vertex 54.3242 27.7158 8.5
      vertex 53.2472 28.8713 8.5
    endloop
  endfacet
  facet normal 0 0 1
    outer loop
      vertex 54.3242 27.7158 8.5
      vertex 53.2105 28.8295 8.5
      vertex 54.1275 27.5433 8.5
    endloop
  endfacet
  facet normal -0 0 1
    outer loop
      vertex 53.1687 28.7928 8.5
      vertex 54.1275 27.5433 8.5
      vertex 53.2105 28.8295 8.5
    endloop
  endfacet
  facet normal 0 0 1
    outer loop
      vertex 54.1275 27.5433 8.5
      vertex 53.1687 28.7928 8.5
      vertex 53.91 27.3979 8.5
    endloop
  endfacet
  facet normal -0 0 1
    outer loop
      vertex 53.1225 28.7619 8.5
      vertex 53.91 27.3979 8.5
      vertex 53.1687 28.7928 8.5
    endloop
  endfacet
  facet normal 0 0 1
    outer loop
      vertex 53.91 27.3979 8.5
      vertex 53.1225 28.7619 8.5
      vertex 53.6754 27.2822 8.5
    endloop
  endfacet
  facet normal -0 0 1
    outer loop
      vertex 53.0726 28.7374 8.5
      vertex 53.6754 27.2822 8.5
      vertex 53.1225 28.7619 8.5
    endloop
  endfacet
  facet normal 0 0 1
    outer loop
      vertex 53.6754 27.2822 8.5
      vertex 53.0726 28.7374 8.5
      vertex 53.4276 27.1981 8.5
    endloop
  endfacet
  facet normal -0 0 1
    outer loop
      vertex 53.02 28.7195 8.5
      vertex 53.4276 27.1981 8.5
      vertex 53.0726 28.7374 8.5
    endloop
  endfacet
  facet normal 0 0 1
    outer loop
      vertex 53.4276 27.1981 8.5
      vertex 53.02 28.7195 8.5
      vertex 53.1711 27.1471 8.5
    endloop
  endfacet
  facet normal -0 0 1
    outer loop
      vertex 52.9655 28.7086 8.5
      vertex 53.1711 27.1471 8.5
      vertex 53.02 28.7195 8.5
    endloop
  endfacet
  facet normal -0 0 1
    outer loop
      vertex 52.91 28.705 8.5
      vertex 53.1711 27.1471 8.5
      vertex 52.9655 28.7086 8.5
    endloop
  endfacet
  facet normal 0 0 1
    outer loop
      vertex 52.91 28.705 8.5
      vertex 52.91 27.13 8.5
      vertex 53.1711 27.1471 8.5
    endloop
  endfacet
  facet normal 0 0 1
    outer loop
      vertex 52.8545 28.7086 8.5
      vertex 52.91 27.13 8.5
      vertex 52.91 28.705 8.5
    endloop
  endfacet
  facet normal 0 0 1
    outer loop
      vertex 52.6489 27.1471 8.5
      vertex 52.8545 28.7086 8.5
      vertex 52.8 28.7195 8.5
    endloop
  endfacet
  facet normal 0 0 1
    outer loop
      vertex 52.3924 27.1981 8.5
      vertex 52.8 28.7195 8.5
      vertex 52.7474 28.7374 8.5
    endloop
  endfacet
  facet normal 0 0 1
    outer loop
      vertex 52.1446 27.2822 8.5
      vertex 52.7474 28.7374 8.5
      vertex 52.6975 28.7619 8.5
    endloop
  endfacet
  facet normal 0 0 1
    outer loop
      vertex 51.91 27.3979 8.5
      vertex 52.6975 28.7619 8.5
      vertex 52.6513 28.7928 8.5
    endloop
  endfacet
  facet normal 0 0 1
    outer loop
      vertex 52.8545 28.7086 8.5
      vertex 52.6489 27.1471 8.5
      vertex 52.91 27.13 8.5
    endloop
  endfacet
  facet normal 0 0 1
    outer loop
      vertex 51.6925 27.5433 8.5
      vertex 52.6513 28.7928 8.5
      vertex 52.6095 28.8295 8.5
    endloop
  endfacet
  facet normal 0 0 1
    outer loop
      vertex 51.4958 27.7158 8.5
      vertex 52.6095 28.8295 8.5
      vertex 52.5728 28.8713 8.5
    endloop
  endfacet
  facet normal 0 0 1
    outer loop
      vertex 51.3233 27.9125 8.5
      vertex 52.5728 28.8713 8.5
      vertex 52.5419 28.9175 8.5
    endloop
  endfacet
  facet normal 0 0 1
    outer loop
      vertex 51.1779 28.13 8.5
      vertex 52.5419 28.9175 8.5
      vertex 52.5173 28.9674 8.5
    endloop
  endfacet
  facet normal 0 0 1
    outer loop
      vertex 51.0622 28.3646 8.5
      vertex 52.5173 28.9674 8.5
      vertex 52.4995 29.02 8.5
    endloop
  endfacet
  facet normal 0 0 1
    outer loop
      vertex 50.9781 28.6124 8.5
      vertex 52.4995 29.02 8.5
      vertex 52.4886 29.0745 8.5
    endloop
  endfacet
  facet normal 0 0 1
    outer loop
      vertex 52.8 28.7195 8.5
      vertex 52.3924 27.1981 8.5
      vertex 52.6489 27.1471 8.5
    endloop
  endfacet
  facet normal 0 0 1
    outer loop
      vertex 50.9271 28.8689 8.5
      vertex 52.4886 29.0745 8.5
      vertex 52.485 29.13 8.5
    endloop
  endfacet
  facet normal 0 0 1
    outer loop
      vertex 52.5728 29.3887 8.5
      vertex 51.3233 30.3475 8.5
      vertex 52.5419 29.3425 8.5
    endloop
  endfacet
  facet normal -0 0 1
    outer loop
      vertex 51.1779 30.13 8.5
      vertex 52.5419 29.3425 8.5
      vertex 51.3233 30.3475 8.5
    endloop
  endfacet
  facet normal 0 0 1
    outer loop
      vertex 52.7474 28.7374 8.5
      vertex 52.1446 27.2822 8.5
      vertex 52.3924 27.1981 8.5
    endloop
  endfacet
  facet normal 0 0 1
    outer loop
      vertex 52.5419 29.3425 8.5
      vertex 51.1779 30.13 8.5
      vertex 52.5173 29.2926 8.5
    endloop
  endfacet
  facet normal 0 0 1
    outer loop
      vertex 52.6975 28.7619 8.5
      vertex 51.91 27.3979 8.5
      vertex 52.1446 27.2822 8.5
    endloop
  endfacet
  facet normal -0 0 1
    outer loop
      vertex 51.0622 29.8954 8.5
      vertex 52.5173 29.2926 8.5
      vertex 51.1779 30.13 8.5
    endloop
  endfacet
  facet normal 0 0 1
    outer loop
      vertex 52.6513 28.7928 8.5
      vertex 51.6925 27.5433 8.5
      vertex 51.91 27.3979 8.5
    endloop
  endfacet
  facet normal 0 0 1
    outer loop
      vertex 52.5173 29.2926 8.5
      vertex 51.0622 29.8954 8.5
      vertex 52.4995 29.24 8.5
    endloop
  endfacet
  facet normal 0 0 1
    outer loop
      vertex 52.6095 28.8295 8.5
      vertex 51.4958 27.7158 8.5
      vertex 51.6925 27.5433 8.5
    endloop
  endfacet
  facet normal -0 0 1
    outer loop
      vertex 50.9781 29.6476 8.5
      vertex 52.4995 29.24 8.5
      vertex 51.0622 29.8954 8.5
    endloop
  endfacet
  facet normal 0 0 1
    outer loop
      vertex 52.5728 28.8713 8.5
      vertex 51.3233 27.9125 8.5
      vertex 51.4958 27.7158 8.5
    endloop
  endfacet
  facet normal 0 0 1
    outer loop
      vertex 52.4995 29.24 8.5
      vertex 50.9781 29.6476 8.5
      vertex 52.4886 29.1855 8.5
    endloop
  endfacet
  facet normal 0 0 1
    outer loop
      vertex 52.5419 28.9175 8.5
      vertex 51.1779 28.13 8.5
      vertex 51.3233 27.9125 8.5
    endloop
  endfacet
  facet normal -0 0 1
    outer loop
      vertex 50.9271 29.3911 8.5
      vertex 52.4886 29.1855 8.5
      vertex 50.9781 29.6476 8.5
    endloop
  endfacet
  facet normal 0 0 1
    outer loop
      vertex 52.5173 28.9674 8.5
      vertex 51.0622 28.3646 8.5
      vertex 51.1779 28.13 8.5
    endloop
  endfacet
  facet normal 0 0 1
    outer loop
      vertex 52.4886 29.1855 8.5
      vertex 50.9271 29.3911 8.5
      vertex 52.485 29.13 8.5
    endloop
  endfacet
  facet normal 0 0 1
    outer loop
      vertex 52.4995 29.02 8.5
      vertex 50.9781 28.6124 8.5
      vertex 51.0622 28.3646 8.5
    endloop
  endfacet
  facet normal 0 0 1
    outer loop
      vertex 50.91 29.13 8.5
      vertex 52.485 29.13 8.5
      vertex 50.9271 29.3911 8.5
    endloop
  endfacet
  facet normal 0 0 1
    outer loop
      vertex 52.4886 29.0745 8.5
      vertex 50.9271 28.8689 8.5
      vertex 50.9781 28.6124 8.5
    endloop
  endfacet
  facet normal 0 0 1
    outer loop
      vertex 52.485 29.13 8.5
      vertex 50.91 29.13 8.5
      vertex 50.9271 28.8689 8.5
    endloop
  endfacet
  facet normal -0.997862 -0.0653521 0
    outer loop
      vertex 50.9271 28.8689 2.5
      vertex 50.91 29.13 8.5
      vertex 50.91 29.13 2.5
    endloop
  endfacet
  facet normal -0.997862 -0.0653521 0
    outer loop
      vertex 50.91 29.13 8.5
      vertex 50.9271 28.8689 2.5
      vertex 50.9271 28.8689 8.5
    endloop
  endfacet
  facet normal 0.751842 -0.659343 0
    outer loop
      vertex 54.3242 27.7158 8.5
      vertex 54.4967 27.9125 2.5
      vertex 54.4967 27.9125 8.5
    endloop
  endfacet
  facet normal 0.751842 -0.659343 0
    outer loop
      vertex 54.4967 27.9125 2.5
      vertex 54.3242 27.7158 8.5
      vertex 54.3242 27.7158 2.5
    endloop
  endfacet
  facet normal 0.94695 0.321382 0
    outer loop
      vertex 54.8419 29.6476 8.5
      vertex 54.7578 29.8954 2.5
      vertex 54.7578 29.8954 8.5
    endloop
  endfacet
  facet normal 0.94695 0.321382 0
    outer loop
      vertex 54.7578 29.8954 2.5
      vertex 54.8419 29.6476 8.5
      vertex 54.8419 29.6476 2.5
    endloop
  endfacet
  facet normal -0.751842 -0.659343 0
    outer loop
      vertex 51.4958 27.7158 2.5
      vertex 51.3233 27.9125 8.5
      vertex 51.3233 27.9125 2.5
    endloop
  endfacet
  facet normal -0.751842 -0.659343 0
    outer loop
      vertex 51.3233 27.9125 8.5
      vertex 51.4958 27.7158 2.5
      vertex 51.4958 27.7158 8.5
    endloop
  endfacet
  facet normal 0.997862 -0.0653521 0
    outer loop
      vertex 54.8929 28.8689 8.5
      vertex 54.91 29.13 2.5
      vertex 54.91 29.13 8.5
    endloop
  endfacet
  facet normal 0.997862 -0.0653521 0
    outer loop
      vertex 54.91 29.13 2.5
      vertex 54.8929 28.8689 8.5
      vertex 54.8929 28.8689 2.5
    endloop
  endfacet
  facet normal -0.555494 0.831521 0
    outer loop
      vertex 51.91 30.862 2.5
      vertex 51.6925 30.7167 8.5
      vertex 51.91 30.862 8.5
    endloop
  endfacet
  facet normal -0.555494 0.831521 0
    outer loop
      vertex 51.6925 30.7167 8.5
      vertex 51.91 30.862 2.5
      vertex 51.6925 30.7167 2.5
    endloop
  endfacet
  facet normal 0.831344 -0.555758 0
    outer loop
      vertex 54.4967 27.9125 8.5
      vertex 54.6421 28.13 2.5
      vertex 54.6421 28.13 8.5
    endloop
  endfacet
  facet normal 0.831344 -0.555758 0
    outer loop
      vertex 54.6421 28.13 2.5
      vertex 54.4967 27.9125 8.5
      vertex 54.4967 27.9125 2.5
    endloop
  endfacet
  facet normal 0.89686 -0.442314 0
    outer loop
      vertex 54.6421 28.13 8.5
      vertex 54.7578 28.3646 2.5
      vertex 54.7578 28.3646 8.5
    endloop
  endfacet
  facet normal 0.89686 -0.442314 0
    outer loop
      vertex 54.7578 28.3646 2.5
      vertex 54.6421 28.13 8.5
      vertex 54.6421 28.13 2.5
    endloop
  endfacet
  facet normal 0.980801 -0.195013 0
    outer loop
      vertex 54.8419 28.6124 8.5
      vertex 54.8929 28.8689 2.5
      vertex 54.8929 28.8689 8.5
    endloop
  endfacet
  facet normal 0.980801 -0.195013 0
    outer loop
      vertex 54.8929 28.8689 2.5
      vertex 54.8419 28.6124 8.5
      vertex 54.8419 28.6124 2.5
    endloop
  endfacet
  facet normal -0.0653521 0.997862 0
    outer loop
      vertex 52.91 31.13 2.5
      vertex 52.6489 31.1129 8.5
      vertex 52.91 31.13 8.5
    endloop
  endfacet
  facet normal -0.0653521 0.997862 0
    outer loop
      vertex 52.6489 31.1129 8.5
      vertex 52.91 31.13 2.5
      vertex 52.6489 31.1129 2.5
    endloop
  endfacet
  facet normal -0.442314 -0.89686 0
    outer loop
      vertex 51.91 27.3979 2.5
      vertex 52.1446 27.2822 8.5
      vertex 51.91 27.3979 8.5
    endloop
  endfacet
  facet normal -0.442314 -0.89686 -0
    outer loop
      vertex 52.1446 27.2822 8.5
      vertex 51.91 27.3979 2.5
      vertex 52.1446 27.2822 2.5
    endloop
  endfacet
  facet normal -0.555758 -0.831344 0
    outer loop
      vertex 51.6925 27.5433 2.5
      vertex 51.91 27.3979 8.5
      vertex 51.6925 27.5433 8.5
    endloop
  endfacet
  facet normal -0.555758 -0.831344 -0
    outer loop
      vertex 51.91 27.3979 8.5
      vertex 51.6925 27.5433 2.5
      vertex 51.91 27.3979 2.5
    endloop
  endfacet
  facet normal -0.751842 0.659343 0
    outer loop
      vertex 51.3233 30.3475 2.5
      vertex 51.4958 30.5442 8.5
      vertex 51.4958 30.5442 2.5
    endloop
  endfacet
  facet normal -0.751842 0.659343 0
    outer loop
      vertex 51.4958 30.5442 8.5
      vertex 51.3233 30.3475 2.5
      vertex 51.3233 30.3475 8.5
    endloop
  endfacet
  facet normal 0.659343 0.751842 -0
    outer loop
      vertex 54.3242 30.5442 2.5
      vertex 54.1275 30.7167 8.5
      vertex 54.3242 30.5442 8.5
    endloop
  endfacet
  facet normal 0.659343 0.751842 0
    outer loop
      vertex 54.1275 30.7167 8.5
      vertex 54.3242 30.5442 2.5
      vertex 54.1275 30.7167 2.5
    endloop
  endfacet
  facet normal 0.89686 0.442314 0
    outer loop
      vertex 54.7578 29.8954 8.5
      vertex 54.6421 30.13 2.5
      vertex 54.6421 30.13 8.5
    endloop
  endfacet
  facet normal 0.89686 0.442314 0
    outer loop
      vertex 54.6421 30.13 2.5
      vertex 54.7578 29.8954 8.5
      vertex 54.7578 29.8954 2.5
    endloop
  endfacet
  facet normal -0.831344 0.555758 0
    outer loop
      vertex 51.1779 30.13 2.5
      vertex 51.3233 30.3475 8.5
      vertex 51.3233 30.3475 2.5
    endloop
  endfacet
  facet normal -0.831344 0.555758 0
    outer loop
      vertex 51.3233 30.3475 8.5
      vertex 51.1779 30.13 2.5
      vertex 51.1779 30.13 8.5
    endloop
  endfacet
  facet normal 0.659343 -0.751842 0
    outer loop
      vertex 54.1275 27.5433 2.5
      vertex 54.3242 27.7158 8.5
      vertex 54.1275 27.5433 8.5
    endloop
  endfacet
  facet normal 0.659343 -0.751842 0
    outer loop
      vertex 54.3242 27.7158 8.5
      vertex 54.1275 27.5433 2.5
      vertex 54.3242 27.7158 2.5
    endloop
  endfacet
  facet normal 0.751842 0.659343 0
    outer loop
      vertex 54.4967 30.3475 8.5
      vertex 54.3242 30.5442 2.5
      vertex 54.3242 30.5442 8.5
    endloop
  endfacet
  facet normal 0.751842 0.659343 0
    outer loop
      vertex 54.3242 30.5442 2.5
      vertex 54.4967 30.3475 8.5
      vertex 54.4967 30.3475 2.5
    endloop
  endfacet
  facet normal 0.555758 -0.831344 0
    outer loop
      vertex 53.91 27.3979 2.5
      vertex 54.1275 27.5433 8.5
      vertex 53.91 27.3979 8.5
    endloop
  endfacet
  facet normal 0.555758 -0.831344 0
    outer loop
      vertex 54.1275 27.5433 8.5
      vertex 53.91 27.3979 2.5
      vertex 54.1275 27.5433 2.5
    endloop
  endfacet
  facet normal -0.321382 -0.94695 0
    outer loop
      vertex 52.1446 27.2822 2.5
      vertex 52.3924 27.1981 8.5
      vertex 52.1446 27.2822 8.5
    endloop
  endfacet
  facet normal -0.321382 -0.94695 -0
    outer loop
      vertex 52.3924 27.1981 8.5
      vertex 52.1446 27.2822 2.5
      vertex 52.3924 27.1981 2.5
    endloop
  endfacet
  facet normal -0.947233 -0.320546 0
    outer loop
      vertex 53.3205 29.24 2.5
      vertex 53.3027 29.2926 8.5
      vertex 53.3027 29.2926 2.5
    endloop
  endfacet
  facet normal -0.947233 -0.320546 0
    outer loop
      vertex 53.3027 29.2926 8.5
      vertex 53.3205 29.24 2.5
      vertex 53.3205 29.24 8.5
    endloop
  endfacet
  facet normal -0.997903 -0.0647288 0
    outer loop
      vertex 53.335 29.13 2.5
      vertex 53.3314 29.1855 8.5
      vertex 53.3314 29.1855 2.5
    endloop
  endfacet
  facet normal -0.997903 -0.0647288 0
    outer loop
      vertex 53.3314 29.1855 8.5
      vertex 53.335 29.13 2.5
      vertex 53.335 29.13 8.5
    endloop
  endfacet
  facet normal -0.751462 0.659776 0
    outer loop
      vertex 53.2105 28.8295 2.5
      vertex 53.2472 28.8713 8.5
      vertex 53.2472 28.8713 2.5
    endloop
  endfacet
  facet normal -0.751462 0.659776 0
    outer loop
      vertex 53.2472 28.8713 8.5
      vertex 53.2105 28.8295 2.5
      vertex 53.2105 28.8295 8.5
    endloop
  endfacet
  facet normal -0.440726 -0.897642 0
    outer loop
      vertex 53.0726 29.5226 2.5
      vertex 53.1225 29.4981 8.5
      vertex 53.0726 29.5226 8.5
    endloop
  endfacet
  facet normal -0.440726 -0.897642 -0
    outer loop
      vertex 53.1225 29.4981 8.5
      vertex 53.0726 29.5226 2.5
      vertex 53.1225 29.4981 2.5
    endloop
  endfacet
  facet normal 0.196116 -0.980581 0
    outer loop
      vertex 52.8 29.5405 2.5
      vertex 52.8545 29.5514 8.5
      vertex 52.8 29.5405 8.5
    endloop
  endfacet
  facet normal 0.196116 -0.980581 0
    outer loop
      vertex 52.8545 29.5514 8.5
      vertex 52.8 29.5405 2.5
      vertex 52.8545 29.5514 2.5
    endloop
  endfacet
  facet normal -0.896929 -0.442174 0
    outer loop
      vertex 53.3027 29.2926 2.5
      vertex 53.2781 29.3425 8.5
      vertex 53.2781 29.3425 2.5
    endloop
  endfacet
  facet normal -0.896929 -0.442174 0
    outer loop
      vertex 53.2781 29.3425 8.5
      vertex 53.3027 29.2926 2.5
      vertex 53.3027 29.2926 8.5
    endloop
  endfacet
  facet normal 0.0647288 0.997903 -0
    outer loop
      vertex 52.91 28.705 2.5
      vertex 52.8545 28.7086 8.5
      vertex 52.91 28.705 8.5
    endloop
  endfacet
  facet normal 0.0647288 0.997903 0
    outer loop
      vertex 52.8545 28.7086 8.5
      vertex 52.91 28.705 2.5
      vertex 52.8545 28.7086 2.5
    endloop
  endfacet
  facet normal -0.831219 0.555945 0
    outer loop
      vertex 53.2472 28.8713 2.5
      vertex 53.2781 28.9175 8.5
      vertex 53.2781 28.9175 2.5
    endloop
  endfacet
  facet normal -0.831219 0.555945 0
    outer loop
      vertex 53.2781 28.9175 8.5
      vertex 53.2472 28.8713 2.5
      vertex 53.2472 28.8713 8.5
    endloop
  endfacet
  facet normal -0.980581 -0.196116 0
    outer loop
      vertex 53.3314 29.1855 2.5
      vertex 53.3205 29.24 8.5
      vertex 53.3205 29.24 2.5
    endloop
  endfacet
  facet normal -0.980581 -0.196116 0
    outer loop
      vertex 53.3205 29.24 8.5
      vertex 53.3314 29.1855 2.5
      vertex 53.3314 29.1855 8.5
    endloop
  endfacet
  facet normal -0.440726 0.897642 0
    outer loop
      vertex 53.1225 28.7619 2.5
      vertex 53.0726 28.7374 8.5
      vertex 53.1225 28.7619 8.5
    endloop
  endfacet
  facet normal -0.440726 0.897642 0
    outer loop
      vertex 53.0726 28.7374 8.5
      vertex 53.1225 28.7619 2.5
      vertex 53.0726 28.7374 2.5
    endloop
  endfacet
  facet normal 0.896929 -0.442174 0
    outer loop
      vertex 52.5173 29.2926 8.5
      vertex 52.5419 29.3425 2.5
      vertex 52.5419 29.3425 8.5
    endloop
  endfacet
  facet normal 0.896929 -0.442174 0
    outer loop
      vertex 52.5419 29.3425 2.5
      vertex 52.5173 29.2926 8.5
      vertex 52.5173 29.2926 2.5
    endloop
  endfacet
  facet normal 0.831219 -0.555945 0
    outer loop
      vertex 52.5419 29.3425 8.5
      vertex 52.5728 29.3887 2.5
      vertex 52.5728 29.3887 8.5
    endloop
  endfacet
  facet normal 0.831219 -0.555945 0
    outer loop
      vertex 52.5728 29.3887 2.5
      vertex 52.5419 29.3425 8.5
      vertex 52.5419 29.3425 2.5
    endloop
  endfacet
  facet normal -0.947233 0.320546 0
    outer loop
      vertex 53.3027 28.9674 2.5
      vertex 53.3205 29.02 8.5
      vertex 53.3205 29.02 2.5
    endloop
  endfacet
  facet normal -0.947233 0.320546 0
    outer loop
      vertex 53.3205 29.02 8.5
      vertex 53.3027 28.9674 2.5
      vertex 53.3027 28.9674 8.5
    endloop
  endfacet
  facet normal 0.947233 0.320546 0
    outer loop
      vertex 52.5173 28.9674 8.5
      vertex 52.4995 29.02 2.5
      vertex 52.4995 29.02 8.5
    endloop
  endfacet
  facet normal 0.947233 0.320546 0
    outer loop
      vertex 52.4995 29.02 2.5
      vertex 52.5173 28.9674 8.5
      vertex 52.5173 28.9674 2.5
    endloop
  endfacet
  facet normal -0.555945 -0.831219 0
    outer loop
      vertex 53.1225 29.4981 2.5
      vertex 53.1687 29.4672 8.5
      vertex 53.1225 29.4981 8.5
    endloop
  endfacet
  facet normal -0.555945 -0.831219 -0
    outer loop
      vertex 53.1687 29.4672 8.5
      vertex 53.1225 29.4981 2.5
      vertex 53.1687 29.4672 2.5
    endloop
  endfacet
  facet normal -0.196116 0.980581 0
    outer loop
      vertex 53.02 28.7195 2.5
      vertex 52.9655 28.7086 8.5
      vertex 53.02 28.7195 8.5
    endloop
  endfacet
  facet normal -0.196116 0.980581 0
    outer loop
      vertex 52.9655 28.7086 8.5
      vertex 53.02 28.7195 2.5
      vertex 52.9655 28.7086 2.5
    endloop
  endfacet
  facet normal 0.659776 0.751462 -0
    outer loop
      vertex 52.6513 28.7928 2.5
      vertex 52.6095 28.8295 8.5
      vertex 52.6513 28.7928 8.5
    endloop
  endfacet
  facet normal 0.659776 0.751462 0
    outer loop
      vertex 52.6095 28.8295 8.5
      vertex 52.6513 28.7928 2.5
      vertex 52.6095 28.8295 2.5
    endloop
  endfacet
  facet normal 0.997903 0.0647288 0
    outer loop
      vertex 52.4886 29.0745 8.5
      vertex 52.485 29.13 2.5
      vertex 52.485 29.13 8.5
    endloop
  endfacet
  facet normal 0.997903 0.0647288 0
    outer loop
      vertex 52.485 29.13 2.5
      vertex 52.4886 29.0745 8.5
      vertex 52.4886 29.0745 2.5
    endloop
  endfacet
  facet normal 0.980581 0.196116 0
    outer loop
      vertex 52.4995 29.02 8.5
      vertex 52.4886 29.0745 2.5
      vertex 52.4886 29.0745 8.5
    endloop
  endfacet
  facet normal 0.980581 0.196116 0
    outer loop
      vertex 52.4886 29.0745 2.5
      vertex 52.4995 29.02 8.5
      vertex 52.4995 29.02 2.5
    endloop
  endfacet
  facet normal -0.751462 -0.659776 0
    outer loop
      vertex 53.2472 29.3887 2.5
      vertex 53.2105 29.4305 8.5
      vertex 53.2105 29.4305 2.5
    endloop
  endfacet
  facet normal -0.751462 -0.659776 0
    outer loop
      vertex 53.2105 29.4305 8.5
      vertex 53.2472 29.3887 2.5
      vertex 53.2472 29.3887 8.5
    endloop
  endfacet
  facet normal 0.997903 -0.0647288 0
    outer loop
      vertex 52.485 29.13 8.5
      vertex 52.4886 29.1855 2.5
      vertex 52.4886 29.1855 8.5
    endloop
  endfacet
  facet normal 0.997903 -0.0647288 0
    outer loop
      vertex 52.4886 29.1855 2.5
      vertex 52.485 29.13 8.5
      vertex 52.485 29.13 2.5
    endloop
  endfacet
  facet normal -0.659776 -0.751462 0
    outer loop
      vertex 53.1687 29.4672 2.5
      vertex 53.2105 29.4305 8.5
      vertex 53.1687 29.4672 8.5
    endloop
  endfacet
  facet normal -0.659776 -0.751462 -0
    outer loop
      vertex 53.2105 29.4305 8.5
      vertex 53.1687 29.4672 2.5
      vertex 53.2105 29.4305 2.5
    endloop
  endfacet
  facet normal 0.322161 0.946685 -0
    outer loop
      vertex 52.8 28.7195 2.5
      vertex 52.7474 28.7374 8.5
      vertex 52.8 28.7195 8.5
    endloop
  endfacet
  facet normal 0.322161 0.946685 0
    outer loop
      vertex 52.7474 28.7374 8.5
      vertex 52.8 28.7195 2.5
      vertex 52.7474 28.7374 2.5
    endloop
  endfacet
  facet normal -0.997903 0.0647288 0
    outer loop
      vertex 53.3314 29.0745 2.5
      vertex 53.335 29.13 8.5
      vertex 53.335 29.13 2.5
    endloop
  endfacet
  facet normal -0.997903 0.0647288 0
    outer loop
      vertex 53.335 29.13 8.5
      vertex 53.3314 29.0745 2.5
      vertex 53.3314 29.0745 8.5
    endloop
  endfacet
  facet normal -0.659776 0.751462 0
    outer loop
      vertex 53.2105 28.8295 2.5
      vertex 53.1687 28.7928 8.5
      vertex 53.2105 28.8295 8.5
    endloop
  endfacet
  facet normal -0.659776 0.751462 0
    outer loop
      vertex 53.1687 28.7928 8.5
      vertex 53.2105 28.8295 2.5
      vertex 53.1687 28.7928 2.5
    endloop
  endfacet
  facet normal -0.322161 0.946685 0
    outer loop
      vertex 53.0726 28.7374 2.5
      vertex 53.02 28.7195 8.5
      vertex 53.0726 28.7374 8.5
    endloop
  endfacet
  facet normal -0.322161 0.946685 0
    outer loop
      vertex 53.02 28.7195 8.5
      vertex 53.0726 28.7374 2.5
      vertex 53.02 28.7195 2.5
    endloop
  endfacet
  facet normal -0.980581 0.196116 0
    outer loop
      vertex 53.3205 29.02 2.5
      vertex 53.3314 29.0745 8.5
      vertex 53.3314 29.0745 2.5
    endloop
  endfacet
  facet normal -0.980581 0.196116 0
    outer loop
      vertex 53.3314 29.0745 8.5
      vertex 53.3205 29.02 2.5
      vertex 53.3205 29.02 8.5
    endloop
  endfacet
  facet normal 0.555945 -0.831219 0
    outer loop
      vertex 52.6513 29.4672 2.5
      vertex 52.6975 29.4981 8.5
      vertex 52.6513 29.4672 8.5
    endloop
  endfacet
  facet normal 0.555945 -0.831219 0
    outer loop
      vertex 52.6975 29.4981 8.5
      vertex 52.6513 29.4672 2.5
      vertex 52.6975 29.4981 2.5
    endloop
  endfacet
  facet normal 0.659776 -0.751462 0
    outer loop
      vertex 52.6095 29.4305 2.5
      vertex 52.6513 29.4672 8.5
      vertex 52.6095 29.4305 8.5
    endloop
  endfacet
  facet normal 0.659776 -0.751462 0
    outer loop
      vertex 52.6513 29.4672 8.5
      vertex 52.6095 29.4305 2.5
      vertex 52.6513 29.4672 2.5
    endloop
  endfacet
  facet normal -0.831219 -0.555945 0
    outer loop
      vertex 53.2781 29.3425 2.5
      vertex 53.2472 29.3887 8.5
      vertex 53.2472 29.3887 2.5
    endloop
  endfacet
  facet normal -0.831219 -0.555945 0
    outer loop
      vertex 53.2472 29.3887 8.5
      vertex 53.2781 29.3425 2.5
      vertex 53.2781 29.3425 8.5
    endloop
  endfacet
  facet normal -0.0647288 0.997903 0
    outer loop
      vertex 52.9655 28.7086 2.5
      vertex 52.91 28.705 8.5
      vertex 52.9655 28.7086 8.5
    endloop
  endfacet
  facet normal -0.0647288 0.997903 0
    outer loop
      vertex 52.91 28.705 8.5
      vertex 52.9655 28.7086 2.5
      vertex 52.91 28.705 2.5
    endloop
  endfacet
  facet normal -0.0647288 -0.997903 0
    outer loop
      vertex 52.91 29.555 2.5
      vertex 52.9655 29.5514 8.5
      vertex 52.91 29.555 8.5
    endloop
  endfacet
  facet normal -0.0647288 -0.997903 -0
    outer loop
      vertex 52.9655 29.5514 8.5
      vertex 52.91 29.555 2.5
      vertex 52.9655 29.5514 2.5
    endloop
  endfacet
  facet normal 0.322161 -0.946685 0
    outer loop
      vertex 52.7474 29.5226 2.5
      vertex 52.8 29.5405 8.5
      vertex 52.7474 29.5226 8.5
    endloop
  endfacet
  facet normal 0.322161 -0.946685 0
    outer loop
      vertex 52.8 29.5405 8.5
      vertex 52.7474 29.5226 2.5
      vertex 52.8 29.5405 2.5
    endloop
  endfacet
  facet normal -0.196116 -0.980581 0
    outer loop
      vertex 52.9655 29.5514 2.5
      vertex 53.02 29.5405 8.5
      vertex 52.9655 29.5514 8.5
    endloop
  endfacet
  facet normal -0.196116 -0.980581 -0
    outer loop
      vertex 53.02 29.5405 8.5
      vertex 52.9655 29.5514 2.5
      vertex 53.02 29.5405 2.5
    endloop
  endfacet
  facet normal 0.896929 0.442174 0
    outer loop
      vertex 52.5419 28.9175 8.5
      vertex 52.5173 28.9674 2.5
      vertex 52.5173 28.9674 8.5
    endloop
  endfacet
  facet normal 0.896929 0.442174 0
    outer loop
      vertex 52.5173 28.9674 2.5
      vertex 52.5419 28.9175 8.5
      vertex 52.5419 28.9175 2.5
    endloop
  endfacet
  facet normal 0.0647288 -0.997903 0
    outer loop
      vertex 52.8545 29.5514 2.5
      vertex 52.91 29.555 8.5
      vertex 52.8545 29.5514 8.5
    endloop
  endfacet
  facet normal 0.0647288 -0.997903 0
    outer loop
      vertex 52.91 29.555 8.5
      vertex 52.8545 29.5514 2.5
      vertex 52.91 29.555 2.5
    endloop
  endfacet
  facet normal -0.322161 -0.946685 0
    outer loop
      vertex 53.02 29.5405 2.5
      vertex 53.0726 29.5226 8.5
      vertex 53.02 29.5405 8.5
    endloop
  endfacet
  facet normal -0.322161 -0.946685 -0
    outer loop
      vertex 53.0726 29.5226 8.5
      vertex 53.02 29.5405 2.5
      vertex 53.0726 29.5226 2.5
    endloop
  endfacet
  facet normal -0.555945 0.831219 0
    outer loop
      vertex 53.1687 28.7928 2.5
      vertex 53.1225 28.7619 8.5
      vertex 53.1687 28.7928 8.5
    endloop
  endfacet
  facet normal -0.555945 0.831219 0
    outer loop
      vertex 53.1225 28.7619 8.5
      vertex 53.1687 28.7928 2.5
      vertex 53.1225 28.7619 2.5
    endloop
  endfacet
  facet normal 0.751462 0.659776 0
    outer loop
      vertex 52.6095 28.8295 8.5
      vertex 52.5728 28.8713 2.5
      vertex 52.5728 28.8713 8.5
    endloop
  endfacet
  facet normal 0.751462 0.659776 0
    outer loop
      vertex 52.5728 28.8713 2.5
      vertex 52.6095 28.8295 8.5
      vertex 52.6095 28.8295 2.5
    endloop
  endfacet
  facet normal 0.440726 -0.897642 0
    outer loop
      vertex 52.6975 29.4981 2.5
      vertex 52.7474 29.5226 8.5
      vertex 52.6975 29.4981 8.5
    endloop
  endfacet
  facet normal 0.440726 -0.897642 0
    outer loop
      vertex 52.7474 29.5226 8.5
      vertex 52.6975 29.4981 2.5
      vertex 52.7474 29.5226 2.5
    endloop
  endfacet
  facet normal 0.751462 -0.659776 0
    outer loop
      vertex 52.5728 29.3887 8.5
      vertex 52.6095 29.4305 2.5
      vertex 52.6095 29.4305 8.5
    endloop
  endfacet
  facet normal 0.751462 -0.659776 0
    outer loop
      vertex 52.6095 29.4305 2.5
      vertex 52.5728 29.3887 8.5
      vertex 52.5728 29.3887 2.5
    endloop
  endfacet
  facet normal 0.196116 0.980581 -0
    outer loop
      vertex 52.8545 28.7086 2.5
      vertex 52.8 28.7195 8.5
      vertex 52.8545 28.7086 8.5
    endloop
  endfacet
  facet normal 0.196116 0.980581 0
    outer loop
      vertex 52.8 28.7195 8.5
      vertex 52.8545 28.7086 2.5
      vertex 52.8 28.7195 2.5
    endloop
  endfacet
  facet normal 0.947233 -0.320546 0
    outer loop
      vertex 52.4995 29.24 8.5
      vertex 52.5173 29.2926 2.5
      vertex 52.5173 29.2926 8.5
    endloop
  endfacet
  facet normal 0.947233 -0.320546 0
    outer loop
      vertex 52.5173 29.2926 2.5
      vertex 52.4995 29.24 8.5
      vertex 52.4995 29.24 2.5
    endloop
  endfacet
  facet normal 0.555945 0.831219 -0
    outer loop
      vertex 52.6975 28.7619 2.5
      vertex 52.6513 28.7928 8.5
      vertex 52.6975 28.7619 8.5
    endloop
  endfacet
  facet normal 0.555945 0.831219 0
    outer loop
      vertex 52.6513 28.7928 8.5
      vertex 52.6975 28.7619 2.5
      vertex 52.6513 28.7928 2.5
    endloop
  endfacet
  facet normal 0.980581 -0.196116 0
    outer loop
      vertex 52.4886 29.1855 8.5
      vertex 52.4995 29.24 2.5
      vertex 52.4995 29.24 8.5
    endloop
  endfacet
  facet normal 0.980581 -0.196116 0
    outer loop
      vertex 52.4995 29.24 2.5
      vertex 52.4886 29.1855 8.5
      vertex 52.4886 29.1855 2.5
    endloop
  endfacet
  facet normal 0.831219 0.555945 0
    outer loop
      vertex 52.5728 28.8713 8.5
      vertex 52.5419 28.9175 2.5
      vertex 52.5419 28.9175 8.5
    endloop
  endfacet
  facet normal 0.831219 0.555945 0
    outer loop
      vertex 52.5419 28.9175 2.5
      vertex 52.5728 28.8713 8.5
      vertex 52.5728 28.8713 2.5
    endloop
  endfacet
  facet normal 0.440726 0.897642 -0
    outer loop
      vertex 52.7474 28.7374 2.5
      vertex 52.6975 28.7619 8.5
      vertex 52.7474 28.7374 8.5
    endloop
  endfacet
  facet normal 0.440726 0.897642 0
    outer loop
      vertex 52.6975 28.7619 8.5
      vertex 52.7474 28.7374 2.5
      vertex 52.6975 28.7619 2.5
    endloop
  endfacet
  facet normal -0.896929 0.442174 0
    outer loop
      vertex 53.2781 28.9175 2.5
      vertex 53.3027 28.9674 8.5
      vertex 53.3027 28.9674 2.5
    endloop
  endfacet
  facet normal -0.896929 0.442174 0
    outer loop
      vertex 53.3027 28.9674 8.5
      vertex 53.2781 28.9175 2.5
      vertex 53.2781 28.9175 8.5
    endloop
  endfacet
  facet normal -1 0 0
    outer loop
      vertex 0 4 0
      vertex 0 45.8 2.5
      vertex 0 45.8 0
    endloop
  endfacet
  facet normal -1 -0 0
    outer loop
      vertex 0 45.8 2.5
      vertex 0 4 0
      vertex 0 4 2.5
    endloop
  endfacet
  facet normal 0.997861 0.0653646 0
    outer loop
      vertex 64 45.8 2.5
      vertex 63.9658 46.3221 0
      vertex 63.9658 46.3221 2.5
    endloop
  endfacet
  facet normal 0.997861 0.0653646 0
    outer loop
      vertex 63.9658 46.3221 0
      vertex 64 45.8 2.5
      vertex 64 45.8 0
    endloop
  endfacet
  facet normal 0.19508 -0.980787 0
    outer loop
      vertex 60.5221 0.0342197 0
      vertex 61.0353 0.136296 2.5
      vertex 60.5221 0.0342197 2.5
    endloop
  endfacet
  facet normal 0.19508 -0.980787 0
    outer loop
      vertex 61.0353 0.136296 2.5
      vertex 60.5221 0.0342197 0
      vertex 61.0353 0.136296 0
    endloop
  endfacet
  facet normal -0.997859 0.0654021 0
    outer loop
      vertex 0 45.8 0
      vertex 0.0342197 46.3221 2.5
      vertex 0.0342197 46.3221 0
    endloop
  endfacet
  facet normal -0.997859 0.0654021 0
    outer loop
      vertex 0.0342197 46.3221 2.5
      vertex 0 45.8 0
      vertex 0 45.8 2.5
    endloop
  endfacet
  facet normal -0.321469 0.94692 0
    outer loop
      vertex 2.96472 49.6637 0
      vertex 2.46927 49.4955 2.5
      vertex 2.96472 49.6637 2.5
    endloop
  endfacet
  facet normal -0.321469 0.94692 0
    outer loop
      vertex 2.46927 49.4955 2.5
      vertex 2.96472 49.6637 0
      vertex 2.46927 49.4955 0
    endloop
  endfacet
  facet normal -0.980787 0.19508 0
    outer loop
      vertex 0.0342197 46.3221 0
      vertex 0.136296 46.8353 2.5
      vertex 0.136296 46.8353 0
    endloop
  endfacet
  facet normal -0.980787 0.19508 0
    outer loop
      vertex 0.136296 46.8353 2.5
      vertex 0.0342197 46.3221 0
      vertex 0.0342197 46.3221 2.5
    endloop
  endfacet
  facet normal 0.442262 -0.896886 0
    outer loop
      vertex 61.5307 0.304482 0
      vertex 62 0.535898 2.5
      vertex 61.5307 0.304482 2.5
    endloop
  endfacet
  facet normal 0.442262 -0.896886 0
    outer loop
      vertex 62 0.535898 2.5
      vertex 61.5307 0.304482 0
      vertex 62 0.535898 0
    endloop
  endfacet
  facet normal 0.997862 -0.0653634 0
    outer loop
      vertex 63.9658 3.47789 2.5
      vertex 64 4 0
      vertex 64 4 2.5
    endloop
  endfacet
  facet normal 0.997862 -0.0653634 0
    outer loop
      vertex 64 4 0
      vertex 63.9658 3.47789 2.5
      vertex 63.9658 3.47789 0
    endloop
  endfacet
  facet normal -0.896886 0.442262 0
    outer loop
      vertex 0.304482 47.3307 0
      vertex 0.535898 47.8 2.5
      vertex 0.535898 47.8 0
    endloop
  endfacet
  facet normal -0.896886 0.442262 0
    outer loop
      vertex 0.535898 47.8 2.5
      vertex 0.304482 47.3307 0
      vertex 0.304482 47.3307 2.5
    endloop
  endfacet
  facet normal 0 -1 0
    outer loop
      vertex 4 0 0
      vertex 60 0 2.5
      vertex 4 0 2.5
    endloop
  endfacet
  facet normal 0 -1 -0
    outer loop
      vertex 60 0 2.5
      vertex 4 0 0
      vertex 60 0 0
    endloop
  endfacet
  facet normal 0.321498 0.94691 -0
    outer loop
      vertex 61.5307 49.4955 0
      vertex 61.0353 49.6637 2.5
      vertex 61.5307 49.4955 2.5
    endloop
  endfacet
  facet normal 0.321498 0.94691 0
    outer loop
      vertex 61.0353 49.6637 2.5
      vertex 61.5307 49.4955 0
      vertex 61.0353 49.6637 0
    endloop
  endfacet
  facet normal -0.555582 0.831462 0
    outer loop
      vertex 2 49.2641 0
      vertex 1.56495 48.9734 2.5
      vertex 2 49.2641 2.5
    endloop
  endfacet
  facet normal -0.555582 0.831462 0
    outer loop
      vertex 1.56495 48.9734 2.5
      vertex 2 49.2641 0
      vertex 1.56495 48.9734 0
    endloop
  endfacet
  facet normal -0.659362 0.751826 0
    outer loop
      vertex 1.56495 48.9734 0
      vertex 1.17157 48.6284 2.5
      vertex 1.56495 48.9734 2.5
    endloop
  endfacet
  facet normal -0.659362 0.751826 0
    outer loop
      vertex 1.17157 48.6284 2.5
      vertex 1.56495 48.9734 0
      vertex 1.17157 48.6284 0
    endloop
  endfacet
  facet normal 0.555626 0.831432 -0
    outer loop
      vertex 62.435 48.9734 0
      vertex 62 49.2641 2.5
      vertex 62.435 48.9734 2.5
    endloop
  endfacet
  facet normal 0.555626 0.831432 0
    outer loop
      vertex 62 49.2641 2.5
      vertex 62.435 48.9734 0
      vertex 62 49.2641 0
    endloop
  endfacet
  facet normal -0.0653634 0.997862 0
    outer loop
      vertex 4 49.8 0
      vertex 3.47789 49.7658 2.5
      vertex 4 49.8 2.5
    endloop
  endfacet
  facet normal -0.0653634 0.997862 0
    outer loop
      vertex 3.47789 49.7658 2.5
      vertex 4 49.8 0
      vertex 3.47789 49.7658 0
    endloop
  endfacet
  facet normal -0.659345 -0.751841 0
    outer loop
      vertex 1.17157 1.17157 0
      vertex 1.56495 0.826586 2.5
      vertex 1.17157 1.17157 2.5
    endloop
  endfacet
  facet normal -0.659345 -0.751841 -0
    outer loop
      vertex 1.56495 0.826586 2.5
      vertex 1.17157 1.17157 0
      vertex 1.56495 0.826586 0
    endloop
  endfacet
  facet normal 0.896887 -0.44226 0
    outer loop
      vertex 63.4641 2 2.5
      vertex 63.6955 2.46927 0
      vertex 63.6955 2.46927 2.5
    endloop
  endfacet
  facet normal 0.896887 -0.44226 0
    outer loop
      vertex 63.6955 2.46927 0
      vertex 63.4641 2 2.5
      vertex 63.4641 2 0
    endloop
  endfacet
  facet normal -0.831472 -0.555566 0
    outer loop
      vertex 0.826586 1.56495 0
      vertex 0.535898 2 2.5
      vertex 0.535898 2 0
    endloop
  endfacet
  facet normal -0.831472 -0.555566 0
    outer loop
      vertex 0.535898 2 2.5
      vertex 0.826586 1.56495 0
      vertex 0.826586 1.56495 2.5
    endloop
  endfacet
  facet normal -0.442285 -0.896875 0
    outer loop
      vertex 2 0.535898 0
      vertex 2.46927 0.304482 2.5
      vertex 2 0.535898 2.5
    endloop
  endfacet
  facet normal -0.442285 -0.896875 -0
    outer loop
      vertex 2.46927 0.304482 2.5
      vertex 2 0.535898 0
      vertex 2.46927 0.304482 0
    endloop
  endfacet
  facet normal 0 1 -0
    outer loop
      vertex 60 49.8 0
      vertex 4 49.8 2.5
      vertex 60 49.8 2.5
    endloop
  endfacet
  facet normal 0 1 0
    outer loop
      vertex 4 49.8 2.5
      vertex 60 49.8 0
      vertex 4 49.8 0
    endloop
  endfacet
  facet normal 0.659326 -0.751857 0
    outer loop
      vertex 62.435 0.826586 0
      vertex 62.8284 1.17157 2.5
      vertex 62.435 0.826586 2.5
    endloop
  endfacet
  facet normal 0.659326 -0.751857 0
    outer loop
      vertex 62.8284 1.17157 2.5
      vertex 62.435 0.826586 0
      vertex 62.8284 1.17157 0
    endloop
  endfacet
  facet normal -0.751857 0.659326 0
    outer loop
      vertex 0.826586 48.235 0
      vertex 1.17157 48.6284 2.5
      vertex 1.17157 48.6284 0
    endloop
  endfacet
  facet normal -0.751857 0.659326 0
    outer loop
      vertex 1.17157 48.6284 2.5
      vertex 0.826586 48.235 0
      vertex 0.826586 48.235 2.5
    endloop
  endfacet
  facet normal -0.195135 0.980776 0
    outer loop
      vertex 3.47789 49.7658 0
      vertex 2.96472 49.6637 2.5
      vertex 3.47789 49.7658 2.5
    endloop
  endfacet
  facet normal -0.195135 0.980776 0
    outer loop
      vertex 2.96472 49.6637 2.5
      vertex 3.47789 49.7658 0
      vertex 2.96472 49.6637 0
    endloop
  endfacet
  facet normal 0.94692 -0.321469 0
    outer loop
      vertex 63.6955 2.46927 2.5
      vertex 63.8637 2.96472 0
      vertex 63.8637 2.96472 2.5
    endloop
  endfacet
  facet normal 0.94692 -0.321469 0
    outer loop
      vertex 63.8637 2.96472 0
      vertex 63.6955 2.46927 2.5
      vertex 63.6955 2.46927 0
    endloop
  endfacet
  facet normal 0.831462 -0.555582 0
    outer loop
      vertex 63.1734 1.56495 2.5
      vertex 63.4641 2 0
      vertex 63.4641 2 2.5
    endloop
  endfacet
  facet normal 0.831462 -0.555582 0
    outer loop
      vertex 63.4641 2 0
      vertex 63.1734 1.56495 2.5
      vertex 63.1734 1.56495 0
    endloop
  endfacet
  facet normal -0.896875 -0.442285 0
    outer loop
      vertex 0.535898 2 0
      vertex 0.304482 2.46927 2.5
      vertex 0.304482 2.46927 0
    endloop
  endfacet
  facet normal -0.896875 -0.442285 0
    outer loop
      vertex 0.304482 2.46927 2.5
      vertex 0.535898 2 0
      vertex 0.535898 2 2.5
    endloop
  endfacet
  facet normal -0.997859 -0.0654009 0
    outer loop
      vertex 0.0342197 3.47789 0
      vertex 0 4 2.5
      vertex 0 4 0
    endloop
  endfacet
  facet normal -0.997859 -0.0654009 0
    outer loop
      vertex 0 4 2.5
      vertex 0.0342197 3.47789 0
      vertex 0.0342197 3.47789 2.5
    endloop
  endfacet
  facet normal 1 -0 0
    outer loop
      vertex 64 4 2.5
      vertex 64 45.8 0
      vertex 64 45.8 2.5
    endloop
  endfacet
  facet normal 1 0 0
    outer loop
      vertex 64 45.8 0
      vertex 64 4 2.5
      vertex 64 4 0
    endloop
  endfacet
  facet normal -0.195091 -0.980785 0
    outer loop
      vertex 2.96472 0.136296 0
      vertex 3.47789 0.0342197 2.5
      vertex 2.96472 0.136296 2.5
    endloop
  endfacet
  facet normal -0.195091 -0.980785 -0
    outer loop
      vertex 3.47789 0.0342197 2.5
      vertex 2.96472 0.136296 0
      vertex 3.47789 0.0342197 0
    endloop
  endfacet
  facet normal -0.946918 0.321474 0
    outer loop
      vertex 0.136296 46.8353 0
      vertex 0.304482 47.3307 2.5
      vertex 0.304482 47.3307 0
    endloop
  endfacet
  facet normal -0.946918 0.321474 0
    outer loop
      vertex 0.304482 47.3307 2.5
      vertex 0.136296 46.8353 0
      vertex 0.136296 46.8353 2.5
    endloop
  endfacet
  facet normal -0.980785 -0.195091 0
    outer loop
      vertex 0.136296 2.96472 0
      vertex 0.0342197 3.47789 2.5
      vertex 0.0342197 3.47789 0
    endloop
  endfacet
  facet normal -0.980785 -0.195091 0
    outer loop
      vertex 0.0342197 3.47789 2.5
      vertex 0.136296 2.96472 0
      vertex 0.136296 2.96472 2.5
    endloop
  endfacet
  facet normal 0.751842 0.659343 0
    outer loop
      vertex 63.1734 48.235 2.5
      vertex 62.8284 48.6284 0
      vertex 62.8284 48.6284 2.5
    endloop
  endfacet
  facet normal 0.751842 0.659343 0
    outer loop
      vertex 62.8284 48.6284 0
      vertex 63.1734 48.235 2.5
      vertex 63.1734 48.235 0
    endloop
  endfacet
  facet normal 0.896898 0.442238 0
    outer loop
      vertex 63.6955 47.3307 2.5
      vertex 63.4641 47.8 0
      vertex 63.4641 47.8 2.5
    endloop
  endfacet
  facet normal 0.896898 0.442238 0
    outer loop
      vertex 63.4641 47.8 0
      vertex 63.6955 47.3307 2.5
      vertex 63.6955 47.3307 0
    endloop
  endfacet
  facet normal -0.751841 -0.659345 0
    outer loop
      vertex 1.17157 1.17157 0
      vertex 0.826586 1.56495 2.5
      vertex 0.826586 1.56495 0
    endloop
  endfacet
  facet normal -0.751841 -0.659345 0
    outer loop
      vertex 0.826586 1.56495 2.5
      vertex 1.17157 1.17157 0
      vertex 1.17157 1.17157 2.5
    endloop
  endfacet
  facet normal 0 0 -1
    outer loop
      vertex 60 0 0
      vertex 64 4 0
      vertex 63.9658 3.47789 0
    endloop
  endfacet
  facet normal -0 0 -1
    outer loop
      vertex 64 4 0
      vertex 60 0 0
      vertex 64 45.8 0
    endloop
  endfacet
  facet normal 0 0 -1
    outer loop
      vertex 60 0 0
      vertex 63.9658 3.47789 0
      vertex 63.8637 2.96472 0
    endloop
  endfacet
  facet normal 0 0 -1
    outer loop
      vertex 60 49.8 0
      vertex 64 45.8 0
      vertex 60 0 0
    endloop
  endfacet
  facet normal 0 0 -1
    outer loop
      vertex 60 0 0
      vertex 63.8637 2.96472 0
      vertex 63.6955 2.46927 0
    endloop
  endfacet
  facet normal 0 0 -1
    outer loop
      vertex 64 45.8 0
      vertex 60 49.8 0
      vertex 63.9658 46.3221 0
    endloop
  endfacet
  facet normal 0 0 -1
    outer loop
      vertex 60 0 0
      vertex 63.6955 2.46927 0
      vertex 63.4641 2 0
    endloop
  endfacet
  facet normal 0 0 -1
    outer loop
      vertex 63.9658 46.3221 0
      vertex 60 49.8 0
      vertex 63.8637 46.8353 0
    endloop
  endfacet
  facet normal 0 0 -1
    outer loop
      vertex 60 0 0
      vertex 63.4641 2 0
      vertex 63.1734 1.56495 0
    endloop
  endfacet
  facet normal 0 0 -1
    outer loop
      vertex 63.8637 46.8353 0
      vertex 60 49.8 0
      vertex 63.6955 47.3307 0
    endloop
  endfacet
  facet normal 0 0 -1
    outer loop
      vertex 60 0 0
      vertex 63.1734 1.56495 0
      vertex 62.8284 1.17157 0
    endloop
  endfacet
  facet normal 0 0 -1
    outer loop
      vertex 63.6955 47.3307 0
      vertex 60 49.8 0
      vertex 63.4641 47.8 0
    endloop
  endfacet
  facet normal 0 0 -1
    outer loop
      vertex 60 0 0
      vertex 62.8284 1.17157 0
      vertex 62.435 0.826586 0
    endloop
  endfacet
  facet normal 0 0 -1
    outer loop
      vertex 63.4641 47.8 0
      vertex 60 49.8 0
      vertex 63.1734 48.235 0
    endloop
  endfacet
  facet normal 0 0 -1
    outer loop
      vertex 60 0 0
      vertex 62.435 0.826586 0
      vertex 62 0.535898 0
    endloop
  endfacet
  facet normal 0 0 -1
    outer loop
      vertex 63.1734 48.235 0
      vertex 60 49.8 0
      vertex 62.8284 48.6284 0
    endloop
  endfacet
  facet normal 0 0 -1
    outer loop
      vertex 60 0 0
      vertex 62 0.535898 0
      vertex 61.5307 0.304482 0
    endloop
  endfacet
  facet normal 0 0 -1
    outer loop
      vertex 62.8284 48.6284 0
      vertex 60 49.8 0
      vertex 62.435 48.9734 0
    endloop
  endfacet
  facet normal 0 0 -1
    outer loop
      vertex 60 0 0
      vertex 61.5307 0.304482 0
      vertex 61.0353 0.136296 0
    endloop
  endfacet
  facet normal 0 0 -1
    outer loop
      vertex 62.435 48.9734 0
      vertex 60 49.8 0
      vertex 62 49.2641 0
    endloop
  endfacet
  facet normal 0 0 -1
    outer loop
      vertex 60 0 0
      vertex 61.0353 0.136296 0
      vertex 60.5221 0.0342197 0
    endloop
  endfacet
  facet normal 0 0 -1
    outer loop
      vertex 62 49.2641 0
      vertex 60 49.8 0
      vertex 61.5307 49.4955 0
    endloop
  endfacet
  facet normal 0 0 -1
    outer loop
      vertex 61.5307 49.4955 0
      vertex 60 49.8 0
      vertex 61.0353 49.6637 0
    endloop
  endfacet
  facet normal 0 0 -1
    outer loop
      vertex 61.0353 49.6637 0
      vertex 60 49.8 0
      vertex 60.5221 49.7658 0
    endloop
  endfacet
  facet normal 0 0 -1
    outer loop
      vertex 4 0 0
      vertex 60 49.8 0
      vertex 60 0 0
    endloop
  endfacet
  facet normal 0 0 -1
    outer loop
      vertex 4 0 0
      vertex 4 49.8 0
      vertex 60 49.8 0
    endloop
  endfacet
  facet normal 0 0 -1
    outer loop
      vertex 0 4 0
      vertex 4 0 0
      vertex 3.47789 0.0342197 0
    endloop
  endfacet
  facet normal 0 0 -1
    outer loop
      vertex 4 0 0
      vertex 0 4 0
      vertex 4 49.8 0
    endloop
  endfacet
  facet normal 0 0 -1
    outer loop
      vertex 0 4 0
      vertex 3.47789 0.0342197 0
      vertex 2.96472 0.136296 0
    endloop
  endfacet
  facet normal 0 0 -1
    outer loop
      vertex 0 45.8 0
      vertex 4 49.8 0
      vertex 0 4 0
    endloop
  endfacet
  facet normal 0 0 -1
    outer loop
      vertex 0 4 0
      vertex 2.96472 0.136296 0
      vertex 2.46927 0.304482 0
    endloop
  endfacet
  facet normal 0 0 -1
    outer loop
      vertex 4 49.8 0
      vertex 0 45.8 0
      vertex 3.47789 49.7658 0
    endloop
  endfacet
  facet normal 0 0 -1
    outer loop
      vertex 0 4 0
      vertex 2.46927 0.304482 0
      vertex 2 0.535898 0
    endloop
  endfacet
  facet normal 0 0 -1
    outer loop
      vertex 3.47789 49.7658 0
      vertex 0 45.8 0
      vertex 2.96472 49.6637 0
    endloop
  endfacet
  facet normal 0 0 -1
    outer loop
      vertex 0 4 0
      vertex 2 0.535898 0
      vertex 1.56495 0.826586 0
    endloop
  endfacet
  facet normal 0 0 -1
    outer loop
      vertex 2.96472 49.6637 0
      vertex 0 45.8 0
      vertex 2.46927 49.4955 0
    endloop
  endfacet
  facet normal 0 0 -1
    outer loop
      vertex 0 4 0
      vertex 1.56495 0.826586 0
      vertex 1.17157 1.17157 0
    endloop
  endfacet
  facet normal 0 0 -1
    outer loop
      vertex 2.46927 49.4955 0
      vertex 0 45.8 0
      vertex 2 49.2641 0
    endloop
  endfacet
  facet normal 0 0 -1
    outer loop
      vertex 0 4 0
      vertex 1.17157 1.17157 0
      vertex 0.826586 1.56495 0
    endloop
  endfacet
  facet normal 0 0 -1
    outer loop
      vertex 2 49.2641 0
      vertex 0 45.8 0
      vertex 1.56495 48.9734 0
    endloop
  endfacet
  facet normal 0 0 -1
    outer loop
      vertex 0 4 0
      vertex 0.826586 1.56495 0
      vertex 0.535898 2 0
    endloop
  endfacet
  facet normal 0 0 -1
    outer loop
      vertex 1.56495 48.9734 0
      vertex 0 45.8 0
      vertex 1.17157 48.6284 0
    endloop
  endfacet
  facet normal 0 0 -1
    outer loop
      vertex 0 4 0
      vertex 0.535898 2 0
      vertex 0.304482 2.46927 0
    endloop
  endfacet
  facet normal 0 0 -1
    outer loop
      vertex 1.17157 48.6284 0
      vertex 0 45.8 0
      vertex 0.826586 48.235 0
    endloop
  endfacet
  facet normal 0 0 -1
    outer loop
      vertex 0 4 0
      vertex 0.304482 2.46927 0
      vertex 0.136296 2.96472 0
    endloop
  endfacet
  facet normal 0 0 -1
    outer loop
      vertex 0.826586 48.235 0
      vertex 0 45.8 0
      vertex 0.535898 47.8 0
    endloop
  endfacet
  facet normal 0 0 -1
    outer loop
      vertex 0 4 0
      vertex 0.136296 2.96472 0
      vertex 0.0342197 3.47789 0
    endloop
  endfacet
  facet normal 0 0 -1
    outer loop
      vertex 0.535898 47.8 0
      vertex 0 45.8 0
      vertex 0.304482 47.3307 0
    endloop
  endfacet
  facet normal 0 0 -1
    outer loop
      vertex 0.304482 47.3307 0
      vertex 0 45.8 0
      vertex 0.136296 46.8353 0
    endloop
  endfacet
  facet normal 0 0 -1
    outer loop
      vertex 0.136296 46.8353 0
      vertex 0 45.8 0
      vertex 0.0342197 46.3221 0
    endloop
  endfacet
  facet normal -0.946928 -0.321445 0
    outer loop
      vertex 0.304482 2.46927 0
      vertex 0.136296 2.96472 2.5
      vertex 0.136296 2.96472 0
    endloop
  endfacet
  facet normal -0.946928 -0.321445 0
    outer loop
      vertex 0.136296 2.96472 2.5
      vertex 0.304482 2.46927 0
      vertex 0.304482 2.46927 2.5
    endloop
  endfacet
  facet normal -0.0654009 -0.997859 0
    outer loop
      vertex 3.47789 0.0342197 0
      vertex 4 0 2.5
      vertex 3.47789 0.0342197 2.5
    endloop
  endfacet
  facet normal -0.0654009 -0.997859 -0
    outer loop
      vertex 4 0 2.5
      vertex 3.47789 0.0342197 0
      vertex 4 0 0
    endloop
  endfacet
  facet normal -0.44226 0.896887 0
    outer loop
      vertex 2.46927 49.4955 0
      vertex 2 49.2641 2.5
      vertex 2.46927 49.4955 2.5
    endloop
  endfacet
  facet normal -0.44226 0.896887 0
    outer loop
      vertex 2 49.2641 2.5
      vertex 2.46927 49.4955 0
      vertex 2 49.2641 0
    endloop
  endfacet
  facet normal -0.831443 0.55561 0
    outer loop
      vertex 0.535898 47.8 0
      vertex 0.826586 48.235 2.5
      vertex 0.826586 48.235 0
    endloop
  endfacet
  facet normal -0.831443 0.55561 0
    outer loop
      vertex 0.826586 48.235 2.5
      vertex 0.535898 47.8 0
      vertex 0.535898 47.8 2.5
    endloop
  endfacet
  facet normal -0.555566 -0.831472 0
    outer loop
      vertex 1.56495 0.826586 0
      vertex 2 0.535898 2.5
      vertex 1.56495 0.826586 2.5
    endloop
  endfacet
  facet normal -0.555566 -0.831472 -0
    outer loop
      vertex 2 0.535898 2.5
      vertex 1.56495 0.826586 0
      vertex 2 0.535898 0
    endloop
  endfacet
  facet normal 0.195124 0.980779 -0
    outer loop
      vertex 61.0353 49.6637 0
      vertex 60.5221 49.7658 2.5
      vertex 61.0353 49.6637 2.5
    endloop
  endfacet
  facet normal 0.195124 0.980779 0
    outer loop
      vertex 60.5221 49.7658 2.5
      vertex 61.0353 49.6637 0
      vertex 60.5221 49.7658 0
    endloop
  endfacet
  facet normal 0.751826 -0.659362 0
    outer loop
      vertex 62.8284 1.17157 2.5
      vertex 63.1734 1.56495 0
      vertex 63.1734 1.56495 2.5
    endloop
  endfacet
  facet normal 0.751826 -0.659362 0
    outer loop
      vertex 63.1734 1.56495 0
      vertex 62.8284 1.17157 2.5
      vertex 62.8284 1.17157 0
    endloop
  endfacet
  facet normal -0.321445 -0.946928 0
    outer loop
      vertex 2.46927 0.304482 0
      vertex 2.96472 0.136296 2.5
      vertex 2.46927 0.304482 2.5
    endloop
  endfacet
  facet normal -0.321445 -0.946928 -0
    outer loop
      vertex 2.96472 0.136296 2.5
      vertex 2.46927 0.304482 0
      vertex 2.96472 0.136296 0
    endloop
  endfacet
  facet normal 0.980776 -0.195135 0
    outer loop
      vertex 63.8637 2.96472 2.5
      vertex 63.9658 3.47789 0
      vertex 63.9658 3.47789 2.5
    endloop
  endfacet
  facet normal 0.980776 -0.195135 0
    outer loop
      vertex 63.9658 3.47789 0
      vertex 63.8637 2.96472 2.5
      vertex 63.8637 2.96472 0
    endloop
  endfacet
  facet normal 0.442238 0.896898 -0
    outer loop
      vertex 62 49.2641 0
      vertex 61.5307 49.4955 2.5
      vertex 62 49.2641 2.5
    endloop
  endfacet
  facet normal 0.442238 0.896898 0
    outer loop
      vertex 61.5307 49.4955 2.5
      vertex 62 49.2641 0
      vertex 61.5307 49.4955 0
    endloop
  endfacet
  facet normal 0.0654021 -0.997859 0
    outer loop
      vertex 60 0 0
      vertex 60.5221 0.0342197 2.5
      vertex 60 0 2.5
    endloop
  endfacet
  facet normal 0.0654021 -0.997859 0
    outer loop
      vertex 60.5221 0.0342197 2.5
      vertex 60 0 0
      vertex 60.5221 0.0342197 0
    endloop
  endfacet
  facet normal 0.94691 0.321498 0
    outer loop
      vertex 63.8637 46.8353 2.5
      vertex 63.6955 47.3307 0
      vertex 63.6955 47.3307 2.5
    endloop
  endfacet
  facet normal 0.94691 0.321498 0
    outer loop
      vertex 63.6955 47.3307 0
      vertex 63.8637 46.8353 2.5
      vertex 63.8637 46.8353 0
    endloop
  endfacet
  facet normal 0.980779 0.195124 0
    outer loop
      vertex 63.9658 46.3221 2.5
      vertex 63.8637 46.8353 0
      vertex 63.8637 46.8353 2.5
    endloop
  endfacet
  facet normal 0.980779 0.195124 0
    outer loop
      vertex 63.8637 46.8353 0
      vertex 63.9658 46.3221 2.5
      vertex 63.9658 46.3221 0
    endloop
  endfacet
  facet normal 0.321474 -0.946918 0
    outer loop
      vertex 61.0353 0.136296 0
      vertex 61.5307 0.304482 2.5
      vertex 61.0353 0.136296 2.5
    endloop
  endfacet
  facet normal 0.321474 -0.946918 0
    outer loop
      vertex 61.5307 0.304482 2.5
      vertex 61.0353 0.136296 0
      vertex 61.5307 0.304482 0
    endloop
  endfacet
  facet normal 0.831432 0.555626 0
    outer loop
      vertex 63.4641 47.8 2.5
      vertex 63.1734 48.235 0
      vertex 63.1734 48.235 2.5
    endloop
  endfacet
  facet normal 0.831432 0.555626 0
    outer loop
      vertex 63.1734 48.235 0
      vertex 63.4641 47.8 2.5
      vertex 63.4641 47.8 0
    endloop
  endfacet
  facet normal 0.55561 -0.831443 0
    outer loop
      vertex 62 0.535898 0
      vertex 62.435 0.826586 2.5
      vertex 62 0.535898 2.5
    endloop
  endfacet
  facet normal 0.55561 -0.831443 0
    outer loop
      vertex 62.435 0.826586 2.5
      vertex 62 0.535898 0
      vertex 62.435 0.826586 0
    endloop
  endfacet
  facet normal 0.659343 0.751842 -0
    outer loop
      vertex 62.8284 48.6284 0
      vertex 62.435 48.9734 2.5
      vertex 62.8284 48.6284 2.5
    endloop
  endfacet
  facet normal 0.659343 0.751842 0
    outer loop
      vertex 62.435 48.9734 2.5
      vertex 62.8284 48.6284 0
      vertex 62.435 48.9734 0
    endloop
  endfacet
  facet normal 0.0653646 0.997861 -0
    outer loop
      vertex 60.5221 49.7658 0
      vertex 60 49.8 2.5
      vertex 60.5221 49.7658 2.5
    endloop
  endfacet
  facet normal 0.0653646 0.997861 0
    outer loop
      vertex 60 49.8 2.5
      vertex 60.5221 49.7658 0
      vertex 60 49.8 0
    endloop
  endfacet
endsolid OpenSCAD_Model
