solid OpenSCAD_Model
  facet normal -0.819152 -0.573577 0
    outer loop
      vertex 0.350933 0.535818 0
      vertex 0.200961 0.75 1.6
      vertex 0.200961 0.75 0
    endloop
  endfacet
  facet normal -0.819152 -0.573577 0
    outer loop
      vertex 0.200961 0.75 1.6
      vertex 0.350933 0.535818 0
      vertex 0.350933 0.535818 1.6
    endloop
  endfacet
  facet normal 0 1 -0
    outer loop
      vertex 53.8 28 0
      vertex 51.78 28 1.6
      vertex 53.8 28 1.6
    endloop
  endfacet
  facet normal 0 1 0
    outer loop
      vertex 51.78 28 1.6
      vertex 53.8 28 0
      vertex 3.52 28 1.6
    endloop
  endfacet
  facet normal 0 1 0
    outer loop
      vertex 1.5 28 0
      vertex 3.52 28 1.6
      vertex 53.8 28 0
    endloop
  endfacet
  facet normal 0 1 0
    outer loop
      vertex 3.52 28 1.6
      vertex 1.5 28 0
      vertex 1.5 28 1.6
    endloop
  endfacet
  facet normal 0 1 -0
    outer loop
      vertex 51.78 28 1.6
      vertex 3.52 28 4.14
      vertex 51.78 28 4.14
    endloop
  endfacet
  facet normal 0 1 0
    outer loop
      vertex 3.52 28 4.14
      vertex 51.78 28 1.6
      vertex 3.52 28 1.6
    endloop
  endfacet
  facet normal -0.996195 -0.0871551 0
    outer loop
      vertex 0.022788 1.23953 0
      vertex 0 1.5 1.6
      vertex 0 1.5 0
    endloop
  endfacet
  facet normal -0.996195 -0.0871551 0
    outer loop
      vertex 0 1.5 1.6
      vertex 0.022788 1.23953 0
      vertex 0.022788 1.23953 1.6
    endloop
  endfacet
  facet normal -0.258816 -0.965927 0
    outer loop
      vertex 0.986969 0.0904608 0
      vertex 1.23953 0.022788 1.6
      vertex 0.986969 0.0904608 1.6
    endloop
  endfacet
  facet normal -0.258816 -0.965927 -0
    outer loop
      vertex 1.23953 0.022788 1.6
      vertex 0.986969 0.0904608 0
      vertex 1.23953 0.022788 0
    endloop
  endfacet
  facet normal -0.965927 -0.258816 0
    outer loop
      vertex 0.0904608 0.986969 0
      vertex 0.022788 1.23953 1.6
      vertex 0.022788 1.23953 0
    endloop
  endfacet
  facet normal -0.965927 -0.258816 0
    outer loop
      vertex 0.022788 1.23953 1.6
      vertex 0.0904608 0.986969 0
      vertex 0.0904608 0.986969 1.6
    endloop
  endfacet
  facet normal -0.0872006 0.996191 0
    outer loop
      vertex 1.5 28 0
      vertex 1.23953 27.9772 1.6
      vertex 1.5 28 1.6
    endloop
  endfacet
  facet normal -0.0872006 0.996191 0
    outer loop
      vertex 1.23953 27.9772 1.6
      vertex 1.5 28 0
      vertex 1.23953 27.9772 0
    endloop
  endfacet
  facet normal 0.90633 0.422571 0
    outer loop
      vertex 55.2095 27.013 1.6
      vertex 55.099 27.25 0
      vertex 55.099 27.25 1.6
    endloop
  endfacet
  facet normal 0.90633 0.422571 0
    outer loop
      vertex 55.099 27.25 0
      vertex 55.2095 27.013 1.6
      vertex 55.2095 27.013 0
    endloop
  endfacet
  facet normal -0.573392 0.819281 0
    outer loop
      vertex 0.75 27.799 0
      vertex 0.535818 27.6491 1.6
      vertex 0.75 27.799 1.6
    endloop
  endfacet
  facet normal -0.573392 0.819281 0
    outer loop
      vertex 0.535818 27.6491 1.6
      vertex 0.75 27.799 0
      vertex 0.535818 27.6491 0
    endloop
  endfacet
  facet normal 0.573544 -0.819174 0
    outer loop
      vertex 54.55 0.200961 0
      vertex 54.7642 0.350933 1.6
      vertex 54.55 0.200961 1.6
    endloop
  endfacet
  facet normal 0.573544 -0.819174 0
    outer loop
      vertex 54.7642 0.350933 1.6
      vertex 54.55 0.200961 0
      vertex 54.7642 0.350933 0
    endloop
  endfacet
  facet normal -0.819174 0.573544 0
    outer loop
      vertex 0.200961 27.25 0
      vertex 0.350933 27.4642 1.6
      vertex 0.350933 27.4642 0
    endloop
  endfacet
  facet normal -0.819174 0.573544 0
    outer loop
      vertex 0.350933 27.4642 1.6
      vertex 0.200961 27.25 0
      vertex 0.200961 27.25 1.6
    endloop
  endfacet
  facet normal -0.996196 0.0871451 0
    outer loop
      vertex 0 26.5 0
      vertex 0.022788 26.7605 1.6
      vertex 0.022788 26.7605 0
    endloop
  endfacet
  facet normal -0.996196 0.0871451 0
    outer loop
      vertex 0.022788 26.7605 1.6
      vertex 0 26.5 0
      vertex 0 26.5 1.6
    endloop
  endfacet
  facet normal -1 0 0
    outer loop
      vertex 0 26.5 0
      vertex 0 17.9904 1.50245
      vertex 0 26.5 1.6
    endloop
  endfacet
  facet normal -1 0 0
    outer loop
      vertex 0 26.5 0
      vertex 0 17.9157 1.32222
      vertex 0 17.9904 1.50245
    endloop
  endfacet
  facet normal -1 0 0
    outer loop
      vertex 0 26.5 0
      vertex 0 17.7778 1.18427
      vertex 0 17.9157 1.32222
    endloop
  endfacet
  facet normal -1 0 0
    outer loop
      vertex 0 26.5 0
      vertex 0 17.5975 1.10961
      vertex 0 17.7778 1.18427
    endloop
  endfacet
  facet normal -1 0 0
    outer loop
      vertex 0 1.5 0
      vertex 0 17.5975 1.10961
      vertex 0 26.5 0
    endloop
  endfacet
  facet normal -1 -0 0
    outer loop
      vertex 0 17.5975 1.10961
      vertex 0 1.5 0
      vertex 0 9.40246 1.10961
    endloop
  endfacet
  facet normal -1 0 0
    outer loop
      vertex 0 1.5 0
      vertex 0 9.22222 1.18427
      vertex 0 9.40246 1.10961
    endloop
  endfacet
  facet normal -1 0 0
    outer loop
      vertex 0 1.5 0
      vertex 0 9.08427 1.32222
      vertex 0 9.22222 1.18427
    endloop
  endfacet
  facet normal -1 0 0
    outer loop
      vertex 0 1.5 0
      vertex 0 9.00961 1.50245
      vertex 0 9.08427 1.32222
    endloop
  endfacet
  facet normal -1 0 0
    outer loop
      vertex 0 1.5 1.6
      vertex 0 9.00961 1.50245
      vertex 0 1.5 0
    endloop
  endfacet
  facet normal -1 0 0
    outer loop
      vertex 0 9.00961 1.50245
      vertex 0 1.5 1.6
      vertex 0 9.00961 1.6
    endloop
  endfacet
  facet normal -1 -0 0
    outer loop
      vertex 0 26.5 1.6
      vertex 0 17.9904 1.50245
      vertex 0 17.9904 1.6
    endloop
  endfacet
  facet normal -0.422617 -0.906308 0
    outer loop
      vertex 0.75 0.200961 0
      vertex 0.986969 0.0904608 1.6
      vertex 0.75 0.200961 1.6
    endloop
  endfacet
  facet normal -0.422617 -0.906308 -0
    outer loop
      vertex 0.986969 0.0904608 1.6
      vertex 0.75 0.200961 0
      vertex 0.986969 0.0904608 0
    endloop
  endfacet
  facet normal 0.965885 0.258972 0
    outer loop
      vertex 55.2772 26.7605 1.6
      vertex 55.2095 27.013 0
      vertex 55.2095 27.013 1.6
    endloop
  endfacet
  facet normal 0.965885 0.258972 0
    outer loop
      vertex 55.2095 27.013 0
      vertex 55.2772 26.7605 1.6
      vertex 55.2772 26.7605 0
    endloop
  endfacet
  facet normal -0.422617 0.906308 0
    outer loop
      vertex 0.986969 27.9095 0
      vertex 0.75 27.799 1.6
      vertex 0.986969 27.9095 1.6
    endloop
  endfacet
  facet normal -0.422617 0.906308 0
    outer loop
      vertex 0.75 27.799 1.6
      vertex 0.986969 27.9095 0
      vertex 0.75 27.799 0
    endloop
  endfacet
  facet normal -0.707107 -0.707107 0
    outer loop
      vertex 0.535818 0.350933 0
      vertex 0.350933 0.535818 1.6
      vertex 0.350933 0.535818 0
    endloop
  endfacet
  facet normal -0.707107 -0.707107 0
    outer loop
      vertex 0.350933 0.535818 1.6
      vertex 0.535818 0.350933 0
      vertex 0.535818 0.350933 1.6
    endloop
  endfacet
  facet normal -0.906329 0.422572 0
    outer loop
      vertex 0.0904608 27.013 0
      vertex 0.200961 27.25 1.6
      vertex 0.200961 27.25 0
    endloop
  endfacet
  facet normal -0.906329 0.422572 0
    outer loop
      vertex 0.200961 27.25 1.6
      vertex 0.0904608 27.013 0
      vertex 0.0904608 27.013 1.6
    endloop
  endfacet
  facet normal 0.965901 -0.258914 0
    outer loop
      vertex 55.2095 0.986969 1.6
      vertex 55.2772 1.23953 0
      vertex 55.2772 1.23953 1.6
    endloop
  endfacet
  facet normal 0.965901 -0.258914 0
    outer loop
      vertex 55.2772 1.23953 0
      vertex 55.2095 0.986969 1.6
      vertex 55.2095 0.986969 0
    endloop
  endfacet
  facet normal -0.0871551 -0.996195 0
    outer loop
      vertex 1.23953 0.022788 0
      vertex 1.5 0 1.6
      vertex 1.23953 0.022788 1.6
    endloop
  endfacet
  facet normal -0.0871551 -0.996195 -0
    outer loop
      vertex 1.5 0 1.6
      vertex 1.23953 0.022788 0
      vertex 1.5 0 0
    endloop
  endfacet
  facet normal 0.258972 0.965885 -0
    outer loop
      vertex 54.313 27.9095 0
      vertex 54.0605 27.9772 1.6
      vertex 54.313 27.9095 1.6
    endloop
  endfacet
  facet normal 0.258972 0.965885 0
    outer loop
      vertex 54.0605 27.9772 1.6
      vertex 54.313 27.9095 0
      vertex 54.0605 27.9772 0
    endloop
  endfacet
  facet normal 0.996192 0.0871907 0
    outer loop
      vertex 55.3 26.5 1.6
      vertex 55.2772 26.7605 0
      vertex 55.2772 26.7605 1.6
    endloop
  endfacet
  facet normal 0.996192 0.0871907 0
    outer loop
      vertex 55.2772 26.7605 0
      vertex 55.3 26.5 1.6
      vertex 55.3 26.5 0
    endloop
  endfacet
  facet normal 0.707107 0.707107 0
    outer loop
      vertex 54.9491 27.4642 1.6
      vertex 54.7642 27.6491 0
      vertex 54.7642 27.6491 1.6
    endloop
  endfacet
  facet normal 0.707107 0.707107 0
    outer loop
      vertex 54.7642 27.6491 0
      vertex 54.9491 27.4642 1.6
      vertex 54.9491 27.4642 0
    endloop
  endfacet
  facet normal 1 -0 0
    outer loop
      vertex 55.3 1.5 1.6
      vertex 55.3 26.5 0
      vertex 55.3 26.5 1.6
    endloop
  endfacet
  facet normal 1 0 0
    outer loop
      vertex 55.3 26.5 0
      vertex 55.3 1.5 1.6
      vertex 55.3 1.5 0
    endloop
  endfacet
  facet normal 0.707078 -0.707135 0
    outer loop
      vertex 54.7642 0.350933 1.6
      vertex 54.9491 0.535818 0
      vertex 54.9491 0.535818 1.6
    endloop
  endfacet
  facet normal 0.707078 -0.707135 0
    outer loop
      vertex 54.9491 0.535818 0
      vertex 54.7642 0.350933 1.6
      vertex 54.7642 0.350933 0
    endloop
  endfacet
  facet normal 0.0871451 -0.996196 0
    outer loop
      vertex 53.8 0 0
      vertex 54.0605 0.022788 1.6
      vertex 53.8 0 1.6
    endloop
  endfacet
  facet normal 0.0871451 -0.996196 0
    outer loop
      vertex 54.0605 0.022788 1.6
      vertex 53.8 0 0
      vertex 54.0605 0.022788 0
    endloop
  endfacet
  facet normal 0 -1 0
    outer loop
      vertex 1.5 0 0
      vertex 3.52 0 1.6
      vertex 1.5 0 1.6
    endloop
  endfacet
  facet normal 0 -1 -0
    outer loop
      vertex 3.52 0 1.6
      vertex 1.5 0 0
      vertex 51.78 0 1.6
    endloop
  endfacet
  facet normal 0 -1 0
    outer loop
      vertex 53.8 0 0
      vertex 51.78 0 1.6
      vertex 1.5 0 0
    endloop
  endfacet
  facet normal 0 -1 0
    outer loop
      vertex 51.78 0 1.6
      vertex 53.8 0 0
      vertex 53.8 0 1.6
    endloop
  endfacet
  facet normal 0 -1 0
    outer loop
      vertex 3.52 0 1.6
      vertex 51.78 0 4.14
      vertex 3.52 0 4.14
    endloop
  endfacet
  facet normal 0 -1 -0
    outer loop
      vertex 51.78 0 4.14
      vertex 3.52 0 1.6
      vertex 51.78 0 1.6
    endloop
  endfacet
  facet normal 0.906308 -0.422617 0
    outer loop
      vertex 55.099 0.75 1.6
      vertex 55.2095 0.986969 0
      vertex 55.2095 0.986969 1.6
    endloop
  endfacet
  facet normal 0.906308 -0.422617 0
    outer loop
      vertex 55.2095 0.986969 0
      vertex 55.099 0.75 1.6
      vertex 55.099 0.75 0
    endloop
  endfacet
  facet normal 0.819281 -0.573392 0
    outer loop
      vertex 54.9491 0.535818 1.6
      vertex 55.099 0.75 0
      vertex 55.099 0.75 1.6
    endloop
  endfacet
  facet normal 0.819281 -0.573392 0
    outer loop
      vertex 55.099 0.75 0
      vertex 54.9491 0.535818 1.6
      vertex 54.9491 0.535818 0
    endloop
  endfacet
  facet normal 0.422572 -0.906329 0
    outer loop
      vertex 54.313 0.0904608 0
      vertex 54.55 0.200961 1.6
      vertex 54.313 0.0904608 1.6
    endloop
  endfacet
  facet normal 0.422572 -0.906329 0
    outer loop
      vertex 54.55 0.200961 1.6
      vertex 54.313 0.0904608 0
      vertex 54.55 0.200961 0
    endloop
  endfacet
  facet normal 0.258875 -0.965911 0
    outer loop
      vertex 54.0605 0.022788 0
      vertex 54.313 0.0904608 1.6
      vertex 54.0605 0.022788 1.6
    endloop
  endfacet
  facet normal 0.258875 -0.965911 0
    outer loop
      vertex 54.313 0.0904608 1.6
      vertex 54.0605 0.022788 0
      vertex 54.313 0.0904608 0
    endloop
  endfacet
  facet normal -0.258914 0.965901 0
    outer loop
      vertex 1.23953 27.9772 0
      vertex 0.986969 27.9095 1.6
      vertex 1.23953 27.9772 1.6
    endloop
  endfacet
  facet normal -0.258914 0.965901 0
    outer loop
      vertex 0.986969 27.9095 1.6
      vertex 1.23953 27.9772 0
      vertex 0.986969 27.9095 0
    endloop
  endfacet
  facet normal -0.573577 -0.819152 0
    outer loop
      vertex 0.535818 0.350933 0
      vertex 0.75 0.200961 1.6
      vertex 0.535818 0.350933 1.6
    endloop
  endfacet
  facet normal -0.573577 -0.819152 -0
    outer loop
      vertex 0.75 0.200961 1.6
      vertex 0.535818 0.350933 0
      vertex 0.75 0.200961 0
    endloop
  endfacet
  facet normal -0.906308 -0.422617 0
    outer loop
      vertex 0.200961 0.75 0
      vertex 0.0904608 0.986969 1.6
      vertex 0.0904608 0.986969 0
    endloop
  endfacet
  facet normal -0.906308 -0.422617 0
    outer loop
      vertex 0.0904608 0.986969 1.6
      vertex 0.200961 0.75 0
      vertex 0.200961 0.75 1.6
    endloop
  endfacet
  facet normal -0.707135 0.707078 0
    outer loop
      vertex 0.350933 27.4642 0
      vertex 0.535818 27.6491 1.6
      vertex 0.535818 27.6491 0
    endloop
  endfacet
  facet normal -0.707135 0.707078 0
    outer loop
      vertex 0.535818 27.6491 1.6
      vertex 0.350933 27.4642 0
      vertex 0.350933 27.4642 1.6
    endloop
  endfacet
  facet normal -0.965911 0.258875 0
    outer loop
      vertex 0.022788 26.7605 0
      vertex 0.0904608 27.013 1.6
      vertex 0.0904608 27.013 0
    endloop
  endfacet
  facet normal -0.965911 0.258875 0
    outer loop
      vertex 0.0904608 27.013 1.6
      vertex 0.022788 26.7605 0
      vertex 0.022788 26.7605 1.6
    endloop
  endfacet
  facet normal 0.819304 0.57336 0
    outer loop
      vertex 55.099 27.25 1.6
      vertex 54.9491 27.4642 0
      vertex 54.9491 27.4642 1.6
    endloop
  endfacet
  facet normal 0.819304 0.57336 0
    outer loop
      vertex 54.9491 27.4642 0
      vertex 55.099 27.25 1.6
      vertex 55.099 27.25 0
    endloop
  endfacet
  facet normal 0.57336 0.819304 -0
    outer loop
      vertex 54.7642 27.6491 0
      vertex 54.55 27.799 1.6
      vertex 54.7642 27.6491 1.6
    endloop
  endfacet
  facet normal 0.57336 0.819304 0
    outer loop
      vertex 54.55 27.799 1.6
      vertex 54.7642 27.6491 0
      vertex 54.55 27.799 0
    endloop
  endfacet
  facet normal 0.996191 -0.0872006 0
    outer loop
      vertex 55.2772 1.23953 1.6
      vertex 55.3 1.5 0
      vertex 55.3 1.5 1.6
    endloop
  endfacet
  facet normal 0.996191 -0.0872006 0
    outer loop
      vertex 55.3 1.5 0
      vertex 55.2772 1.23953 1.6
      vertex 55.2772 1.23953 0
    endloop
  endfacet
  facet normal 0.0871907 0.996192 -0
    outer loop
      vertex 54.0605 27.9772 0
      vertex 53.8 28 1.6
      vertex 54.0605 27.9772 1.6
    endloop
  endfacet
  facet normal 0.0871907 0.996192 0
    outer loop
      vertex 53.8 28 1.6
      vertex 54.0605 27.9772 0
      vertex 53.8 28 0
    endloop
  endfacet
  facet normal 0.422571 0.90633 -0
    outer loop
      vertex 54.55 27.799 0
      vertex 54.313 27.9095 1.6
      vertex 54.55 27.799 1.6
    endloop
  endfacet
  facet normal 0.422571 0.90633 0
    outer loop
      vertex 54.313 27.9095 1.6
      vertex 54.55 27.799 0
      vertex 54.313 27.9095 0
    endloop
  endfacet
  facet normal 0 0 1
    outer loop
      vertex 3.52 28 1.6
      vertex 1.5 28 1.6
      vertex 3.52 25.46 1.6
    endloop
  endfacet
  facet normal 0 0 1
    outer loop
      vertex 14 11 1.6
      vertex 15.5 11 1.6
      vertex 14 12.25 1.6
    endloop
  endfacet
  facet normal -0 0 1
    outer loop
      vertex 12 14 1.6
      vertex 14 12.25 1.6
      vertex 15.2 14 1.6
    endloop
  endfacet
  facet normal 0 0 1
    outer loop
      vertex 14 12.25 1.6
      vertex 12 14 1.6
      vertex 12 12.25 1.6
    endloop
  endfacet
  facet normal -0 0 1
    outer loop
      vertex 12 17.5 1.6
      vertex 15.2 15.6 1.6
      vertex 15.2 17.5 1.6
    endloop
  endfacet
  facet normal 0 0 1
    outer loop
      vertex 15.2 15.6 1.6
      vertex 12 17.5 1.6
      vertex 12 15.6 1.6
    endloop
  endfacet
  facet normal 0 0 1
    outer loop
      vertex 18.7 14 1.6
      vertex 17.5 12.25 1.6
      vertex 18.7 10.1 1.6
    endloop
  endfacet
  facet normal -0 0 1
    outer loop
      vertex 15.5 14 1.6
      vertex 17.5 12.25 1.6
      vertex 18.7 14 1.6
    endloop
  endfacet
  facet normal 0 0 1
    outer loop
      vertex 17.5 12.25 1.6
      vertex 15.5 14 1.6
      vertex 15.5 12.25 1.6
    endloop
  endfacet
  facet normal -0 0 1
    outer loop
      vertex 15.5 17.5 1.6
      vertex 18.7 15.6 1.6
      vertex 18.7 17.5 1.6
    endloop
  endfacet
  facet normal 0 0 1
    outer loop
      vertex 18.7 15.6 1.6
      vertex 15.5 17.5 1.6
      vertex 15.5 15.6 1.6
    endloop
  endfacet
  facet normal -0 0 1
    outer loop
      vertex 18 22.4 1.6
      vertex 18.7 19.1 1.6
      vertex 21.2 22.4 1.6
    endloop
  endfacet
  facet normal 0 0 1
    outer loop
      vertex 18.7 19.1 1.6
      vertex 18 22.4 1.6
      vertex 15.5 19.1 1.6
    endloop
  endfacet
  facet normal 0 0 1
    outer loop
      vertex 25.7 22.4 1.6
      vertex 51.78 25.46 1.6
      vertex 25.7 24 1.6
    endloop
  endfacet
  facet normal -0 0 1
    outer loop
      vertex 3.52 25.46 1.6
      vertex 25.7 24 1.6
      vertex 51.78 25.46 1.6
    endloop
  endfacet
  facet normal 0 0 1
    outer loop
      vertex 22.5 24 1.6
      vertex 21.2 24 1.6
      vertex 22.5 22.4 1.6
    endloop
  endfacet
  facet normal 0 0 1
    outer loop
      vertex 25.7 24 1.6
      vertex 3.52 25.46 1.6
      vertex 22.5 24 1.6
    endloop
  endfacet
  facet normal 0 0 1
    outer loop
      vertex 22.5 24 1.6
      vertex 3.52 25.46 1.6
      vertex 21.2 24 1.6
    endloop
  endfacet
  facet normal 0 0 1
    outer loop
      vertex 15.2 19.1 1.6
      vertex 18 22.4 1.6
      vertex 18 24 1.6
    endloop
  endfacet
  facet normal 0 0 1
    outer loop
      vertex 15.2 17.5 1.6
      vertex 15.5 17.5 1.6
      vertex 15.5 19.1 1.6
    endloop
  endfacet
  facet normal 0 0 1
    outer loop
      vertex 15.5 17.5 1.6
      vertex 15.2 17.5 1.6
      vertex 15.5 15.6 1.6
    endloop
  endfacet
  facet normal 0 0 1
    outer loop
      vertex 15.5 15.6 1.6
      vertex 15.2 15.6 1.6
      vertex 15.5 14 1.6
    endloop
  endfacet
  facet normal 0 0 1
    outer loop
      vertex 15.2 14 1.6
      vertex 15.5 14 1.6
      vertex 15.2 15.6 1.6
    endloop
  endfacet
  facet normal 0 0 1
    outer loop
      vertex 15.5 14 1.6
      vertex 15.2 14 1.6
      vertex 15.5 12.25 1.6
    endloop
  endfacet
  facet normal -0 0 1
    outer loop
      vertex 14 12.25 1.6
      vertex 15.5 11 1.6
      vertex 15.5 12.25 1.6
    endloop
  endfacet
  facet normal 0 0 1
    outer loop
      vertex 15.2 17.5 1.6
      vertex 15.5 19.1 1.6
      vertex 15.2 19.1 1.6
    endloop
  endfacet
  facet normal 0 0 1
    outer loop
      vertex 18 22.4 1.6
      vertex 15.2 19.1 1.6
      vertex 15.5 19.1 1.6
    endloop
  endfacet
  facet normal 0 0 1
    outer loop
      vertex 18 24 1.6
      vertex 12 19.1 1.6
      vertex 15.2 19.1 1.6
    endloop
  endfacet
  facet normal 0 0 1
    outer loop
      vertex 4.99039 17.5 1.6
      vertex 12 17.5 1.6
      vertex 12 19.1 1.6
    endloop
  endfacet
  facet normal 0 0 1
    outer loop
      vertex 12 17.5 1.6
      vertex 4.99039 17.5 1.6
      vertex 12 15.6 1.6
    endloop
  endfacet
  facet normal 0 0 1
    outer loop
      vertex 12 15.6 1.6
      vertex 4.99039 17.5 1.6
      vertex 12 14 1.6
    endloop
  endfacet
  facet normal 0 0 1
    outer loop
      vertex 4.99039 9.5 1.6
      vertex 12 14 1.6
      vertex 4.99039 17.5 1.6
    endloop
  endfacet
  facet normal 0 0 1
    outer loop
      vertex 12 14 1.6
      vertex 4.99039 9.5 1.6
      vertex 12 12.25 1.6
    endloop
  endfacet
  facet normal 0 0 1
    outer loop
      vertex 12 12.25 1.6
      vertex 4.99039 9.5 1.6
      vertex 12 11 1.6
    endloop
  endfacet
  facet normal 0 0 1
    outer loop
      vertex 12 11 1.6
      vertex 4.99039 9.5 1.6
      vertex 12 10.1 1.6
    endloop
  endfacet
  facet normal 0 0 1
    outer loop
      vertex 3.52 25.46 1.6
      vertex 12 19.1 1.6
      vertex 18 24 1.6
    endloop
  endfacet
  facet normal 0 0 1
    outer loop
      vertex 12 19.1 1.6
      vertex 4.95306 17.6877 1.6
      vertex 4.99039 17.5 1.6
    endloop
  endfacet
  facet normal 0 0 1
    outer loop
      vertex 12 19.1 1.6
      vertex 4.84676 17.8468 1.6
      vertex 4.95306 17.6877 1.6
    endloop
  endfacet
  facet normal 0 0 1
    outer loop
      vertex 12 19.1 1.6
      vertex 3.52 25.46 1.6
      vertex 4.84676 17.8468 1.6
    endloop
  endfacet
  facet normal 0 0 1
    outer loop
      vertex 4.84676 17.8468 1.6
      vertex 3.52 25.46 1.6
      vertex 4.68766 17.9531 1.6
    endloop
  endfacet
  facet normal 0 0 1
    outer loop
      vertex 21.2 24 1.6
      vertex 3.52 25.46 1.6
      vertex 18 24 1.6
    endloop
  endfacet
  facet normal 0 0 1
    outer loop
      vertex 4.68766 17.9531 1.6
      vertex 3.52 25.46 1.6
      vertex 4.5 17.9904 1.6
    endloop
  endfacet
  facet normal -0 0 1
    outer loop
      vertex 0 26.5 1.6
      vertex 3.52 25.46 1.6
      vertex 1.5 28 1.6
    endloop
  endfacet
  facet normal 0 0 1
    outer loop
      vertex 0 26.5 1.6
      vertex 1.5 28 1.6
      vertex 1.23953 27.9772 1.6
    endloop
  endfacet
  facet normal 0 0 1
    outer loop
      vertex 0 26.5 1.6
      vertex 1.23953 27.9772 1.6
      vertex 0.986969 27.9095 1.6
    endloop
  endfacet
  facet normal 0 0 1
    outer loop
      vertex 0 26.5 1.6
      vertex 0.986969 27.9095 1.6
      vertex 0.75 27.799 1.6
    endloop
  endfacet
  facet normal 0 0 1
    outer loop
      vertex 0 26.5 1.6
      vertex 0.75 27.799 1.6
      vertex 0.535818 27.6491 1.6
    endloop
  endfacet
  facet normal 0 0 1
    outer loop
      vertex 0 26.5 1.6
      vertex 0.535818 27.6491 1.6
      vertex 0.350933 27.4642 1.6
    endloop
  endfacet
  facet normal 0 0 1
    outer loop
      vertex 0 26.5 1.6
      vertex 0.350933 27.4642 1.6
      vertex 0.200961 27.25 1.6
    endloop
  endfacet
  facet normal 0 0 1
    outer loop
      vertex 0 26.5 1.6
      vertex 0.200961 27.25 1.6
      vertex 0.0904608 27.013 1.6
    endloop
  endfacet
  facet normal 0 0 1
    outer loop
      vertex 0 26.5 1.6
      vertex 0.0904608 27.013 1.6
      vertex 0.022788 26.7605 1.6
    endloop
  endfacet
  facet normal 0 0 1
    outer loop
      vertex 0 17.9904 1.6
      vertex 3.52 25.46 1.6
      vertex 0 26.5 1.6
    endloop
  endfacet
  facet normal 0 0 1
    outer loop
      vertex 3.52 25.46 1.6
      vertex 0 17.9904 1.6
      vertex 4.5 17.9904 1.6
    endloop
  endfacet
  facet normal 0 0 1
    outer loop
      vertex 53.8 28 1.6
      vertex 55.3 26.5 1.6
      vertex 55.2772 26.7605 1.6
    endloop
  endfacet
  facet normal 0 0 1
    outer loop
      vertex 55.3 26.5 1.6
      vertex 51.78 25.46 1.6
      vertex 55.3 1.5 1.6
    endloop
  endfacet
  facet normal 0 0 1
    outer loop
      vertex 53.8 28 1.6
      vertex 55.2772 26.7605 1.6
      vertex 55.2095 27.013 1.6
    endloop
  endfacet
  facet normal -0 0 1
    outer loop
      vertex 51.78 2.54 1.6
      vertex 55.3 1.5 1.6
      vertex 51.78 25.46 1.6
    endloop
  endfacet
  facet normal 0 0 1
    outer loop
      vertex 53.8 28 1.6
      vertex 55.2095 27.013 1.6
      vertex 55.099 27.25 1.6
    endloop
  endfacet
  facet normal 0 -0 1
    outer loop
      vertex 53.8 0 1.6
      vertex 55.3 1.5 1.6
      vertex 51.78 2.54 1.6
    endloop
  endfacet
  facet normal 0 0 1
    outer loop
      vertex 53.8 28 1.6
      vertex 55.099 27.25 1.6
      vertex 54.9491 27.4642 1.6
    endloop
  endfacet
  facet normal 0 0 1
    outer loop
      vertex 55.3 1.5 1.6
      vertex 53.8 0 1.6
      vertex 55.2772 1.23953 1.6
    endloop
  endfacet
  facet normal 0 0 1
    outer loop
      vertex 53.8 28 1.6
      vertex 54.9491 27.4642 1.6
      vertex 54.7642 27.6491 1.6
    endloop
  endfacet
  facet normal 0 0 1
    outer loop
      vertex 55.2772 1.23953 1.6
      vertex 53.8 0 1.6
      vertex 55.2095 0.986969 1.6
    endloop
  endfacet
  facet normal 0 0 1
    outer loop
      vertex 53.8 28 1.6
      vertex 54.7642 27.6491 1.6
      vertex 54.55 27.799 1.6
    endloop
  endfacet
  facet normal 0 0 1
    outer loop
      vertex 55.2095 0.986969 1.6
      vertex 53.8 0 1.6
      vertex 55.099 0.75 1.6
    endloop
  endfacet
  facet normal 0 0 1
    outer loop
      vertex 53.8 28 1.6
      vertex 54.55 27.799 1.6
      vertex 54.313 27.9095 1.6
    endloop
  endfacet
  facet normal 0 0 1
    outer loop
      vertex 55.099 0.75 1.6
      vertex 53.8 0 1.6
      vertex 54.9491 0.535818 1.6
    endloop
  endfacet
  facet normal 0 0 1
    outer loop
      vertex 53.8 28 1.6
      vertex 54.313 27.9095 1.6
      vertex 54.0605 27.9772 1.6
    endloop
  endfacet
  facet normal 0 0 1
    outer loop
      vertex 54.9491 0.535818 1.6
      vertex 53.8 0 1.6
      vertex 54.7642 0.350933 1.6
    endloop
  endfacet
  facet normal 0 0 1
    outer loop
      vertex 55.3 26.5 1.6
      vertex 53.8 28 1.6
      vertex 51.78 25.46 1.6
    endloop
  endfacet
  facet normal 0 0 1
    outer loop
      vertex 54.7642 0.350933 1.6
      vertex 53.8 0 1.6
      vertex 54.55 0.200961 1.6
    endloop
  endfacet
  facet normal 0 0 1
    outer loop
      vertex 51.78 25.46 1.6
      vertex 53.8 28 1.6
      vertex 51.78 28 1.6
    endloop
  endfacet
  facet normal 0 0 1
    outer loop
      vertex 54.55 0.200961 1.6
      vertex 53.8 0 1.6
      vertex 54.313 0.0904608 1.6
    endloop
  endfacet
  facet normal 0 0 1
    outer loop
      vertex 54.313 0.0904608 1.6
      vertex 53.8 0 1.6
      vertex 54.0605 0.022788 1.6
    endloop
  endfacet
  facet normal 0 0 1
    outer loop
      vertex 53.8 0 1.6
      vertex 51.78 2.54 1.6
      vertex 51.78 0 1.6
    endloop
  endfacet
  facet normal 0 0 1
    outer loop
      vertex 51.78 25.46 1.6
      vertex 25.7 22.4 1.6
      vertex 51.78 2.54 1.6
    endloop
  endfacet
  facet normal 0 0 1
    outer loop
      vertex 18.7 17.5 1.6
      vertex 25.7 22.4 1.6
      vertex 22.5 22.4 1.6
    endloop
  endfacet
  facet normal 0 0 1
    outer loop
      vertex 21.2 22.4 1.6
      vertex 22.5 22.4 1.6
      vertex 21.2 24 1.6
    endloop
  endfacet
  facet normal 0 0 1
    outer loop
      vertex 18.7 19.1 1.6
      vertex 22.5 22.4 1.6
      vertex 21.2 22.4 1.6
    endloop
  endfacet
  facet normal 0 0 1
    outer loop
      vertex 22.5 22.4 1.6
      vertex 18.7 19.1 1.6
      vertex 18.7 17.5 1.6
    endloop
  endfacet
  facet normal 0 0 1
    outer loop
      vertex 25.7 22.4 1.6
      vertex 18.7 17.5 1.6
      vertex 18.7 15.6 1.6
    endloop
  endfacet
  facet normal 0 0 1
    outer loop
      vertex 25.7 22.4 1.6
      vertex 18.7 15.6 1.6
      vertex 18.7 14 1.6
    endloop
  endfacet
  facet normal 0 0 1
    outer loop
      vertex 25.7 22.4 1.6
      vertex 18.7 14 1.6
      vertex 18.7 10.1 1.6
    endloop
  endfacet
  facet normal 0 0 1
    outer loop
      vertex 18.7 8.5 1.6
      vertex 25.7 22.4 1.6
      vertex 18.7 10.1 1.6
    endloop
  endfacet
  facet normal 0 0 1
    outer loop
      vertex 25.7 22.4 1.6
      vertex 18.7 8.5 1.6
      vertex 51.78 2.54 1.6
    endloop
  endfacet
  facet normal 0 0 1
    outer loop
      vertex 3.52 2.54 1.6
      vertex 18.7 8.5 1.6
      vertex 15.5 8.5 1.6
    endloop
  endfacet
  facet normal 0 0 1
    outer loop
      vertex 15.5 15.6 1.6
      vertex 15.2 17.5 1.6
      vertex 15.2 15.6 1.6
    endloop
  endfacet
  facet normal 0 0 1
    outer loop
      vertex 14 12.25 1.6
      vertex 15.5 12.25 1.6
      vertex 15.2 14 1.6
    endloop
  endfacet
  facet normal 0 0 1
    outer loop
      vertex 15.5 11 1.6
      vertex 15.2 10.1 1.6
      vertex 15.5 10.1 1.6
    endloop
  endfacet
  facet normal 0 0 1
    outer loop
      vertex 15.5 10.1 1.6
      vertex 15.2 10.1 1.6
      vertex 15.5 8.5 1.6
    endloop
  endfacet
  facet normal 0 0 1
    outer loop
      vertex 15.2 8.5 1.6
      vertex 15.5 8.5 1.6
      vertex 15.2 10.1 1.6
    endloop
  endfacet
  facet normal 0 0 1
    outer loop
      vertex 3.52 2.54 1.6
      vertex 15.5 8.5 1.6
      vertex 15.2 8.5 1.6
    endloop
  endfacet
  facet normal 0 0 1
    outer loop
      vertex 3.52 2.54 1.6
      vertex 15.2 8.5 1.6
      vertex 12 8.5 1.6
    endloop
  endfacet
  facet normal 0 0 1
    outer loop
      vertex 12 10.1 1.6
      vertex 4.99039 9.5 1.6
      vertex 12 8.5 1.6
    endloop
  endfacet
  facet normal -0 0 1
    outer loop
      vertex 4.95306 9.31234 1.6
      vertex 12 8.5 1.6
      vertex 4.99039 9.5 1.6
    endloop
  endfacet
  facet normal -0 0 1
    outer loop
      vertex 4.84676 9.15324 1.6
      vertex 12 8.5 1.6
      vertex 4.95306 9.31234 1.6
    endloop
  endfacet
  facet normal 0 0 1
    outer loop
      vertex 12 8.5 1.6
      vertex 4.84676 9.15324 1.6
      vertex 3.52 2.54 1.6
    endloop
  endfacet
  facet normal 0 0 1
    outer loop
      vertex 3.52 2.54 1.6
      vertex 4.84676 9.15324 1.6
      vertex 4.68766 9.04694 1.6
    endloop
  endfacet
  facet normal 0 0 1
    outer loop
      vertex 3.52 2.54 1.6
      vertex 4.68766 9.04694 1.6
      vertex 4.5 9.00961 1.6
    endloop
  endfacet
  facet normal 0 0 1
    outer loop
      vertex 18.7 8.5 1.6
      vertex 3.52 2.54 1.6
      vertex 51.78 2.54 1.6
    endloop
  endfacet
  facet normal 0 0 1
    outer loop
      vertex 3.52 2.54 1.6
      vertex 1.5 0 1.6
      vertex 3.52 0 1.6
    endloop
  endfacet
  facet normal -0 0 1
    outer loop
      vertex 0 9.00961 1.6
      vertex 3.52 2.54 1.6
      vertex 4.5 9.00961 1.6
    endloop
  endfacet
  facet normal 0 0 1
    outer loop
      vertex 3.52 2.54 1.6
      vertex 0 1.5 1.6
      vertex 1.5 0 1.6
    endloop
  endfacet
  facet normal 0 0 1
    outer loop
      vertex 1.5 0 1.6
      vertex 0 1.5 1.6
      vertex 1.23953 0.022788 1.6
    endloop
  endfacet
  facet normal 0 0 1
    outer loop
      vertex 1.23953 0.022788 1.6
      vertex 0 1.5 1.6
      vertex 0.986969 0.0904608 1.6
    endloop
  endfacet
  facet normal 0 0 1
    outer loop
      vertex 0.986969 0.0904608 1.6
      vertex 0 1.5 1.6
      vertex 0.75 0.200961 1.6
    endloop
  endfacet
  facet normal 0 0 1
    outer loop
      vertex 0.75 0.200961 1.6
      vertex 0 1.5 1.6
      vertex 0.535818 0.350933 1.6
    endloop
  endfacet
  facet normal 0 0 1
    outer loop
      vertex 0.535818 0.350933 1.6
      vertex 0 1.5 1.6
      vertex 0.350933 0.535818 1.6
    endloop
  endfacet
  facet normal 0 0 1
    outer loop
      vertex 0.350933 0.535818 1.6
      vertex 0 1.5 1.6
      vertex 0.200961 0.75 1.6
    endloop
  endfacet
  facet normal 0 0 1
    outer loop
      vertex 0.200961 0.75 1.6
      vertex 0 1.5 1.6
      vertex 0.0904608 0.986969 1.6
    endloop
  endfacet
  facet normal 0 0 1
    outer loop
      vertex 3.52 2.54 1.6
      vertex 0 9.00961 1.6
      vertex 0 1.5 1.6
    endloop
  endfacet
  facet normal 0 0 1
    outer loop
      vertex 0.0904608 0.986969 1.6
      vertex 0 1.5 1.6
      vertex 0.022788 1.23953 1.6
    endloop
  endfacet
  facet normal -0 0 1
    outer loop
      vertex 17.5 11 1.6
      vertex 18.7 10.1 1.6
      vertex 17.5 12.25 1.6
    endloop
  endfacet
  facet normal 0 0 1
    outer loop
      vertex 15.5 10.1 1.6
      vertex 17.5 11 1.6
      vertex 15.5 11 1.6
    endloop
  endfacet
  facet normal 0 0 1
    outer loop
      vertex 17.5 11 1.6
      vertex 15.5 10.1 1.6
      vertex 18.7 10.1 1.6
    endloop
  endfacet
  facet normal 0 0 1
    outer loop
      vertex 15.5 11 1.6
      vertex 14 11 1.6
      vertex 15.2 10.1 1.6
    endloop
  endfacet
  facet normal 0 0 1
    outer loop
      vertex 12 10.1 1.6
      vertex 14 11 1.6
      vertex 12 11 1.6
    endloop
  endfacet
  facet normal 0 0 1
    outer loop
      vertex 14 11 1.6
      vertex 12 10.1 1.6
      vertex 15.2 10.1 1.6
    endloop
  endfacet
  facet normal 0 0 -1
    outer loop
      vertex 4.47 1.59 0
      vertex 5.11 26.41 0
      vertex 5.11 1.59 0
    endloop
  endfacet
  facet normal -0 0 -1
    outer loop
      vertex 5.11 26.41 0
      vertex 4.47 1.59 0
      vertex 4.47 26.41 0
    endloop
  endfacet
  facet normal 0 0 -1
    outer loop
      vertex 7.01 1.59 0
      vertex 7.65 26.41 0
      vertex 7.65 1.59 0
    endloop
  endfacet
  facet normal -0 0 -1
    outer loop
      vertex 7.65 26.41 0
      vertex 7.01 1.59 0
      vertex 7.01 26.41 0
    endloop
  endfacet
  facet normal 0 0 -1
    outer loop
      vertex 9.55 1.59 0
      vertex 10.19 26.41 0
      vertex 10.19 1.59 0
    endloop
  endfacet
  facet normal -0 0 -1
    outer loop
      vertex 10.19 26.41 0
      vertex 9.55 1.59 0
      vertex 9.55 26.41 0
    endloop
  endfacet
  facet normal 0 0 -1
    outer loop
      vertex 12.09 1.59 0
      vertex 12.73 26.41 0
      vertex 12.73 1.59 0
    endloop
  endfacet
  facet normal -0 0 -1
    outer loop
      vertex 12.73 26.41 0
      vertex 12.09 1.59 0
      vertex 12.09 26.41 0
    endloop
  endfacet
  facet normal 0 0 -1
    outer loop
      vertex 14.63 1.59 0
      vertex 15.27 26.41 0
      vertex 15.27 1.59 0
    endloop
  endfacet
  facet normal -0 0 -1
    outer loop
      vertex 15.27 26.41 0
      vertex 14.63 1.59 0
      vertex 14.63 26.41 0
    endloop
  endfacet
  facet normal 0 0 -1
    outer loop
      vertex 17.17 1.59 0
      vertex 17.81 26.41 0
      vertex 17.81 1.59 0
    endloop
  endfacet
  facet normal -0 0 -1
    outer loop
      vertex 17.81 26.41 0
      vertex 17.17 1.59 0
      vertex 17.17 26.41 0
    endloop
  endfacet
  facet normal 0 0 -1
    outer loop
      vertex 19.71 1.59 0
      vertex 20.35 26.41 0
      vertex 20.35 1.59 0
    endloop
  endfacet
  facet normal -0 0 -1
    outer loop
      vertex 20.35 26.41 0
      vertex 19.71 1.59 0
      vertex 19.71 26.41 0
    endloop
  endfacet
  facet normal 0 0 -1
    outer loop
      vertex 22.25 1.59 0
      vertex 22.89 26.41 0
      vertex 22.89 1.59 0
    endloop
  endfacet
  facet normal -0 0 -1
    outer loop
      vertex 22.89 26.41 0
      vertex 22.25 1.59 0
      vertex 22.25 26.41 0
    endloop
  endfacet
  facet normal 0 0 -1
    outer loop
      vertex 24.79 1.59 0
      vertex 25.43 26.41 0
      vertex 25.43 1.59 0
    endloop
  endfacet
  facet normal -0 0 -1
    outer loop
      vertex 25.43 26.41 0
      vertex 24.79 1.59 0
      vertex 24.79 26.41 0
    endloop
  endfacet
  facet normal 0 0 -1
    outer loop
      vertex 27.33 1.59 0
      vertex 27.97 26.41 0
      vertex 27.97 1.59 0
    endloop
  endfacet
  facet normal -0 0 -1
    outer loop
      vertex 27.97 26.41 0
      vertex 27.33 1.59 0
      vertex 27.33 26.41 0
    endloop
  endfacet
  facet normal 0 0 -1
    outer loop
      vertex 29.87 1.59 0
      vertex 30.51 26.41 0
      vertex 30.51 1.59 0
    endloop
  endfacet
  facet normal -0 0 -1
    outer loop
      vertex 30.51 26.41 0
      vertex 29.87 1.59 0
      vertex 29.87 26.41 0
    endloop
  endfacet
  facet normal 0 0 -1
    outer loop
      vertex 32.41 1.59 0
      vertex 33.05 26.41 0
      vertex 33.05 1.59 0
    endloop
  endfacet
  facet normal -0 0 -1
    outer loop
      vertex 33.05 26.41 0
      vertex 32.41 1.59 0
      vertex 32.41 26.41 0
    endloop
  endfacet
  facet normal 0 0 -1
    outer loop
      vertex 34.95 1.59 0
      vertex 35.59 26.41 0
      vertex 35.59 1.59 0
    endloop
  endfacet
  facet normal -0 0 -1
    outer loop
      vertex 35.59 26.41 0
      vertex 34.95 1.59 0
      vertex 34.95 26.41 0
    endloop
  endfacet
  facet normal 0 0 -1
    outer loop
      vertex 37.49 1.59 0
      vertex 38.13 26.41 0
      vertex 38.13 1.59 0
    endloop
  endfacet
  facet normal -0 0 -1
    outer loop
      vertex 38.13 26.41 0
      vertex 37.49 1.59 0
      vertex 37.49 26.41 0
    endloop
  endfacet
  facet normal 0 0 -1
    outer loop
      vertex 40.03 1.59 0
      vertex 40.67 26.41 0
      vertex 40.67 1.59 0
    endloop
  endfacet
  facet normal -0 0 -1
    outer loop
      vertex 40.67 26.41 0
      vertex 40.03 1.59 0
      vertex 40.03 26.41 0
    endloop
  endfacet
  facet normal 0 0 -1
    outer loop
      vertex 42.57 1.59 0
      vertex 43.21 26.41 0
      vertex 43.21 1.59 0
    endloop
  endfacet
  facet normal -0 0 -1
    outer loop
      vertex 43.21 26.41 0
      vertex 42.57 1.59 0
      vertex 42.57 26.41 0
    endloop
  endfacet
  facet normal 0 0 -1
    outer loop
      vertex 45.11 1.59 0
      vertex 45.75 26.41 0
      vertex 45.75 1.59 0
    endloop
  endfacet
  facet normal -0 0 -1
    outer loop
      vertex 45.75 26.41 0
      vertex 45.11 1.59 0
      vertex 45.11 26.41 0
    endloop
  endfacet
  facet normal 0 0 -1
    outer loop
      vertex 47.65 1.59 0
      vertex 48.29 26.41 0
      vertex 48.29 1.59 0
    endloop
  endfacet
  facet normal -0 0 -1
    outer loop
      vertex 48.29 26.41 0
      vertex 47.65 1.59 0
      vertex 47.65 26.41 0
    endloop
  endfacet
  facet normal 0 0 -1
    outer loop
      vertex 50.19 1.59 0
      vertex 50.83 26.41 0
      vertex 50.83 1.59 0
    endloop
  endfacet
  facet normal -0 0 -1
    outer loop
      vertex 50.83 26.41 0
      vertex 50.19 1.59 0
      vertex 50.19 26.41 0
    endloop
  endfacet
  facet normal 0 0 -1
    outer loop
      vertex 53.8 0 0
      vertex 55.3 1.5 0
      vertex 55.2772 1.23953 0
    endloop
  endfacet
  facet normal 0 0 -1
    outer loop
      vertex 55.3 1.5 0
      vertex 50.83 1.59 0
      vertex 55.3 26.5 0
    endloop
  endfacet
  facet normal 0 0 -1
    outer loop
      vertex 53.8 0 0
      vertex 55.2772 1.23953 0
      vertex 55.2095 0.986969 0
    endloop
  endfacet
  facet normal 0 0 -1
    outer loop
      vertex 50.83 26.41 0
      vertex 55.3 26.5 0
      vertex 50.83 1.59 0
    endloop
  endfacet
  facet normal 0 0 -1
    outer loop
      vertex 53.8 0 0
      vertex 55.2095 0.986969 0
      vertex 55.099 0.75 0
    endloop
  endfacet
  facet normal 0 -0 -1
    outer loop
      vertex 53.8 28 0
      vertex 55.3 26.5 0
      vertex 50.83 26.41 0
    endloop
  endfacet
  facet normal 0 0 -1
    outer loop
      vertex 53.8 0 0
      vertex 55.099 0.75 0
      vertex 54.9491 0.535818 0
    endloop
  endfacet
  facet normal 0 0 -1
    outer loop
      vertex 55.3 26.5 0
      vertex 53.8 28 0
      vertex 55.2772 26.7605 0
    endloop
  endfacet
  facet normal 0 0 -1
    outer loop
      vertex 53.8 0 0
      vertex 54.9491 0.535818 0
      vertex 54.7642 0.350933 0
    endloop
  endfacet
  facet normal 0 0 -1
    outer loop
      vertex 55.2772 26.7605 0
      vertex 53.8 28 0
      vertex 55.2095 27.013 0
    endloop
  endfacet
  facet normal 0 0 -1
    outer loop
      vertex 53.8 0 0
      vertex 54.7642 0.350933 0
      vertex 54.55 0.200961 0
    endloop
  endfacet
  facet normal 0 0 -1
    outer loop
      vertex 55.2095 27.013 0
      vertex 53.8 28 0
      vertex 55.099 27.25 0
    endloop
  endfacet
  facet normal 0 0 -1
    outer loop
      vertex 53.8 0 0
      vertex 54.55 0.200961 0
      vertex 54.313 0.0904608 0
    endloop
  endfacet
  facet normal 0 0 -1
    outer loop
      vertex 55.099 27.25 0
      vertex 53.8 28 0
      vertex 54.9491 27.4642 0
    endloop
  endfacet
  facet normal 0 0 -1
    outer loop
      vertex 53.8 0 0
      vertex 54.313 0.0904608 0
      vertex 54.0605 0.022788 0
    endloop
  endfacet
  facet normal 0 0 -1
    outer loop
      vertex 54.9491 27.4642 0
      vertex 53.8 28 0
      vertex 54.7642 27.6491 0
    endloop
  endfacet
  facet normal -0 0 -1
    outer loop
      vertex 55.3 1.5 0
      vertex 53.8 0 0
      vertex 50.83 1.59 0
    endloop
  endfacet
  facet normal 0 0 -1
    outer loop
      vertex 54.7642 27.6491 0
      vertex 53.8 28 0
      vertex 54.55 27.799 0
    endloop
  endfacet
  facet normal 0 0 -1
    outer loop
      vertex 50.83 1.59 0
      vertex 53.8 0 0
      vertex 50.83 0.95 0
    endloop
  endfacet
  facet normal 0 0 -1
    outer loop
      vertex 53.8 0 0
      vertex 50.19 0.95 0
      vertex 50.83 0.95 0
    endloop
  endfacet
  facet normal 0 0 -1
    outer loop
      vertex 48.29 1.59 0
      vertex 50.19 1.59 0
      vertex 50.19 0.95 0
    endloop
  endfacet
  facet normal 0 0 -1
    outer loop
      vertex 50.19 1.59 0
      vertex 48.29 1.59 0
      vertex 50.19 26.41 0
    endloop
  endfacet
  facet normal 0 0 -1
    outer loop
      vertex 48.29 1.59 0
      vertex 50.19 0.95 0
      vertex 48.29 0.95 0
    endloop
  endfacet
  facet normal 0 0 -1
    outer loop
      vertex 53.8 0 0
      vertex 48.29 0.95 0
      vertex 50.19 0.95 0
    endloop
  endfacet
  facet normal 0 0 -1
    outer loop
      vertex 53.8 0 0
      vertex 47.65 0.95 0
      vertex 48.29 0.95 0
    endloop
  endfacet
  facet normal 0 0 -1
    outer loop
      vertex 45.75 1.59 0
      vertex 47.65 1.59 0
      vertex 47.65 0.95 0
    endloop
  endfacet
  facet normal 0 0 -1
    outer loop
      vertex 47.65 1.59 0
      vertex 45.75 1.59 0
      vertex 47.65 26.41 0
    endloop
  endfacet
  facet normal 0 0 -1
    outer loop
      vertex 45.75 1.59 0
      vertex 47.65 0.95 0
      vertex 45.75 0.95 0
    endloop
  endfacet
  facet normal 0 0 -1
    outer loop
      vertex 53.8 0 0
      vertex 45.75 0.95 0
      vertex 47.65 0.95 0
    endloop
  endfacet
  facet normal 0 0 -1
    outer loop
      vertex 53.8 0 0
      vertex 45.11 0.95 0
      vertex 45.75 0.95 0
    endloop
  endfacet
  facet normal 0 0 -1
    outer loop
      vertex 43.21 1.59 0
      vertex 45.11 1.59 0
      vertex 45.11 0.95 0
    endloop
  endfacet
  facet normal 0 0 -1
    outer loop
      vertex 45.11 1.59 0
      vertex 43.21 1.59 0
      vertex 45.11 26.41 0
    endloop
  endfacet
  facet normal 0 0 -1
    outer loop
      vertex 43.21 1.59 0
      vertex 45.11 0.95 0
      vertex 43.21 0.95 0
    endloop
  endfacet
  facet normal 0 0 -1
    outer loop
      vertex 53.8 0 0
      vertex 43.21 0.95 0
      vertex 45.11 0.95 0
    endloop
  endfacet
  facet normal 0 0 -1
    outer loop
      vertex 53.8 0 0
      vertex 42.57 0.95 0
      vertex 43.21 0.95 0
    endloop
  endfacet
  facet normal 0 0 -1
    outer loop
      vertex 40.67 1.59 0
      vertex 42.57 1.59 0
      vertex 42.57 0.95 0
    endloop
  endfacet
  facet normal 0 0 -1
    outer loop
      vertex 42.57 1.59 0
      vertex 40.67 1.59 0
      vertex 42.57 26.41 0
    endloop
  endfacet
  facet normal 0 0 -1
    outer loop
      vertex 40.67 1.59 0
      vertex 42.57 0.95 0
      vertex 40.67 0.95 0
    endloop
  endfacet
  facet normal 0 0 -1
    outer loop
      vertex 53.8 0 0
      vertex 40.67 0.95 0
      vertex 42.57 0.95 0
    endloop
  endfacet
  facet normal 0 0 -1
    outer loop
      vertex 53.8 0 0
      vertex 40.03 0.95 0
      vertex 40.67 0.95 0
    endloop
  endfacet
  facet normal 0 0 -1
    outer loop
      vertex 38.13 1.59 0
      vertex 40.03 1.59 0
      vertex 40.03 0.95 0
    endloop
  endfacet
  facet normal 0 0 -1
    outer loop
      vertex 40.03 1.59 0
      vertex 38.13 1.59 0
      vertex 40.03 26.41 0
    endloop
  endfacet
  facet normal 0 0 -1
    outer loop
      vertex 38.13 1.59 0
      vertex 40.03 0.95 0
      vertex 38.13 0.95 0
    endloop
  endfacet
  facet normal 0 0 -1
    outer loop
      vertex 53.8 0 0
      vertex 38.13 0.95 0
      vertex 40.03 0.95 0
    endloop
  endfacet
  facet normal 0 0 -1
    outer loop
      vertex 53.8 0 0
      vertex 37.49 0.95 0
      vertex 38.13 0.95 0
    endloop
  endfacet
  facet normal 0 0 -1
    outer loop
      vertex 35.59 1.59 0
      vertex 37.49 1.59 0
      vertex 37.49 0.95 0
    endloop
  endfacet
  facet normal 0 0 -1
    outer loop
      vertex 37.49 1.59 0
      vertex 35.59 1.59 0
      vertex 37.49 26.41 0
    endloop
  endfacet
  facet normal 0 0 -1
    outer loop
      vertex 35.59 1.59 0
      vertex 37.49 0.95 0
      vertex 35.59 0.95 0
    endloop
  endfacet
  facet normal 0 0 -1
    outer loop
      vertex 53.8 0 0
      vertex 35.59 0.95 0
      vertex 37.49 0.95 0
    endloop
  endfacet
  facet normal 0 0 -1
    outer loop
      vertex 53.8 0 0
      vertex 34.95 0.95 0
      vertex 35.59 0.95 0
    endloop
  endfacet
  facet normal 0 0 -1
    outer loop
      vertex 33.05 1.59 0
      vertex 34.95 1.59 0
      vertex 34.95 0.95 0
    endloop
  endfacet
  facet normal 0 0 -1
    outer loop
      vertex 34.95 1.59 0
      vertex 33.05 1.59 0
      vertex 34.95 26.41 0
    endloop
  endfacet
  facet normal 0 0 -1
    outer loop
      vertex 33.05 1.59 0
      vertex 34.95 0.95 0
      vertex 33.05 0.95 0
    endloop
  endfacet
  facet normal 0 0 -1
    outer loop
      vertex 53.8 0 0
      vertex 33.05 0.95 0
      vertex 34.95 0.95 0
    endloop
  endfacet
  facet normal 0 0 -1
    outer loop
      vertex 53.8 0 0
      vertex 32.41 0.95 0
      vertex 33.05 0.95 0
    endloop
  endfacet
  facet normal 0 0 -1
    outer loop
      vertex 30.51 1.59 0
      vertex 32.41 1.59 0
      vertex 32.41 0.95 0
    endloop
  endfacet
  facet normal 0 0 -1
    outer loop
      vertex 32.41 1.59 0
      vertex 30.51 1.59 0
      vertex 32.41 26.41 0
    endloop
  endfacet
  facet normal 0 0 -1
    outer loop
      vertex 30.51 1.59 0
      vertex 32.41 0.95 0
      vertex 30.51 0.95 0
    endloop
  endfacet
  facet normal 0 0 -1
    outer loop
      vertex 53.8 0 0
      vertex 30.51 0.95 0
      vertex 32.41 0.95 0
    endloop
  endfacet
  facet normal 0 0 -1
    outer loop
      vertex 53.8 0 0
      vertex 29.87 0.95 0
      vertex 30.51 0.95 0
    endloop
  endfacet
  facet normal 0 0 -1
    outer loop
      vertex 27.97 1.59 0
      vertex 29.87 1.59 0
      vertex 29.87 0.95 0
    endloop
  endfacet
  facet normal 0 0 -1
    outer loop
      vertex 29.87 1.59 0
      vertex 27.97 1.59 0
      vertex 29.87 26.41 0
    endloop
  endfacet
  facet normal 0 0 -1
    outer loop
      vertex 27.97 1.59 0
      vertex 29.87 0.95 0
      vertex 27.97 0.95 0
    endloop
  endfacet
  facet normal 0 0 -1
    outer loop
      vertex 53.8 0 0
      vertex 27.97 0.95 0
      vertex 29.87 0.95 0
    endloop
  endfacet
  facet normal 0 0 -1
    outer loop
      vertex 53.8 0 0
      vertex 27.33 0.95 0
      vertex 27.97 0.95 0
    endloop
  endfacet
  facet normal 0 0 -1
    outer loop
      vertex 25.43 1.59 0
      vertex 27.33 1.59 0
      vertex 27.33 0.95 0
    endloop
  endfacet
  facet normal 0 0 -1
    outer loop
      vertex 27.33 1.59 0
      vertex 25.43 1.59 0
      vertex 27.33 26.41 0
    endloop
  endfacet
  facet normal 0 0 -1
    outer loop
      vertex 25.43 1.59 0
      vertex 27.33 0.95 0
      vertex 25.43 0.95 0
    endloop
  endfacet
  facet normal 0 0 -1
    outer loop
      vertex 53.8 0 0
      vertex 25.43 0.95 0
      vertex 27.33 0.95 0
    endloop
  endfacet
  facet normal 0 0 -1
    outer loop
      vertex 53.8 0 0
      vertex 24.79 0.95 0
      vertex 25.43 0.95 0
    endloop
  endfacet
  facet normal 0 0 -1
    outer loop
      vertex 22.89 1.59 0
      vertex 24.79 1.59 0
      vertex 24.79 0.95 0
    endloop
  endfacet
  facet normal 0 0 -1
    outer loop
      vertex 24.79 1.59 0
      vertex 22.89 1.59 0
      vertex 24.79 26.41 0
    endloop
  endfacet
  facet normal 0 0 -1
    outer loop
      vertex 22.89 1.59 0
      vertex 24.79 0.95 0
      vertex 22.89 0.95 0
    endloop
  endfacet
  facet normal 0 0 -1
    outer loop
      vertex 1.5 0 0
      vertex 24.79 0.95 0
      vertex 53.8 0 0
    endloop
  endfacet
  facet normal -0 0 -1
    outer loop
      vertex 24.79 0.95 0
      vertex 1.5 0 0
      vertex 22.89 0.95 0
    endloop
  endfacet
  facet normal 0 0 -1
    outer loop
      vertex 20.35 1.59 0
      vertex 22.25 1.59 0
      vertex 22.25 0.95 0
    endloop
  endfacet
  facet normal 0 0 -1
    outer loop
      vertex 22.25 1.59 0
      vertex 20.35 1.59 0
      vertex 22.25 26.41 0
    endloop
  endfacet
  facet normal 0 0 -1
    outer loop
      vertex 20.35 1.59 0
      vertex 22.25 0.95 0
      vertex 20.35 0.95 0
    endloop
  endfacet
  facet normal -0 0 -1
    outer loop
      vertex 22.89 0.95 0
      vertex 1.5 0 0
      vertex 22.25 0.95 0
    endloop
  endfacet
  facet normal -0 0 -1
    outer loop
      vertex 22.25 0.95 0
      vertex 1.5 0 0
      vertex 20.35 0.95 0
    endloop
  endfacet
  facet normal 0 0 -1
    outer loop
      vertex 17.81 1.59 0
      vertex 19.71 1.59 0
      vertex 19.71 0.95 0
    endloop
  endfacet
  facet normal 0 0 -1
    outer loop
      vertex 19.71 1.59 0
      vertex 17.81 1.59 0
      vertex 19.71 26.41 0
    endloop
  endfacet
  facet normal 0 0 -1
    outer loop
      vertex 17.81 1.59 0
      vertex 19.71 0.95 0
      vertex 17.81 0.95 0
    endloop
  endfacet
  facet normal -0 0 -1
    outer loop
      vertex 20.35 0.95 0
      vertex 1.5 0 0
      vertex 19.71 0.95 0
    endloop
  endfacet
  facet normal -0 0 -1
    outer loop
      vertex 19.71 0.95 0
      vertex 1.5 0 0
      vertex 17.81 0.95 0
    endloop
  endfacet
  facet normal 0 0 -1
    outer loop
      vertex 15.27 1.59 0
      vertex 17.17 1.59 0
      vertex 17.17 0.95 0
    endloop
  endfacet
  facet normal 0 0 -1
    outer loop
      vertex 17.17 1.59 0
      vertex 15.27 1.59 0
      vertex 17.17 26.41 0
    endloop
  endfacet
  facet normal 0 0 -1
    outer loop
      vertex 15.27 1.59 0
      vertex 17.17 0.95 0
      vertex 15.27 0.95 0
    endloop
  endfacet
  facet normal -0 0 -1
    outer loop
      vertex 17.81 0.95 0
      vertex 1.5 0 0
      vertex 17.17 0.95 0
    endloop
  endfacet
  facet normal -0 0 -1
    outer loop
      vertex 17.17 0.95 0
      vertex 1.5 0 0
      vertex 15.27 0.95 0
    endloop
  endfacet
  facet normal 0 0 -1
    outer loop
      vertex 12.73 1.59 0
      vertex 14.63 1.59 0
      vertex 14.63 0.95 0
    endloop
  endfacet
  facet normal 0 0 -1
    outer loop
      vertex 14.63 1.59 0
      vertex 12.73 1.59 0
      vertex 14.63 26.41 0
    endloop
  endfacet
  facet normal 0 0 -1
    outer loop
      vertex 12.73 1.59 0
      vertex 14.63 0.95 0
      vertex 12.73 0.95 0
    endloop
  endfacet
  facet normal -0 0 -1
    outer loop
      vertex 15.27 0.95 0
      vertex 1.5 0 0
      vertex 14.63 0.95 0
    endloop
  endfacet
  facet normal -0 0 -1
    outer loop
      vertex 14.63 0.95 0
      vertex 1.5 0 0
      vertex 12.73 0.95 0
    endloop
  endfacet
  facet normal 0 0 -1
    outer loop
      vertex 10.19 1.59 0
      vertex 12.09 1.59 0
      vertex 12.09 0.95 0
    endloop
  endfacet
  facet normal 0 0 -1
    outer loop
      vertex 12.09 1.59 0
      vertex 10.19 1.59 0
      vertex 12.09 26.41 0
    endloop
  endfacet
  facet normal 0 0 -1
    outer loop
      vertex 10.19 1.59 0
      vertex 12.09 0.95 0
      vertex 10.19 0.95 0
    endloop
  endfacet
  facet normal -0 0 -1
    outer loop
      vertex 12.73 0.95 0
      vertex 1.5 0 0
      vertex 12.09 0.95 0
    endloop
  endfacet
  facet normal -0 0 -1
    outer loop
      vertex 12.09 0.95 0
      vertex 1.5 0 0
      vertex 10.19 0.95 0
    endloop
  endfacet
  facet normal 0 0 -1
    outer loop
      vertex 7.65 1.59 0
      vertex 9.55 1.59 0
      vertex 9.55 0.95 0
    endloop
  endfacet
  facet normal 0 0 -1
    outer loop
      vertex 9.55 1.59 0
      vertex 7.65 1.59 0
      vertex 9.55 26.41 0
    endloop
  endfacet
  facet normal 0 0 -1
    outer loop
      vertex 7.65 1.59 0
      vertex 9.55 0.95 0
      vertex 7.65 0.95 0
    endloop
  endfacet
  facet normal -0 0 -1
    outer loop
      vertex 10.19 0.95 0
      vertex 1.5 0 0
      vertex 9.55 0.95 0
    endloop
  endfacet
  facet normal -0 0 -1
    outer loop
      vertex 9.55 0.95 0
      vertex 1.5 0 0
      vertex 7.65 0.95 0
    endloop
  endfacet
  facet normal 0 0 -1
    outer loop
      vertex 5.11 1.59 0
      vertex 7.01 1.59 0
      vertex 7.01 0.95 0
    endloop
  endfacet
  facet normal 0 0 -1
    outer loop
      vertex 7.01 1.59 0
      vertex 5.11 1.59 0
      vertex 7.01 26.41 0
    endloop
  endfacet
  facet normal 0 0 -1
    outer loop
      vertex 5.11 1.59 0
      vertex 7.01 0.95 0
      vertex 5.11 0.95 0
    endloop
  endfacet
  facet normal -0 0 -1
    outer loop
      vertex 7.65 0.95 0
      vertex 1.5 0 0
      vertex 7.01 0.95 0
    endloop
  endfacet
  facet normal -0 0 -1
    outer loop
      vertex 7.01 0.95 0
      vertex 1.5 0 0
      vertex 5.11 0.95 0
    endloop
  endfacet
  facet normal 0 0 -1
    outer loop
      vertex 1.5 0 0
      vertex 4.47 1.59 0
      vertex 4.47 0.95 0
    endloop
  endfacet
  facet normal -0 0 -1
    outer loop
      vertex 4.47 1.59 0
      vertex 0 1.5 0
      vertex 4.47 26.41 0
    endloop
  endfacet
  facet normal 0 0 -1
    outer loop
      vertex 4.47 1.59 0
      vertex 1.5 0 0
      vertex 0 1.5 0
    endloop
  endfacet
  facet normal -0 0 -1
    outer loop
      vertex 5.11 0.95 0
      vertex 1.5 0 0
      vertex 4.47 0.95 0
    endloop
  endfacet
  facet normal 0 0 -1
    outer loop
      vertex 54.55 27.799 0
      vertex 53.8 28 0
      vertex 54.313 27.9095 0
    endloop
  endfacet
  facet normal 0 0 -1
    outer loop
      vertex 54.313 27.9095 0
      vertex 53.8 28 0
      vertex 54.0605 27.9772 0
    endloop
  endfacet
  facet normal 0 0 -1
    outer loop
      vertex 50.83 27.05 0
      vertex 53.8 28 0
      vertex 50.83 26.41 0
    endloop
  endfacet
  facet normal 0 0 -1
    outer loop
      vertex 50.19 27.05 0
      vertex 53.8 28 0
      vertex 50.83 27.05 0
    endloop
  endfacet
  facet normal 0 0 -1
    outer loop
      vertex 48.29 26.41 0
      vertex 50.19 26.41 0
      vertex 48.29 1.59 0
    endloop
  endfacet
  facet normal 0 0 -1
    outer loop
      vertex 50.19 26.41 0
      vertex 48.29 26.41 0
      vertex 50.19 27.05 0
    endloop
  endfacet
  facet normal 0 0 -1
    outer loop
      vertex 48.29 27.05 0
      vertex 50.19 27.05 0
      vertex 48.29 26.41 0
    endloop
  endfacet
  facet normal 0 0 -1
    outer loop
      vertex 48.29 27.05 0
      vertex 53.8 28 0
      vertex 50.19 27.05 0
    endloop
  endfacet
  facet normal 0 0 -1
    outer loop
      vertex 47.65 27.05 0
      vertex 53.8 28 0
      vertex 48.29 27.05 0
    endloop
  endfacet
  facet normal 0 0 -1
    outer loop
      vertex 45.75 26.41 0
      vertex 47.65 26.41 0
      vertex 45.75 1.59 0
    endloop
  endfacet
  facet normal 0 0 -1
    outer loop
      vertex 47.65 26.41 0
      vertex 45.75 26.41 0
      vertex 47.65 27.05 0
    endloop
  endfacet
  facet normal 0 0 -1
    outer loop
      vertex 45.75 27.05 0
      vertex 47.65 27.05 0
      vertex 45.75 26.41 0
    endloop
  endfacet
  facet normal 0 0 -1
    outer loop
      vertex 45.75 27.05 0
      vertex 53.8 28 0
      vertex 47.65 27.05 0
    endloop
  endfacet
  facet normal 0 0 -1
    outer loop
      vertex 45.11 27.05 0
      vertex 53.8 28 0
      vertex 45.75 27.05 0
    endloop
  endfacet
  facet normal 0 0 -1
    outer loop
      vertex 43.21 26.41 0
      vertex 45.11 26.41 0
      vertex 43.21 1.59 0
    endloop
  endfacet
  facet normal 0 0 -1
    outer loop
      vertex 45.11 26.41 0
      vertex 43.21 26.41 0
      vertex 45.11 27.05 0
    endloop
  endfacet
  facet normal 0 0 -1
    outer loop
      vertex 43.21 27.05 0
      vertex 45.11 27.05 0
      vertex 43.21 26.41 0
    endloop
  endfacet
  facet normal 0 0 -1
    outer loop
      vertex 43.21 27.05 0
      vertex 53.8 28 0
      vertex 45.11 27.05 0
    endloop
  endfacet
  facet normal 0 0 -1
    outer loop
      vertex 42.57 27.05 0
      vertex 53.8 28 0
      vertex 43.21 27.05 0
    endloop
  endfacet
  facet normal 0 0 -1
    outer loop
      vertex 40.67 26.41 0
      vertex 42.57 26.41 0
      vertex 40.67 1.59 0
    endloop
  endfacet
  facet normal 0 0 -1
    outer loop
      vertex 42.57 26.41 0
      vertex 40.67 26.41 0
      vertex 42.57 27.05 0
    endloop
  endfacet
  facet normal 0 0 -1
    outer loop
      vertex 40.67 27.05 0
      vertex 42.57 27.05 0
      vertex 40.67 26.41 0
    endloop
  endfacet
  facet normal 0 0 -1
    outer loop
      vertex 40.67 27.05 0
      vertex 53.8 28 0
      vertex 42.57 27.05 0
    endloop
  endfacet
  facet normal 0 0 -1
    outer loop
      vertex 40.03 27.05 0
      vertex 53.8 28 0
      vertex 40.67 27.05 0
    endloop
  endfacet
  facet normal 0 0 -1
    outer loop
      vertex 38.13 26.41 0
      vertex 40.03 26.41 0
      vertex 38.13 1.59 0
    endloop
  endfacet
  facet normal 0 0 -1
    outer loop
      vertex 40.03 26.41 0
      vertex 38.13 26.41 0
      vertex 40.03 27.05 0
    endloop
  endfacet
  facet normal 0 0 -1
    outer loop
      vertex 38.13 27.05 0
      vertex 40.03 27.05 0
      vertex 38.13 26.41 0
    endloop
  endfacet
  facet normal 0 0 -1
    outer loop
      vertex 38.13 27.05 0
      vertex 53.8 28 0
      vertex 40.03 27.05 0
    endloop
  endfacet
  facet normal 0 0 -1
    outer loop
      vertex 37.49 27.05 0
      vertex 53.8 28 0
      vertex 38.13 27.05 0
    endloop
  endfacet
  facet normal 0 0 -1
    outer loop
      vertex 35.59 26.41 0
      vertex 37.49 26.41 0
      vertex 35.59 1.59 0
    endloop
  endfacet
  facet normal 0 0 -1
    outer loop
      vertex 37.49 26.41 0
      vertex 35.59 26.41 0
      vertex 37.49 27.05 0
    endloop
  endfacet
  facet normal 0 0 -1
    outer loop
      vertex 35.59 27.05 0
      vertex 37.49 27.05 0
      vertex 35.59 26.41 0
    endloop
  endfacet
  facet normal 0 0 -1
    outer loop
      vertex 35.59 27.05 0
      vertex 53.8 28 0
      vertex 37.49 27.05 0
    endloop
  endfacet
  facet normal 0 0 -1
    outer loop
      vertex 34.95 27.05 0
      vertex 53.8 28 0
      vertex 35.59 27.05 0
    endloop
  endfacet
  facet normal 0 0 -1
    outer loop
      vertex 33.05 26.41 0
      vertex 34.95 26.41 0
      vertex 33.05 1.59 0
    endloop
  endfacet
  facet normal 0 0 -1
    outer loop
      vertex 34.95 26.41 0
      vertex 33.05 26.41 0
      vertex 34.95 27.05 0
    endloop
  endfacet
  facet normal 0 0 -1
    outer loop
      vertex 33.05 27.05 0
      vertex 34.95 27.05 0
      vertex 33.05 26.41 0
    endloop
  endfacet
  facet normal 0 0 -1
    outer loop
      vertex 33.05 27.05 0
      vertex 53.8 28 0
      vertex 34.95 27.05 0
    endloop
  endfacet
  facet normal 0 0 -1
    outer loop
      vertex 32.41 27.05 0
      vertex 53.8 28 0
      vertex 33.05 27.05 0
    endloop
  endfacet
  facet normal 0 0 -1
    outer loop
      vertex 30.51 26.41 0
      vertex 32.41 26.41 0
      vertex 30.51 1.59 0
    endloop
  endfacet
  facet normal 0 0 -1
    outer loop
      vertex 32.41 26.41 0
      vertex 30.51 26.41 0
      vertex 32.41 27.05 0
    endloop
  endfacet
  facet normal 0 0 -1
    outer loop
      vertex 30.51 27.05 0
      vertex 32.41 27.05 0
      vertex 30.51 26.41 0
    endloop
  endfacet
  facet normal 0 0 -1
    outer loop
      vertex 30.51 27.05 0
      vertex 53.8 28 0
      vertex 32.41 27.05 0
    endloop
  endfacet
  facet normal 0 0 -1
    outer loop
      vertex 29.87 27.05 0
      vertex 53.8 28 0
      vertex 30.51 27.05 0
    endloop
  endfacet
  facet normal 0 0 -1
    outer loop
      vertex 27.97 26.41 0
      vertex 29.87 26.41 0
      vertex 27.97 1.59 0
    endloop
  endfacet
  facet normal 0 0 -1
    outer loop
      vertex 29.87 26.41 0
      vertex 27.97 26.41 0
      vertex 29.87 27.05 0
    endloop
  endfacet
  facet normal 0 0 -1
    outer loop
      vertex 27.97 27.05 0
      vertex 29.87 27.05 0
      vertex 27.97 26.41 0
    endloop
  endfacet
  facet normal 0 0 -1
    outer loop
      vertex 27.97 27.05 0
      vertex 53.8 28 0
      vertex 29.87 27.05 0
    endloop
  endfacet
  facet normal 0 0 -1
    outer loop
      vertex 27.33 27.05 0
      vertex 53.8 28 0
      vertex 27.97 27.05 0
    endloop
  endfacet
  facet normal 0 0 -1
    outer loop
      vertex 25.43 26.41 0
      vertex 27.33 26.41 0
      vertex 25.43 1.59 0
    endloop
  endfacet
  facet normal 0 0 -1
    outer loop
      vertex 27.33 26.41 0
      vertex 25.43 26.41 0
      vertex 27.33 27.05 0
    endloop
  endfacet
  facet normal 0 0 -1
    outer loop
      vertex 25.43 27.05 0
      vertex 27.33 27.05 0
      vertex 25.43 26.41 0
    endloop
  endfacet
  facet normal 0 0 -1
    outer loop
      vertex 25.43 27.05 0
      vertex 53.8 28 0
      vertex 27.33 27.05 0
    endloop
  endfacet
  facet normal 0 0 -1
    outer loop
      vertex 24.79 27.05 0
      vertex 53.8 28 0
      vertex 25.43 27.05 0
    endloop
  endfacet
  facet normal 0 0 -1
    outer loop
      vertex 22.89 26.41 0
      vertex 24.79 26.41 0
      vertex 22.89 1.59 0
    endloop
  endfacet
  facet normal 0 0 -1
    outer loop
      vertex 24.79 26.41 0
      vertex 22.89 26.41 0
      vertex 24.79 27.05 0
    endloop
  endfacet
  facet normal 0 0 -1
    outer loop
      vertex 22.89 27.05 0
      vertex 24.79 27.05 0
      vertex 22.89 26.41 0
    endloop
  endfacet
  facet normal 0 0 -1
    outer loop
      vertex 1.5 28 0
      vertex 24.79 27.05 0
      vertex 22.89 27.05 0
    endloop
  endfacet
  facet normal 0 0 -1
    outer loop
      vertex 1.5 28 0
      vertex 22.89 27.05 0
      vertex 22.25 27.05 0
    endloop
  endfacet
  facet normal 0 0 -1
    outer loop
      vertex 20.35 26.41 0
      vertex 22.25 26.41 0
      vertex 20.35 1.59 0
    endloop
  endfacet
  facet normal 0 0 -1
    outer loop
      vertex 22.25 26.41 0
      vertex 20.35 26.41 0
      vertex 22.25 27.05 0
    endloop
  endfacet
  facet normal 0 0 -1
    outer loop
      vertex 20.35 27.05 0
      vertex 22.25 27.05 0
      vertex 20.35 26.41 0
    endloop
  endfacet
  facet normal 0 0 -1
    outer loop
      vertex 1.5 28 0
      vertex 22.25 27.05 0
      vertex 20.35 27.05 0
    endloop
  endfacet
  facet normal 0 0 -1
    outer loop
      vertex 1.5 28 0
      vertex 20.35 27.05 0
      vertex 19.71 27.05 0
    endloop
  endfacet
  facet normal 0 0 -1
    outer loop
      vertex 17.81 26.41 0
      vertex 19.71 26.41 0
      vertex 17.81 1.59 0
    endloop
  endfacet
  facet normal 0 0 -1
    outer loop
      vertex 19.71 26.41 0
      vertex 17.81 26.41 0
      vertex 19.71 27.05 0
    endloop
  endfacet
  facet normal 0 0 -1
    outer loop
      vertex 17.81 27.05 0
      vertex 19.71 27.05 0
      vertex 17.81 26.41 0
    endloop
  endfacet
  facet normal 0 0 -1
    outer loop
      vertex 1.5 28 0
      vertex 19.71 27.05 0
      vertex 17.81 27.05 0
    endloop
  endfacet
  facet normal 0 0 -1
    outer loop
      vertex 1.5 28 0
      vertex 17.81 27.05 0
      vertex 17.17 27.05 0
    endloop
  endfacet
  facet normal 0 0 -1
    outer loop
      vertex 15.27 26.41 0
      vertex 17.17 26.41 0
      vertex 15.27 1.59 0
    endloop
  endfacet
  facet normal 0 0 -1
    outer loop
      vertex 17.17 26.41 0
      vertex 15.27 26.41 0
      vertex 17.17 27.05 0
    endloop
  endfacet
  facet normal 0 0 -1
    outer loop
      vertex 15.27 27.05 0
      vertex 17.17 27.05 0
      vertex 15.27 26.41 0
    endloop
  endfacet
  facet normal 0 0 -1
    outer loop
      vertex 1.5 28 0
      vertex 17.17 27.05 0
      vertex 15.27 27.05 0
    endloop
  endfacet
  facet normal 0 0 -1
    outer loop
      vertex 1.5 28 0
      vertex 15.27 27.05 0
      vertex 14.63 27.05 0
    endloop
  endfacet
  facet normal 0 0 -1
    outer loop
      vertex 12.73 26.41 0
      vertex 14.63 26.41 0
      vertex 12.73 1.59 0
    endloop
  endfacet
  facet normal 0 0 -1
    outer loop
      vertex 14.63 26.41 0
      vertex 12.73 26.41 0
      vertex 14.63 27.05 0
    endloop
  endfacet
  facet normal 0 0 -1
    outer loop
      vertex 12.73 27.05 0
      vertex 14.63 27.05 0
      vertex 12.73 26.41 0
    endloop
  endfacet
  facet normal 0 0 -1
    outer loop
      vertex 1.5 28 0
      vertex 14.63 27.05 0
      vertex 12.73 27.05 0
    endloop
  endfacet
  facet normal 0 0 -1
    outer loop
      vertex 1.5 28 0
      vertex 12.73 27.05 0
      vertex 12.09 27.05 0
    endloop
  endfacet
  facet normal 0 0 -1
    outer loop
      vertex 10.19 26.41 0
      vertex 12.09 26.41 0
      vertex 10.19 1.59 0
    endloop
  endfacet
  facet normal 0 0 -1
    outer loop
      vertex 12.09 26.41 0
      vertex 10.19 26.41 0
      vertex 12.09 27.05 0
    endloop
  endfacet
  facet normal 0 0 -1
    outer loop
      vertex 10.19 27.05 0
      vertex 12.09 27.05 0
      vertex 10.19 26.41 0
    endloop
  endfacet
  facet normal 0 0 -1
    outer loop
      vertex 1.5 28 0
      vertex 12.09 27.05 0
      vertex 10.19 27.05 0
    endloop
  endfacet
  facet normal 0 0 -1
    outer loop
      vertex 1.5 28 0
      vertex 10.19 27.05 0
      vertex 9.55 27.05 0
    endloop
  endfacet
  facet normal 0 0 -1
    outer loop
      vertex 7.65 26.41 0
      vertex 9.55 26.41 0
      vertex 7.65 1.59 0
    endloop
  endfacet
  facet normal 0 0 -1
    outer loop
      vertex 9.55 26.41 0
      vertex 7.65 26.41 0
      vertex 9.55 27.05 0
    endloop
  endfacet
  facet normal 0 0 -1
    outer loop
      vertex 7.65 27.05 0
      vertex 9.55 27.05 0
      vertex 7.65 26.41 0
    endloop
  endfacet
  facet normal 0 0 -1
    outer loop
      vertex 1.5 28 0
      vertex 9.55 27.05 0
      vertex 7.65 27.05 0
    endloop
  endfacet
  facet normal 0 0 -1
    outer loop
      vertex 1.5 28 0
      vertex 7.65 27.05 0
      vertex 7.01 27.05 0
    endloop
  endfacet
  facet normal 0 0 -1
    outer loop
      vertex 5.11 26.41 0
      vertex 7.01 26.41 0
      vertex 5.11 1.59 0
    endloop
  endfacet
  facet normal 0 0 -1
    outer loop
      vertex 7.01 26.41 0
      vertex 5.11 26.41 0
      vertex 7.01 27.05 0
    endloop
  endfacet
  facet normal 0 0 -1
    outer loop
      vertex 5.11 27.05 0
      vertex 7.01 27.05 0
      vertex 5.11 26.41 0
    endloop
  endfacet
  facet normal 0 0 -1
    outer loop
      vertex 1.5 28 0
      vertex 7.01 27.05 0
      vertex 5.11 27.05 0
    endloop
  endfacet
  facet normal 0 0 -1
    outer loop
      vertex 1.5 28 0
      vertex 5.11 27.05 0
      vertex 4.47 27.05 0
    endloop
  endfacet
  facet normal 0 0 -1
    outer loop
      vertex 24.79 27.05 0
      vertex 1.5 28 0
      vertex 53.8 28 0
    endloop
  endfacet
  facet normal 0 0 -1
    outer loop
      vertex 0 26.5 0
      vertex 4.47 26.41 0
      vertex 0 1.5 0
    endloop
  endfacet
  facet normal 0 0 -1
    outer loop
      vertex 0 1.5 0
      vertex 1.5 0 0
      vertex 1.23953 0.022788 0
    endloop
  endfacet
  facet normal 0 -0 -1
    outer loop
      vertex 1.5 28 0
      vertex 4.47 26.41 0
      vertex 0 26.5 0
    endloop
  endfacet
  facet normal 0 0 -1
    outer loop
      vertex 0 1.5 0
      vertex 1.23953 0.022788 0
      vertex 0.986969 0.0904608 0
    endloop
  endfacet
  facet normal 0 0 -1
    outer loop
      vertex 4.47 26.41 0
      vertex 1.5 28 0
      vertex 4.47 27.05 0
    endloop
  endfacet
  facet normal 0 0 -1
    outer loop
      vertex 0 1.5 0
      vertex 0.986969 0.0904608 0
      vertex 0.75 0.200961 0
    endloop
  endfacet
  facet normal 0 0 -1
    outer loop
      vertex 1.5 28 0
      vertex 0 26.5 0
      vertex 1.23953 27.9772 0
    endloop
  endfacet
  facet normal 0 0 -1
    outer loop
      vertex 0 1.5 0
      vertex 0.75 0.200961 0
      vertex 0.535818 0.350933 0
    endloop
  endfacet
  facet normal 0 0 -1
    outer loop
      vertex 1.23953 27.9772 0
      vertex 0 26.5 0
      vertex 0.986969 27.9095 0
    endloop
  endfacet
  facet normal 0 0 -1
    outer loop
      vertex 0 1.5 0
      vertex 0.535818 0.350933 0
      vertex 0.350933 0.535818 0
    endloop
  endfacet
  facet normal 0 0 -1
    outer loop
      vertex 0.986969 27.9095 0
      vertex 0 26.5 0
      vertex 0.75 27.799 0
    endloop
  endfacet
  facet normal 0 0 -1
    outer loop
      vertex 0 1.5 0
      vertex 0.350933 0.535818 0
      vertex 0.200961 0.75 0
    endloop
  endfacet
  facet normal 0 0 -1
    outer loop
      vertex 0.75 27.799 0
      vertex 0 26.5 0
      vertex 0.535818 27.6491 0
    endloop
  endfacet
  facet normal 0 0 -1
    outer loop
      vertex 0 1.5 0
      vertex 0.200961 0.75 0
      vertex 0.0904608 0.986969 0
    endloop
  endfacet
  facet normal 0 0 -1
    outer loop
      vertex 0.535818 27.6491 0
      vertex 0 26.5 0
      vertex 0.350933 27.4642 0
    endloop
  endfacet
  facet normal 0 0 -1
    outer loop
      vertex 0 1.5 0
      vertex 0.0904608 0.986969 0
      vertex 0.022788 1.23953 0
    endloop
  endfacet
  facet normal 0 0 -1
    outer loop
      vertex 0.350933 27.4642 0
      vertex 0 26.5 0
      vertex 0.200961 27.25 0
    endloop
  endfacet
  facet normal 0 0 -1
    outer loop
      vertex 0.200961 27.25 0
      vertex 0 26.5 0
      vertex 0.0904608 27.013 0
    endloop
  endfacet
  facet normal 0 0 -1
    outer loop
      vertex 0.0904608 27.013 0
      vertex 0 26.5 0
      vertex 0.022788 26.7605 0
    endloop
  endfacet
  facet normal 1 -0 0
    outer loop
      vertex 5.11 0.95 6.74
      vertex 5.11 1.59 4.14
      vertex 5.11 1.59 6.74
    endloop
  endfacet
  facet normal 1 0 0
    outer loop
      vertex 5.11 1.59 4.14
      vertex 5.11 0.95 6.74
      vertex 5.11 0.95 4.14
    endloop
  endfacet
  facet normal 1 -0 0
    outer loop
      vertex 5.11 0.95 0
      vertex 5.11 1.59 -6
      vertex 5.11 1.59 0
    endloop
  endfacet
  facet normal 1 0 0
    outer loop
      vertex 5.11 1.59 -6
      vertex 5.11 0.95 0
      vertex 5.11 0.95 -6
    endloop
  endfacet
  facet normal -0 0 1
    outer loop
      vertex 4.47 1.59 6.74
      vertex 5.11 0.95 6.74
      vertex 5.11 1.59 6.74
    endloop
  endfacet
  facet normal 0 0 1
    outer loop
      vertex 5.11 0.95 6.74
      vertex 4.47 1.59 6.74
      vertex 4.47 0.95 6.74
    endloop
  endfacet
  facet normal 0 0 -1
    outer loop
      vertex 4.47 0.95 -6
      vertex 5.11 1.59 -6
      vertex 5.11 0.95 -6
    endloop
  endfacet
  facet normal -0 0 -1
    outer loop
      vertex 5.11 1.59 -6
      vertex 4.47 0.95 -6
      vertex 4.47 1.59 -6
    endloop
  endfacet
  facet normal -1 0 0
    outer loop
      vertex 4.47 0.95 4.14
      vertex 4.47 1.59 6.74
      vertex 4.47 1.59 4.14
    endloop
  endfacet
  facet normal -1 -0 0
    outer loop
      vertex 4.47 1.59 6.74
      vertex 4.47 0.95 4.14
      vertex 4.47 0.95 6.74
    endloop
  endfacet
  facet normal -1 0 0
    outer loop
      vertex 4.47 0.95 -6
      vertex 4.47 1.59 0
      vertex 4.47 1.59 -6
    endloop
  endfacet
  facet normal -1 -0 0
    outer loop
      vertex 4.47 1.59 0
      vertex 4.47 0.95 -6
      vertex 4.47 0.95 0
    endloop
  endfacet
  facet normal 0 1 -0
    outer loop
      vertex 5.11 1.59 4.14
      vertex 4.47 1.59 6.74
      vertex 5.11 1.59 6.74
    endloop
  endfacet
  facet normal 0 1 0
    outer loop
      vertex 4.47 1.59 6.74
      vertex 5.11 1.59 4.14
      vertex 4.47 1.59 4.14
    endloop
  endfacet
  facet normal 0 1 -0
    outer loop
      vertex 5.11 1.59 -6
      vertex 4.47 1.59 0
      vertex 5.11 1.59 0
    endloop
  endfacet
  facet normal 0 1 0
    outer loop
      vertex 4.47 1.59 0
      vertex 5.11 1.59 -6
      vertex 4.47 1.59 -6
    endloop
  endfacet
  facet normal 0 -1 0
    outer loop
      vertex 4.47 0.95 4.14
      vertex 5.11 0.95 6.74
      vertex 4.47 0.95 6.74
    endloop
  endfacet
  facet normal 0 -1 -0
    outer loop
      vertex 5.11 0.95 6.74
      vertex 4.47 0.95 4.14
      vertex 5.11 0.95 4.14
    endloop
  endfacet
  facet normal 0 -1 0
    outer loop
      vertex 4.47 0.95 -6
      vertex 5.11 0.95 0
      vertex 4.47 0.95 0
    endloop
  endfacet
  facet normal 0 -1 -0
    outer loop
      vertex 5.11 0.95 0
      vertex 4.47 0.95 -6
      vertex 5.11 0.95 -6
    endloop
  endfacet
  facet normal 1 -0 0
    outer loop
      vertex 7.65 0.95 6.74
      vertex 7.65 1.59 4.14
      vertex 7.65 1.59 6.74
    endloop
  endfacet
  facet normal 1 0 0
    outer loop
      vertex 7.65 1.59 4.14
      vertex 7.65 0.95 6.74
      vertex 7.65 0.95 4.14
    endloop
  endfacet
  facet normal 1 -0 0
    outer loop
      vertex 7.65 0.95 0
      vertex 7.65 1.59 -6
      vertex 7.65 1.59 0
    endloop
  endfacet
  facet normal 1 0 0
    outer loop
      vertex 7.65 1.59 -6
      vertex 7.65 0.95 0
      vertex 7.65 0.95 -6
    endloop
  endfacet
  facet normal -0 0 1
    outer loop
      vertex 7.01 1.59 6.74
      vertex 7.65 0.95 6.74
      vertex 7.65 1.59 6.74
    endloop
  endfacet
  facet normal 0 0 1
    outer loop
      vertex 7.65 0.95 6.74
      vertex 7.01 1.59 6.74
      vertex 7.01 0.95 6.74
    endloop
  endfacet
  facet normal 0 0 -1
    outer loop
      vertex 7.01 0.95 -6
      vertex 7.65 1.59 -6
      vertex 7.65 0.95 -6
    endloop
  endfacet
  facet normal -0 0 -1
    outer loop
      vertex 7.65 1.59 -6
      vertex 7.01 0.95 -6
      vertex 7.01 1.59 -6
    endloop
  endfacet
  facet normal -1 0 0
    outer loop
      vertex 7.01 0.95 4.14
      vertex 7.01 1.59 6.74
      vertex 7.01 1.59 4.14
    endloop
  endfacet
  facet normal -1 -0 0
    outer loop
      vertex 7.01 1.59 6.74
      vertex 7.01 0.95 4.14
      vertex 7.01 0.95 6.74
    endloop
  endfacet
  facet normal -1 0 0
    outer loop
      vertex 7.01 0.95 -6
      vertex 7.01 1.59 0
      vertex 7.01 1.59 -6
    endloop
  endfacet
  facet normal -1 -0 0
    outer loop
      vertex 7.01 1.59 0
      vertex 7.01 0.95 -6
      vertex 7.01 0.95 0
    endloop
  endfacet
  facet normal 0 1 -0
    outer loop
      vertex 7.65 1.59 4.14
      vertex 7.01 1.59 6.74
      vertex 7.65 1.59 6.74
    endloop
  endfacet
  facet normal 0 1 0
    outer loop
      vertex 7.01 1.59 6.74
      vertex 7.65 1.59 4.14
      vertex 7.01 1.59 4.14
    endloop
  endfacet
  facet normal 0 1 -0
    outer loop
      vertex 7.65 1.59 -6
      vertex 7.01 1.59 0
      vertex 7.65 1.59 0
    endloop
  endfacet
  facet normal 0 1 0
    outer loop
      vertex 7.01 1.59 0
      vertex 7.65 1.59 -6
      vertex 7.01 1.59 -6
    endloop
  endfacet
  facet normal 0 -1 0
    outer loop
      vertex 7.01 0.95 4.14
      vertex 7.65 0.95 6.74
      vertex 7.01 0.95 6.74
    endloop
  endfacet
  facet normal 0 -1 -0
    outer loop
      vertex 7.65 0.95 6.74
      vertex 7.01 0.95 4.14
      vertex 7.65 0.95 4.14
    endloop
  endfacet
  facet normal 0 -1 0
    outer loop
      vertex 7.01 0.95 -6
      vertex 7.65 0.95 0
      vertex 7.01 0.95 0
    endloop
  endfacet
  facet normal 0 -1 -0
    outer loop
      vertex 7.65 0.95 0
      vertex 7.01 0.95 -6
      vertex 7.65 0.95 -6
    endloop
  endfacet
  facet normal 1 -0 0
    outer loop
      vertex 10.19 0.95 6.74
      vertex 10.19 1.59 4.14
      vertex 10.19 1.59 6.74
    endloop
  endfacet
  facet normal 1 0 0
    outer loop
      vertex 10.19 1.59 4.14
      vertex 10.19 0.95 6.74
      vertex 10.19 0.95 4.14
    endloop
  endfacet
  facet normal 1 -0 0
    outer loop
      vertex 10.19 0.95 0
      vertex 10.19 1.59 -6
      vertex 10.19 1.59 0
    endloop
  endfacet
  facet normal 1 0 0
    outer loop
      vertex 10.19 1.59 -6
      vertex 10.19 0.95 0
      vertex 10.19 0.95 -6
    endloop
  endfacet
  facet normal -0 0 1
    outer loop
      vertex 9.55 1.59 6.74
      vertex 10.19 0.95 6.74
      vertex 10.19 1.59 6.74
    endloop
  endfacet
  facet normal 0 0 1
    outer loop
      vertex 10.19 0.95 6.74
      vertex 9.55 1.59 6.74
      vertex 9.55 0.95 6.74
    endloop
  endfacet
  facet normal 0 0 -1
    outer loop
      vertex 9.55 0.95 -6
      vertex 10.19 1.59 -6
      vertex 10.19 0.95 -6
    endloop
  endfacet
  facet normal -0 0 -1
    outer loop
      vertex 10.19 1.59 -6
      vertex 9.55 0.95 -6
      vertex 9.55 1.59 -6
    endloop
  endfacet
  facet normal -1 0 0
    outer loop
      vertex 9.55 0.95 4.14
      vertex 9.55 1.59 6.74
      vertex 9.55 1.59 4.14
    endloop
  endfacet
  facet normal -1 -0 0
    outer loop
      vertex 9.55 1.59 6.74
      vertex 9.55 0.95 4.14
      vertex 9.55 0.95 6.74
    endloop
  endfacet
  facet normal -1 0 0
    outer loop
      vertex 9.55 0.95 -6
      vertex 9.55 1.59 0
      vertex 9.55 1.59 -6
    endloop
  endfacet
  facet normal -1 -0 0
    outer loop
      vertex 9.55 1.59 0
      vertex 9.55 0.95 -6
      vertex 9.55 0.95 0
    endloop
  endfacet
  facet normal 0 1 -0
    outer loop
      vertex 10.19 1.59 4.14
      vertex 9.55 1.59 6.74
      vertex 10.19 1.59 6.74
    endloop
  endfacet
  facet normal 0 1 0
    outer loop
      vertex 9.55 1.59 6.74
      vertex 10.19 1.59 4.14
      vertex 9.55 1.59 4.14
    endloop
  endfacet
  facet normal 0 1 -0
    outer loop
      vertex 10.19 1.59 -6
      vertex 9.55 1.59 0
      vertex 10.19 1.59 0
    endloop
  endfacet
  facet normal 0 1 0
    outer loop
      vertex 9.55 1.59 0
      vertex 10.19 1.59 -6
      vertex 9.55 1.59 -6
    endloop
  endfacet
  facet normal 0 -1 0
    outer loop
      vertex 9.55 0.95 4.14
      vertex 10.19 0.95 6.74
      vertex 9.55 0.95 6.74
    endloop
  endfacet
  facet normal 0 -1 -0
    outer loop
      vertex 10.19 0.95 6.74
      vertex 9.55 0.95 4.14
      vertex 10.19 0.95 4.14
    endloop
  endfacet
  facet normal 0 -1 0
    outer loop
      vertex 9.55 0.95 -6
      vertex 10.19 0.95 0
      vertex 9.55 0.95 0
    endloop
  endfacet
  facet normal 0 -1 -0
    outer loop
      vertex 10.19 0.95 0
      vertex 9.55 0.95 -6
      vertex 10.19 0.95 -6
    endloop
  endfacet
  facet normal 1 -0 0
    outer loop
      vertex 12.73 0.95 6.74
      vertex 12.73 1.59 4.14
      vertex 12.73 1.59 6.74
    endloop
  endfacet
  facet normal 1 0 0
    outer loop
      vertex 12.73 1.59 4.14
      vertex 12.73 0.95 6.74
      vertex 12.73 0.95 4.14
    endloop
  endfacet
  facet normal 1 -0 0
    outer loop
      vertex 12.73 0.95 0
      vertex 12.73 1.59 -6
      vertex 12.73 1.59 0
    endloop
  endfacet
  facet normal 1 0 0
    outer loop
      vertex 12.73 1.59 -6
      vertex 12.73 0.95 0
      vertex 12.73 0.95 -6
    endloop
  endfacet
  facet normal -0 0 1
    outer loop
      vertex 12.09 1.59 6.74
      vertex 12.73 0.95 6.74
      vertex 12.73 1.59 6.74
    endloop
  endfacet
  facet normal 0 0 1
    outer loop
      vertex 12.73 0.95 6.74
      vertex 12.09 1.59 6.74
      vertex 12.09 0.95 6.74
    endloop
  endfacet
  facet normal 0 0 -1
    outer loop
      vertex 12.09 0.95 -6
      vertex 12.73 1.59 -6
      vertex 12.73 0.95 -6
    endloop
  endfacet
  facet normal -0 0 -1
    outer loop
      vertex 12.73 1.59 -6
      vertex 12.09 0.95 -6
      vertex 12.09 1.59 -6
    endloop
  endfacet
  facet normal -1 0 0
    outer loop
      vertex 12.09 0.95 4.14
      vertex 12.09 1.59 6.74
      vertex 12.09 1.59 4.14
    endloop
  endfacet
  facet normal -1 -0 0
    outer loop
      vertex 12.09 1.59 6.74
      vertex 12.09 0.95 4.14
      vertex 12.09 0.95 6.74
    endloop
  endfacet
  facet normal -1 0 0
    outer loop
      vertex 12.09 0.95 -6
      vertex 12.09 1.59 0
      vertex 12.09 1.59 -6
    endloop
  endfacet
  facet normal -1 -0 0
    outer loop
      vertex 12.09 1.59 0
      vertex 12.09 0.95 -6
      vertex 12.09 0.95 0
    endloop
  endfacet
  facet normal 0 1 -0
    outer loop
      vertex 12.73 1.59 4.14
      vertex 12.09 1.59 6.74
      vertex 12.73 1.59 6.74
    endloop
  endfacet
  facet normal 0 1 0
    outer loop
      vertex 12.09 1.59 6.74
      vertex 12.73 1.59 4.14
      vertex 12.09 1.59 4.14
    endloop
  endfacet
  facet normal 0 1 -0
    outer loop
      vertex 12.73 1.59 -6
      vertex 12.09 1.59 0
      vertex 12.73 1.59 0
    endloop
  endfacet
  facet normal 0 1 0
    outer loop
      vertex 12.09 1.59 0
      vertex 12.73 1.59 -6
      vertex 12.09 1.59 -6
    endloop
  endfacet
  facet normal 0 -1 0
    outer loop
      vertex 12.09 0.95 4.14
      vertex 12.73 0.95 6.74
      vertex 12.09 0.95 6.74
    endloop
  endfacet
  facet normal 0 -1 -0
    outer loop
      vertex 12.73 0.95 6.74
      vertex 12.09 0.95 4.14
      vertex 12.73 0.95 4.14
    endloop
  endfacet
  facet normal 0 -1 0
    outer loop
      vertex 12.09 0.95 -6
      vertex 12.73 0.95 0
      vertex 12.09 0.95 0
    endloop
  endfacet
  facet normal 0 -1 -0
    outer loop
      vertex 12.73 0.95 0
      vertex 12.09 0.95 -6
      vertex 12.73 0.95 -6
    endloop
  endfacet
  facet normal 1 -0 0
    outer loop
      vertex 15.27 0.95 6.74
      vertex 15.27 1.59 4.14
      vertex 15.27 1.59 6.74
    endloop
  endfacet
  facet normal 1 0 0
    outer loop
      vertex 15.27 1.59 4.14
      vertex 15.27 0.95 6.74
      vertex 15.27 0.95 4.14
    endloop
  endfacet
  facet normal 1 -0 0
    outer loop
      vertex 15.27 0.95 0
      vertex 15.27 1.59 -6
      vertex 15.27 1.59 0
    endloop
  endfacet
  facet normal 1 0 0
    outer loop
      vertex 15.27 1.59 -6
      vertex 15.27 0.95 0
      vertex 15.27 0.95 -6
    endloop
  endfacet
  facet normal -0 0 1
    outer loop
      vertex 14.63 1.59 6.74
      vertex 15.27 0.95 6.74
      vertex 15.27 1.59 6.74
    endloop
  endfacet
  facet normal 0 0 1
    outer loop
      vertex 15.27 0.95 6.74
      vertex 14.63 1.59 6.74
      vertex 14.63 0.95 6.74
    endloop
  endfacet
  facet normal 0 0 -1
    outer loop
      vertex 14.63 0.95 -6
      vertex 15.27 1.59 -6
      vertex 15.27 0.95 -6
    endloop
  endfacet
  facet normal -0 0 -1
    outer loop
      vertex 15.27 1.59 -6
      vertex 14.63 0.95 -6
      vertex 14.63 1.59 -6
    endloop
  endfacet
  facet normal -1 0 0
    outer loop
      vertex 14.63 0.95 4.14
      vertex 14.63 1.59 6.74
      vertex 14.63 1.59 4.14
    endloop
  endfacet
  facet normal -1 -0 0
    outer loop
      vertex 14.63 1.59 6.74
      vertex 14.63 0.95 4.14
      vertex 14.63 0.95 6.74
    endloop
  endfacet
  facet normal -1 0 0
    outer loop
      vertex 14.63 0.95 -6
      vertex 14.63 1.59 0
      vertex 14.63 1.59 -6
    endloop
  endfacet
  facet normal -1 -0 0
    outer loop
      vertex 14.63 1.59 0
      vertex 14.63 0.95 -6
      vertex 14.63 0.95 0
    endloop
  endfacet
  facet normal 0 1 -0
    outer loop
      vertex 15.27 1.59 4.14
      vertex 14.63 1.59 6.74
      vertex 15.27 1.59 6.74
    endloop
  endfacet
  facet normal 0 1 0
    outer loop
      vertex 14.63 1.59 6.74
      vertex 15.27 1.59 4.14
      vertex 14.63 1.59 4.14
    endloop
  endfacet
  facet normal 0 1 -0
    outer loop
      vertex 15.27 1.59 -6
      vertex 14.63 1.59 0
      vertex 15.27 1.59 0
    endloop
  endfacet
  facet normal 0 1 0
    outer loop
      vertex 14.63 1.59 0
      vertex 15.27 1.59 -6
      vertex 14.63 1.59 -6
    endloop
  endfacet
  facet normal 0 -1 0
    outer loop
      vertex 14.63 0.95 4.14
      vertex 15.27 0.95 6.74
      vertex 14.63 0.95 6.74
    endloop
  endfacet
  facet normal 0 -1 -0
    outer loop
      vertex 15.27 0.95 6.74
      vertex 14.63 0.95 4.14
      vertex 15.27 0.95 4.14
    endloop
  endfacet
  facet normal 0 -1 0
    outer loop
      vertex 14.63 0.95 -6
      vertex 15.27 0.95 0
      vertex 14.63 0.95 0
    endloop
  endfacet
  facet normal 0 -1 -0
    outer loop
      vertex 15.27 0.95 0
      vertex 14.63 0.95 -6
      vertex 15.27 0.95 -6
    endloop
  endfacet
  facet normal 1 -0 0
    outer loop
      vertex 17.81 0.95 6.74
      vertex 17.81 1.59 4.14
      vertex 17.81 1.59 6.74
    endloop
  endfacet
  facet normal 1 0 0
    outer loop
      vertex 17.81 1.59 4.14
      vertex 17.81 0.95 6.74
      vertex 17.81 0.95 4.14
    endloop
  endfacet
  facet normal 1 -0 0
    outer loop
      vertex 17.81 0.95 0
      vertex 17.81 1.59 -6
      vertex 17.81 1.59 0
    endloop
  endfacet
  facet normal 1 0 0
    outer loop
      vertex 17.81 1.59 -6
      vertex 17.81 0.95 0
      vertex 17.81 0.95 -6
    endloop
  endfacet
  facet normal -0 0 1
    outer loop
      vertex 17.17 1.59 6.74
      vertex 17.81 0.95 6.74
      vertex 17.81 1.59 6.74
    endloop
  endfacet
  facet normal 0 0 1
    outer loop
      vertex 17.81 0.95 6.74
      vertex 17.17 1.59 6.74
      vertex 17.17 0.95 6.74
    endloop
  endfacet
  facet normal 0 0 -1
    outer loop
      vertex 17.17 0.95 -6
      vertex 17.81 1.59 -6
      vertex 17.81 0.95 -6
    endloop
  endfacet
  facet normal -0 0 -1
    outer loop
      vertex 17.81 1.59 -6
      vertex 17.17 0.95 -6
      vertex 17.17 1.59 -6
    endloop
  endfacet
  facet normal -1 0 0
    outer loop
      vertex 17.17 0.95 4.14
      vertex 17.17 1.59 6.74
      vertex 17.17 1.59 4.14
    endloop
  endfacet
  facet normal -1 -0 0
    outer loop
      vertex 17.17 1.59 6.74
      vertex 17.17 0.95 4.14
      vertex 17.17 0.95 6.74
    endloop
  endfacet
  facet normal -1 0 0
    outer loop
      vertex 17.17 0.95 -6
      vertex 17.17 1.59 0
      vertex 17.17 1.59 -6
    endloop
  endfacet
  facet normal -1 -0 0
    outer loop
      vertex 17.17 1.59 0
      vertex 17.17 0.95 -6
      vertex 17.17 0.95 0
    endloop
  endfacet
  facet normal 0 1 -0
    outer loop
      vertex 17.81 1.59 4.14
      vertex 17.17 1.59 6.74
      vertex 17.81 1.59 6.74
    endloop
  endfacet
  facet normal 0 1 0
    outer loop
      vertex 17.17 1.59 6.74
      vertex 17.81 1.59 4.14
      vertex 17.17 1.59 4.14
    endloop
  endfacet
  facet normal 0 1 -0
    outer loop
      vertex 17.81 1.59 -6
      vertex 17.17 1.59 0
      vertex 17.81 1.59 0
    endloop
  endfacet
  facet normal 0 1 0
    outer loop
      vertex 17.17 1.59 0
      vertex 17.81 1.59 -6
      vertex 17.17 1.59 -6
    endloop
  endfacet
  facet normal 0 -1 0
    outer loop
      vertex 17.17 0.95 4.14
      vertex 17.81 0.95 6.74
      vertex 17.17 0.95 6.74
    endloop
  endfacet
  facet normal 0 -1 -0
    outer loop
      vertex 17.81 0.95 6.74
      vertex 17.17 0.95 4.14
      vertex 17.81 0.95 4.14
    endloop
  endfacet
  facet normal 0 -1 0
    outer loop
      vertex 17.17 0.95 -6
      vertex 17.81 0.95 0
      vertex 17.17 0.95 0
    endloop
  endfacet
  facet normal 0 -1 -0
    outer loop
      vertex 17.81 0.95 0
      vertex 17.17 0.95 -6
      vertex 17.81 0.95 -6
    endloop
  endfacet
  facet normal 1 -0 0
    outer loop
      vertex 20.35 0.95 6.74
      vertex 20.35 1.59 4.14
      vertex 20.35 1.59 6.74
    endloop
  endfacet
  facet normal 1 0 0
    outer loop
      vertex 20.35 1.59 4.14
      vertex 20.35 0.95 6.74
      vertex 20.35 0.95 4.14
    endloop
  endfacet
  facet normal 1 -0 0
    outer loop
      vertex 20.35 0.95 0
      vertex 20.35 1.59 -6
      vertex 20.35 1.59 0
    endloop
  endfacet
  facet normal 1 0 0
    outer loop
      vertex 20.35 1.59 -6
      vertex 20.35 0.95 0
      vertex 20.35 0.95 -6
    endloop
  endfacet
  facet normal -0 0 1
    outer loop
      vertex 19.71 1.59 6.74
      vertex 20.35 0.95 6.74
      vertex 20.35 1.59 6.74
    endloop
  endfacet
  facet normal 0 0 1
    outer loop
      vertex 20.35 0.95 6.74
      vertex 19.71 1.59 6.74
      vertex 19.71 0.95 6.74
    endloop
  endfacet
  facet normal 0 0 -1
    outer loop
      vertex 19.71 0.95 -6
      vertex 20.35 1.59 -6
      vertex 20.35 0.95 -6
    endloop
  endfacet
  facet normal -0 0 -1
    outer loop
      vertex 20.35 1.59 -6
      vertex 19.71 0.95 -6
      vertex 19.71 1.59 -6
    endloop
  endfacet
  facet normal -1 0 0
    outer loop
      vertex 19.71 0.95 4.14
      vertex 19.71 1.59 6.74
      vertex 19.71 1.59 4.14
    endloop
  endfacet
  facet normal -1 -0 0
    outer loop
      vertex 19.71 1.59 6.74
      vertex 19.71 0.95 4.14
      vertex 19.71 0.95 6.74
    endloop
  endfacet
  facet normal -1 0 0
    outer loop
      vertex 19.71 0.95 -6
      vertex 19.71 1.59 0
      vertex 19.71 1.59 -6
    endloop
  endfacet
  facet normal -1 -0 0
    outer loop
      vertex 19.71 1.59 0
      vertex 19.71 0.95 -6
      vertex 19.71 0.95 0
    endloop
  endfacet
  facet normal 0 1 -0
    outer loop
      vertex 20.35 1.59 4.14
      vertex 19.71 1.59 6.74
      vertex 20.35 1.59 6.74
    endloop
  endfacet
  facet normal 0 1 0
    outer loop
      vertex 19.71 1.59 6.74
      vertex 20.35 1.59 4.14
      vertex 19.71 1.59 4.14
    endloop
  endfacet
  facet normal 0 1 -0
    outer loop
      vertex 20.35 1.59 -6
      vertex 19.71 1.59 0
      vertex 20.35 1.59 0
    endloop
  endfacet
  facet normal 0 1 0
    outer loop
      vertex 19.71 1.59 0
      vertex 20.35 1.59 -6
      vertex 19.71 1.59 -6
    endloop
  endfacet
  facet normal 0 -1 0
    outer loop
      vertex 19.71 0.95 4.14
      vertex 20.35 0.95 6.74
      vertex 19.71 0.95 6.74
    endloop
  endfacet
  facet normal 0 -1 -0
    outer loop
      vertex 20.35 0.95 6.74
      vertex 19.71 0.95 4.14
      vertex 20.35 0.95 4.14
    endloop
  endfacet
  facet normal 0 -1 0
    outer loop
      vertex 19.71 0.95 -6
      vertex 20.35 0.95 0
      vertex 19.71 0.95 0
    endloop
  endfacet
  facet normal 0 -1 -0
    outer loop
      vertex 20.35 0.95 0
      vertex 19.71 0.95 -6
      vertex 20.35 0.95 -6
    endloop
  endfacet
  facet normal 1 -0 0
    outer loop
      vertex 22.89 0.95 6.74
      vertex 22.89 1.59 4.14
      vertex 22.89 1.59 6.74
    endloop
  endfacet
  facet normal 1 0 0
    outer loop
      vertex 22.89 1.59 4.14
      vertex 22.89 0.95 6.74
      vertex 22.89 0.95 4.14
    endloop
  endfacet
  facet normal 1 -0 0
    outer loop
      vertex 22.89 0.95 0
      vertex 22.89 1.59 -6
      vertex 22.89 1.59 0
    endloop
  endfacet
  facet normal 1 0 0
    outer loop
      vertex 22.89 1.59 -6
      vertex 22.89 0.95 0
      vertex 22.89 0.95 -6
    endloop
  endfacet
  facet normal -0 0 1
    outer loop
      vertex 22.25 1.59 6.74
      vertex 22.89 0.95 6.74
      vertex 22.89 1.59 6.74
    endloop
  endfacet
  facet normal 0 0 1
    outer loop
      vertex 22.89 0.95 6.74
      vertex 22.25 1.59 6.74
      vertex 22.25 0.95 6.74
    endloop
  endfacet
  facet normal 0 0 -1
    outer loop
      vertex 22.25 0.95 -6
      vertex 22.89 1.59 -6
      vertex 22.89 0.95 -6
    endloop
  endfacet
  facet normal -0 0 -1
    outer loop
      vertex 22.89 1.59 -6
      vertex 22.25 0.95 -6
      vertex 22.25 1.59 -6
    endloop
  endfacet
  facet normal -1 0 0
    outer loop
      vertex 22.25 0.95 4.14
      vertex 22.25 1.59 6.74
      vertex 22.25 1.59 4.14
    endloop
  endfacet
  facet normal -1 -0 0
    outer loop
      vertex 22.25 1.59 6.74
      vertex 22.25 0.95 4.14
      vertex 22.25 0.95 6.74
    endloop
  endfacet
  facet normal -1 0 0
    outer loop
      vertex 22.25 0.95 -6
      vertex 22.25 1.59 0
      vertex 22.25 1.59 -6
    endloop
  endfacet
  facet normal -1 -0 0
    outer loop
      vertex 22.25 1.59 0
      vertex 22.25 0.95 -6
      vertex 22.25 0.95 0
    endloop
  endfacet
  facet normal 0 1 -0
    outer loop
      vertex 22.89 1.59 4.14
      vertex 22.25 1.59 6.74
      vertex 22.89 1.59 6.74
    endloop
  endfacet
  facet normal 0 1 0
    outer loop
      vertex 22.25 1.59 6.74
      vertex 22.89 1.59 4.14
      vertex 22.25 1.59 4.14
    endloop
  endfacet
  facet normal 0 1 -0
    outer loop
      vertex 22.89 1.59 -6
      vertex 22.25 1.59 0
      vertex 22.89 1.59 0
    endloop
  endfacet
  facet normal 0 1 0
    outer loop
      vertex 22.25 1.59 0
      vertex 22.89 1.59 -6
      vertex 22.25 1.59 -6
    endloop
  endfacet
  facet normal 0 -1 0
    outer loop
      vertex 22.25 0.95 4.14
      vertex 22.89 0.95 6.74
      vertex 22.25 0.95 6.74
    endloop
  endfacet
  facet normal 0 -1 -0
    outer loop
      vertex 22.89 0.95 6.74
      vertex 22.25 0.95 4.14
      vertex 22.89 0.95 4.14
    endloop
  endfacet
  facet normal 0 -1 0
    outer loop
      vertex 22.25 0.95 -6
      vertex 22.89 0.95 0
      vertex 22.25 0.95 0
    endloop
  endfacet
  facet normal 0 -1 -0
    outer loop
      vertex 22.89 0.95 0
      vertex 22.25 0.95 -6
      vertex 22.89 0.95 -6
    endloop
  endfacet
  facet normal 1 -0 0
    outer loop
      vertex 25.43 0.95 6.74
      vertex 25.43 1.59 4.14
      vertex 25.43 1.59 6.74
    endloop
  endfacet
  facet normal 1 0 0
    outer loop
      vertex 25.43 1.59 4.14
      vertex 25.43 0.95 6.74
      vertex 25.43 0.95 4.14
    endloop
  endfacet
  facet normal 1 -0 0
    outer loop
      vertex 25.43 0.95 0
      vertex 25.43 1.59 -6
      vertex 25.43 1.59 0
    endloop
  endfacet
  facet normal 1 0 0
    outer loop
      vertex 25.43 1.59 -6
      vertex 25.43 0.95 0
      vertex 25.43 0.95 -6
    endloop
  endfacet
  facet normal -0 0 1
    outer loop
      vertex 24.79 1.59 6.74
      vertex 25.43 0.95 6.74
      vertex 25.43 1.59 6.74
    endloop
  endfacet
  facet normal 0 0 1
    outer loop
      vertex 25.43 0.95 6.74
      vertex 24.79 1.59 6.74
      vertex 24.79 0.95 6.74
    endloop
  endfacet
  facet normal 0 0 -1
    outer loop
      vertex 24.79 0.95 -6
      vertex 25.43 1.59 -6
      vertex 25.43 0.95 -6
    endloop
  endfacet
  facet normal -0 0 -1
    outer loop
      vertex 25.43 1.59 -6
      vertex 24.79 0.95 -6
      vertex 24.79 1.59 -6
    endloop
  endfacet
  facet normal -1 0 0
    outer loop
      vertex 24.79 0.95 4.14
      vertex 24.79 1.59 6.74
      vertex 24.79 1.59 4.14
    endloop
  endfacet
  facet normal -1 -0 0
    outer loop
      vertex 24.79 1.59 6.74
      vertex 24.79 0.95 4.14
      vertex 24.79 0.95 6.74
    endloop
  endfacet
  facet normal -1 0 0
    outer loop
      vertex 24.79 0.95 -6
      vertex 24.79 1.59 0
      vertex 24.79 1.59 -6
    endloop
  endfacet
  facet normal -1 -0 0
    outer loop
      vertex 24.79 1.59 0
      vertex 24.79 0.95 -6
      vertex 24.79 0.95 0
    endloop
  endfacet
  facet normal 0 1 -0
    outer loop
      vertex 25.43 1.59 4.14
      vertex 24.79 1.59 6.74
      vertex 25.43 1.59 6.74
    endloop
  endfacet
  facet normal 0 1 0
    outer loop
      vertex 24.79 1.59 6.74
      vertex 25.43 1.59 4.14
      vertex 24.79 1.59 4.14
    endloop
  endfacet
  facet normal 0 1 -0
    outer loop
      vertex 25.43 1.59 -6
      vertex 24.79 1.59 0
      vertex 25.43 1.59 0
    endloop
  endfacet
  facet normal 0 1 0
    outer loop
      vertex 24.79 1.59 0
      vertex 25.43 1.59 -6
      vertex 24.79 1.59 -6
    endloop
  endfacet
  facet normal 0 -1 0
    outer loop
      vertex 24.79 0.95 4.14
      vertex 25.43 0.95 6.74
      vertex 24.79 0.95 6.74
    endloop
  endfacet
  facet normal 0 -1 -0
    outer loop
      vertex 25.43 0.95 6.74
      vertex 24.79 0.95 4.14
      vertex 25.43 0.95 4.14
    endloop
  endfacet
  facet normal 0 -1 0
    outer loop
      vertex 24.79 0.95 -6
      vertex 25.43 0.95 0
      vertex 24.79 0.95 0
    endloop
  endfacet
  facet normal 0 -1 -0
    outer loop
      vertex 25.43 0.95 0
      vertex 24.79 0.95 -6
      vertex 25.43 0.95 -6
    endloop
  endfacet
  facet normal 1 -0 0
    outer loop
      vertex 27.97 0.95 6.74
      vertex 27.97 1.59 4.14
      vertex 27.97 1.59 6.74
    endloop
  endfacet
  facet normal 1 0 0
    outer loop
      vertex 27.97 1.59 4.14
      vertex 27.97 0.95 6.74
      vertex 27.97 0.95 4.14
    endloop
  endfacet
  facet normal 1 -0 0
    outer loop
      vertex 27.97 0.95 0
      vertex 27.97 1.59 -6
      vertex 27.97 1.59 0
    endloop
  endfacet
  facet normal 1 0 0
    outer loop
      vertex 27.97 1.59 -6
      vertex 27.97 0.95 0
      vertex 27.97 0.95 -6
    endloop
  endfacet
  facet normal -0 0 1
    outer loop
      vertex 27.33 1.59 6.74
      vertex 27.97 0.95 6.74
      vertex 27.97 1.59 6.74
    endloop
  endfacet
  facet normal 0 0 1
    outer loop
      vertex 27.97 0.95 6.74
      vertex 27.33 1.59 6.74
      vertex 27.33 0.95 6.74
    endloop
  endfacet
  facet normal 0 0 -1
    outer loop
      vertex 27.33 0.95 -6
      vertex 27.97 1.59 -6
      vertex 27.97 0.95 -6
    endloop
  endfacet
  facet normal -0 0 -1
    outer loop
      vertex 27.97 1.59 -6
      vertex 27.33 0.95 -6
      vertex 27.33 1.59 -6
    endloop
  endfacet
  facet normal -1 0 0
    outer loop
      vertex 27.33 0.95 4.14
      vertex 27.33 1.59 6.74
      vertex 27.33 1.59 4.14
    endloop
  endfacet
  facet normal -1 -0 0
    outer loop
      vertex 27.33 1.59 6.74
      vertex 27.33 0.95 4.14
      vertex 27.33 0.95 6.74
    endloop
  endfacet
  facet normal -1 0 0
    outer loop
      vertex 27.33 0.95 -6
      vertex 27.33 1.59 0
      vertex 27.33 1.59 -6
    endloop
  endfacet
  facet normal -1 -0 0
    outer loop
      vertex 27.33 1.59 0
      vertex 27.33 0.95 -6
      vertex 27.33 0.95 0
    endloop
  endfacet
  facet normal 0 1 -0
    outer loop
      vertex 27.97 1.59 4.14
      vertex 27.33 1.59 6.74
      vertex 27.97 1.59 6.74
    endloop
  endfacet
  facet normal 0 1 0
    outer loop
      vertex 27.33 1.59 6.74
      vertex 27.97 1.59 4.14
      vertex 27.33 1.59 4.14
    endloop
  endfacet
  facet normal 0 1 -0
    outer loop
      vertex 27.97 1.59 -6
      vertex 27.33 1.59 0
      vertex 27.97 1.59 0
    endloop
  endfacet
  facet normal 0 1 0
    outer loop
      vertex 27.33 1.59 0
      vertex 27.97 1.59 -6
      vertex 27.33 1.59 -6
    endloop
  endfacet
  facet normal 0 -1 0
    outer loop
      vertex 27.33 0.95 4.14
      vertex 27.97 0.95 6.74
      vertex 27.33 0.95 6.74
    endloop
  endfacet
  facet normal 0 -1 -0
    outer loop
      vertex 27.97 0.95 6.74
      vertex 27.33 0.95 4.14
      vertex 27.97 0.95 4.14
    endloop
  endfacet
  facet normal 0 -1 0
    outer loop
      vertex 27.33 0.95 -6
      vertex 27.97 0.95 0
      vertex 27.33 0.95 0
    endloop
  endfacet
  facet normal 0 -1 -0
    outer loop
      vertex 27.97 0.95 0
      vertex 27.33 0.95 -6
      vertex 27.97 0.95 -6
    endloop
  endfacet
  facet normal 1 -0 0
    outer loop
      vertex 30.51 0.95 6.74
      vertex 30.51 1.59 4.14
      vertex 30.51 1.59 6.74
    endloop
  endfacet
  facet normal 1 0 0
    outer loop
      vertex 30.51 1.59 4.14
      vertex 30.51 0.95 6.74
      vertex 30.51 0.95 4.14
    endloop
  endfacet
  facet normal 1 -0 0
    outer loop
      vertex 30.51 0.95 0
      vertex 30.51 1.59 -6
      vertex 30.51 1.59 0
    endloop
  endfacet
  facet normal 1 0 0
    outer loop
      vertex 30.51 1.59 -6
      vertex 30.51 0.95 0
      vertex 30.51 0.95 -6
    endloop
  endfacet
  facet normal -0 0 1
    outer loop
      vertex 29.87 1.59 6.74
      vertex 30.51 0.95 6.74
      vertex 30.51 1.59 6.74
    endloop
  endfacet
  facet normal 0 0 1
    outer loop
      vertex 30.51 0.95 6.74
      vertex 29.87 1.59 6.74
      vertex 29.87 0.95 6.74
    endloop
  endfacet
  facet normal 0 0 -1
    outer loop
      vertex 29.87 0.95 -6
      vertex 30.51 1.59 -6
      vertex 30.51 0.95 -6
    endloop
  endfacet
  facet normal -0 0 -1
    outer loop
      vertex 30.51 1.59 -6
      vertex 29.87 0.95 -6
      vertex 29.87 1.59 -6
    endloop
  endfacet
  facet normal -1 0 0
    outer loop
      vertex 29.87 0.95 4.14
      vertex 29.87 1.59 6.74
      vertex 29.87 1.59 4.14
    endloop
  endfacet
  facet normal -1 -0 0
    outer loop
      vertex 29.87 1.59 6.74
      vertex 29.87 0.95 4.14
      vertex 29.87 0.95 6.74
    endloop
  endfacet
  facet normal -1 0 0
    outer loop
      vertex 29.87 0.95 -6
      vertex 29.87 1.59 0
      vertex 29.87 1.59 -6
    endloop
  endfacet
  facet normal -1 -0 0
    outer loop
      vertex 29.87 1.59 0
      vertex 29.87 0.95 -6
      vertex 29.87 0.95 0
    endloop
  endfacet
  facet normal 0 1 -0
    outer loop
      vertex 30.51 1.59 4.14
      vertex 29.87 1.59 6.74
      vertex 30.51 1.59 6.74
    endloop
  endfacet
  facet normal 0 1 0
    outer loop
      vertex 29.87 1.59 6.74
      vertex 30.51 1.59 4.14
      vertex 29.87 1.59 4.14
    endloop
  endfacet
  facet normal 0 1 -0
    outer loop
      vertex 30.51 1.59 -6
      vertex 29.87 1.59 0
      vertex 30.51 1.59 0
    endloop
  endfacet
  facet normal 0 1 0
    outer loop
      vertex 29.87 1.59 0
      vertex 30.51 1.59 -6
      vertex 29.87 1.59 -6
    endloop
  endfacet
  facet normal 0 -1 0
    outer loop
      vertex 29.87 0.95 4.14
      vertex 30.51 0.95 6.74
      vertex 29.87 0.95 6.74
    endloop
  endfacet
  facet normal 0 -1 -0
    outer loop
      vertex 30.51 0.95 6.74
      vertex 29.87 0.95 4.14
      vertex 30.51 0.95 4.14
    endloop
  endfacet
  facet normal 0 -1 0
    outer loop
      vertex 29.87 0.95 -6
      vertex 30.51 0.95 0
      vertex 29.87 0.95 0
    endloop
  endfacet
  facet normal 0 -1 -0
    outer loop
      vertex 30.51 0.95 0
      vertex 29.87 0.95 -6
      vertex 30.51 0.95 -6
    endloop
  endfacet
  facet normal 1 -0 0
    outer loop
      vertex 33.05 0.95 6.74
      vertex 33.05 1.59 4.14
      vertex 33.05 1.59 6.74
    endloop
  endfacet
  facet normal 1 0 0
    outer loop
      vertex 33.05 1.59 4.14
      vertex 33.05 0.95 6.74
      vertex 33.05 0.95 4.14
    endloop
  endfacet
  facet normal 1 -0 0
    outer loop
      vertex 33.05 0.95 0
      vertex 33.05 1.59 -6
      vertex 33.05 1.59 0
    endloop
  endfacet
  facet normal 1 0 0
    outer loop
      vertex 33.05 1.59 -6
      vertex 33.05 0.95 0
      vertex 33.05 0.95 -6
    endloop
  endfacet
  facet normal -0 0 1
    outer loop
      vertex 32.41 1.59 6.74
      vertex 33.05 0.95 6.74
      vertex 33.05 1.59 6.74
    endloop
  endfacet
  facet normal 0 0 1
    outer loop
      vertex 33.05 0.95 6.74
      vertex 32.41 1.59 6.74
      vertex 32.41 0.95 6.74
    endloop
  endfacet
  facet normal 0 0 -1
    outer loop
      vertex 32.41 0.95 -6
      vertex 33.05 1.59 -6
      vertex 33.05 0.95 -6
    endloop
  endfacet
  facet normal -0 0 -1
    outer loop
      vertex 33.05 1.59 -6
      vertex 32.41 0.95 -6
      vertex 32.41 1.59 -6
    endloop
  endfacet
  facet normal -1 0 0
    outer loop
      vertex 32.41 0.95 4.14
      vertex 32.41 1.59 6.74
      vertex 32.41 1.59 4.14
    endloop
  endfacet
  facet normal -1 -0 0
    outer loop
      vertex 32.41 1.59 6.74
      vertex 32.41 0.95 4.14
      vertex 32.41 0.95 6.74
    endloop
  endfacet
  facet normal -1 0 0
    outer loop
      vertex 32.41 0.95 -6
      vertex 32.41 1.59 0
      vertex 32.41 1.59 -6
    endloop
  endfacet
  facet normal -1 -0 0
    outer loop
      vertex 32.41 1.59 0
      vertex 32.41 0.95 -6
      vertex 32.41 0.95 0
    endloop
  endfacet
  facet normal 0 1 -0
    outer loop
      vertex 33.05 1.59 4.14
      vertex 32.41 1.59 6.74
      vertex 33.05 1.59 6.74
    endloop
  endfacet
  facet normal 0 1 0
    outer loop
      vertex 32.41 1.59 6.74
      vertex 33.05 1.59 4.14
      vertex 32.41 1.59 4.14
    endloop
  endfacet
  facet normal 0 1 -0
    outer loop
      vertex 33.05 1.59 -6
      vertex 32.41 1.59 0
      vertex 33.05 1.59 0
    endloop
  endfacet
  facet normal 0 1 0
    outer loop
      vertex 32.41 1.59 0
      vertex 33.05 1.59 -6
      vertex 32.41 1.59 -6
    endloop
  endfacet
  facet normal 0 -1 0
    outer loop
      vertex 32.41 0.95 4.14
      vertex 33.05 0.95 6.74
      vertex 32.41 0.95 6.74
    endloop
  endfacet
  facet normal 0 -1 -0
    outer loop
      vertex 33.05 0.95 6.74
      vertex 32.41 0.95 4.14
      vertex 33.05 0.95 4.14
    endloop
  endfacet
  facet normal 0 -1 0
    outer loop
      vertex 32.41 0.95 -6
      vertex 33.05 0.95 0
      vertex 32.41 0.95 0
    endloop
  endfacet
  facet normal 0 -1 -0
    outer loop
      vertex 33.05 0.95 0
      vertex 32.41 0.95 -6
      vertex 33.05 0.95 -6
    endloop
  endfacet
  facet normal 1 -0 0
    outer loop
      vertex 35.59 0.95 6.74
      vertex 35.59 1.59 4.14
      vertex 35.59 1.59 6.74
    endloop
  endfacet
  facet normal 1 0 0
    outer loop
      vertex 35.59 1.59 4.14
      vertex 35.59 0.95 6.74
      vertex 35.59 0.95 4.14
    endloop
  endfacet
  facet normal 1 -0 0
    outer loop
      vertex 35.59 0.95 0
      vertex 35.59 1.59 -6
      vertex 35.59 1.59 0
    endloop
  endfacet
  facet normal 1 0 0
    outer loop
      vertex 35.59 1.59 -6
      vertex 35.59 0.95 0
      vertex 35.59 0.95 -6
    endloop
  endfacet
  facet normal -0 0 1
    outer loop
      vertex 34.95 1.59 6.74
      vertex 35.59 0.95 6.74
      vertex 35.59 1.59 6.74
    endloop
  endfacet
  facet normal 0 0 1
    outer loop
      vertex 35.59 0.95 6.74
      vertex 34.95 1.59 6.74
      vertex 34.95 0.95 6.74
    endloop
  endfacet
  facet normal 0 0 -1
    outer loop
      vertex 34.95 0.95 -6
      vertex 35.59 1.59 -6
      vertex 35.59 0.95 -6
    endloop
  endfacet
  facet normal -0 0 -1
    outer loop
      vertex 35.59 1.59 -6
      vertex 34.95 0.95 -6
      vertex 34.95 1.59 -6
    endloop
  endfacet
  facet normal -1 0 0
    outer loop
      vertex 34.95 0.95 4.14
      vertex 34.95 1.59 6.74
      vertex 34.95 1.59 4.14
    endloop
  endfacet
  facet normal -1 -0 0
    outer loop
      vertex 34.95 1.59 6.74
      vertex 34.95 0.95 4.14
      vertex 34.95 0.95 6.74
    endloop
  endfacet
  facet normal -1 0 0
    outer loop
      vertex 34.95 0.95 -6
      vertex 34.95 1.59 0
      vertex 34.95 1.59 -6
    endloop
  endfacet
  facet normal -1 -0 0
    outer loop
      vertex 34.95 1.59 0
      vertex 34.95 0.95 -6
      vertex 34.95 0.95 0
    endloop
  endfacet
  facet normal 0 1 -0
    outer loop
      vertex 35.59 1.59 4.14
      vertex 34.95 1.59 6.74
      vertex 35.59 1.59 6.74
    endloop
  endfacet
  facet normal 0 1 0
    outer loop
      vertex 34.95 1.59 6.74
      vertex 35.59 1.59 4.14
      vertex 34.95 1.59 4.14
    endloop
  endfacet
  facet normal 0 1 -0
    outer loop
      vertex 35.59 1.59 -6
      vertex 34.95 1.59 0
      vertex 35.59 1.59 0
    endloop
  endfacet
  facet normal 0 1 0
    outer loop
      vertex 34.95 1.59 0
      vertex 35.59 1.59 -6
      vertex 34.95 1.59 -6
    endloop
  endfacet
  facet normal 0 -1 0
    outer loop
      vertex 34.95 0.95 4.14
      vertex 35.59 0.95 6.74
      vertex 34.95 0.95 6.74
    endloop
  endfacet
  facet normal 0 -1 -0
    outer loop
      vertex 35.59 0.95 6.74
      vertex 34.95 0.95 4.14
      vertex 35.59 0.95 4.14
    endloop
  endfacet
  facet normal 0 -1 0
    outer loop
      vertex 34.95 0.95 -6
      vertex 35.59 0.95 0
      vertex 34.95 0.95 0
    endloop
  endfacet
  facet normal 0 -1 -0
    outer loop
      vertex 35.59 0.95 0
      vertex 34.95 0.95 -6
      vertex 35.59 0.95 -6
    endloop
  endfacet
  facet normal 1 -0 0
    outer loop
      vertex 38.13 0.95 6.74
      vertex 38.13 1.59 4.14
      vertex 38.13 1.59 6.74
    endloop
  endfacet
  facet normal 1 0 0
    outer loop
      vertex 38.13 1.59 4.14
      vertex 38.13 0.95 6.74
      vertex 38.13 0.95 4.14
    endloop
  endfacet
  facet normal 1 -0 0
    outer loop
      vertex 38.13 0.95 0
      vertex 38.13 1.59 -6
      vertex 38.13 1.59 0
    endloop
  endfacet
  facet normal 1 0 0
    outer loop
      vertex 38.13 1.59 -6
      vertex 38.13 0.95 0
      vertex 38.13 0.95 -6
    endloop
  endfacet
  facet normal -0 0 1
    outer loop
      vertex 37.49 1.59 6.74
      vertex 38.13 0.95 6.74
      vertex 38.13 1.59 6.74
    endloop
  endfacet
  facet normal 0 0 1
    outer loop
      vertex 38.13 0.95 6.74
      vertex 37.49 1.59 6.74
      vertex 37.49 0.95 6.74
    endloop
  endfacet
  facet normal 0 0 -1
    outer loop
      vertex 37.49 0.95 -6
      vertex 38.13 1.59 -6
      vertex 38.13 0.95 -6
    endloop
  endfacet
  facet normal -0 0 -1
    outer loop
      vertex 38.13 1.59 -6
      vertex 37.49 0.95 -6
      vertex 37.49 1.59 -6
    endloop
  endfacet
  facet normal -1 0 0
    outer loop
      vertex 37.49 0.95 4.14
      vertex 37.49 1.59 6.74
      vertex 37.49 1.59 4.14
    endloop
  endfacet
  facet normal -1 -0 0
    outer loop
      vertex 37.49 1.59 6.74
      vertex 37.49 0.95 4.14
      vertex 37.49 0.95 6.74
    endloop
  endfacet
  facet normal -1 0 0
    outer loop
      vertex 37.49 0.95 -6
      vertex 37.49 1.59 0
      vertex 37.49 1.59 -6
    endloop
  endfacet
  facet normal -1 -0 0
    outer loop
      vertex 37.49 1.59 0
      vertex 37.49 0.95 -6
      vertex 37.49 0.95 0
    endloop
  endfacet
  facet normal 0 1 -0
    outer loop
      vertex 38.13 1.59 4.14
      vertex 37.49 1.59 6.74
      vertex 38.13 1.59 6.74
    endloop
  endfacet
  facet normal 0 1 0
    outer loop
      vertex 37.49 1.59 6.74
      vertex 38.13 1.59 4.14
      vertex 37.49 1.59 4.14
    endloop
  endfacet
  facet normal 0 1 -0
    outer loop
      vertex 38.13 1.59 -6
      vertex 37.49 1.59 0
      vertex 38.13 1.59 0
    endloop
  endfacet
  facet normal 0 1 0
    outer loop
      vertex 37.49 1.59 0
      vertex 38.13 1.59 -6
      vertex 37.49 1.59 -6
    endloop
  endfacet
  facet normal 0 -1 0
    outer loop
      vertex 37.49 0.95 4.14
      vertex 38.13 0.95 6.74
      vertex 37.49 0.95 6.74
    endloop
  endfacet
  facet normal 0 -1 -0
    outer loop
      vertex 38.13 0.95 6.74
      vertex 37.49 0.95 4.14
      vertex 38.13 0.95 4.14
    endloop
  endfacet
  facet normal 0 -1 0
    outer loop
      vertex 37.49 0.95 -6
      vertex 38.13 0.95 0
      vertex 37.49 0.95 0
    endloop
  endfacet
  facet normal 0 -1 -0
    outer loop
      vertex 38.13 0.95 0
      vertex 37.49 0.95 -6
      vertex 38.13 0.95 -6
    endloop
  endfacet
  facet normal 1 -0 0
    outer loop
      vertex 40.67 0.95 6.74
      vertex 40.67 1.59 4.14
      vertex 40.67 1.59 6.74
    endloop
  endfacet
  facet normal 1 0 0
    outer loop
      vertex 40.67 1.59 4.14
      vertex 40.67 0.95 6.74
      vertex 40.67 0.95 4.14
    endloop
  endfacet
  facet normal 1 -0 0
    outer loop
      vertex 40.67 0.95 0
      vertex 40.67 1.59 -6
      vertex 40.67 1.59 0
    endloop
  endfacet
  facet normal 1 0 0
    outer loop
      vertex 40.67 1.59 -6
      vertex 40.67 0.95 0
      vertex 40.67 0.95 -6
    endloop
  endfacet
  facet normal -0 0 1
    outer loop
      vertex 40.03 1.59 6.74
      vertex 40.67 0.95 6.74
      vertex 40.67 1.59 6.74
    endloop
  endfacet
  facet normal 0 0 1
    outer loop
      vertex 40.67 0.95 6.74
      vertex 40.03 1.59 6.74
      vertex 40.03 0.95 6.74
    endloop
  endfacet
  facet normal 0 0 -1
    outer loop
      vertex 40.03 0.95 -6
      vertex 40.67 1.59 -6
      vertex 40.67 0.95 -6
    endloop
  endfacet
  facet normal -0 0 -1
    outer loop
      vertex 40.67 1.59 -6
      vertex 40.03 0.95 -6
      vertex 40.03 1.59 -6
    endloop
  endfacet
  facet normal -1 0 0
    outer loop
      vertex 40.03 0.95 4.14
      vertex 40.03 1.59 6.74
      vertex 40.03 1.59 4.14
    endloop
  endfacet
  facet normal -1 -0 0
    outer loop
      vertex 40.03 1.59 6.74
      vertex 40.03 0.95 4.14
      vertex 40.03 0.95 6.74
    endloop
  endfacet
  facet normal -1 0 0
    outer loop
      vertex 40.03 0.95 -6
      vertex 40.03 1.59 0
      vertex 40.03 1.59 -6
    endloop
  endfacet
  facet normal -1 -0 0
    outer loop
      vertex 40.03 1.59 0
      vertex 40.03 0.95 -6
      vertex 40.03 0.95 0
    endloop
  endfacet
  facet normal 0 1 -0
    outer loop
      vertex 40.67 1.59 4.14
      vertex 40.03 1.59 6.74
      vertex 40.67 1.59 6.74
    endloop
  endfacet
  facet normal 0 1 0
    outer loop
      vertex 40.03 1.59 6.74
      vertex 40.67 1.59 4.14
      vertex 40.03 1.59 4.14
    endloop
  endfacet
  facet normal 0 1 -0
    outer loop
      vertex 40.67 1.59 -6
      vertex 40.03 1.59 0
      vertex 40.67 1.59 0
    endloop
  endfacet
  facet normal 0 1 0
    outer loop
      vertex 40.03 1.59 0
      vertex 40.67 1.59 -6
      vertex 40.03 1.59 -6
    endloop
  endfacet
  facet normal 0 -1 0
    outer loop
      vertex 40.03 0.95 4.14
      vertex 40.67 0.95 6.74
      vertex 40.03 0.95 6.74
    endloop
  endfacet
  facet normal 0 -1 -0
    outer loop
      vertex 40.67 0.95 6.74
      vertex 40.03 0.95 4.14
      vertex 40.67 0.95 4.14
    endloop
  endfacet
  facet normal 0 -1 0
    outer loop
      vertex 40.03 0.95 -6
      vertex 40.67 0.95 0
      vertex 40.03 0.95 0
    endloop
  endfacet
  facet normal 0 -1 -0
    outer loop
      vertex 40.67 0.95 0
      vertex 40.03 0.95 -6
      vertex 40.67 0.95 -6
    endloop
  endfacet
  facet normal 1 -0 0
    outer loop
      vertex 43.21 0.95 6.74
      vertex 43.21 1.59 4.14
      vertex 43.21 1.59 6.74
    endloop
  endfacet
  facet normal 1 0 0
    outer loop
      vertex 43.21 1.59 4.14
      vertex 43.21 0.95 6.74
      vertex 43.21 0.95 4.14
    endloop
  endfacet
  facet normal 1 -0 0
    outer loop
      vertex 43.21 0.95 0
      vertex 43.21 1.59 -6
      vertex 43.21 1.59 0
    endloop
  endfacet
  facet normal 1 0 0
    outer loop
      vertex 43.21 1.59 -6
      vertex 43.21 0.95 0
      vertex 43.21 0.95 -6
    endloop
  endfacet
  facet normal -0 0 1
    outer loop
      vertex 42.57 1.59 6.74
      vertex 43.21 0.95 6.74
      vertex 43.21 1.59 6.74
    endloop
  endfacet
  facet normal 0 0 1
    outer loop
      vertex 43.21 0.95 6.74
      vertex 42.57 1.59 6.74
      vertex 42.57 0.95 6.74
    endloop
  endfacet
  facet normal 0 0 -1
    outer loop
      vertex 42.57 0.95 -6
      vertex 43.21 1.59 -6
      vertex 43.21 0.95 -6
    endloop
  endfacet
  facet normal -0 0 -1
    outer loop
      vertex 43.21 1.59 -6
      vertex 42.57 0.95 -6
      vertex 42.57 1.59 -6
    endloop
  endfacet
  facet normal -1 0 0
    outer loop
      vertex 42.57 0.95 4.14
      vertex 42.57 1.59 6.74
      vertex 42.57 1.59 4.14
    endloop
  endfacet
  facet normal -1 -0 0
    outer loop
      vertex 42.57 1.59 6.74
      vertex 42.57 0.95 4.14
      vertex 42.57 0.95 6.74
    endloop
  endfacet
  facet normal -1 0 0
    outer loop
      vertex 42.57 0.95 -6
      vertex 42.57 1.59 0
      vertex 42.57 1.59 -6
    endloop
  endfacet
  facet normal -1 -0 0
    outer loop
      vertex 42.57 1.59 0
      vertex 42.57 0.95 -6
      vertex 42.57 0.95 0
    endloop
  endfacet
  facet normal 0 1 -0
    outer loop
      vertex 43.21 1.59 4.14
      vertex 42.57 1.59 6.74
      vertex 43.21 1.59 6.74
    endloop
  endfacet
  facet normal 0 1 0
    outer loop
      vertex 42.57 1.59 6.74
      vertex 43.21 1.59 4.14
      vertex 42.57 1.59 4.14
    endloop
  endfacet
  facet normal 0 1 -0
    outer loop
      vertex 43.21 1.59 -6
      vertex 42.57 1.59 0
      vertex 43.21 1.59 0
    endloop
  endfacet
  facet normal 0 1 0
    outer loop
      vertex 42.57 1.59 0
      vertex 43.21 1.59 -6
      vertex 42.57 1.59 -6
    endloop
  endfacet
  facet normal 0 -1 0
    outer loop
      vertex 42.57 0.95 4.14
      vertex 43.21 0.95 6.74
      vertex 42.57 0.95 6.74
    endloop
  endfacet
  facet normal 0 -1 -0
    outer loop
      vertex 43.21 0.95 6.74
      vertex 42.57 0.95 4.14
      vertex 43.21 0.95 4.14
    endloop
  endfacet
  facet normal 0 -1 0
    outer loop
      vertex 42.57 0.95 -6
      vertex 43.21 0.95 0
      vertex 42.57 0.95 0
    endloop
  endfacet
  facet normal 0 -1 -0
    outer loop
      vertex 43.21 0.95 0
      vertex 42.57 0.95 -6
      vertex 43.21 0.95 -6
    endloop
  endfacet
  facet normal 1 -0 0
    outer loop
      vertex 45.75 0.95 6.74
      vertex 45.75 1.59 4.14
      vertex 45.75 1.59 6.74
    endloop
  endfacet
  facet normal 1 0 0
    outer loop
      vertex 45.75 1.59 4.14
      vertex 45.75 0.95 6.74
      vertex 45.75 0.95 4.14
    endloop
  endfacet
  facet normal 1 -0 0
    outer loop
      vertex 45.75 0.95 0
      vertex 45.75 1.59 -6
      vertex 45.75 1.59 0
    endloop
  endfacet
  facet normal 1 0 0
    outer loop
      vertex 45.75 1.59 -6
      vertex 45.75 0.95 0
      vertex 45.75 0.95 -6
    endloop
  endfacet
  facet normal -0 0 1
    outer loop
      vertex 45.11 1.59 6.74
      vertex 45.75 0.95 6.74
      vertex 45.75 1.59 6.74
    endloop
  endfacet
  facet normal 0 0 1
    outer loop
      vertex 45.75 0.95 6.74
      vertex 45.11 1.59 6.74
      vertex 45.11 0.95 6.74
    endloop
  endfacet
  facet normal 0 0 -1
    outer loop
      vertex 45.11 0.95 -6
      vertex 45.75 1.59 -6
      vertex 45.75 0.95 -6
    endloop
  endfacet
  facet normal -0 0 -1
    outer loop
      vertex 45.75 1.59 -6
      vertex 45.11 0.95 -6
      vertex 45.11 1.59 -6
    endloop
  endfacet
  facet normal -1 0 0
    outer loop
      vertex 45.11 0.95 4.14
      vertex 45.11 1.59 6.74
      vertex 45.11 1.59 4.14
    endloop
  endfacet
  facet normal -1 -0 0
    outer loop
      vertex 45.11 1.59 6.74
      vertex 45.11 0.95 4.14
      vertex 45.11 0.95 6.74
    endloop
  endfacet
  facet normal -1 0 0
    outer loop
      vertex 45.11 0.95 -6
      vertex 45.11 1.59 0
      vertex 45.11 1.59 -6
    endloop
  endfacet
  facet normal -1 -0 0
    outer loop
      vertex 45.11 1.59 0
      vertex 45.11 0.95 -6
      vertex 45.11 0.95 0
    endloop
  endfacet
  facet normal 0 1 -0
    outer loop
      vertex 45.75 1.59 4.14
      vertex 45.11 1.59 6.74
      vertex 45.75 1.59 6.74
    endloop
  endfacet
  facet normal 0 1 0
    outer loop
      vertex 45.11 1.59 6.74
      vertex 45.75 1.59 4.14
      vertex 45.11 1.59 4.14
    endloop
  endfacet
  facet normal 0 1 -0
    outer loop
      vertex 45.75 1.59 -6
      vertex 45.11 1.59 0
      vertex 45.75 1.59 0
    endloop
  endfacet
  facet normal 0 1 0
    outer loop
      vertex 45.11 1.59 0
      vertex 45.75 1.59 -6
      vertex 45.11 1.59 -6
    endloop
  endfacet
  facet normal 0 -1 0
    outer loop
      vertex 45.11 0.95 4.14
      vertex 45.75 0.95 6.74
      vertex 45.11 0.95 6.74
    endloop
  endfacet
  facet normal 0 -1 -0
    outer loop
      vertex 45.75 0.95 6.74
      vertex 45.11 0.95 4.14
      vertex 45.75 0.95 4.14
    endloop
  endfacet
  facet normal 0 -1 0
    outer loop
      vertex 45.11 0.95 -6
      vertex 45.75 0.95 0
      vertex 45.11 0.95 0
    endloop
  endfacet
  facet normal 0 -1 -0
    outer loop
      vertex 45.75 0.95 0
      vertex 45.11 0.95 -6
      vertex 45.75 0.95 -6
    endloop
  endfacet
  facet normal 1 -0 0
    outer loop
      vertex 48.29 0.95 6.74
      vertex 48.29 1.59 4.14
      vertex 48.29 1.59 6.74
    endloop
  endfacet
  facet normal 1 0 0
    outer loop
      vertex 48.29 1.59 4.14
      vertex 48.29 0.95 6.74
      vertex 48.29 0.95 4.14
    endloop
  endfacet
  facet normal 1 -0 0
    outer loop
      vertex 48.29 0.95 0
      vertex 48.29 1.59 -6
      vertex 48.29 1.59 0
    endloop
  endfacet
  facet normal 1 0 0
    outer loop
      vertex 48.29 1.59 -6
      vertex 48.29 0.95 0
      vertex 48.29 0.95 -6
    endloop
  endfacet
  facet normal -0 0 1
    outer loop
      vertex 47.65 1.59 6.74
      vertex 48.29 0.95 6.74
      vertex 48.29 1.59 6.74
    endloop
  endfacet
  facet normal 0 0 1
    outer loop
      vertex 48.29 0.95 6.74
      vertex 47.65 1.59 6.74
      vertex 47.65 0.95 6.74
    endloop
  endfacet
  facet normal 0 0 -1
    outer loop
      vertex 47.65 0.95 -6
      vertex 48.29 1.59 -6
      vertex 48.29 0.95 -6
    endloop
  endfacet
  facet normal -0 0 -1
    outer loop
      vertex 48.29 1.59 -6
      vertex 47.65 0.95 -6
      vertex 47.65 1.59 -6
    endloop
  endfacet
  facet normal -1 0 0
    outer loop
      vertex 47.65 0.95 4.14
      vertex 47.65 1.59 6.74
      vertex 47.65 1.59 4.14
    endloop
  endfacet
  facet normal -1 -0 0
    outer loop
      vertex 47.65 1.59 6.74
      vertex 47.65 0.95 4.14
      vertex 47.65 0.95 6.74
    endloop
  endfacet
  facet normal -1 0 0
    outer loop
      vertex 47.65 0.95 -6
      vertex 47.65 1.59 0
      vertex 47.65 1.59 -6
    endloop
  endfacet
  facet normal -1 -0 0
    outer loop
      vertex 47.65 1.59 0
      vertex 47.65 0.95 -6
      vertex 47.65 0.95 0
    endloop
  endfacet
  facet normal 0 1 -0
    outer loop
      vertex 48.29 1.59 4.14
      vertex 47.65 1.59 6.74
      vertex 48.29 1.59 6.74
    endloop
  endfacet
  facet normal 0 1 0
    outer loop
      vertex 47.65 1.59 6.74
      vertex 48.29 1.59 4.14
      vertex 47.65 1.59 4.14
    endloop
  endfacet
  facet normal 0 1 -0
    outer loop
      vertex 48.29 1.59 -6
      vertex 47.65 1.59 0
      vertex 48.29 1.59 0
    endloop
  endfacet
  facet normal 0 1 0
    outer loop
      vertex 47.65 1.59 0
      vertex 48.29 1.59 -6
      vertex 47.65 1.59 -6
    endloop
  endfacet
  facet normal 0 -1 0
    outer loop
      vertex 47.65 0.95 4.14
      vertex 48.29 0.95 6.74
      vertex 47.65 0.95 6.74
    endloop
  endfacet
  facet normal 0 -1 -0
    outer loop
      vertex 48.29 0.95 6.74
      vertex 47.65 0.95 4.14
      vertex 48.29 0.95 4.14
    endloop
  endfacet
  facet normal 0 -1 0
    outer loop
      vertex 47.65 0.95 -6
      vertex 48.29 0.95 0
      vertex 47.65 0.95 0
    endloop
  endfacet
  facet normal 0 -1 -0
    outer loop
      vertex 48.29 0.95 0
      vertex 47.65 0.95 -6
      vertex 48.29 0.95 -6
    endloop
  endfacet
  facet normal 1 -0 0
    outer loop
      vertex 50.83 0.95 6.74
      vertex 50.83 1.59 4.14
      vertex 50.83 1.59 6.74
    endloop
  endfacet
  facet normal 1 0 0
    outer loop
      vertex 50.83 1.59 4.14
      vertex 50.83 0.95 6.74
      vertex 50.83 0.95 4.14
    endloop
  endfacet
  facet normal 1 -0 0
    outer loop
      vertex 50.83 0.95 0
      vertex 50.83 1.59 -6
      vertex 50.83 1.59 0
    endloop
  endfacet
  facet normal 1 0 0
    outer loop
      vertex 50.83 1.59 -6
      vertex 50.83 0.95 0
      vertex 50.83 0.95 -6
    endloop
  endfacet
  facet normal -0 0 1
    outer loop
      vertex 50.19 1.59 6.74
      vertex 50.83 0.95 6.74
      vertex 50.83 1.59 6.74
    endloop
  endfacet
  facet normal 0 0 1
    outer loop
      vertex 50.83 0.95 6.74
      vertex 50.19 1.59 6.74
      vertex 50.19 0.95 6.74
    endloop
  endfacet
  facet normal 0 0 -1
    outer loop
      vertex 50.19 0.95 -6
      vertex 50.83 1.59 -6
      vertex 50.83 0.95 -6
    endloop
  endfacet
  facet normal -0 0 -1
    outer loop
      vertex 50.83 1.59 -6
      vertex 50.19 0.95 -6
      vertex 50.19 1.59 -6
    endloop
  endfacet
  facet normal -1 0 0
    outer loop
      vertex 50.19 0.95 4.14
      vertex 50.19 1.59 6.74
      vertex 50.19 1.59 4.14
    endloop
  endfacet
  facet normal -1 -0 0
    outer loop
      vertex 50.19 1.59 6.74
      vertex 50.19 0.95 4.14
      vertex 50.19 0.95 6.74
    endloop
  endfacet
  facet normal -1 0 0
    outer loop
      vertex 50.19 0.95 -6
      vertex 50.19 1.59 0
      vertex 50.19 1.59 -6
    endloop
  endfacet
  facet normal -1 -0 0
    outer loop
      vertex 50.19 1.59 0
      vertex 50.19 0.95 -6
      vertex 50.19 0.95 0
    endloop
  endfacet
  facet normal 0 1 -0
    outer loop
      vertex 50.83 1.59 4.14
      vertex 50.19 1.59 6.74
      vertex 50.83 1.59 6.74
    endloop
  endfacet
  facet normal 0 1 0
    outer loop
      vertex 50.19 1.59 6.74
      vertex 50.83 1.59 4.14
      vertex 50.19 1.59 4.14
    endloop
  endfacet
  facet normal 0 1 -0
    outer loop
      vertex 50.83 1.59 -6
      vertex 50.19 1.59 0
      vertex 50.83 1.59 0
    endloop
  endfacet
  facet normal 0 1 0
    outer loop
      vertex 50.19 1.59 0
      vertex 50.83 1.59 -6
      vertex 50.19 1.59 -6
    endloop
  endfacet
  facet normal 0 -1 0
    outer loop
      vertex 50.19 0.95 4.14
      vertex 50.83 0.95 6.74
      vertex 50.19 0.95 6.74
    endloop
  endfacet
  facet normal 0 -1 -0
    outer loop
      vertex 50.83 0.95 6.74
      vertex 50.19 0.95 4.14
      vertex 50.83 0.95 4.14
    endloop
  endfacet
  facet normal 0 -1 0
    outer loop
      vertex 50.19 0.95 -6
      vertex 50.83 0.95 0
      vertex 50.19 0.95 0
    endloop
  endfacet
  facet normal 0 -1 -0
    outer loop
      vertex 50.83 0.95 0
      vertex 50.19 0.95 -6
      vertex 50.83 0.95 -6
    endloop
  endfacet
  facet normal 1 -0 0
    outer loop
      vertex 51.78 0 4.14
      vertex 51.78 2.54 1.6
      vertex 51.78 2.54 4.14
    endloop
  endfacet
  facet normal 1 0 0
    outer loop
      vertex 51.78 2.54 1.6
      vertex 51.78 0 4.14
      vertex 51.78 0 1.6
    endloop
  endfacet
  facet normal 0 0 1
    outer loop
      vertex 51.78 2.54 4.14
      vertex 50.83 1.59 4.14
      vertex 51.78 0 4.14
    endloop
  endfacet
  facet normal 0 0 1
    outer loop
      vertex 51.78 2.54 4.14
      vertex 50.19 1.59 4.14
      vertex 50.83 1.59 4.14
    endloop
  endfacet
  facet normal 0 0 1
    outer loop
      vertex 50.19 1.59 4.14
      vertex 48.29 1.59 4.14
      vertex 50.19 0.95 4.14
    endloop
  endfacet
  facet normal 0 0 1
    outer loop
      vertex 51.78 2.54 4.14
      vertex 48.29 1.59 4.14
      vertex 50.19 1.59 4.14
    endloop
  endfacet
  facet normal 0 0 1
    outer loop
      vertex 51.78 2.54 4.14
      vertex 47.65 1.59 4.14
      vertex 48.29 1.59 4.14
    endloop
  endfacet
  facet normal 0 0 1
    outer loop
      vertex 47.65 1.59 4.14
      vertex 45.75 1.59 4.14
      vertex 47.65 0.95 4.14
    endloop
  endfacet
  facet normal 0 0 1
    outer loop
      vertex 51.78 2.54 4.14
      vertex 45.75 1.59 4.14
      vertex 47.65 1.59 4.14
    endloop
  endfacet
  facet normal 0 0 1
    outer loop
      vertex 51.78 2.54 4.14
      vertex 45.11 1.59 4.14
      vertex 45.75 1.59 4.14
    endloop
  endfacet
  facet normal 0 0 1
    outer loop
      vertex 45.11 1.59 4.14
      vertex 43.21 1.59 4.14
      vertex 45.11 0.95 4.14
    endloop
  endfacet
  facet normal 0 0 1
    outer loop
      vertex 51.78 2.54 4.14
      vertex 43.21 1.59 4.14
      vertex 45.11 1.59 4.14
    endloop
  endfacet
  facet normal 0 0 1
    outer loop
      vertex 51.78 2.54 4.14
      vertex 42.57 1.59 4.14
      vertex 43.21 1.59 4.14
    endloop
  endfacet
  facet normal 0 0 1
    outer loop
      vertex 42.57 1.59 4.14
      vertex 40.67 1.59 4.14
      vertex 42.57 0.95 4.14
    endloop
  endfacet
  facet normal 0 0 1
    outer loop
      vertex 51.78 2.54 4.14
      vertex 40.67 1.59 4.14
      vertex 42.57 1.59 4.14
    endloop
  endfacet
  facet normal 0 0 1
    outer loop
      vertex 51.78 2.54 4.14
      vertex 40.03 1.59 4.14
      vertex 40.67 1.59 4.14
    endloop
  endfacet
  facet normal 0 0 1
    outer loop
      vertex 40.03 1.59 4.14
      vertex 38.13 1.59 4.14
      vertex 40.03 0.95 4.14
    endloop
  endfacet
  facet normal 0 0 1
    outer loop
      vertex 51.78 2.54 4.14
      vertex 38.13 1.59 4.14
      vertex 40.03 1.59 4.14
    endloop
  endfacet
  facet normal 0 0 1
    outer loop
      vertex 51.78 2.54 4.14
      vertex 37.49 1.59 4.14
      vertex 38.13 1.59 4.14
    endloop
  endfacet
  facet normal 0 0 1
    outer loop
      vertex 37.49 1.59 4.14
      vertex 35.59 1.59 4.14
      vertex 37.49 0.95 4.14
    endloop
  endfacet
  facet normal 0 0 1
    outer loop
      vertex 51.78 2.54 4.14
      vertex 35.59 1.59 4.14
      vertex 37.49 1.59 4.14
    endloop
  endfacet
  facet normal 0 0 1
    outer loop
      vertex 51.78 2.54 4.14
      vertex 34.95 1.59 4.14
      vertex 35.59 1.59 4.14
    endloop
  endfacet
  facet normal 0 0 1
    outer loop
      vertex 34.95 1.59 4.14
      vertex 33.05 1.59 4.14
      vertex 34.95 0.95 4.14
    endloop
  endfacet
  facet normal 0 0 1
    outer loop
      vertex 51.78 2.54 4.14
      vertex 33.05 1.59 4.14
      vertex 34.95 1.59 4.14
    endloop
  endfacet
  facet normal 0 0 1
    outer loop
      vertex 51.78 2.54 4.14
      vertex 32.41 1.59 4.14
      vertex 33.05 1.59 4.14
    endloop
  endfacet
  facet normal 0 0 1
    outer loop
      vertex 32.41 1.59 4.14
      vertex 30.51 1.59 4.14
      vertex 32.41 0.95 4.14
    endloop
  endfacet
  facet normal 0 0 1
    outer loop
      vertex 51.78 2.54 4.14
      vertex 30.51 1.59 4.14
      vertex 32.41 1.59 4.14
    endloop
  endfacet
  facet normal 0 0 1
    outer loop
      vertex 51.78 2.54 4.14
      vertex 29.87 1.59 4.14
      vertex 30.51 1.59 4.14
    endloop
  endfacet
  facet normal 0 0 1
    outer loop
      vertex 29.87 1.59 4.14
      vertex 27.97 1.59 4.14
      vertex 29.87 0.95 4.14
    endloop
  endfacet
  facet normal 0 0 1
    outer loop
      vertex 51.78 2.54 4.14
      vertex 27.97 1.59 4.14
      vertex 29.87 1.59 4.14
    endloop
  endfacet
  facet normal 0 0 1
    outer loop
      vertex 51.78 2.54 4.14
      vertex 27.33 1.59 4.14
      vertex 27.97 1.59 4.14
    endloop
  endfacet
  facet normal 0 0 1
    outer loop
      vertex 27.33 1.59 4.14
      vertex 25.43 1.59 4.14
      vertex 27.33 0.95 4.14
    endloop
  endfacet
  facet normal 0 0 1
    outer loop
      vertex 51.78 2.54 4.14
      vertex 25.43 1.59 4.14
      vertex 27.33 1.59 4.14
    endloop
  endfacet
  facet normal 0 0 1
    outer loop
      vertex 51.78 2.54 4.14
      vertex 24.79 1.59 4.14
      vertex 25.43 1.59 4.14
    endloop
  endfacet
  facet normal 0 0 1
    outer loop
      vertex 24.79 1.59 4.14
      vertex 22.89 1.59 4.14
      vertex 24.79 0.95 4.14
    endloop
  endfacet
  facet normal -0 0 1
    outer loop
      vertex 3.52 2.54 4.14
      vertex 24.79 1.59 4.14
      vertex 51.78 2.54 4.14
    endloop
  endfacet
  facet normal 0 0 1
    outer loop
      vertex 24.79 1.59 4.14
      vertex 3.52 2.54 4.14
      vertex 22.89 1.59 4.14
    endloop
  endfacet
  facet normal 0 0 1
    outer loop
      vertex 22.25 1.59 4.14
      vertex 20.35 1.59 4.14
      vertex 22.25 0.95 4.14
    endloop
  endfacet
  facet normal 0 0 1
    outer loop
      vertex 22.89 1.59 4.14
      vertex 3.52 2.54 4.14
      vertex 22.25 1.59 4.14
    endloop
  endfacet
  facet normal 0 0 1
    outer loop
      vertex 22.25 1.59 4.14
      vertex 3.52 2.54 4.14
      vertex 20.35 1.59 4.14
    endloop
  endfacet
  facet normal 0 0 1
    outer loop
      vertex 19.71 1.59 4.14
      vertex 17.81 1.59 4.14
      vertex 19.71 0.95 4.14
    endloop
  endfacet
  facet normal 0 0 1
    outer loop
      vertex 20.35 1.59 4.14
      vertex 3.52 2.54 4.14
      vertex 19.71 1.59 4.14
    endloop
  endfacet
  facet normal 0 0 1
    outer loop
      vertex 19.71 1.59 4.14
      vertex 3.52 2.54 4.14
      vertex 17.81 1.59 4.14
    endloop
  endfacet
  facet normal 0 0 1
    outer loop
      vertex 17.17 1.59 4.14
      vertex 15.27 1.59 4.14
      vertex 17.17 0.95 4.14
    endloop
  endfacet
  facet normal 0 0 1
    outer loop
      vertex 17.81 1.59 4.14
      vertex 3.52 2.54 4.14
      vertex 17.17 1.59 4.14
    endloop
  endfacet
  facet normal 0 0 1
    outer loop
      vertex 17.17 1.59 4.14
      vertex 3.52 2.54 4.14
      vertex 15.27 1.59 4.14
    endloop
  endfacet
  facet normal 0 0 1
    outer loop
      vertex 14.63 1.59 4.14
      vertex 12.73 1.59 4.14
      vertex 14.63 0.95 4.14
    endloop
  endfacet
  facet normal 0 0 1
    outer loop
      vertex 15.27 1.59 4.14
      vertex 3.52 2.54 4.14
      vertex 14.63 1.59 4.14
    endloop
  endfacet
  facet normal 0 0 1
    outer loop
      vertex 14.63 1.59 4.14
      vertex 3.52 2.54 4.14
      vertex 12.73 1.59 4.14
    endloop
  endfacet
  facet normal 0 0 1
    outer loop
      vertex 12.09 1.59 4.14
      vertex 10.19 1.59 4.14
      vertex 12.09 0.95 4.14
    endloop
  endfacet
  facet normal 0 0 1
    outer loop
      vertex 12.73 1.59 4.14
      vertex 3.52 2.54 4.14
      vertex 12.09 1.59 4.14
    endloop
  endfacet
  facet normal 0 0 1
    outer loop
      vertex 12.09 1.59 4.14
      vertex 3.52 2.54 4.14
      vertex 10.19 1.59 4.14
    endloop
  endfacet
  facet normal 0 0 1
    outer loop
      vertex 9.55 1.59 4.14
      vertex 7.65 1.59 4.14
      vertex 9.55 0.95 4.14
    endloop
  endfacet
  facet normal 0 0 1
    outer loop
      vertex 10.19 1.59 4.14
      vertex 3.52 2.54 4.14
      vertex 9.55 1.59 4.14
    endloop
  endfacet
  facet normal 0 0 1
    outer loop
      vertex 9.55 1.59 4.14
      vertex 3.52 2.54 4.14
      vertex 7.65 1.59 4.14
    endloop
  endfacet
  facet normal 0 0 1
    outer loop
      vertex 7.01 1.59 4.14
      vertex 5.11 1.59 4.14
      vertex 7.01 0.95 4.14
    endloop
  endfacet
  facet normal 0 0 1
    outer loop
      vertex 7.65 1.59 4.14
      vertex 3.52 2.54 4.14
      vertex 7.01 1.59 4.14
    endloop
  endfacet
  facet normal 0 0 1
    outer loop
      vertex 7.01 1.59 4.14
      vertex 3.52 2.54 4.14
      vertex 5.11 1.59 4.14
    endloop
  endfacet
  facet normal 0 0 1
    outer loop
      vertex 4.47 1.59 4.14
      vertex 3.52 2.54 4.14
      vertex 4.47 0.95 4.14
    endloop
  endfacet
  facet normal 0 0 1
    outer loop
      vertex 5.11 1.59 4.14
      vertex 3.52 2.54 4.14
      vertex 4.47 1.59 4.14
    endloop
  endfacet
  facet normal -0 0 1
    outer loop
      vertex 50.83 0.95 4.14
      vertex 51.78 0 4.14
      vertex 50.83 1.59 4.14
    endloop
  endfacet
  facet normal -0 0 1
    outer loop
      vertex 50.19 0.95 4.14
      vertex 51.78 0 4.14
      vertex 50.83 0.95 4.14
    endloop
  endfacet
  facet normal 0 0 1
    outer loop
      vertex 48.29 0.95 4.14
      vertex 50.19 0.95 4.14
      vertex 48.29 1.59 4.14
    endloop
  endfacet
  facet normal 0 0 1
    outer loop
      vertex 50.19 0.95 4.14
      vertex 48.29 0.95 4.14
      vertex 51.78 0 4.14
    endloop
  endfacet
  facet normal -0 0 1
    outer loop
      vertex 47.65 0.95 4.14
      vertex 51.78 0 4.14
      vertex 48.29 0.95 4.14
    endloop
  endfacet
  facet normal 0 0 1
    outer loop
      vertex 45.75 0.95 4.14
      vertex 47.65 0.95 4.14
      vertex 45.75 1.59 4.14
    endloop
  endfacet
  facet normal -0 0 1
    outer loop
      vertex 45.75 0.95 4.14
      vertex 51.78 0 4.14
      vertex 47.65 0.95 4.14
    endloop
  endfacet
  facet normal -0 0 1
    outer loop
      vertex 45.11 0.95 4.14
      vertex 51.78 0 4.14
      vertex 45.75 0.95 4.14
    endloop
  endfacet
  facet normal 0 0 1
    outer loop
      vertex 43.21 0.95 4.14
      vertex 45.11 0.95 4.14
      vertex 43.21 1.59 4.14
    endloop
  endfacet
  facet normal -0 0 1
    outer loop
      vertex 43.21 0.95 4.14
      vertex 51.78 0 4.14
      vertex 45.11 0.95 4.14
    endloop
  endfacet
  facet normal -0 0 1
    outer loop
      vertex 42.57 0.95 4.14
      vertex 51.78 0 4.14
      vertex 43.21 0.95 4.14
    endloop
  endfacet
  facet normal 0 0 1
    outer loop
      vertex 40.67 0.95 4.14
      vertex 42.57 0.95 4.14
      vertex 40.67 1.59 4.14
    endloop
  endfacet
  facet normal -0 0 1
    outer loop
      vertex 40.67 0.95 4.14
      vertex 51.78 0 4.14
      vertex 42.57 0.95 4.14
    endloop
  endfacet
  facet normal -0 0 1
    outer loop
      vertex 40.03 0.95 4.14
      vertex 51.78 0 4.14
      vertex 40.67 0.95 4.14
    endloop
  endfacet
  facet normal 0 0 1
    outer loop
      vertex 38.13 0.95 4.14
      vertex 40.03 0.95 4.14
      vertex 38.13 1.59 4.14
    endloop
  endfacet
  facet normal -0 0 1
    outer loop
      vertex 38.13 0.95 4.14
      vertex 51.78 0 4.14
      vertex 40.03 0.95 4.14
    endloop
  endfacet
  facet normal -0 0 1
    outer loop
      vertex 37.49 0.95 4.14
      vertex 51.78 0 4.14
      vertex 38.13 0.95 4.14
    endloop
  endfacet
  facet normal 0 0 1
    outer loop
      vertex 35.59 0.95 4.14
      vertex 37.49 0.95 4.14
      vertex 35.59 1.59 4.14
    endloop
  endfacet
  facet normal -0 0 1
    outer loop
      vertex 35.59 0.95 4.14
      vertex 51.78 0 4.14
      vertex 37.49 0.95 4.14
    endloop
  endfacet
  facet normal -0 0 1
    outer loop
      vertex 34.95 0.95 4.14
      vertex 51.78 0 4.14
      vertex 35.59 0.95 4.14
    endloop
  endfacet
  facet normal 0 0 1
    outer loop
      vertex 33.05 0.95 4.14
      vertex 34.95 0.95 4.14
      vertex 33.05 1.59 4.14
    endloop
  endfacet
  facet normal -0 0 1
    outer loop
      vertex 33.05 0.95 4.14
      vertex 51.78 0 4.14
      vertex 34.95 0.95 4.14
    endloop
  endfacet
  facet normal -0 0 1
    outer loop
      vertex 32.41 0.95 4.14
      vertex 51.78 0 4.14
      vertex 33.05 0.95 4.14
    endloop
  endfacet
  facet normal 0 0 1
    outer loop
      vertex 30.51 0.95 4.14
      vertex 32.41 0.95 4.14
      vertex 30.51 1.59 4.14
    endloop
  endfacet
  facet normal -0 0 1
    outer loop
      vertex 30.51 0.95 4.14
      vertex 51.78 0 4.14
      vertex 32.41 0.95 4.14
    endloop
  endfacet
  facet normal -0 0 1
    outer loop
      vertex 29.87 0.95 4.14
      vertex 51.78 0 4.14
      vertex 30.51 0.95 4.14
    endloop
  endfacet
  facet normal 0 0 1
    outer loop
      vertex 27.97 0.95 4.14
      vertex 29.87 0.95 4.14
      vertex 27.97 1.59 4.14
    endloop
  endfacet
  facet normal -0 0 1
    outer loop
      vertex 27.97 0.95 4.14
      vertex 51.78 0 4.14
      vertex 29.87 0.95 4.14
    endloop
  endfacet
  facet normal -0 0 1
    outer loop
      vertex 27.33 0.95 4.14
      vertex 51.78 0 4.14
      vertex 27.97 0.95 4.14
    endloop
  endfacet
  facet normal 0 0 1
    outer loop
      vertex 25.43 0.95 4.14
      vertex 27.33 0.95 4.14
      vertex 25.43 1.59 4.14
    endloop
  endfacet
  facet normal -0 0 1
    outer loop
      vertex 25.43 0.95 4.14
      vertex 51.78 0 4.14
      vertex 27.33 0.95 4.14
    endloop
  endfacet
  facet normal -0 0 1
    outer loop
      vertex 24.79 0.95 4.14
      vertex 51.78 0 4.14
      vertex 25.43 0.95 4.14
    endloop
  endfacet
  facet normal 0 0 1
    outer loop
      vertex 22.89 0.95 4.14
      vertex 24.79 0.95 4.14
      vertex 22.89 1.59 4.14
    endloop
  endfacet
  facet normal 0 0 1
    outer loop
      vertex 3.52 0 4.14
      vertex 24.79 0.95 4.14
      vertex 22.89 0.95 4.14
    endloop
  endfacet
  facet normal 0 0 1
    outer loop
      vertex 3.52 0 4.14
      vertex 22.89 0.95 4.14
      vertex 22.25 0.95 4.14
    endloop
  endfacet
  facet normal 0 0 1
    outer loop
      vertex 20.35 0.95 4.14
      vertex 22.25 0.95 4.14
      vertex 20.35 1.59 4.14
    endloop
  endfacet
  facet normal 0 0 1
    outer loop
      vertex 3.52 0 4.14
      vertex 22.25 0.95 4.14
      vertex 20.35 0.95 4.14
    endloop
  endfacet
  facet normal 0 0 1
    outer loop
      vertex 3.52 0 4.14
      vertex 20.35 0.95 4.14
      vertex 19.71 0.95 4.14
    endloop
  endfacet
  facet normal 0 0 1
    outer loop
      vertex 17.81 0.95 4.14
      vertex 19.71 0.95 4.14
      vertex 17.81 1.59 4.14
    endloop
  endfacet
  facet normal 0 0 1
    outer loop
      vertex 3.52 0 4.14
      vertex 19.71 0.95 4.14
      vertex 17.81 0.95 4.14
    endloop
  endfacet
  facet normal 0 0 1
    outer loop
      vertex 3.52 0 4.14
      vertex 17.81 0.95 4.14
      vertex 17.17 0.95 4.14
    endloop
  endfacet
  facet normal 0 0 1
    outer loop
      vertex 15.27 0.95 4.14
      vertex 17.17 0.95 4.14
      vertex 15.27 1.59 4.14
    endloop
  endfacet
  facet normal 0 0 1
    outer loop
      vertex 3.52 0 4.14
      vertex 17.17 0.95 4.14
      vertex 15.27 0.95 4.14
    endloop
  endfacet
  facet normal 0 0 1
    outer loop
      vertex 3.52 0 4.14
      vertex 15.27 0.95 4.14
      vertex 14.63 0.95 4.14
    endloop
  endfacet
  facet normal 0 0 1
    outer loop
      vertex 12.73 0.95 4.14
      vertex 14.63 0.95 4.14
      vertex 12.73 1.59 4.14
    endloop
  endfacet
  facet normal 0 0 1
    outer loop
      vertex 3.52 0 4.14
      vertex 14.63 0.95 4.14
      vertex 12.73 0.95 4.14
    endloop
  endfacet
  facet normal 0 0 1
    outer loop
      vertex 3.52 0 4.14
      vertex 12.73 0.95 4.14
      vertex 12.09 0.95 4.14
    endloop
  endfacet
  facet normal 0 0 1
    outer loop
      vertex 10.19 0.95 4.14
      vertex 12.09 0.95 4.14
      vertex 10.19 1.59 4.14
    endloop
  endfacet
  facet normal 0 0 1
    outer loop
      vertex 3.52 0 4.14
      vertex 12.09 0.95 4.14
      vertex 10.19 0.95 4.14
    endloop
  endfacet
  facet normal 0 0 1
    outer loop
      vertex 3.52 0 4.14
      vertex 10.19 0.95 4.14
      vertex 9.55 0.95 4.14
    endloop
  endfacet
  facet normal 0 0 1
    outer loop
      vertex 7.65 0.95 4.14
      vertex 9.55 0.95 4.14
      vertex 7.65 1.59 4.14
    endloop
  endfacet
  facet normal 0 0 1
    outer loop
      vertex 3.52 0 4.14
      vertex 9.55 0.95 4.14
      vertex 7.65 0.95 4.14
    endloop
  endfacet
  facet normal 0 0 1
    outer loop
      vertex 3.52 0 4.14
      vertex 7.65 0.95 4.14
      vertex 7.01 0.95 4.14
    endloop
  endfacet
  facet normal 0 0 1
    outer loop
      vertex 5.11 0.95 4.14
      vertex 7.01 0.95 4.14
      vertex 5.11 1.59 4.14
    endloop
  endfacet
  facet normal 0 0 1
    outer loop
      vertex 3.52 0 4.14
      vertex 7.01 0.95 4.14
      vertex 5.11 0.95 4.14
    endloop
  endfacet
  facet normal 0 0 1
    outer loop
      vertex 3.52 0 4.14
      vertex 5.11 0.95 4.14
      vertex 4.47 0.95 4.14
    endloop
  endfacet
  facet normal 0 0 1
    outer loop
      vertex 24.79 0.95 4.14
      vertex 3.52 0 4.14
      vertex 51.78 0 4.14
    endloop
  endfacet
  facet normal 0 0 1
    outer loop
      vertex 3.52 0 4.14
      vertex 4.47 0.95 4.14
      vertex 3.52 2.54 4.14
    endloop
  endfacet
  facet normal -1 0 0
    outer loop
      vertex 3.52 0 1.6
      vertex 3.52 2.54 4.14
      vertex 3.52 2.54 1.6
    endloop
  endfacet
  facet normal -1 -0 0
    outer loop
      vertex 3.52 2.54 4.14
      vertex 3.52 0 1.6
      vertex 3.52 0 4.14
    endloop
  endfacet
  facet normal 0 1 -0
    outer loop
      vertex 51.78 2.54 1.6
      vertex 3.52 2.54 4.14
      vertex 51.78 2.54 4.14
    endloop
  endfacet
  facet normal 0 1 0
    outer loop
      vertex 3.52 2.54 4.14
      vertex 51.78 2.54 1.6
      vertex 3.52 2.54 1.6
    endloop
  endfacet
  facet normal 1 -0 0
    outer loop
      vertex 5.11 26.41 6.74
      vertex 5.11 27.05 4.14
      vertex 5.11 27.05 6.74
    endloop
  endfacet
  facet normal 1 0 0
    outer loop
      vertex 5.11 27.05 4.14
      vertex 5.11 26.41 6.74
      vertex 5.11 26.41 4.14
    endloop
  endfacet
  facet normal 1 -0 0
    outer loop
      vertex 5.11 26.41 0
      vertex 5.11 27.05 -6
      vertex 5.11 27.05 0
    endloop
  endfacet
  facet normal 1 0 0
    outer loop
      vertex 5.11 27.05 -6
      vertex 5.11 26.41 0
      vertex 5.11 26.41 -6
    endloop
  endfacet
  facet normal -0 0 1
    outer loop
      vertex 4.47 27.05 6.74
      vertex 5.11 26.41 6.74
      vertex 5.11 27.05 6.74
    endloop
  endfacet
  facet normal 0 0 1
    outer loop
      vertex 5.11 26.41 6.74
      vertex 4.47 27.05 6.74
      vertex 4.47 26.41 6.74
    endloop
  endfacet
  facet normal 0 0 -1
    outer loop
      vertex 4.47 26.41 -6
      vertex 5.11 27.05 -6
      vertex 5.11 26.41 -6
    endloop
  endfacet
  facet normal -0 0 -1
    outer loop
      vertex 5.11 27.05 -6
      vertex 4.47 26.41 -6
      vertex 4.47 27.05 -6
    endloop
  endfacet
  facet normal -1 0 0
    outer loop
      vertex 4.47 26.41 4.14
      vertex 4.47 27.05 6.74
      vertex 4.47 27.05 4.14
    endloop
  endfacet
  facet normal -1 -0 0
    outer loop
      vertex 4.47 27.05 6.74
      vertex 4.47 26.41 4.14
      vertex 4.47 26.41 6.74
    endloop
  endfacet
  facet normal -1 0 0
    outer loop
      vertex 4.47 26.41 -6
      vertex 4.47 27.05 0
      vertex 4.47 27.05 -6
    endloop
  endfacet
  facet normal -1 -0 0
    outer loop
      vertex 4.47 27.05 0
      vertex 4.47 26.41 -6
      vertex 4.47 26.41 0
    endloop
  endfacet
  facet normal 0 1 -0
    outer loop
      vertex 5.11 27.05 4.14
      vertex 4.47 27.05 6.74
      vertex 5.11 27.05 6.74
    endloop
  endfacet
  facet normal 0 1 0
    outer loop
      vertex 4.47 27.05 6.74
      vertex 5.11 27.05 4.14
      vertex 4.47 27.05 4.14
    endloop
  endfacet
  facet normal 0 1 -0
    outer loop
      vertex 5.11 27.05 -6
      vertex 4.47 27.05 0
      vertex 5.11 27.05 0
    endloop
  endfacet
  facet normal 0 1 0
    outer loop
      vertex 4.47 27.05 0
      vertex 5.11 27.05 -6
      vertex 4.47 27.05 -6
    endloop
  endfacet
  facet normal 0 -1 0
    outer loop
      vertex 4.47 26.41 4.14
      vertex 5.11 26.41 6.74
      vertex 4.47 26.41 6.74
    endloop
  endfacet
  facet normal 0 -1 -0
    outer loop
      vertex 5.11 26.41 6.74
      vertex 4.47 26.41 4.14
      vertex 5.11 26.41 4.14
    endloop
  endfacet
  facet normal 0 -1 0
    outer loop
      vertex 4.47 26.41 -6
      vertex 5.11 26.41 0
      vertex 4.47 26.41 0
    endloop
  endfacet
  facet normal 0 -1 -0
    outer loop
      vertex 5.11 26.41 0
      vertex 4.47 26.41 -6
      vertex 5.11 26.41 -6
    endloop
  endfacet
  facet normal 1 -0 0
    outer loop
      vertex 7.65 26.41 6.74
      vertex 7.65 27.05 4.14
      vertex 7.65 27.05 6.74
    endloop
  endfacet
  facet normal 1 0 0
    outer loop
      vertex 7.65 27.05 4.14
      vertex 7.65 26.41 6.74
      vertex 7.65 26.41 4.14
    endloop
  endfacet
  facet normal 1 -0 0
    outer loop
      vertex 7.65 26.41 0
      vertex 7.65 27.05 -6
      vertex 7.65 27.05 0
    endloop
  endfacet
  facet normal 1 0 0
    outer loop
      vertex 7.65 27.05 -6
      vertex 7.65 26.41 0
      vertex 7.65 26.41 -6
    endloop
  endfacet
  facet normal -0 0 1
    outer loop
      vertex 7.01 27.05 6.74
      vertex 7.65 26.41 6.74
      vertex 7.65 27.05 6.74
    endloop
  endfacet
  facet normal 0 0 1
    outer loop
      vertex 7.65 26.41 6.74
      vertex 7.01 27.05 6.74
      vertex 7.01 26.41 6.74
    endloop
  endfacet
  facet normal 0 0 -1
    outer loop
      vertex 7.01 26.41 -6
      vertex 7.65 27.05 -6
      vertex 7.65 26.41 -6
    endloop
  endfacet
  facet normal -0 0 -1
    outer loop
      vertex 7.65 27.05 -6
      vertex 7.01 26.41 -6
      vertex 7.01 27.05 -6
    endloop
  endfacet
  facet normal -1 0 0
    outer loop
      vertex 7.01 26.41 4.14
      vertex 7.01 27.05 6.74
      vertex 7.01 27.05 4.14
    endloop
  endfacet
  facet normal -1 -0 0
    outer loop
      vertex 7.01 27.05 6.74
      vertex 7.01 26.41 4.14
      vertex 7.01 26.41 6.74
    endloop
  endfacet
  facet normal -1 0 0
    outer loop
      vertex 7.01 26.41 -6
      vertex 7.01 27.05 0
      vertex 7.01 27.05 -6
    endloop
  endfacet
  facet normal -1 -0 0
    outer loop
      vertex 7.01 27.05 0
      vertex 7.01 26.41 -6
      vertex 7.01 26.41 0
    endloop
  endfacet
  facet normal 0 1 -0
    outer loop
      vertex 7.65 27.05 4.14
      vertex 7.01 27.05 6.74
      vertex 7.65 27.05 6.74
    endloop
  endfacet
  facet normal 0 1 0
    outer loop
      vertex 7.01 27.05 6.74
      vertex 7.65 27.05 4.14
      vertex 7.01 27.05 4.14
    endloop
  endfacet
  facet normal 0 1 -0
    outer loop
      vertex 7.65 27.05 -6
      vertex 7.01 27.05 0
      vertex 7.65 27.05 0
    endloop
  endfacet
  facet normal 0 1 0
    outer loop
      vertex 7.01 27.05 0
      vertex 7.65 27.05 -6
      vertex 7.01 27.05 -6
    endloop
  endfacet
  facet normal 0 -1 0
    outer loop
      vertex 7.01 26.41 4.14
      vertex 7.65 26.41 6.74
      vertex 7.01 26.41 6.74
    endloop
  endfacet
  facet normal 0 -1 -0
    outer loop
      vertex 7.65 26.41 6.74
      vertex 7.01 26.41 4.14
      vertex 7.65 26.41 4.14
    endloop
  endfacet
  facet normal 0 -1 0
    outer loop
      vertex 7.01 26.41 -6
      vertex 7.65 26.41 0
      vertex 7.01 26.41 0
    endloop
  endfacet
  facet normal 0 -1 -0
    outer loop
      vertex 7.65 26.41 0
      vertex 7.01 26.41 -6
      vertex 7.65 26.41 -6
    endloop
  endfacet
  facet normal 1 -0 0
    outer loop
      vertex 10.19 26.41 6.74
      vertex 10.19 27.05 4.14
      vertex 10.19 27.05 6.74
    endloop
  endfacet
  facet normal 1 0 0
    outer loop
      vertex 10.19 27.05 4.14
      vertex 10.19 26.41 6.74
      vertex 10.19 26.41 4.14
    endloop
  endfacet
  facet normal 1 -0 0
    outer loop
      vertex 10.19 26.41 0
      vertex 10.19 27.05 -6
      vertex 10.19 27.05 0
    endloop
  endfacet
  facet normal 1 0 0
    outer loop
      vertex 10.19 27.05 -6
      vertex 10.19 26.41 0
      vertex 10.19 26.41 -6
    endloop
  endfacet
  facet normal -0 0 1
    outer loop
      vertex 9.55 27.05 6.74
      vertex 10.19 26.41 6.74
      vertex 10.19 27.05 6.74
    endloop
  endfacet
  facet normal 0 0 1
    outer loop
      vertex 10.19 26.41 6.74
      vertex 9.55 27.05 6.74
      vertex 9.55 26.41 6.74
    endloop
  endfacet
  facet normal 0 0 -1
    outer loop
      vertex 9.55 26.41 -6
      vertex 10.19 27.05 -6
      vertex 10.19 26.41 -6
    endloop
  endfacet
  facet normal -0 0 -1
    outer loop
      vertex 10.19 27.05 -6
      vertex 9.55 26.41 -6
      vertex 9.55 27.05 -6
    endloop
  endfacet
  facet normal -1 0 0
    outer loop
      vertex 9.55 26.41 4.14
      vertex 9.55 27.05 6.74
      vertex 9.55 27.05 4.14
    endloop
  endfacet
  facet normal -1 -0 0
    outer loop
      vertex 9.55 27.05 6.74
      vertex 9.55 26.41 4.14
      vertex 9.55 26.41 6.74
    endloop
  endfacet
  facet normal -1 0 0
    outer loop
      vertex 9.55 26.41 -6
      vertex 9.55 27.05 0
      vertex 9.55 27.05 -6
    endloop
  endfacet
  facet normal -1 -0 0
    outer loop
      vertex 9.55 27.05 0
      vertex 9.55 26.41 -6
      vertex 9.55 26.41 0
    endloop
  endfacet
  facet normal 0 1 -0
    outer loop
      vertex 10.19 27.05 4.14
      vertex 9.55 27.05 6.74
      vertex 10.19 27.05 6.74
    endloop
  endfacet
  facet normal 0 1 0
    outer loop
      vertex 9.55 27.05 6.74
      vertex 10.19 27.05 4.14
      vertex 9.55 27.05 4.14
    endloop
  endfacet
  facet normal 0 1 -0
    outer loop
      vertex 10.19 27.05 -6
      vertex 9.55 27.05 0
      vertex 10.19 27.05 0
    endloop
  endfacet
  facet normal 0 1 0
    outer loop
      vertex 9.55 27.05 0
      vertex 10.19 27.05 -6
      vertex 9.55 27.05 -6
    endloop
  endfacet
  facet normal 0 -1 0
    outer loop
      vertex 9.55 26.41 4.14
      vertex 10.19 26.41 6.74
      vertex 9.55 26.41 6.74
    endloop
  endfacet
  facet normal 0 -1 -0
    outer loop
      vertex 10.19 26.41 6.74
      vertex 9.55 26.41 4.14
      vertex 10.19 26.41 4.14
    endloop
  endfacet
  facet normal 0 -1 0
    outer loop
      vertex 9.55 26.41 -6
      vertex 10.19 26.41 0
      vertex 9.55 26.41 0
    endloop
  endfacet
  facet normal 0 -1 -0
    outer loop
      vertex 10.19 26.41 0
      vertex 9.55 26.41 -6
      vertex 10.19 26.41 -6
    endloop
  endfacet
  facet normal 1 -0 0
    outer loop
      vertex 12.73 26.41 6.74
      vertex 12.73 27.05 4.14
      vertex 12.73 27.05 6.74
    endloop
  endfacet
  facet normal 1 0 0
    outer loop
      vertex 12.73 27.05 4.14
      vertex 12.73 26.41 6.74
      vertex 12.73 26.41 4.14
    endloop
  endfacet
  facet normal 1 -0 0
    outer loop
      vertex 12.73 26.41 0
      vertex 12.73 27.05 -6
      vertex 12.73 27.05 0
    endloop
  endfacet
  facet normal 1 0 0
    outer loop
      vertex 12.73 27.05 -6
      vertex 12.73 26.41 0
      vertex 12.73 26.41 -6
    endloop
  endfacet
  facet normal -0 0 1
    outer loop
      vertex 12.09 27.05 6.74
      vertex 12.73 26.41 6.74
      vertex 12.73 27.05 6.74
    endloop
  endfacet
  facet normal 0 0 1
    outer loop
      vertex 12.73 26.41 6.74
      vertex 12.09 27.05 6.74
      vertex 12.09 26.41 6.74
    endloop
  endfacet
  facet normal 0 0 -1
    outer loop
      vertex 12.09 26.41 -6
      vertex 12.73 27.05 -6
      vertex 12.73 26.41 -6
    endloop
  endfacet
  facet normal -0 0 -1
    outer loop
      vertex 12.73 27.05 -6
      vertex 12.09 26.41 -6
      vertex 12.09 27.05 -6
    endloop
  endfacet
  facet normal -1 0 0
    outer loop
      vertex 12.09 26.41 4.14
      vertex 12.09 27.05 6.74
      vertex 12.09 27.05 4.14
    endloop
  endfacet
  facet normal -1 -0 0
    outer loop
      vertex 12.09 27.05 6.74
      vertex 12.09 26.41 4.14
      vertex 12.09 26.41 6.74
    endloop
  endfacet
  facet normal -1 0 0
    outer loop
      vertex 12.09 26.41 -6
      vertex 12.09 27.05 0
      vertex 12.09 27.05 -6
    endloop
  endfacet
  facet normal -1 -0 0
    outer loop
      vertex 12.09 27.05 0
      vertex 12.09 26.41 -6
      vertex 12.09 26.41 0
    endloop
  endfacet
  facet normal 0 1 -0
    outer loop
      vertex 12.73 27.05 4.14
      vertex 12.09 27.05 6.74
      vertex 12.73 27.05 6.74
    endloop
  endfacet
  facet normal 0 1 0
    outer loop
      vertex 12.09 27.05 6.74
      vertex 12.73 27.05 4.14
      vertex 12.09 27.05 4.14
    endloop
  endfacet
  facet normal 0 1 -0
    outer loop
      vertex 12.73 27.05 -6
      vertex 12.09 27.05 0
      vertex 12.73 27.05 0
    endloop
  endfacet
  facet normal 0 1 0
    outer loop
      vertex 12.09 27.05 0
      vertex 12.73 27.05 -6
      vertex 12.09 27.05 -6
    endloop
  endfacet
  facet normal 0 -1 0
    outer loop
      vertex 12.09 26.41 4.14
      vertex 12.73 26.41 6.74
      vertex 12.09 26.41 6.74
    endloop
  endfacet
  facet normal 0 -1 -0
    outer loop
      vertex 12.73 26.41 6.74
      vertex 12.09 26.41 4.14
      vertex 12.73 26.41 4.14
    endloop
  endfacet
  facet normal 0 -1 0
    outer loop
      vertex 12.09 26.41 -6
      vertex 12.73 26.41 0
      vertex 12.09 26.41 0
    endloop
  endfacet
  facet normal 0 -1 -0
    outer loop
      vertex 12.73 26.41 0
      vertex 12.09 26.41 -6
      vertex 12.73 26.41 -6
    endloop
  endfacet
  facet normal 1 -0 0
    outer loop
      vertex 15.27 26.41 6.74
      vertex 15.27 27.05 4.14
      vertex 15.27 27.05 6.74
    endloop
  endfacet
  facet normal 1 0 0
    outer loop
      vertex 15.27 27.05 4.14
      vertex 15.27 26.41 6.74
      vertex 15.27 26.41 4.14
    endloop
  endfacet
  facet normal 1 -0 0
    outer loop
      vertex 15.27 26.41 0
      vertex 15.27 27.05 -6
      vertex 15.27 27.05 0
    endloop
  endfacet
  facet normal 1 0 0
    outer loop
      vertex 15.27 27.05 -6
      vertex 15.27 26.41 0
      vertex 15.27 26.41 -6
    endloop
  endfacet
  facet normal -0 0 1
    outer loop
      vertex 14.63 27.05 6.74
      vertex 15.27 26.41 6.74
      vertex 15.27 27.05 6.74
    endloop
  endfacet
  facet normal 0 0 1
    outer loop
      vertex 15.27 26.41 6.74
      vertex 14.63 27.05 6.74
      vertex 14.63 26.41 6.74
    endloop
  endfacet
  facet normal 0 0 -1
    outer loop
      vertex 14.63 26.41 -6
      vertex 15.27 27.05 -6
      vertex 15.27 26.41 -6
    endloop
  endfacet
  facet normal -0 0 -1
    outer loop
      vertex 15.27 27.05 -6
      vertex 14.63 26.41 -6
      vertex 14.63 27.05 -6
    endloop
  endfacet
  facet normal -1 0 0
    outer loop
      vertex 14.63 26.41 4.14
      vertex 14.63 27.05 6.74
      vertex 14.63 27.05 4.14
    endloop
  endfacet
  facet normal -1 -0 0
    outer loop
      vertex 14.63 27.05 6.74
      vertex 14.63 26.41 4.14
      vertex 14.63 26.41 6.74
    endloop
  endfacet
  facet normal -1 0 0
    outer loop
      vertex 14.63 26.41 -6
      vertex 14.63 27.05 0
      vertex 14.63 27.05 -6
    endloop
  endfacet
  facet normal -1 -0 0
    outer loop
      vertex 14.63 27.05 0
      vertex 14.63 26.41 -6
      vertex 14.63 26.41 0
    endloop
  endfacet
  facet normal 0 1 -0
    outer loop
      vertex 15.27 27.05 4.14
      vertex 14.63 27.05 6.74
      vertex 15.27 27.05 6.74
    endloop
  endfacet
  facet normal 0 1 0
    outer loop
      vertex 14.63 27.05 6.74
      vertex 15.27 27.05 4.14
      vertex 14.63 27.05 4.14
    endloop
  endfacet
  facet normal 0 1 -0
    outer loop
      vertex 15.27 27.05 -6
      vertex 14.63 27.05 0
      vertex 15.27 27.05 0
    endloop
  endfacet
  facet normal 0 1 0
    outer loop
      vertex 14.63 27.05 0
      vertex 15.27 27.05 -6
      vertex 14.63 27.05 -6
    endloop
  endfacet
  facet normal 0 -1 0
    outer loop
      vertex 14.63 26.41 4.14
      vertex 15.27 26.41 6.74
      vertex 14.63 26.41 6.74
    endloop
  endfacet
  facet normal 0 -1 -0
    outer loop
      vertex 15.27 26.41 6.74
      vertex 14.63 26.41 4.14
      vertex 15.27 26.41 4.14
    endloop
  endfacet
  facet normal 0 -1 0
    outer loop
      vertex 14.63 26.41 -6
      vertex 15.27 26.41 0
      vertex 14.63 26.41 0
    endloop
  endfacet
  facet normal 0 -1 -0
    outer loop
      vertex 15.27 26.41 0
      vertex 14.63 26.41 -6
      vertex 15.27 26.41 -6
    endloop
  endfacet
  facet normal 1 -0 0
    outer loop
      vertex 17.81 26.41 6.74
      vertex 17.81 27.05 4.14
      vertex 17.81 27.05 6.74
    endloop
  endfacet
  facet normal 1 0 0
    outer loop
      vertex 17.81 27.05 4.14
      vertex 17.81 26.41 6.74
      vertex 17.81 26.41 4.14
    endloop
  endfacet
  facet normal 1 -0 0
    outer loop
      vertex 17.81 26.41 0
      vertex 17.81 27.05 -6
      vertex 17.81 27.05 0
    endloop
  endfacet
  facet normal 1 0 0
    outer loop
      vertex 17.81 27.05 -6
      vertex 17.81 26.41 0
      vertex 17.81 26.41 -6
    endloop
  endfacet
  facet normal -0 0 1
    outer loop
      vertex 17.17 27.05 6.74
      vertex 17.81 26.41 6.74
      vertex 17.81 27.05 6.74
    endloop
  endfacet
  facet normal 0 0 1
    outer loop
      vertex 17.81 26.41 6.74
      vertex 17.17 27.05 6.74
      vertex 17.17 26.41 6.74
    endloop
  endfacet
  facet normal 0 0 -1
    outer loop
      vertex 17.17 26.41 -6
      vertex 17.81 27.05 -6
      vertex 17.81 26.41 -6
    endloop
  endfacet
  facet normal -0 0 -1
    outer loop
      vertex 17.81 27.05 -6
      vertex 17.17 26.41 -6
      vertex 17.17 27.05 -6
    endloop
  endfacet
  facet normal -1 0 0
    outer loop
      vertex 17.17 26.41 4.14
      vertex 17.17 27.05 6.74
      vertex 17.17 27.05 4.14
    endloop
  endfacet
  facet normal -1 -0 0
    outer loop
      vertex 17.17 27.05 6.74
      vertex 17.17 26.41 4.14
      vertex 17.17 26.41 6.74
    endloop
  endfacet
  facet normal -1 0 0
    outer loop
      vertex 17.17 26.41 -6
      vertex 17.17 27.05 0
      vertex 17.17 27.05 -6
    endloop
  endfacet
  facet normal -1 -0 0
    outer loop
      vertex 17.17 27.05 0
      vertex 17.17 26.41 -6
      vertex 17.17 26.41 0
    endloop
  endfacet
  facet normal 0 1 -0
    outer loop
      vertex 17.81 27.05 4.14
      vertex 17.17 27.05 6.74
      vertex 17.81 27.05 6.74
    endloop
  endfacet
  facet normal 0 1 0
    outer loop
      vertex 17.17 27.05 6.74
      vertex 17.81 27.05 4.14
      vertex 17.17 27.05 4.14
    endloop
  endfacet
  facet normal 0 1 -0
    outer loop
      vertex 17.81 27.05 -6
      vertex 17.17 27.05 0
      vertex 17.81 27.05 0
    endloop
  endfacet
  facet normal 0 1 0
    outer loop
      vertex 17.17 27.05 0
      vertex 17.81 27.05 -6
      vertex 17.17 27.05 -6
    endloop
  endfacet
  facet normal 0 -1 0
    outer loop
      vertex 17.17 26.41 4.14
      vertex 17.81 26.41 6.74
      vertex 17.17 26.41 6.74
    endloop
  endfacet
  facet normal 0 -1 -0
    outer loop
      vertex 17.81 26.41 6.74
      vertex 17.17 26.41 4.14
      vertex 17.81 26.41 4.14
    endloop
  endfacet
  facet normal 0 -1 0
    outer loop
      vertex 17.17 26.41 -6
      vertex 17.81 26.41 0
      vertex 17.17 26.41 0
    endloop
  endfacet
  facet normal 0 -1 -0
    outer loop
      vertex 17.81 26.41 0
      vertex 17.17 26.41 -6
      vertex 17.81 26.41 -6
    endloop
  endfacet
  facet normal 1 -0 0
    outer loop
      vertex 20.35 26.41 6.74
      vertex 20.35 27.05 4.14
      vertex 20.35 27.05 6.74
    endloop
  endfacet
  facet normal 1 0 0
    outer loop
      vertex 20.35 27.05 4.14
      vertex 20.35 26.41 6.74
      vertex 20.35 26.41 4.14
    endloop
  endfacet
  facet normal 1 -0 0
    outer loop
      vertex 20.35 26.41 0
      vertex 20.35 27.05 -6
      vertex 20.35 27.05 0
    endloop
  endfacet
  facet normal 1 0 0
    outer loop
      vertex 20.35 27.05 -6
      vertex 20.35 26.41 0
      vertex 20.35 26.41 -6
    endloop
  endfacet
  facet normal -0 0 1
    outer loop
      vertex 19.71 27.05 6.74
      vertex 20.35 26.41 6.74
      vertex 20.35 27.05 6.74
    endloop
  endfacet
  facet normal 0 0 1
    outer loop
      vertex 20.35 26.41 6.74
      vertex 19.71 27.05 6.74
      vertex 19.71 26.41 6.74
    endloop
  endfacet
  facet normal 0 0 -1
    outer loop
      vertex 19.71 26.41 -6
      vertex 20.35 27.05 -6
      vertex 20.35 26.41 -6
    endloop
  endfacet
  facet normal -0 0 -1
    outer loop
      vertex 20.35 27.05 -6
      vertex 19.71 26.41 -6
      vertex 19.71 27.05 -6
    endloop
  endfacet
  facet normal -1 0 0
    outer loop
      vertex 19.71 26.41 4.14
      vertex 19.71 27.05 6.74
      vertex 19.71 27.05 4.14
    endloop
  endfacet
  facet normal -1 -0 0
    outer loop
      vertex 19.71 27.05 6.74
      vertex 19.71 26.41 4.14
      vertex 19.71 26.41 6.74
    endloop
  endfacet
  facet normal -1 0 0
    outer loop
      vertex 19.71 26.41 -6
      vertex 19.71 27.05 0
      vertex 19.71 27.05 -6
    endloop
  endfacet
  facet normal -1 -0 0
    outer loop
      vertex 19.71 27.05 0
      vertex 19.71 26.41 -6
      vertex 19.71 26.41 0
    endloop
  endfacet
  facet normal 0 1 -0
    outer loop
      vertex 20.35 27.05 4.14
      vertex 19.71 27.05 6.74
      vertex 20.35 27.05 6.74
    endloop
  endfacet
  facet normal 0 1 0
    outer loop
      vertex 19.71 27.05 6.74
      vertex 20.35 27.05 4.14
      vertex 19.71 27.05 4.14
    endloop
  endfacet
  facet normal 0 1 -0
    outer loop
      vertex 20.35 27.05 -6
      vertex 19.71 27.05 0
      vertex 20.35 27.05 0
    endloop
  endfacet
  facet normal 0 1 0
    outer loop
      vertex 19.71 27.05 0
      vertex 20.35 27.05 -6
      vertex 19.71 27.05 -6
    endloop
  endfacet
  facet normal 0 -1 0
    outer loop
      vertex 19.71 26.41 4.14
      vertex 20.35 26.41 6.74
      vertex 19.71 26.41 6.74
    endloop
  endfacet
  facet normal 0 -1 -0
    outer loop
      vertex 20.35 26.41 6.74
      vertex 19.71 26.41 4.14
      vertex 20.35 26.41 4.14
    endloop
  endfacet
  facet normal 0 -1 0
    outer loop
      vertex 19.71 26.41 -6
      vertex 20.35 26.41 0
      vertex 19.71 26.41 0
    endloop
  endfacet
  facet normal 0 -1 -0
    outer loop
      vertex 20.35 26.41 0
      vertex 19.71 26.41 -6
      vertex 20.35 26.41 -6
    endloop
  endfacet
  facet normal 1 -0 0
    outer loop
      vertex 22.89 26.41 6.74
      vertex 22.89 27.05 4.14
      vertex 22.89 27.05 6.74
    endloop
  endfacet
  facet normal 1 0 0
    outer loop
      vertex 22.89 27.05 4.14
      vertex 22.89 26.41 6.74
      vertex 22.89 26.41 4.14
    endloop
  endfacet
  facet normal 1 -0 0
    outer loop
      vertex 22.89 26.41 0
      vertex 22.89 27.05 -6
      vertex 22.89 27.05 0
    endloop
  endfacet
  facet normal 1 0 0
    outer loop
      vertex 22.89 27.05 -6
      vertex 22.89 26.41 0
      vertex 22.89 26.41 -6
    endloop
  endfacet
  facet normal -0 0 1
    outer loop
      vertex 22.25 27.05 6.74
      vertex 22.89 26.41 6.74
      vertex 22.89 27.05 6.74
    endloop
  endfacet
  facet normal 0 0 1
    outer loop
      vertex 22.89 26.41 6.74
      vertex 22.25 27.05 6.74
      vertex 22.25 26.41 6.74
    endloop
  endfacet
  facet normal 0 0 -1
    outer loop
      vertex 22.25 26.41 -6
      vertex 22.89 27.05 -6
      vertex 22.89 26.41 -6
    endloop
  endfacet
  facet normal -0 0 -1
    outer loop
      vertex 22.89 27.05 -6
      vertex 22.25 26.41 -6
      vertex 22.25 27.05 -6
    endloop
  endfacet
  facet normal -1 0 0
    outer loop
      vertex 22.25 26.41 4.14
      vertex 22.25 27.05 6.74
      vertex 22.25 27.05 4.14
    endloop
  endfacet
  facet normal -1 -0 0
    outer loop
      vertex 22.25 27.05 6.74
      vertex 22.25 26.41 4.14
      vertex 22.25 26.41 6.74
    endloop
  endfacet
  facet normal -1 0 0
    outer loop
      vertex 22.25 26.41 -6
      vertex 22.25 27.05 0
      vertex 22.25 27.05 -6
    endloop
  endfacet
  facet normal -1 -0 0
    outer loop
      vertex 22.25 27.05 0
      vertex 22.25 26.41 -6
      vertex 22.25 26.41 0
    endloop
  endfacet
  facet normal 0 1 -0
    outer loop
      vertex 22.89 27.05 4.14
      vertex 22.25 27.05 6.74
      vertex 22.89 27.05 6.74
    endloop
  endfacet
  facet normal 0 1 0
    outer loop
      vertex 22.25 27.05 6.74
      vertex 22.89 27.05 4.14
      vertex 22.25 27.05 4.14
    endloop
  endfacet
  facet normal 0 1 -0
    outer loop
      vertex 22.89 27.05 -6
      vertex 22.25 27.05 0
      vertex 22.89 27.05 0
    endloop
  endfacet
  facet normal 0 1 0
    outer loop
      vertex 22.25 27.05 0
      vertex 22.89 27.05 -6
      vertex 22.25 27.05 -6
    endloop
  endfacet
  facet normal 0 -1 0
    outer loop
      vertex 22.25 26.41 4.14
      vertex 22.89 26.41 6.74
      vertex 22.25 26.41 6.74
    endloop
  endfacet
  facet normal 0 -1 -0
    outer loop
      vertex 22.89 26.41 6.74
      vertex 22.25 26.41 4.14
      vertex 22.89 26.41 4.14
    endloop
  endfacet
  facet normal 0 -1 0
    outer loop
      vertex 22.25 26.41 -6
      vertex 22.89 26.41 0
      vertex 22.25 26.41 0
    endloop
  endfacet
  facet normal 0 -1 -0
    outer loop
      vertex 22.89 26.41 0
      vertex 22.25 26.41 -6
      vertex 22.89 26.41 -6
    endloop
  endfacet
  facet normal 1 -0 0
    outer loop
      vertex 25.43 26.41 6.74
      vertex 25.43 27.05 4.14
      vertex 25.43 27.05 6.74
    endloop
  endfacet
  facet normal 1 0 0
    outer loop
      vertex 25.43 27.05 4.14
      vertex 25.43 26.41 6.74
      vertex 25.43 26.41 4.14
    endloop
  endfacet
  facet normal 1 -0 0
    outer loop
      vertex 25.43 26.41 0
      vertex 25.43 27.05 -6
      vertex 25.43 27.05 0
    endloop
  endfacet
  facet normal 1 0 0
    outer loop
      vertex 25.43 27.05 -6
      vertex 25.43 26.41 0
      vertex 25.43 26.41 -6
    endloop
  endfacet
  facet normal -0 0 1
    outer loop
      vertex 24.79 27.05 6.74
      vertex 25.43 26.41 6.74
      vertex 25.43 27.05 6.74
    endloop
  endfacet
  facet normal 0 0 1
    outer loop
      vertex 25.43 26.41 6.74
      vertex 24.79 27.05 6.74
      vertex 24.79 26.41 6.74
    endloop
  endfacet
  facet normal 0 0 -1
    outer loop
      vertex 24.79 26.41 -6
      vertex 25.43 27.05 -6
      vertex 25.43 26.41 -6
    endloop
  endfacet
  facet normal -0 0 -1
    outer loop
      vertex 25.43 27.05 -6
      vertex 24.79 26.41 -6
      vertex 24.79 27.05 -6
    endloop
  endfacet
  facet normal -1 0 0
    outer loop
      vertex 24.79 26.41 4.14
      vertex 24.79 27.05 6.74
      vertex 24.79 27.05 4.14
    endloop
  endfacet
  facet normal -1 -0 0
    outer loop
      vertex 24.79 27.05 6.74
      vertex 24.79 26.41 4.14
      vertex 24.79 26.41 6.74
    endloop
  endfacet
  facet normal -1 0 0
    outer loop
      vertex 24.79 26.41 -6
      vertex 24.79 27.05 0
      vertex 24.79 27.05 -6
    endloop
  endfacet
  facet normal -1 -0 0
    outer loop
      vertex 24.79 27.05 0
      vertex 24.79 26.41 -6
      vertex 24.79 26.41 0
    endloop
  endfacet
  facet normal 0 1 -0
    outer loop
      vertex 25.43 27.05 4.14
      vertex 24.79 27.05 6.74
      vertex 25.43 27.05 6.74
    endloop
  endfacet
  facet normal 0 1 0
    outer loop
      vertex 24.79 27.05 6.74
      vertex 25.43 27.05 4.14
      vertex 24.79 27.05 4.14
    endloop
  endfacet
  facet normal 0 1 -0
    outer loop
      vertex 25.43 27.05 -6
      vertex 24.79 27.05 0
      vertex 25.43 27.05 0
    endloop
  endfacet
  facet normal 0 1 0
    outer loop
      vertex 24.79 27.05 0
      vertex 25.43 27.05 -6
      vertex 24.79 27.05 -6
    endloop
  endfacet
  facet normal 0 -1 0
    outer loop
      vertex 24.79 26.41 4.14
      vertex 25.43 26.41 6.74
      vertex 24.79 26.41 6.74
    endloop
  endfacet
  facet normal 0 -1 -0
    outer loop
      vertex 25.43 26.41 6.74
      vertex 24.79 26.41 4.14
      vertex 25.43 26.41 4.14
    endloop
  endfacet
  facet normal 0 -1 0
    outer loop
      vertex 24.79 26.41 -6
      vertex 25.43 26.41 0
      vertex 24.79 26.41 0
    endloop
  endfacet
  facet normal 0 -1 -0
    outer loop
      vertex 25.43 26.41 0
      vertex 24.79 26.41 -6
      vertex 25.43 26.41 -6
    endloop
  endfacet
  facet normal 1 -0 0
    outer loop
      vertex 27.97 26.41 6.74
      vertex 27.97 27.05 4.14
      vertex 27.97 27.05 6.74
    endloop
  endfacet
  facet normal 1 0 0
    outer loop
      vertex 27.97 27.05 4.14
      vertex 27.97 26.41 6.74
      vertex 27.97 26.41 4.14
    endloop
  endfacet
  facet normal 1 -0 0
    outer loop
      vertex 27.97 26.41 0
      vertex 27.97 27.05 -6
      vertex 27.97 27.05 0
    endloop
  endfacet
  facet normal 1 0 0
    outer loop
      vertex 27.97 27.05 -6
      vertex 27.97 26.41 0
      vertex 27.97 26.41 -6
    endloop
  endfacet
  facet normal -0 0 1
    outer loop
      vertex 27.33 27.05 6.74
      vertex 27.97 26.41 6.74
      vertex 27.97 27.05 6.74
    endloop
  endfacet
  facet normal 0 0 1
    outer loop
      vertex 27.97 26.41 6.74
      vertex 27.33 27.05 6.74
      vertex 27.33 26.41 6.74
    endloop
  endfacet
  facet normal 0 0 -1
    outer loop
      vertex 27.33 26.41 -6
      vertex 27.97 27.05 -6
      vertex 27.97 26.41 -6
    endloop
  endfacet
  facet normal -0 0 -1
    outer loop
      vertex 27.97 27.05 -6
      vertex 27.33 26.41 -6
      vertex 27.33 27.05 -6
    endloop
  endfacet
  facet normal -1 0 0
    outer loop
      vertex 27.33 26.41 4.14
      vertex 27.33 27.05 6.74
      vertex 27.33 27.05 4.14
    endloop
  endfacet
  facet normal -1 -0 0
    outer loop
      vertex 27.33 27.05 6.74
      vertex 27.33 26.41 4.14
      vertex 27.33 26.41 6.74
    endloop
  endfacet
  facet normal -1 0 0
    outer loop
      vertex 27.33 26.41 -6
      vertex 27.33 27.05 0
      vertex 27.33 27.05 -6
    endloop
  endfacet
  facet normal -1 -0 0
    outer loop
      vertex 27.33 27.05 0
      vertex 27.33 26.41 -6
      vertex 27.33 26.41 0
    endloop
  endfacet
  facet normal 0 1 -0
    outer loop
      vertex 27.97 27.05 4.14
      vertex 27.33 27.05 6.74
      vertex 27.97 27.05 6.74
    endloop
  endfacet
  facet normal 0 1 0
    outer loop
      vertex 27.33 27.05 6.74
      vertex 27.97 27.05 4.14
      vertex 27.33 27.05 4.14
    endloop
  endfacet
  facet normal 0 1 -0
    outer loop
      vertex 27.97 27.05 -6
      vertex 27.33 27.05 0
      vertex 27.97 27.05 0
    endloop
  endfacet
  facet normal 0 1 0
    outer loop
      vertex 27.33 27.05 0
      vertex 27.97 27.05 -6
      vertex 27.33 27.05 -6
    endloop
  endfacet
  facet normal 0 -1 0
    outer loop
      vertex 27.33 26.41 4.14
      vertex 27.97 26.41 6.74
      vertex 27.33 26.41 6.74
    endloop
  endfacet
  facet normal 0 -1 -0
    outer loop
      vertex 27.97 26.41 6.74
      vertex 27.33 26.41 4.14
      vertex 27.97 26.41 4.14
    endloop
  endfacet
  facet normal 0 -1 0
    outer loop
      vertex 27.33 26.41 -6
      vertex 27.97 26.41 0
      vertex 27.33 26.41 0
    endloop
  endfacet
  facet normal 0 -1 -0
    outer loop
      vertex 27.97 26.41 0
      vertex 27.33 26.41 -6
      vertex 27.97 26.41 -6
    endloop
  endfacet
  facet normal 1 -0 0
    outer loop
      vertex 30.51 26.41 6.74
      vertex 30.51 27.05 4.14
      vertex 30.51 27.05 6.74
    endloop
  endfacet
  facet normal 1 0 0
    outer loop
      vertex 30.51 27.05 4.14
      vertex 30.51 26.41 6.74
      vertex 30.51 26.41 4.14
    endloop
  endfacet
  facet normal 1 -0 0
    outer loop
      vertex 30.51 26.41 0
      vertex 30.51 27.05 -6
      vertex 30.51 27.05 0
    endloop
  endfacet
  facet normal 1 0 0
    outer loop
      vertex 30.51 27.05 -6
      vertex 30.51 26.41 0
      vertex 30.51 26.41 -6
    endloop
  endfacet
  facet normal -0 0 1
    outer loop
      vertex 29.87 27.05 6.74
      vertex 30.51 26.41 6.74
      vertex 30.51 27.05 6.74
    endloop
  endfacet
  facet normal 0 0 1
    outer loop
      vertex 30.51 26.41 6.74
      vertex 29.87 27.05 6.74
      vertex 29.87 26.41 6.74
    endloop
  endfacet
  facet normal 0 0 -1
    outer loop
      vertex 29.87 26.41 -6
      vertex 30.51 27.05 -6
      vertex 30.51 26.41 -6
    endloop
  endfacet
  facet normal -0 0 -1
    outer loop
      vertex 30.51 27.05 -6
      vertex 29.87 26.41 -6
      vertex 29.87 27.05 -6
    endloop
  endfacet
  facet normal -1 0 0
    outer loop
      vertex 29.87 26.41 4.14
      vertex 29.87 27.05 6.74
      vertex 29.87 27.05 4.14
    endloop
  endfacet
  facet normal -1 -0 0
    outer loop
      vertex 29.87 27.05 6.74
      vertex 29.87 26.41 4.14
      vertex 29.87 26.41 6.74
    endloop
  endfacet
  facet normal -1 0 0
    outer loop
      vertex 29.87 26.41 -6
      vertex 29.87 27.05 0
      vertex 29.87 27.05 -6
    endloop
  endfacet
  facet normal -1 -0 0
    outer loop
      vertex 29.87 27.05 0
      vertex 29.87 26.41 -6
      vertex 29.87 26.41 0
    endloop
  endfacet
  facet normal 0 1 -0
    outer loop
      vertex 30.51 27.05 4.14
      vertex 29.87 27.05 6.74
      vertex 30.51 27.05 6.74
    endloop
  endfacet
  facet normal 0 1 0
    outer loop
      vertex 29.87 27.05 6.74
      vertex 30.51 27.05 4.14
      vertex 29.87 27.05 4.14
    endloop
  endfacet
  facet normal 0 1 -0
    outer loop
      vertex 30.51 27.05 -6
      vertex 29.87 27.05 0
      vertex 30.51 27.05 0
    endloop
  endfacet
  facet normal 0 1 0
    outer loop
      vertex 29.87 27.05 0
      vertex 30.51 27.05 -6
      vertex 29.87 27.05 -6
    endloop
  endfacet
  facet normal 0 -1 0
    outer loop
      vertex 29.87 26.41 4.14
      vertex 30.51 26.41 6.74
      vertex 29.87 26.41 6.74
    endloop
  endfacet
  facet normal 0 -1 -0
    outer loop
      vertex 30.51 26.41 6.74
      vertex 29.87 26.41 4.14
      vertex 30.51 26.41 4.14
    endloop
  endfacet
  facet normal 0 -1 0
    outer loop
      vertex 29.87 26.41 -6
      vertex 30.51 26.41 0
      vertex 29.87 26.41 0
    endloop
  endfacet
  facet normal 0 -1 -0
    outer loop
      vertex 30.51 26.41 0
      vertex 29.87 26.41 -6
      vertex 30.51 26.41 -6
    endloop
  endfacet
  facet normal 1 -0 0
    outer loop
      vertex 33.05 26.41 6.74
      vertex 33.05 27.05 4.14
      vertex 33.05 27.05 6.74
    endloop
  endfacet
  facet normal 1 0 0
    outer loop
      vertex 33.05 27.05 4.14
      vertex 33.05 26.41 6.74
      vertex 33.05 26.41 4.14
    endloop
  endfacet
  facet normal 1 -0 0
    outer loop
      vertex 33.05 26.41 0
      vertex 33.05 27.05 -6
      vertex 33.05 27.05 0
    endloop
  endfacet
  facet normal 1 0 0
    outer loop
      vertex 33.05 27.05 -6
      vertex 33.05 26.41 0
      vertex 33.05 26.41 -6
    endloop
  endfacet
  facet normal -0 0 1
    outer loop
      vertex 32.41 27.05 6.74
      vertex 33.05 26.41 6.74
      vertex 33.05 27.05 6.74
    endloop
  endfacet
  facet normal 0 0 1
    outer loop
      vertex 33.05 26.41 6.74
      vertex 32.41 27.05 6.74
      vertex 32.41 26.41 6.74
    endloop
  endfacet
  facet normal 0 0 -1
    outer loop
      vertex 32.41 26.41 -6
      vertex 33.05 27.05 -6
      vertex 33.05 26.41 -6
    endloop
  endfacet
  facet normal -0 0 -1
    outer loop
      vertex 33.05 27.05 -6
      vertex 32.41 26.41 -6
      vertex 32.41 27.05 -6
    endloop
  endfacet
  facet normal -1 0 0
    outer loop
      vertex 32.41 26.41 4.14
      vertex 32.41 27.05 6.74
      vertex 32.41 27.05 4.14
    endloop
  endfacet
  facet normal -1 -0 0
    outer loop
      vertex 32.41 27.05 6.74
      vertex 32.41 26.41 4.14
      vertex 32.41 26.41 6.74
    endloop
  endfacet
  facet normal -1 0 0
    outer loop
      vertex 32.41 26.41 -6
      vertex 32.41 27.05 0
      vertex 32.41 27.05 -6
    endloop
  endfacet
  facet normal -1 -0 0
    outer loop
      vertex 32.41 27.05 0
      vertex 32.41 26.41 -6
      vertex 32.41 26.41 0
    endloop
  endfacet
  facet normal 0 1 -0
    outer loop
      vertex 33.05 27.05 4.14
      vertex 32.41 27.05 6.74
      vertex 33.05 27.05 6.74
    endloop
  endfacet
  facet normal 0 1 0
    outer loop
      vertex 32.41 27.05 6.74
      vertex 33.05 27.05 4.14
      vertex 32.41 27.05 4.14
    endloop
  endfacet
  facet normal 0 1 -0
    outer loop
      vertex 33.05 27.05 -6
      vertex 32.41 27.05 0
      vertex 33.05 27.05 0
    endloop
  endfacet
  facet normal 0 1 0
    outer loop
      vertex 32.41 27.05 0
      vertex 33.05 27.05 -6
      vertex 32.41 27.05 -6
    endloop
  endfacet
  facet normal 0 -1 0
    outer loop
      vertex 32.41 26.41 4.14
      vertex 33.05 26.41 6.74
      vertex 32.41 26.41 6.74
    endloop
  endfacet
  facet normal 0 -1 -0
    outer loop
      vertex 33.05 26.41 6.74
      vertex 32.41 26.41 4.14
      vertex 33.05 26.41 4.14
    endloop
  endfacet
  facet normal 0 -1 0
    outer loop
      vertex 32.41 26.41 -6
      vertex 33.05 26.41 0
      vertex 32.41 26.41 0
    endloop
  endfacet
  facet normal 0 -1 -0
    outer loop
      vertex 33.05 26.41 0
      vertex 32.41 26.41 -6
      vertex 33.05 26.41 -6
    endloop
  endfacet
  facet normal 1 -0 0
    outer loop
      vertex 35.59 26.41 6.74
      vertex 35.59 27.05 4.14
      vertex 35.59 27.05 6.74
    endloop
  endfacet
  facet normal 1 0 0
    outer loop
      vertex 35.59 27.05 4.14
      vertex 35.59 26.41 6.74
      vertex 35.59 26.41 4.14
    endloop
  endfacet
  facet normal 1 -0 0
    outer loop
      vertex 35.59 26.41 0
      vertex 35.59 27.05 -6
      vertex 35.59 27.05 0
    endloop
  endfacet
  facet normal 1 0 0
    outer loop
      vertex 35.59 27.05 -6
      vertex 35.59 26.41 0
      vertex 35.59 26.41 -6
    endloop
  endfacet
  facet normal -0 0 1
    outer loop
      vertex 34.95 27.05 6.74
      vertex 35.59 26.41 6.74
      vertex 35.59 27.05 6.74
    endloop
  endfacet
  facet normal 0 0 1
    outer loop
      vertex 35.59 26.41 6.74
      vertex 34.95 27.05 6.74
      vertex 34.95 26.41 6.74
    endloop
  endfacet
  facet normal 0 0 -1
    outer loop
      vertex 34.95 26.41 -6
      vertex 35.59 27.05 -6
      vertex 35.59 26.41 -6
    endloop
  endfacet
  facet normal -0 0 -1
    outer loop
      vertex 35.59 27.05 -6
      vertex 34.95 26.41 -6
      vertex 34.95 27.05 -6
    endloop
  endfacet
  facet normal -1 0 0
    outer loop
      vertex 34.95 26.41 4.14
      vertex 34.95 27.05 6.74
      vertex 34.95 27.05 4.14
    endloop
  endfacet
  facet normal -1 -0 0
    outer loop
      vertex 34.95 27.05 6.74
      vertex 34.95 26.41 4.14
      vertex 34.95 26.41 6.74
    endloop
  endfacet
  facet normal -1 0 0
    outer loop
      vertex 34.95 26.41 -6
      vertex 34.95 27.05 0
      vertex 34.95 27.05 -6
    endloop
  endfacet
  facet normal -1 -0 0
    outer loop
      vertex 34.95 27.05 0
      vertex 34.95 26.41 -6
      vertex 34.95 26.41 0
    endloop
  endfacet
  facet normal 0 1 -0
    outer loop
      vertex 35.59 27.05 4.14
      vertex 34.95 27.05 6.74
      vertex 35.59 27.05 6.74
    endloop
  endfacet
  facet normal 0 1 0
    outer loop
      vertex 34.95 27.05 6.74
      vertex 35.59 27.05 4.14
      vertex 34.95 27.05 4.14
    endloop
  endfacet
  facet normal 0 1 -0
    outer loop
      vertex 35.59 27.05 -6
      vertex 34.95 27.05 0
      vertex 35.59 27.05 0
    endloop
  endfacet
  facet normal 0 1 0
    outer loop
      vertex 34.95 27.05 0
      vertex 35.59 27.05 -6
      vertex 34.95 27.05 -6
    endloop
  endfacet
  facet normal 0 -1 0
    outer loop
      vertex 34.95 26.41 4.14
      vertex 35.59 26.41 6.74
      vertex 34.95 26.41 6.74
    endloop
  endfacet
  facet normal 0 -1 -0
    outer loop
      vertex 35.59 26.41 6.74
      vertex 34.95 26.41 4.14
      vertex 35.59 26.41 4.14
    endloop
  endfacet
  facet normal 0 -1 0
    outer loop
      vertex 34.95 26.41 -6
      vertex 35.59 26.41 0
      vertex 34.95 26.41 0
    endloop
  endfacet
  facet normal 0 -1 -0
    outer loop
      vertex 35.59 26.41 0
      vertex 34.95 26.41 -6
      vertex 35.59 26.41 -6
    endloop
  endfacet
  facet normal 1 -0 0
    outer loop
      vertex 38.13 26.41 6.74
      vertex 38.13 27.05 4.14
      vertex 38.13 27.05 6.74
    endloop
  endfacet
  facet normal 1 0 0
    outer loop
      vertex 38.13 27.05 4.14
      vertex 38.13 26.41 6.74
      vertex 38.13 26.41 4.14
    endloop
  endfacet
  facet normal 1 -0 0
    outer loop
      vertex 38.13 26.41 0
      vertex 38.13 27.05 -6
      vertex 38.13 27.05 0
    endloop
  endfacet
  facet normal 1 0 0
    outer loop
      vertex 38.13 27.05 -6
      vertex 38.13 26.41 0
      vertex 38.13 26.41 -6
    endloop
  endfacet
  facet normal -0 0 1
    outer loop
      vertex 37.49 27.05 6.74
      vertex 38.13 26.41 6.74
      vertex 38.13 27.05 6.74
    endloop
  endfacet
  facet normal 0 0 1
    outer loop
      vertex 38.13 26.41 6.74
      vertex 37.49 27.05 6.74
      vertex 37.49 26.41 6.74
    endloop
  endfacet
  facet normal 0 0 -1
    outer loop
      vertex 37.49 26.41 -6
      vertex 38.13 27.05 -6
      vertex 38.13 26.41 -6
    endloop
  endfacet
  facet normal -0 0 -1
    outer loop
      vertex 38.13 27.05 -6
      vertex 37.49 26.41 -6
      vertex 37.49 27.05 -6
    endloop
  endfacet
  facet normal -1 0 0
    outer loop
      vertex 37.49 26.41 4.14
      vertex 37.49 27.05 6.74
      vertex 37.49 27.05 4.14
    endloop
  endfacet
  facet normal -1 -0 0
    outer loop
      vertex 37.49 27.05 6.74
      vertex 37.49 26.41 4.14
      vertex 37.49 26.41 6.74
    endloop
  endfacet
  facet normal -1 0 0
    outer loop
      vertex 37.49 26.41 -6
      vertex 37.49 27.05 0
      vertex 37.49 27.05 -6
    endloop
  endfacet
  facet normal -1 -0 0
    outer loop
      vertex 37.49 27.05 0
      vertex 37.49 26.41 -6
      vertex 37.49 26.41 0
    endloop
  endfacet
  facet normal 0 1 -0
    outer loop
      vertex 38.13 27.05 4.14
      vertex 37.49 27.05 6.74
      vertex 38.13 27.05 6.74
    endloop
  endfacet
  facet normal 0 1 0
    outer loop
      vertex 37.49 27.05 6.74
      vertex 38.13 27.05 4.14
      vertex 37.49 27.05 4.14
    endloop
  endfacet
  facet normal 0 1 -0
    outer loop
      vertex 38.13 27.05 -6
      vertex 37.49 27.05 0
      vertex 38.13 27.05 0
    endloop
  endfacet
  facet normal 0 1 0
    outer loop
      vertex 37.49 27.05 0
      vertex 38.13 27.05 -6
      vertex 37.49 27.05 -6
    endloop
  endfacet
  facet normal 0 -1 0
    outer loop
      vertex 37.49 26.41 4.14
      vertex 38.13 26.41 6.74
      vertex 37.49 26.41 6.74
    endloop
  endfacet
  facet normal 0 -1 -0
    outer loop
      vertex 38.13 26.41 6.74
      vertex 37.49 26.41 4.14
      vertex 38.13 26.41 4.14
    endloop
  endfacet
  facet normal 0 -1 0
    outer loop
      vertex 37.49 26.41 -6
      vertex 38.13 26.41 0
      vertex 37.49 26.41 0
    endloop
  endfacet
  facet normal 0 -1 -0
    outer loop
      vertex 38.13 26.41 0
      vertex 37.49 26.41 -6
      vertex 38.13 26.41 -6
    endloop
  endfacet
  facet normal 1 -0 0
    outer loop
      vertex 40.67 26.41 6.74
      vertex 40.67 27.05 4.14
      vertex 40.67 27.05 6.74
    endloop
  endfacet
  facet normal 1 0 0
    outer loop
      vertex 40.67 27.05 4.14
      vertex 40.67 26.41 6.74
      vertex 40.67 26.41 4.14
    endloop
  endfacet
  facet normal 1 -0 0
    outer loop
      vertex 40.67 26.41 0
      vertex 40.67 27.05 -6
      vertex 40.67 27.05 0
    endloop
  endfacet
  facet normal 1 0 0
    outer loop
      vertex 40.67 27.05 -6
      vertex 40.67 26.41 0
      vertex 40.67 26.41 -6
    endloop
  endfacet
  facet normal -0 0 1
    outer loop
      vertex 40.03 27.05 6.74
      vertex 40.67 26.41 6.74
      vertex 40.67 27.05 6.74
    endloop
  endfacet
  facet normal 0 0 1
    outer loop
      vertex 40.67 26.41 6.74
      vertex 40.03 27.05 6.74
      vertex 40.03 26.41 6.74
    endloop
  endfacet
  facet normal 0 0 -1
    outer loop
      vertex 40.03 26.41 -6
      vertex 40.67 27.05 -6
      vertex 40.67 26.41 -6
    endloop
  endfacet
  facet normal -0 0 -1
    outer loop
      vertex 40.67 27.05 -6
      vertex 40.03 26.41 -6
      vertex 40.03 27.05 -6
    endloop
  endfacet
  facet normal -1 0 0
    outer loop
      vertex 40.03 26.41 4.14
      vertex 40.03 27.05 6.74
      vertex 40.03 27.05 4.14
    endloop
  endfacet
  facet normal -1 -0 0
    outer loop
      vertex 40.03 27.05 6.74
      vertex 40.03 26.41 4.14
      vertex 40.03 26.41 6.74
    endloop
  endfacet
  facet normal -1 0 0
    outer loop
      vertex 40.03 26.41 -6
      vertex 40.03 27.05 0
      vertex 40.03 27.05 -6
    endloop
  endfacet
  facet normal -1 -0 0
    outer loop
      vertex 40.03 27.05 0
      vertex 40.03 26.41 -6
      vertex 40.03 26.41 0
    endloop
  endfacet
  facet normal 0 1 -0
    outer loop
      vertex 40.67 27.05 4.14
      vertex 40.03 27.05 6.74
      vertex 40.67 27.05 6.74
    endloop
  endfacet
  facet normal 0 1 0
    outer loop
      vertex 40.03 27.05 6.74
      vertex 40.67 27.05 4.14
      vertex 40.03 27.05 4.14
    endloop
  endfacet
  facet normal 0 1 -0
    outer loop
      vertex 40.67 27.05 -6
      vertex 40.03 27.05 0
      vertex 40.67 27.05 0
    endloop
  endfacet
  facet normal 0 1 0
    outer loop
      vertex 40.03 27.05 0
      vertex 40.67 27.05 -6
      vertex 40.03 27.05 -6
    endloop
  endfacet
  facet normal 0 -1 0
    outer loop
      vertex 40.03 26.41 4.14
      vertex 40.67 26.41 6.74
      vertex 40.03 26.41 6.74
    endloop
  endfacet
  facet normal 0 -1 -0
    outer loop
      vertex 40.67 26.41 6.74
      vertex 40.03 26.41 4.14
      vertex 40.67 26.41 4.14
    endloop
  endfacet
  facet normal 0 -1 0
    outer loop
      vertex 40.03 26.41 -6
      vertex 40.67 26.41 0
      vertex 40.03 26.41 0
    endloop
  endfacet
  facet normal 0 -1 -0
    outer loop
      vertex 40.67 26.41 0
      vertex 40.03 26.41 -6
      vertex 40.67 26.41 -6
    endloop
  endfacet
  facet normal 1 -0 0
    outer loop
      vertex 43.21 26.41 6.74
      vertex 43.21 27.05 4.14
      vertex 43.21 27.05 6.74
    endloop
  endfacet
  facet normal 1 0 0
    outer loop
      vertex 43.21 27.05 4.14
      vertex 43.21 26.41 6.74
      vertex 43.21 26.41 4.14
    endloop
  endfacet
  facet normal 1 -0 0
    outer loop
      vertex 43.21 26.41 0
      vertex 43.21 27.05 -6
      vertex 43.21 27.05 0
    endloop
  endfacet
  facet normal 1 0 0
    outer loop
      vertex 43.21 27.05 -6
      vertex 43.21 26.41 0
      vertex 43.21 26.41 -6
    endloop
  endfacet
  facet normal -0 0 1
    outer loop
      vertex 42.57 27.05 6.74
      vertex 43.21 26.41 6.74
      vertex 43.21 27.05 6.74
    endloop
  endfacet
  facet normal 0 0 1
    outer loop
      vertex 43.21 26.41 6.74
      vertex 42.57 27.05 6.74
      vertex 42.57 26.41 6.74
    endloop
  endfacet
  facet normal 0 0 -1
    outer loop
      vertex 42.57 26.41 -6
      vertex 43.21 27.05 -6
      vertex 43.21 26.41 -6
    endloop
  endfacet
  facet normal -0 0 -1
    outer loop
      vertex 43.21 27.05 -6
      vertex 42.57 26.41 -6
      vertex 42.57 27.05 -6
    endloop
  endfacet
  facet normal -1 0 0
    outer loop
      vertex 42.57 26.41 4.14
      vertex 42.57 27.05 6.74
      vertex 42.57 27.05 4.14
    endloop
  endfacet
  facet normal -1 -0 0
    outer loop
      vertex 42.57 27.05 6.74
      vertex 42.57 26.41 4.14
      vertex 42.57 26.41 6.74
    endloop
  endfacet
  facet normal -1 0 0
    outer loop
      vertex 42.57 26.41 -6
      vertex 42.57 27.05 0
      vertex 42.57 27.05 -6
    endloop
  endfacet
  facet normal -1 -0 0
    outer loop
      vertex 42.57 27.05 0
      vertex 42.57 26.41 -6
      vertex 42.57 26.41 0
    endloop
  endfacet
  facet normal 0 1 -0
    outer loop
      vertex 43.21 27.05 4.14
      vertex 42.57 27.05 6.74
      vertex 43.21 27.05 6.74
    endloop
  endfacet
  facet normal 0 1 0
    outer loop
      vertex 42.57 27.05 6.74
      vertex 43.21 27.05 4.14
      vertex 42.57 27.05 4.14
    endloop
  endfacet
  facet normal 0 1 -0
    outer loop
      vertex 43.21 27.05 -6
      vertex 42.57 27.05 0
      vertex 43.21 27.05 0
    endloop
  endfacet
  facet normal 0 1 0
    outer loop
      vertex 42.57 27.05 0
      vertex 43.21 27.05 -6
      vertex 42.57 27.05 -6
    endloop
  endfacet
  facet normal 0 -1 0
    outer loop
      vertex 42.57 26.41 4.14
      vertex 43.21 26.41 6.74
      vertex 42.57 26.41 6.74
    endloop
  endfacet
  facet normal 0 -1 -0
    outer loop
      vertex 43.21 26.41 6.74
      vertex 42.57 26.41 4.14
      vertex 43.21 26.41 4.14
    endloop
  endfacet
  facet normal 0 -1 0
    outer loop
      vertex 42.57 26.41 -6
      vertex 43.21 26.41 0
      vertex 42.57 26.41 0
    endloop
  endfacet
  facet normal 0 -1 -0
    outer loop
      vertex 43.21 26.41 0
      vertex 42.57 26.41 -6
      vertex 43.21 26.41 -6
    endloop
  endfacet
  facet normal 1 -0 0
    outer loop
      vertex 45.75 26.41 6.74
      vertex 45.75 27.05 4.14
      vertex 45.75 27.05 6.74
    endloop
  endfacet
  facet normal 1 0 0
    outer loop
      vertex 45.75 27.05 4.14
      vertex 45.75 26.41 6.74
      vertex 45.75 26.41 4.14
    endloop
  endfacet
  facet normal 1 -0 0
    outer loop
      vertex 45.75 26.41 0
      vertex 45.75 27.05 -6
      vertex 45.75 27.05 0
    endloop
  endfacet
  facet normal 1 0 0
    outer loop
      vertex 45.75 27.05 -6
      vertex 45.75 26.41 0
      vertex 45.75 26.41 -6
    endloop
  endfacet
  facet normal -0 0 1
    outer loop
      vertex 45.11 27.05 6.74
      vertex 45.75 26.41 6.74
      vertex 45.75 27.05 6.74
    endloop
  endfacet
  facet normal 0 0 1
    outer loop
      vertex 45.75 26.41 6.74
      vertex 45.11 27.05 6.74
      vertex 45.11 26.41 6.74
    endloop
  endfacet
  facet normal 0 0 -1
    outer loop
      vertex 45.11 26.41 -6
      vertex 45.75 27.05 -6
      vertex 45.75 26.41 -6
    endloop
  endfacet
  facet normal -0 0 -1
    outer loop
      vertex 45.75 27.05 -6
      vertex 45.11 26.41 -6
      vertex 45.11 27.05 -6
    endloop
  endfacet
  facet normal -1 0 0
    outer loop
      vertex 45.11 26.41 4.14
      vertex 45.11 27.05 6.74
      vertex 45.11 27.05 4.14
    endloop
  endfacet
  facet normal -1 -0 0
    outer loop
      vertex 45.11 27.05 6.74
      vertex 45.11 26.41 4.14
      vertex 45.11 26.41 6.74
    endloop
  endfacet
  facet normal -1 0 0
    outer loop
      vertex 45.11 26.41 -6
      vertex 45.11 27.05 0
      vertex 45.11 27.05 -6
    endloop
  endfacet
  facet normal -1 -0 0
    outer loop
      vertex 45.11 27.05 0
      vertex 45.11 26.41 -6
      vertex 45.11 26.41 0
    endloop
  endfacet
  facet normal 0 1 -0
    outer loop
      vertex 45.75 27.05 4.14
      vertex 45.11 27.05 6.74
      vertex 45.75 27.05 6.74
    endloop
  endfacet
  facet normal 0 1 0
    outer loop
      vertex 45.11 27.05 6.74
      vertex 45.75 27.05 4.14
      vertex 45.11 27.05 4.14
    endloop
  endfacet
  facet normal 0 1 -0
    outer loop
      vertex 45.75 27.05 -6
      vertex 45.11 27.05 0
      vertex 45.75 27.05 0
    endloop
  endfacet
  facet normal 0 1 0
    outer loop
      vertex 45.11 27.05 0
      vertex 45.75 27.05 -6
      vertex 45.11 27.05 -6
    endloop
  endfacet
  facet normal 0 -1 0
    outer loop
      vertex 45.11 26.41 4.14
      vertex 45.75 26.41 6.74
      vertex 45.11 26.41 6.74
    endloop
  endfacet
  facet normal 0 -1 -0
    outer loop
      vertex 45.75 26.41 6.74
      vertex 45.11 26.41 4.14
      vertex 45.75 26.41 4.14
    endloop
  endfacet
  facet normal 0 -1 0
    outer loop
      vertex 45.11 26.41 -6
      vertex 45.75 26.41 0
      vertex 45.11 26.41 0
    endloop
  endfacet
  facet normal 0 -1 -0
    outer loop
      vertex 45.75 26.41 0
      vertex 45.11 26.41 -6
      vertex 45.75 26.41 -6
    endloop
  endfacet
  facet normal 1 -0 0
    outer loop
      vertex 48.29 26.41 6.74
      vertex 48.29 27.05 4.14
      vertex 48.29 27.05 6.74
    endloop
  endfacet
  facet normal 1 0 0
    outer loop
      vertex 48.29 27.05 4.14
      vertex 48.29 26.41 6.74
      vertex 48.29 26.41 4.14
    endloop
  endfacet
  facet normal 1 -0 0
    outer loop
      vertex 48.29 26.41 0
      vertex 48.29 27.05 -6
      vertex 48.29 27.05 0
    endloop
  endfacet
  facet normal 1 0 0
    outer loop
      vertex 48.29 27.05 -6
      vertex 48.29 26.41 0
      vertex 48.29 26.41 -6
    endloop
  endfacet
  facet normal -0 0 1
    outer loop
      vertex 47.65 27.05 6.74
      vertex 48.29 26.41 6.74
      vertex 48.29 27.05 6.74
    endloop
  endfacet
  facet normal 0 0 1
    outer loop
      vertex 48.29 26.41 6.74
      vertex 47.65 27.05 6.74
      vertex 47.65 26.41 6.74
    endloop
  endfacet
  facet normal 0 0 -1
    outer loop
      vertex 47.65 26.41 -6
      vertex 48.29 27.05 -6
      vertex 48.29 26.41 -6
    endloop
  endfacet
  facet normal -0 0 -1
    outer loop
      vertex 48.29 27.05 -6
      vertex 47.65 26.41 -6
      vertex 47.65 27.05 -6
    endloop
  endfacet
  facet normal -1 0 0
    outer loop
      vertex 47.65 26.41 4.14
      vertex 47.65 27.05 6.74
      vertex 47.65 27.05 4.14
    endloop
  endfacet
  facet normal -1 -0 0
    outer loop
      vertex 47.65 27.05 6.74
      vertex 47.65 26.41 4.14
      vertex 47.65 26.41 6.74
    endloop
  endfacet
  facet normal -1 0 0
    outer loop
      vertex 47.65 26.41 -6
      vertex 47.65 27.05 0
      vertex 47.65 27.05 -6
    endloop
  endfacet
  facet normal -1 -0 0
    outer loop
      vertex 47.65 27.05 0
      vertex 47.65 26.41 -6
      vertex 47.65 26.41 0
    endloop
  endfacet
  facet normal 0 1 -0
    outer loop
      vertex 48.29 27.05 4.14
      vertex 47.65 27.05 6.74
      vertex 48.29 27.05 6.74
    endloop
  endfacet
  facet normal 0 1 0
    outer loop
      vertex 47.65 27.05 6.74
      vertex 48.29 27.05 4.14
      vertex 47.65 27.05 4.14
    endloop
  endfacet
  facet normal 0 1 -0
    outer loop
      vertex 48.29 27.05 -6
      vertex 47.65 27.05 0
      vertex 48.29 27.05 0
    endloop
  endfacet
  facet normal 0 1 0
    outer loop
      vertex 47.65 27.05 0
      vertex 48.29 27.05 -6
      vertex 47.65 27.05 -6
    endloop
  endfacet
  facet normal 0 -1 0
    outer loop
      vertex 47.65 26.41 4.14
      vertex 48.29 26.41 6.74
      vertex 47.65 26.41 6.74
    endloop
  endfacet
  facet normal 0 -1 -0
    outer loop
      vertex 48.29 26.41 6.74
      vertex 47.65 26.41 4.14
      vertex 48.29 26.41 4.14
    endloop
  endfacet
  facet normal 0 -1 0
    outer loop
      vertex 47.65 26.41 -6
      vertex 48.29 26.41 0
      vertex 47.65 26.41 0
    endloop
  endfacet
  facet normal 0 -1 -0
    outer loop
      vertex 48.29 26.41 0
      vertex 47.65 26.41 -6
      vertex 48.29 26.41 -6
    endloop
  endfacet
  facet normal 1 -0 0
    outer loop
      vertex 50.83 26.41 6.74
      vertex 50.83 27.05 4.14
      vertex 50.83 27.05 6.74
    endloop
  endfacet
  facet normal 1 0 0
    outer loop
      vertex 50.83 27.05 4.14
      vertex 50.83 26.41 6.74
      vertex 50.83 26.41 4.14
    endloop
  endfacet
  facet normal 1 -0 0
    outer loop
      vertex 50.83 26.41 0
      vertex 50.83 27.05 -6
      vertex 50.83 27.05 0
    endloop
  endfacet
  facet normal 1 0 0
    outer loop
      vertex 50.83 27.05 -6
      vertex 50.83 26.41 0
      vertex 50.83 26.41 -6
    endloop
  endfacet
  facet normal -0 0 1
    outer loop
      vertex 50.19 27.05 6.74
      vertex 50.83 26.41 6.74
      vertex 50.83 27.05 6.74
    endloop
  endfacet
  facet normal 0 0 1
    outer loop
      vertex 50.83 26.41 6.74
      vertex 50.19 27.05 6.74
      vertex 50.19 26.41 6.74
    endloop
  endfacet
  facet normal 0 0 -1
    outer loop
      vertex 50.19 26.41 -6
      vertex 50.83 27.05 -6
      vertex 50.83 26.41 -6
    endloop
  endfacet
  facet normal -0 0 -1
    outer loop
      vertex 50.83 27.05 -6
      vertex 50.19 26.41 -6
      vertex 50.19 27.05 -6
    endloop
  endfacet
  facet normal -1 0 0
    outer loop
      vertex 50.19 26.41 4.14
      vertex 50.19 27.05 6.74
      vertex 50.19 27.05 4.14
    endloop
  endfacet
  facet normal -1 -0 0
    outer loop
      vertex 50.19 27.05 6.74
      vertex 50.19 26.41 4.14
      vertex 50.19 26.41 6.74
    endloop
  endfacet
  facet normal -1 0 0
    outer loop
      vertex 50.19 26.41 -6
      vertex 50.19 27.05 0
      vertex 50.19 27.05 -6
    endloop
  endfacet
  facet normal -1 -0 0
    outer loop
      vertex 50.19 27.05 0
      vertex 50.19 26.41 -6
      vertex 50.19 26.41 0
    endloop
  endfacet
  facet normal 0 1 -0
    outer loop
      vertex 50.83 27.05 4.14
      vertex 50.19 27.05 6.74
      vertex 50.83 27.05 6.74
    endloop
  endfacet
  facet normal 0 1 0
    outer loop
      vertex 50.19 27.05 6.74
      vertex 50.83 27.05 4.14
      vertex 50.19 27.05 4.14
    endloop
  endfacet
  facet normal 0 1 -0
    outer loop
      vertex 50.83 27.05 -6
      vertex 50.19 27.05 0
      vertex 50.83 27.05 0
    endloop
  endfacet
  facet normal 0 1 0
    outer loop
      vertex 50.19 27.05 0
      vertex 50.83 27.05 -6
      vertex 50.19 27.05 -6
    endloop
  endfacet
  facet normal 0 -1 0
    outer loop
      vertex 50.19 26.41 4.14
      vertex 50.83 26.41 6.74
      vertex 50.19 26.41 6.74
    endloop
  endfacet
  facet normal 0 -1 -0
    outer loop
      vertex 50.83 26.41 6.74
      vertex 50.19 26.41 4.14
      vertex 50.83 26.41 4.14
    endloop
  endfacet
  facet normal 0 -1 0
    outer loop
      vertex 50.19 26.41 -6
      vertex 50.83 26.41 0
      vertex 50.19 26.41 0
    endloop
  endfacet
  facet normal 0 -1 -0
    outer loop
      vertex 50.83 26.41 0
      vertex 50.19 26.41 -6
      vertex 50.83 26.41 -6
    endloop
  endfacet
  facet normal 1 -0 0
    outer loop
      vertex 51.78 25.46 4.14
      vertex 51.78 28 1.6
      vertex 51.78 28 4.14
    endloop
  endfacet
  facet normal 1 0 0
    outer loop
      vertex 51.78 28 1.6
      vertex 51.78 25.46 4.14
      vertex 51.78 25.46 1.6
    endloop
  endfacet
  facet normal 0 0 1
    outer loop
      vertex 51.78 28 4.14
      vertex 50.83 27.05 4.14
      vertex 51.78 25.46 4.14
    endloop
  endfacet
  facet normal 0 0 1
    outer loop
      vertex 51.78 28 4.14
      vertex 50.19 27.05 4.14
      vertex 50.83 27.05 4.14
    endloop
  endfacet
  facet normal 0 0 1
    outer loop
      vertex 50.19 27.05 4.14
      vertex 48.29 27.05 4.14
      vertex 50.19 26.41 4.14
    endloop
  endfacet
  facet normal 0 0 1
    outer loop
      vertex 51.78 28 4.14
      vertex 48.29 27.05 4.14
      vertex 50.19 27.05 4.14
    endloop
  endfacet
  facet normal 0 0 1
    outer loop
      vertex 51.78 28 4.14
      vertex 47.65 27.05 4.14
      vertex 48.29 27.05 4.14
    endloop
  endfacet
  facet normal 0 0 1
    outer loop
      vertex 47.65 27.05 4.14
      vertex 45.75 27.05 4.14
      vertex 47.65 26.41 4.14
    endloop
  endfacet
  facet normal 0 0 1
    outer loop
      vertex 51.78 28 4.14
      vertex 45.75 27.05 4.14
      vertex 47.65 27.05 4.14
    endloop
  endfacet
  facet normal 0 0 1
    outer loop
      vertex 51.78 28 4.14
      vertex 45.11 27.05 4.14
      vertex 45.75 27.05 4.14
    endloop
  endfacet
  facet normal 0 0 1
    outer loop
      vertex 45.11 27.05 4.14
      vertex 43.21 27.05 4.14
      vertex 45.11 26.41 4.14
    endloop
  endfacet
  facet normal 0 0 1
    outer loop
      vertex 51.78 28 4.14
      vertex 43.21 27.05 4.14
      vertex 45.11 27.05 4.14
    endloop
  endfacet
  facet normal 0 0 1
    outer loop
      vertex 51.78 28 4.14
      vertex 42.57 27.05 4.14
      vertex 43.21 27.05 4.14
    endloop
  endfacet
  facet normal 0 0 1
    outer loop
      vertex 42.57 27.05 4.14
      vertex 40.67 27.05 4.14
      vertex 42.57 26.41 4.14
    endloop
  endfacet
  facet normal 0 0 1
    outer loop
      vertex 51.78 28 4.14
      vertex 40.67 27.05 4.14
      vertex 42.57 27.05 4.14
    endloop
  endfacet
  facet normal 0 0 1
    outer loop
      vertex 51.78 28 4.14
      vertex 40.03 27.05 4.14
      vertex 40.67 27.05 4.14
    endloop
  endfacet
  facet normal 0 0 1
    outer loop
      vertex 40.03 27.05 4.14
      vertex 38.13 27.05 4.14
      vertex 40.03 26.41 4.14
    endloop
  endfacet
  facet normal 0 0 1
    outer loop
      vertex 51.78 28 4.14
      vertex 38.13 27.05 4.14
      vertex 40.03 27.05 4.14
    endloop
  endfacet
  facet normal 0 0 1
    outer loop
      vertex 51.78 28 4.14
      vertex 37.49 27.05 4.14
      vertex 38.13 27.05 4.14
    endloop
  endfacet
  facet normal 0 0 1
    outer loop
      vertex 37.49 27.05 4.14
      vertex 35.59 27.05 4.14
      vertex 37.49 26.41 4.14
    endloop
  endfacet
  facet normal 0 0 1
    outer loop
      vertex 51.78 28 4.14
      vertex 35.59 27.05 4.14
      vertex 37.49 27.05 4.14
    endloop
  endfacet
  facet normal 0 0 1
    outer loop
      vertex 51.78 28 4.14
      vertex 34.95 27.05 4.14
      vertex 35.59 27.05 4.14
    endloop
  endfacet
  facet normal 0 0 1
    outer loop
      vertex 34.95 27.05 4.14
      vertex 33.05 27.05 4.14
      vertex 34.95 26.41 4.14
    endloop
  endfacet
  facet normal 0 0 1
    outer loop
      vertex 51.78 28 4.14
      vertex 33.05 27.05 4.14
      vertex 34.95 27.05 4.14
    endloop
  endfacet
  facet normal 0 0 1
    outer loop
      vertex 51.78 28 4.14
      vertex 32.41 27.05 4.14
      vertex 33.05 27.05 4.14
    endloop
  endfacet
  facet normal 0 0 1
    outer loop
      vertex 32.41 27.05 4.14
      vertex 30.51 27.05 4.14
      vertex 32.41 26.41 4.14
    endloop
  endfacet
  facet normal 0 0 1
    outer loop
      vertex 51.78 28 4.14
      vertex 30.51 27.05 4.14
      vertex 32.41 27.05 4.14
    endloop
  endfacet
  facet normal 0 0 1
    outer loop
      vertex 51.78 28 4.14
      vertex 29.87 27.05 4.14
      vertex 30.51 27.05 4.14
    endloop
  endfacet
  facet normal 0 0 1
    outer loop
      vertex 29.87 27.05 4.14
      vertex 27.97 27.05 4.14
      vertex 29.87 26.41 4.14
    endloop
  endfacet
  facet normal 0 0 1
    outer loop
      vertex 51.78 28 4.14
      vertex 27.97 27.05 4.14
      vertex 29.87 27.05 4.14
    endloop
  endfacet
  facet normal 0 0 1
    outer loop
      vertex 51.78 28 4.14
      vertex 27.33 27.05 4.14
      vertex 27.97 27.05 4.14
    endloop
  endfacet
  facet normal 0 0 1
    outer loop
      vertex 27.33 27.05 4.14
      vertex 25.43 27.05 4.14
      vertex 27.33 26.41 4.14
    endloop
  endfacet
  facet normal 0 0 1
    outer loop
      vertex 51.78 28 4.14
      vertex 25.43 27.05 4.14
      vertex 27.33 27.05 4.14
    endloop
  endfacet
  facet normal 0 0 1
    outer loop
      vertex 51.78 28 4.14
      vertex 24.79 27.05 4.14
      vertex 25.43 27.05 4.14
    endloop
  endfacet
  facet normal 0 0 1
    outer loop
      vertex 24.79 27.05 4.14
      vertex 22.89 27.05 4.14
      vertex 24.79 26.41 4.14
    endloop
  endfacet
  facet normal -0 0 1
    outer loop
      vertex 3.52 28 4.14
      vertex 24.79 27.05 4.14
      vertex 51.78 28 4.14
    endloop
  endfacet
  facet normal 0 0 1
    outer loop
      vertex 24.79 27.05 4.14
      vertex 3.52 28 4.14
      vertex 22.89 27.05 4.14
    endloop
  endfacet
  facet normal 0 0 1
    outer loop
      vertex 22.25 27.05 4.14
      vertex 20.35 27.05 4.14
      vertex 22.25 26.41 4.14
    endloop
  endfacet
  facet normal 0 0 1
    outer loop
      vertex 22.89 27.05 4.14
      vertex 3.52 28 4.14
      vertex 22.25 27.05 4.14
    endloop
  endfacet
  facet normal 0 0 1
    outer loop
      vertex 22.25 27.05 4.14
      vertex 3.52 28 4.14
      vertex 20.35 27.05 4.14
    endloop
  endfacet
  facet normal 0 0 1
    outer loop
      vertex 19.71 27.05 4.14
      vertex 17.81 27.05 4.14
      vertex 19.71 26.41 4.14
    endloop
  endfacet
  facet normal 0 0 1
    outer loop
      vertex 20.35 27.05 4.14
      vertex 3.52 28 4.14
      vertex 19.71 27.05 4.14
    endloop
  endfacet
  facet normal 0 0 1
    outer loop
      vertex 19.71 27.05 4.14
      vertex 3.52 28 4.14
      vertex 17.81 27.05 4.14
    endloop
  endfacet
  facet normal 0 0 1
    outer loop
      vertex 17.17 27.05 4.14
      vertex 15.27 27.05 4.14
      vertex 17.17 26.41 4.14
    endloop
  endfacet
  facet normal 0 0 1
    outer loop
      vertex 17.81 27.05 4.14
      vertex 3.52 28 4.14
      vertex 17.17 27.05 4.14
    endloop
  endfacet
  facet normal 0 0 1
    outer loop
      vertex 17.17 27.05 4.14
      vertex 3.52 28 4.14
      vertex 15.27 27.05 4.14
    endloop
  endfacet
  facet normal 0 0 1
    outer loop
      vertex 14.63 27.05 4.14
      vertex 12.73 27.05 4.14
      vertex 14.63 26.41 4.14
    endloop
  endfacet
  facet normal 0 0 1
    outer loop
      vertex 15.27 27.05 4.14
      vertex 3.52 28 4.14
      vertex 14.63 27.05 4.14
    endloop
  endfacet
  facet normal 0 0 1
    outer loop
      vertex 14.63 27.05 4.14
      vertex 3.52 28 4.14
      vertex 12.73 27.05 4.14
    endloop
  endfacet
  facet normal 0 0 1
    outer loop
      vertex 12.09 27.05 4.14
      vertex 10.19 27.05 4.14
      vertex 12.09 26.41 4.14
    endloop
  endfacet
  facet normal 0 0 1
    outer loop
      vertex 12.73 27.05 4.14
      vertex 3.52 28 4.14
      vertex 12.09 27.05 4.14
    endloop
  endfacet
  facet normal 0 0 1
    outer loop
      vertex 12.09 27.05 4.14
      vertex 3.52 28 4.14
      vertex 10.19 27.05 4.14
    endloop
  endfacet
  facet normal 0 0 1
    outer loop
      vertex 9.55 27.05 4.14
      vertex 7.65 27.05 4.14
      vertex 9.55 26.41 4.14
    endloop
  endfacet
  facet normal 0 0 1
    outer loop
      vertex 10.19 27.05 4.14
      vertex 3.52 28 4.14
      vertex 9.55 27.05 4.14
    endloop
  endfacet
  facet normal 0 0 1
    outer loop
      vertex 9.55 27.05 4.14
      vertex 3.52 28 4.14
      vertex 7.65 27.05 4.14
    endloop
  endfacet
  facet normal 0 0 1
    outer loop
      vertex 7.01 27.05 4.14
      vertex 5.11 27.05 4.14
      vertex 7.01 26.41 4.14
    endloop
  endfacet
  facet normal 0 0 1
    outer loop
      vertex 7.65 27.05 4.14
      vertex 3.52 28 4.14
      vertex 7.01 27.05 4.14
    endloop
  endfacet
  facet normal 0 0 1
    outer loop
      vertex 7.01 27.05 4.14
      vertex 3.52 28 4.14
      vertex 5.11 27.05 4.14
    endloop
  endfacet
  facet normal 0 0 1
    outer loop
      vertex 4.47 27.05 4.14
      vertex 3.52 28 4.14
      vertex 4.47 26.41 4.14
    endloop
  endfacet
  facet normal 0 0 1
    outer loop
      vertex 5.11 27.05 4.14
      vertex 3.52 28 4.14
      vertex 4.47 27.05 4.14
    endloop
  endfacet
  facet normal -0 0 1
    outer loop
      vertex 50.83 26.41 4.14
      vertex 51.78 25.46 4.14
      vertex 50.83 27.05 4.14
    endloop
  endfacet
  facet normal -0 0 1
    outer loop
      vertex 50.19 26.41 4.14
      vertex 51.78 25.46 4.14
      vertex 50.83 26.41 4.14
    endloop
  endfacet
  facet normal 0 0 1
    outer loop
      vertex 48.29 26.41 4.14
      vertex 50.19 26.41 4.14
      vertex 48.29 27.05 4.14
    endloop
  endfacet
  facet normal 0 0 1
    outer loop
      vertex 50.19 26.41 4.14
      vertex 48.29 26.41 4.14
      vertex 51.78 25.46 4.14
    endloop
  endfacet
  facet normal -0 0 1
    outer loop
      vertex 47.65 26.41 4.14
      vertex 51.78 25.46 4.14
      vertex 48.29 26.41 4.14
    endloop
  endfacet
  facet normal 0 0 1
    outer loop
      vertex 45.75 26.41 4.14
      vertex 47.65 26.41 4.14
      vertex 45.75 27.05 4.14
    endloop
  endfacet
  facet normal -0 0 1
    outer loop
      vertex 45.75 26.41 4.14
      vertex 51.78 25.46 4.14
      vertex 47.65 26.41 4.14
    endloop
  endfacet
  facet normal -0 0 1
    outer loop
      vertex 45.11 26.41 4.14
      vertex 51.78 25.46 4.14
      vertex 45.75 26.41 4.14
    endloop
  endfacet
  facet normal 0 0 1
    outer loop
      vertex 43.21 26.41 4.14
      vertex 45.11 26.41 4.14
      vertex 43.21 27.05 4.14
    endloop
  endfacet
  facet normal -0 0 1
    outer loop
      vertex 43.21 26.41 4.14
      vertex 51.78 25.46 4.14
      vertex 45.11 26.41 4.14
    endloop
  endfacet
  facet normal -0 0 1
    outer loop
      vertex 42.57 26.41 4.14
      vertex 51.78 25.46 4.14
      vertex 43.21 26.41 4.14
    endloop
  endfacet
  facet normal 0 0 1
    outer loop
      vertex 40.67 26.41 4.14
      vertex 42.57 26.41 4.14
      vertex 40.67 27.05 4.14
    endloop
  endfacet
  facet normal -0 0 1
    outer loop
      vertex 40.67 26.41 4.14
      vertex 51.78 25.46 4.14
      vertex 42.57 26.41 4.14
    endloop
  endfacet
  facet normal -0 0 1
    outer loop
      vertex 40.03 26.41 4.14
      vertex 51.78 25.46 4.14
      vertex 40.67 26.41 4.14
    endloop
  endfacet
  facet normal 0 0 1
    outer loop
      vertex 38.13 26.41 4.14
      vertex 40.03 26.41 4.14
      vertex 38.13 27.05 4.14
    endloop
  endfacet
  facet normal -0 0 1
    outer loop
      vertex 38.13 26.41 4.14
      vertex 51.78 25.46 4.14
      vertex 40.03 26.41 4.14
    endloop
  endfacet
  facet normal -0 0 1
    outer loop
      vertex 37.49 26.41 4.14
      vertex 51.78 25.46 4.14
      vertex 38.13 26.41 4.14
    endloop
  endfacet
  facet normal 0 0 1
    outer loop
      vertex 35.59 26.41 4.14
      vertex 37.49 26.41 4.14
      vertex 35.59 27.05 4.14
    endloop
  endfacet
  facet normal -0 0 1
    outer loop
      vertex 35.59 26.41 4.14
      vertex 51.78 25.46 4.14
      vertex 37.49 26.41 4.14
    endloop
  endfacet
  facet normal -0 0 1
    outer loop
      vertex 34.95 26.41 4.14
      vertex 51.78 25.46 4.14
      vertex 35.59 26.41 4.14
    endloop
  endfacet
  facet normal 0 0 1
    outer loop
      vertex 33.05 26.41 4.14
      vertex 34.95 26.41 4.14
      vertex 33.05 27.05 4.14
    endloop
  endfacet
  facet normal -0 0 1
    outer loop
      vertex 33.05 26.41 4.14
      vertex 51.78 25.46 4.14
      vertex 34.95 26.41 4.14
    endloop
  endfacet
  facet normal -0 0 1
    outer loop
      vertex 32.41 26.41 4.14
      vertex 51.78 25.46 4.14
      vertex 33.05 26.41 4.14
    endloop
  endfacet
  facet normal 0 0 1
    outer loop
      vertex 30.51 26.41 4.14
      vertex 32.41 26.41 4.14
      vertex 30.51 27.05 4.14
    endloop
  endfacet
  facet normal -0 0 1
    outer loop
      vertex 30.51 26.41 4.14
      vertex 51.78 25.46 4.14
      vertex 32.41 26.41 4.14
    endloop
  endfacet
  facet normal -0 0 1
    outer loop
      vertex 29.87 26.41 4.14
      vertex 51.78 25.46 4.14
      vertex 30.51 26.41 4.14
    endloop
  endfacet
  facet normal 0 0 1
    outer loop
      vertex 27.97 26.41 4.14
      vertex 29.87 26.41 4.14
      vertex 27.97 27.05 4.14
    endloop
  endfacet
  facet normal -0 0 1
    outer loop
      vertex 27.97 26.41 4.14
      vertex 51.78 25.46 4.14
      vertex 29.87 26.41 4.14
    endloop
  endfacet
  facet normal -0 0 1
    outer loop
      vertex 27.33 26.41 4.14
      vertex 51.78 25.46 4.14
      vertex 27.97 26.41 4.14
    endloop
  endfacet
  facet normal 0 0 1
    outer loop
      vertex 25.43 26.41 4.14
      vertex 27.33 26.41 4.14
      vertex 25.43 27.05 4.14
    endloop
  endfacet
  facet normal -0 0 1
    outer loop
      vertex 25.43 26.41 4.14
      vertex 51.78 25.46 4.14
      vertex 27.33 26.41 4.14
    endloop
  endfacet
  facet normal -0 0 1
    outer loop
      vertex 24.79 26.41 4.14
      vertex 51.78 25.46 4.14
      vertex 25.43 26.41 4.14
    endloop
  endfacet
  facet normal 0 0 1
    outer loop
      vertex 22.89 26.41 4.14
      vertex 24.79 26.41 4.14
      vertex 22.89 27.05 4.14
    endloop
  endfacet
  facet normal 0 0 1
    outer loop
      vertex 3.52 25.46 4.14
      vertex 24.79 26.41 4.14
      vertex 22.89 26.41 4.14
    endloop
  endfacet
  facet normal 0 0 1
    outer loop
      vertex 3.52 25.46 4.14
      vertex 22.89 26.41 4.14
      vertex 22.25 26.41 4.14
    endloop
  endfacet
  facet normal 0 0 1
    outer loop
      vertex 20.35 26.41 4.14
      vertex 22.25 26.41 4.14
      vertex 20.35 27.05 4.14
    endloop
  endfacet
  facet normal 0 0 1
    outer loop
      vertex 3.52 25.46 4.14
      vertex 22.25 26.41 4.14
      vertex 20.35 26.41 4.14
    endloop
  endfacet
  facet normal 0 0 1
    outer loop
      vertex 3.52 25.46 4.14
      vertex 20.35 26.41 4.14
      vertex 19.71 26.41 4.14
    endloop
  endfacet
  facet normal 0 0 1
    outer loop
      vertex 17.81 26.41 4.14
      vertex 19.71 26.41 4.14
      vertex 17.81 27.05 4.14
    endloop
  endfacet
  facet normal 0 0 1
    outer loop
      vertex 3.52 25.46 4.14
      vertex 19.71 26.41 4.14
      vertex 17.81 26.41 4.14
    endloop
  endfacet
  facet normal 0 0 1
    outer loop
      vertex 3.52 25.46 4.14
      vertex 17.81 26.41 4.14
      vertex 17.17 26.41 4.14
    endloop
  endfacet
  facet normal 0 0 1
    outer loop
      vertex 15.27 26.41 4.14
      vertex 17.17 26.41 4.14
      vertex 15.27 27.05 4.14
    endloop
  endfacet
  facet normal 0 0 1
    outer loop
      vertex 3.52 25.46 4.14
      vertex 17.17 26.41 4.14
      vertex 15.27 26.41 4.14
    endloop
  endfacet
  facet normal 0 0 1
    outer loop
      vertex 3.52 25.46 4.14
      vertex 15.27 26.41 4.14
      vertex 14.63 26.41 4.14
    endloop
  endfacet
  facet normal 0 0 1
    outer loop
      vertex 12.73 26.41 4.14
      vertex 14.63 26.41 4.14
      vertex 12.73 27.05 4.14
    endloop
  endfacet
  facet normal 0 0 1
    outer loop
      vertex 3.52 25.46 4.14
      vertex 14.63 26.41 4.14
      vertex 12.73 26.41 4.14
    endloop
  endfacet
  facet normal 0 0 1
    outer loop
      vertex 3.52 25.46 4.14
      vertex 12.73 26.41 4.14
      vertex 12.09 26.41 4.14
    endloop
  endfacet
  facet normal 0 0 1
    outer loop
      vertex 10.19 26.41 4.14
      vertex 12.09 26.41 4.14
      vertex 10.19 27.05 4.14
    endloop
  endfacet
  facet normal 0 0 1
    outer loop
      vertex 3.52 25.46 4.14
      vertex 12.09 26.41 4.14
      vertex 10.19 26.41 4.14
    endloop
  endfacet
  facet normal 0 0 1
    outer loop
      vertex 3.52 25.46 4.14
      vertex 10.19 26.41 4.14
      vertex 9.55 26.41 4.14
    endloop
  endfacet
  facet normal 0 0 1
    outer loop
      vertex 7.65 26.41 4.14
      vertex 9.55 26.41 4.14
      vertex 7.65 27.05 4.14
    endloop
  endfacet
  facet normal 0 0 1
    outer loop
      vertex 3.52 25.46 4.14
      vertex 9.55 26.41 4.14
      vertex 7.65 26.41 4.14
    endloop
  endfacet
  facet normal 0 0 1
    outer loop
      vertex 3.52 25.46 4.14
      vertex 7.65 26.41 4.14
      vertex 7.01 26.41 4.14
    endloop
  endfacet
  facet normal 0 0 1
    outer loop
      vertex 5.11 26.41 4.14
      vertex 7.01 26.41 4.14
      vertex 5.11 27.05 4.14
    endloop
  endfacet
  facet normal 0 0 1
    outer loop
      vertex 3.52 25.46 4.14
      vertex 7.01 26.41 4.14
      vertex 5.11 26.41 4.14
    endloop
  endfacet
  facet normal 0 0 1
    outer loop
      vertex 3.52 25.46 4.14
      vertex 5.11 26.41 4.14
      vertex 4.47 26.41 4.14
    endloop
  endfacet
  facet normal 0 0 1
    outer loop
      vertex 24.79 26.41 4.14
      vertex 3.52 25.46 4.14
      vertex 51.78 25.46 4.14
    endloop
  endfacet
  facet normal 0 0 1
    outer loop
      vertex 3.52 25.46 4.14
      vertex 4.47 26.41 4.14
      vertex 3.52 28 4.14
    endloop
  endfacet
  facet normal -1 0 0
    outer loop
      vertex 3.52 25.46 1.6
      vertex 3.52 28 4.14
      vertex 3.52 28 1.6
    endloop
  endfacet
  facet normal -1 -0 0
    outer loop
      vertex 3.52 28 4.14
      vertex 3.52 25.46 1.6
      vertex 3.52 25.46 4.14
    endloop
  endfacet
  facet normal 0 -1 0
    outer loop
      vertex 3.52 25.46 1.6
      vertex 51.78 25.46 4.14
      vertex 3.52 25.46 4.14
    endloop
  endfacet
  facet normal 0 -1 -0
    outer loop
      vertex 51.78 25.46 4.14
      vertex 3.52 25.46 1.6
      vertex 51.78 25.46 1.6
    endloop
  endfacet
  facet normal 1 0 0
    outer loop
      vertex 46.7 23 4.8
      vertex 46.7 22.8 2.42
      vertex 46.7 23 2.42
    endloop
  endfacet
  facet normal 1 0 0
    outer loop
      vertex 46.7 22.8 2.42
      vertex 46.7 14.275 2.48
      vertex 46.7 22.8 2.4
    endloop
  endfacet
  facet normal 1 0 0
    outer loop
      vertex 46.7 23 4.8
      vertex 46.7 14.275 2.48
      vertex 46.7 22.8 2.42
    endloop
  endfacet
  facet normal 1 0 0
    outer loop
      vertex 46.7 23 4.8
      vertex 46.7 13.725 2.48
      vertex 46.7 14.275 2.48
    endloop
  endfacet
  facet normal 1 0 0
    outer loop
      vertex 46.7 13.725 2.48
      vertex 46.7 5.2 2.42
      vertex 46.7 13.725 2.41
    endloop
  endfacet
  facet normal 1 -0 0
    outer loop
      vertex 46.7 5 4.8
      vertex 46.7 13.725 2.48
      vertex 46.7 23 4.8
    endloop
  endfacet
  facet normal 1 0 0
    outer loop
      vertex 46.7 13.725 2.48
      vertex 46.7 5 4.8
      vertex 46.7 5.2 2.42
    endloop
  endfacet
  facet normal 1 0 0
    outer loop
      vertex 46.7 5.2 2.42
      vertex 46.7 5 4.8
      vertex 46.7 5 2.42
    endloop
  endfacet
  facet normal 1 -0 0
    outer loop
      vertex 46.7 14.275 2.41
      vertex 46.7 22.8 2.4
      vertex 46.7 14.275 2.48
    endloop
  endfacet
  facet normal 1 -0 0
    outer loop
      vertex 46.7 13.725 2.41
      vertex 46.7 22.8 2.4
      vertex 46.7 14.275 2.41
    endloop
  endfacet
  facet normal 1 0 0
    outer loop
      vertex 46.7 13.725 2.41
      vertex 46.7 5.2 2.4
      vertex 46.7 22.8 2.4
    endloop
  endfacet
  facet normal 1 0 0
    outer loop
      vertex 46.7 5.2 2.4
      vertex 46.7 13.725 2.41
      vertex 46.7 5.2 2.42
    endloop
  endfacet
  facet normal 0 0 1
    outer loop
      vertex 46.7 23 4.8
      vertex 45.5 21.8 4.8
      vertex 46.7 5 4.8
    endloop
  endfacet
  facet normal 0 0 1
    outer loop
      vertex 46.7 23 4.8
      vertex 30.4 21.8 4.8
      vertex 45.5 21.8 4.8
    endloop
  endfacet
  facet normal 0 0 1
    outer loop
      vertex 30.4 21.8 4.8
      vertex 29.2 23 4.8
      vertex 30.4 6.2 4.8
    endloop
  endfacet
  facet normal -0 0 1
    outer loop
      vertex 29.2 23 4.8
      vertex 30.4 21.8 4.8
      vertex 46.7 23 4.8
    endloop
  endfacet
  facet normal -0 0 1
    outer loop
      vertex 45.5 6.2 4.8
      vertex 46.7 5 4.8
      vertex 45.5 21.8 4.8
    endloop
  endfacet
  facet normal -0 0 1
    outer loop
      vertex 30.4 6.2 4.8
      vertex 46.7 5 4.8
      vertex 45.5 6.2 4.8
    endloop
  endfacet
  facet normal 0 0 1
    outer loop
      vertex 30.4 6.2 4.8
      vertex 29.2 5 4.8
      vertex 46.7 5 4.8
    endloop
  endfacet
  facet normal 0 0 1
    outer loop
      vertex 29.2 5 4.8
      vertex 30.4 6.2 4.8
      vertex 29.2 23 4.8
    endloop
  endfacet
  facet normal 0 0 -1
    outer loop
      vertex 29.2 18.15 2.4
      vertex 29.35 22.8 2.4
      vertex 29.4 18.15 2.4
    endloop
  endfacet
  facet normal -0 0 -1
    outer loop
      vertex 29.35 22.8 2.4
      vertex 29.2 18.15 2.4
      vertex 29.2 22.8 2.4
    endloop
  endfacet
  facet normal 0 0 -1
    outer loop
      vertex 29.2 16.65 2.4
      vertex 29.4 17.35 2.4
      vertex 29.4 16.65 2.4
    endloop
  endfacet
  facet normal -0 0 -1
    outer loop
      vertex 29.4 17.35 2.4
      vertex 29.2 16.65 2.4
      vertex 29.2 17.35 2.4
    endloop
  endfacet
  facet normal 0 0 -1
    outer loop
      vertex 29.2 15.15 2.4
      vertex 29.4 15.85 2.4
      vertex 29.4 15.15 2.4
    endloop
  endfacet
  facet normal -0 0 -1
    outer loop
      vertex 29.4 15.85 2.4
      vertex 29.2 15.15 2.4
      vertex 29.2 15.85 2.4
    endloop
  endfacet
  facet normal 0 0 -1
    outer loop
      vertex 29.2 13.65 2.4
      vertex 29.4 14.35 2.4
      vertex 29.4 13.65 2.4
    endloop
  endfacet
  facet normal -0 0 -1
    outer loop
      vertex 29.4 14.35 2.4
      vertex 29.2 13.65 2.4
      vertex 29.2 14.35 2.4
    endloop
  endfacet
  facet normal 0 0 -1
    outer loop
      vertex 29.2 12.15 2.4
      vertex 29.4 12.85 2.4
      vertex 29.4 12.15 2.4
    endloop
  endfacet
  facet normal -0 0 -1
    outer loop
      vertex 29.4 12.85 2.4
      vertex 29.2 12.15 2.4
      vertex 29.2 12.85 2.4
    endloop
  endfacet
  facet normal 0 0 -1
    outer loop
      vertex 29.2 10.65 2.4
      vertex 29.4 11.35 2.4
      vertex 29.4 10.65 2.4
    endloop
  endfacet
  facet normal -0 0 -1
    outer loop
      vertex 29.4 11.35 2.4
      vertex 29.2 10.65 2.4
      vertex 29.2 11.35 2.4
    endloop
  endfacet
  facet normal 0 0 -1
    outer loop
      vertex 29.35 5.2 2.4
      vertex 30.05 5.2 2.4
      vertex 30.05 5 2.4
    endloop
  endfacet
  facet normal 0 0 -1
    outer loop
      vertex 30.05 5.2 2.4
      vertex 29.4 13.65 2.4
      vertex 30.05 22.8 2.4
    endloop
  endfacet
  facet normal 0 0 -1
    outer loop
      vertex 30.05 5.2 2.4
      vertex 29.4 9.85 2.4
      vertex 29.4 10.65 2.4
    endloop
  endfacet
  facet normal 0 0 -1
    outer loop
      vertex 29.35 5.2 2.4
      vertex 30.05 5 2.4
      vertex 29.35 5 2.4
    endloop
  endfacet
  facet normal 0 0 -1
    outer loop
      vertex 30.05 5.2 2.4
      vertex 29.35 5.2 2.4
      vertex 29.4 9.85 2.4
    endloop
  endfacet
  facet normal 0 0 -1
    outer loop
      vertex 29.2 9.85 2.4
      vertex 29.35 5.2 2.4
      vertex 29.2 5.2 2.4
    endloop
  endfacet
  facet normal 0 0 -1
    outer loop
      vertex 29.35 5.2 2.4
      vertex 29.2 9.85 2.4
      vertex 29.4 9.85 2.4
    endloop
  endfacet
  facet normal 0 0 -1
    outer loop
      vertex 30.05 5.2 2.4
      vertex 30.85 22.8 2.4
      vertex 30.85 5.2 2.4
    endloop
  endfacet
  facet normal -0 0 -1
    outer loop
      vertex 30.85 22.8 2.4
      vertex 30.05 5.2 2.4
      vertex 30.05 22.8 2.4
    endloop
  endfacet
  facet normal 0 0 -1
    outer loop
      vertex 30.85 5.2 2.4
      vertex 31.55 5.2 2.4
      vertex 31.55 5 2.4
    endloop
  endfacet
  facet normal 0 0 -1
    outer loop
      vertex 31.55 5.2 2.4
      vertex 30.85 5.2 2.4
      vertex 31.55 22.8 2.4
    endloop
  endfacet
  facet normal 0 0 -1
    outer loop
      vertex 30.85 5.2 2.4
      vertex 31.55 5 2.4
      vertex 30.85 5 2.4
    endloop
  endfacet
  facet normal 0 0 -1
    outer loop
      vertex 30.85 22.8 2.4
      vertex 31.55 22.8 2.4
      vertex 30.85 5.2 2.4
    endloop
  endfacet
  facet normal 0 0 -1
    outer loop
      vertex 31.55 22.8 2.4
      vertex 30.85 22.8 2.4
      vertex 31.55 23 2.4
    endloop
  endfacet
  facet normal -0 0 -1
    outer loop
      vertex 31.55 23 2.4
      vertex 30.85 22.8 2.4
      vertex 30.85 23 2.4
    endloop
  endfacet
  facet normal 0 0 -1
    outer loop
      vertex 31.55 5.2 2.4
      vertex 32.35 22.8 2.4
      vertex 32.35 5.2 2.4
    endloop
  endfacet
  facet normal -0 0 -1
    outer loop
      vertex 32.35 22.8 2.4
      vertex 31.55 5.2 2.4
      vertex 31.55 22.8 2.4
    endloop
  endfacet
  facet normal 0 0 -1
    outer loop
      vertex 32.35 5.2 2.4
      vertex 33.05 5.2 2.4
      vertex 33.05 5 2.4
    endloop
  endfacet
  facet normal 0 0 -1
    outer loop
      vertex 33.05 5.2 2.4
      vertex 32.35 5.2 2.4
      vertex 33.05 22.8 2.4
    endloop
  endfacet
  facet normal 0 0 -1
    outer loop
      vertex 32.35 5.2 2.4
      vertex 33.05 5 2.4
      vertex 32.35 5 2.4
    endloop
  endfacet
  facet normal 0 0 -1
    outer loop
      vertex 32.35 22.8 2.4
      vertex 33.05 22.8 2.4
      vertex 32.35 5.2 2.4
    endloop
  endfacet
  facet normal 0 0 -1
    outer loop
      vertex 33.05 22.8 2.4
      vertex 32.35 22.8 2.4
      vertex 33.05 23 2.4
    endloop
  endfacet
  facet normal -0 0 -1
    outer loop
      vertex 33.05 23 2.4
      vertex 32.35 22.8 2.4
      vertex 32.35 23 2.4
    endloop
  endfacet
  facet normal 0 0 -1
    outer loop
      vertex 33.05 5.2 2.4
      vertex 33.85 22.8 2.4
      vertex 33.85 5.2 2.4
    endloop
  endfacet
  facet normal -0 0 -1
    outer loop
      vertex 33.85 22.8 2.4
      vertex 33.05 5.2 2.4
      vertex 33.05 22.8 2.4
    endloop
  endfacet
  facet normal 0 0 -1
    outer loop
      vertex 33.85 5.2 2.4
      vertex 34.55 5.2 2.4
      vertex 34.55 5 2.4
    endloop
  endfacet
  facet normal 0 0 -1
    outer loop
      vertex 34.55 5.2 2.4
      vertex 33.85 5.2 2.4
      vertex 34.55 22.8 2.4
    endloop
  endfacet
  facet normal 0 0 -1
    outer loop
      vertex 33.85 5.2 2.4
      vertex 34.55 5 2.4
      vertex 33.85 5 2.4
    endloop
  endfacet
  facet normal 0 0 -1
    outer loop
      vertex 33.85 22.8 2.4
      vertex 34.55 22.8 2.4
      vertex 33.85 5.2 2.4
    endloop
  endfacet
  facet normal 0 0 -1
    outer loop
      vertex 34.55 22.8 2.4
      vertex 33.85 22.8 2.4
      vertex 34.55 23 2.4
    endloop
  endfacet
  facet normal -0 0 -1
    outer loop
      vertex 34.55 23 2.4
      vertex 33.85 22.8 2.4
      vertex 33.85 23 2.4
    endloop
  endfacet
  facet normal 0 0 -1
    outer loop
      vertex 34.55 5.2 2.4
      vertex 35.35 22.8 2.4
      vertex 35.35 5.2 2.4
    endloop
  endfacet
  facet normal -0 0 -1
    outer loop
      vertex 35.35 22.8 2.4
      vertex 34.55 5.2 2.4
      vertex 34.55 22.8 2.4
    endloop
  endfacet
  facet normal 0 0 -1
    outer loop
      vertex 35.35 5.2 2.4
      vertex 36.05 5.2 2.4
      vertex 36.05 5 2.4
    endloop
  endfacet
  facet normal 0 0 -1
    outer loop
      vertex 36.05 5.2 2.4
      vertex 35.35 5.2 2.4
      vertex 36.05 22.8 2.4
    endloop
  endfacet
  facet normal 0 0 -1
    outer loop
      vertex 35.35 5.2 2.4
      vertex 36.05 5 2.4
      vertex 35.35 5 2.4
    endloop
  endfacet
  facet normal 0 0 -1
    outer loop
      vertex 35.35 22.8 2.4
      vertex 36.05 22.8 2.4
      vertex 35.35 5.2 2.4
    endloop
  endfacet
  facet normal 0 0 -1
    outer loop
      vertex 36.05 22.8 2.4
      vertex 35.35 22.8 2.4
      vertex 36.05 23 2.4
    endloop
  endfacet
  facet normal -0 0 -1
    outer loop
      vertex 36.05 23 2.4
      vertex 35.35 22.8 2.4
      vertex 35.35 23 2.4
    endloop
  endfacet
  facet normal 0 0 -1
    outer loop
      vertex 36.05 5.2 2.4
      vertex 36.85 22.8 2.4
      vertex 36.85 5.2 2.4
    endloop
  endfacet
  facet normal -0 0 -1
    outer loop
      vertex 36.85 22.8 2.4
      vertex 36.05 5.2 2.4
      vertex 36.05 22.8 2.4
    endloop
  endfacet
  facet normal 0 0 -1
    outer loop
      vertex 36.85 5.2 2.4
      vertex 37.55 5.2 2.4
      vertex 37.55 5 2.4
    endloop
  endfacet
  facet normal 0 0 -1
    outer loop
      vertex 37.55 5.2 2.4
      vertex 36.85 5.2 2.4
      vertex 37.55 22.8 2.4
    endloop
  endfacet
  facet normal 0 0 -1
    outer loop
      vertex 36.85 5.2 2.4
      vertex 37.55 5 2.4
      vertex 36.85 5 2.4
    endloop
  endfacet
  facet normal 0 0 -1
    outer loop
      vertex 36.85 22.8 2.4
      vertex 37.55 22.8 2.4
      vertex 36.85 5.2 2.4
    endloop
  endfacet
  facet normal 0 0 -1
    outer loop
      vertex 37.55 22.8 2.4
      vertex 36.85 22.8 2.4
      vertex 37.55 23 2.4
    endloop
  endfacet
  facet normal -0 0 -1
    outer loop
      vertex 37.55 23 2.4
      vertex 36.85 22.8 2.4
      vertex 36.85 23 2.4
    endloop
  endfacet
  facet normal 0 0 -1
    outer loop
      vertex 37.55 5.2 2.4
      vertex 38.35 22.8 2.4
      vertex 38.35 5.2 2.4
    endloop
  endfacet
  facet normal -0 0 -1
    outer loop
      vertex 38.35 22.8 2.4
      vertex 37.55 5.2 2.4
      vertex 37.55 22.8 2.4
    endloop
  endfacet
  facet normal 0 0 -1
    outer loop
      vertex 38.35 5.2 2.4
      vertex 39.05 5.2 2.4
      vertex 39.05 5 2.4
    endloop
  endfacet
  facet normal 0 0 -1
    outer loop
      vertex 39.05 5.2 2.4
      vertex 38.35 5.2 2.4
      vertex 39.05 22.8 2.4
    endloop
  endfacet
  facet normal 0 0 -1
    outer loop
      vertex 38.35 5.2 2.4
      vertex 39.05 5 2.4
      vertex 38.35 5 2.4
    endloop
  endfacet
  facet normal 0 0 -1
    outer loop
      vertex 38.35 22.8 2.4
      vertex 39.05 22.8 2.4
      vertex 38.35 5.2 2.4
    endloop
  endfacet
  facet normal 0 0 -1
    outer loop
      vertex 39.05 22.8 2.4
      vertex 38.35 22.8 2.4
      vertex 39.05 23 2.4
    endloop
  endfacet
  facet normal -0 0 -1
    outer loop
      vertex 39.05 23 2.4
      vertex 38.35 22.8 2.4
      vertex 38.35 23 2.4
    endloop
  endfacet
  facet normal 0 0 -1
    outer loop
      vertex 39.05 5.2 2.4
      vertex 39.85 22.8 2.4
      vertex 39.85 5.2 2.4
    endloop
  endfacet
  facet normal -0 0 -1
    outer loop
      vertex 39.85 22.8 2.4
      vertex 39.05 5.2 2.4
      vertex 39.05 22.8 2.4
    endloop
  endfacet
  facet normal 0 0 -1
    outer loop
      vertex 39.85 5.2 2.4
      vertex 40.55 5.2 2.4
      vertex 40.55 5 2.4
    endloop
  endfacet
  facet normal 0 0 -1
    outer loop
      vertex 40.55 5.2 2.4
      vertex 39.85 5.2 2.4
      vertex 40.55 22.8 2.4
    endloop
  endfacet
  facet normal 0 0 -1
    outer loop
      vertex 39.85 5.2 2.4
      vertex 40.55 5 2.4
      vertex 39.85 5 2.4
    endloop
  endfacet
  facet normal 0 0 -1
    outer loop
      vertex 39.85 22.8 2.4
      vertex 40.55 22.8 2.4
      vertex 39.85 5.2 2.4
    endloop
  endfacet
  facet normal 0 0 -1
    outer loop
      vertex 40.55 22.8 2.4
      vertex 39.85 22.8 2.4
      vertex 40.55 23 2.4
    endloop
  endfacet
  facet normal -0 0 -1
    outer loop
      vertex 40.55 23 2.4
      vertex 39.85 22.8 2.4
      vertex 39.85 23 2.4
    endloop
  endfacet
  facet normal 0 0 -1
    outer loop
      vertex 40.55 5.2 2.4
      vertex 41.35 22.8 2.4
      vertex 41.35 5.2 2.4
    endloop
  endfacet
  facet normal -0 0 -1
    outer loop
      vertex 41.35 22.8 2.4
      vertex 40.55 5.2 2.4
      vertex 40.55 22.8 2.4
    endloop
  endfacet
  facet normal 0 0 -1
    outer loop
      vertex 41.35 5.2 2.4
      vertex 42.05 5.2 2.4
      vertex 42.05 5 2.4
    endloop
  endfacet
  facet normal 0 0 -1
    outer loop
      vertex 42.05 5.2 2.4
      vertex 41.35 5.2 2.4
      vertex 42.05 22.8 2.4
    endloop
  endfacet
  facet normal 0 0 -1
    outer loop
      vertex 41.35 5.2 2.4
      vertex 42.05 5 2.4
      vertex 41.35 5 2.4
    endloop
  endfacet
  facet normal 0 0 -1
    outer loop
      vertex 41.35 22.8 2.4
      vertex 42.05 22.8 2.4
      vertex 41.35 5.2 2.4
    endloop
  endfacet
  facet normal 0 0 -1
    outer loop
      vertex 42.05 22.8 2.4
      vertex 41.35 22.8 2.4
      vertex 42.05 23 2.4
    endloop
  endfacet
  facet normal -0 0 -1
    outer loop
      vertex 42.05 23 2.4
      vertex 41.35 22.8 2.4
      vertex 41.35 23 2.4
    endloop
  endfacet
  facet normal 0 0 -1
    outer loop
      vertex 42.05 5.2 2.4
      vertex 42.85 22.8 2.4
      vertex 42.85 5.2 2.4
    endloop
  endfacet
  facet normal -0 0 -1
    outer loop
      vertex 42.85 22.8 2.4
      vertex 42.05 5.2 2.4
      vertex 42.05 22.8 2.4
    endloop
  endfacet
  facet normal 0 0 -1
    outer loop
      vertex 42.85 5.2 2.4
      vertex 43.55 5.2 2.4
      vertex 43.55 5 2.4
    endloop
  endfacet
  facet normal 0 0 -1
    outer loop
      vertex 43.55 5.2 2.4
      vertex 42.85 5.2 2.4
      vertex 43.55 22.8 2.4
    endloop
  endfacet
  facet normal 0 0 -1
    outer loop
      vertex 42.85 5.2 2.4
      vertex 43.55 5 2.4
      vertex 42.85 5 2.4
    endloop
  endfacet
  facet normal 0 0 -1
    outer loop
      vertex 42.85 22.8 2.4
      vertex 43.55 22.8 2.4
      vertex 42.85 5.2 2.4
    endloop
  endfacet
  facet normal 0 0 -1
    outer loop
      vertex 43.55 22.8 2.4
      vertex 42.85 22.8 2.4
      vertex 43.55 23 2.4
    endloop
  endfacet
  facet normal -0 0 -1
    outer loop
      vertex 43.55 23 2.4
      vertex 42.85 22.8 2.4
      vertex 42.85 23 2.4
    endloop
  endfacet
  facet normal 0 0 -1
    outer loop
      vertex 43.55 5.2 2.4
      vertex 44.35 22.8 2.4
      vertex 44.35 5.2 2.4
    endloop
  endfacet
  facet normal -0 0 -1
    outer loop
      vertex 44.35 22.8 2.4
      vertex 43.55 5.2 2.4
      vertex 43.55 22.8 2.4
    endloop
  endfacet
  facet normal 0 0 -1
    outer loop
      vertex 44.35 5.2 2.4
      vertex 45.05 5.2 2.4
      vertex 45.05 5 2.4
    endloop
  endfacet
  facet normal 0 0 -1
    outer loop
      vertex 45.05 5.2 2.4
      vertex 44.35 5.2 2.4
      vertex 45.05 22.8 2.4
    endloop
  endfacet
  facet normal 0 0 -1
    outer loop
      vertex 44.35 5.2 2.4
      vertex 45.05 5 2.4
      vertex 44.35 5 2.4
    endloop
  endfacet
  facet normal 0 0 -1
    outer loop
      vertex 44.35 22.8 2.4
      vertex 45.05 22.8 2.4
      vertex 44.35 5.2 2.4
    endloop
  endfacet
  facet normal 0 0 -1
    outer loop
      vertex 45.05 22.8 2.4
      vertex 44.35 22.8 2.4
      vertex 45.05 23 2.4
    endloop
  endfacet
  facet normal -0 0 -1
    outer loop
      vertex 45.05 23 2.4
      vertex 44.35 22.8 2.4
      vertex 44.35 23 2.4
    endloop
  endfacet
  facet normal 0 0 -1
    outer loop
      vertex 45.05 5.2 2.4
      vertex 45.85 22.8 2.4
      vertex 45.85 5.2 2.4
    endloop
  endfacet
  facet normal -0 0 -1
    outer loop
      vertex 45.85 22.8 2.4
      vertex 45.05 5.2 2.4
      vertex 45.05 22.8 2.4
    endloop
  endfacet
  facet normal 0 0 -1
    outer loop
      vertex 45.85 5.2 2.4
      vertex 46.55 5.2 2.4
      vertex 46.55 5 2.4
    endloop
  endfacet
  facet normal 0 0 -1
    outer loop
      vertex 46.55 5.2 2.4
      vertex 45.85 5.2 2.4
      vertex 46.55 22.8 2.4
    endloop
  endfacet
  facet normal 0 0 -1
    outer loop
      vertex 45.85 5.2 2.4
      vertex 46.55 5 2.4
      vertex 45.85 5 2.4
    endloop
  endfacet
  facet normal 0 0 -1
    outer loop
      vertex 45.85 22.8 2.4
      vertex 46.55 22.8 2.4
      vertex 45.85 5.2 2.4
    endloop
  endfacet
  facet normal 0 0 -1
    outer loop
      vertex 46.55 22.8 2.4
      vertex 45.85 22.8 2.4
      vertex 46.55 23 2.4
    endloop
  endfacet
  facet normal -0 0 -1
    outer loop
      vertex 46.55 23 2.4
      vertex 45.85 22.8 2.4
      vertex 45.85 23 2.4
    endloop
  endfacet
  facet normal 0 0 -1
    outer loop
      vertex 46.55 5.2 2.4
      vertex 46.7 22.8 2.4
      vertex 46.7 5.2 2.4
    endloop
  endfacet
  facet normal -0 0 -1
    outer loop
      vertex 46.7 22.8 2.4
      vertex 46.55 5.2 2.4
      vertex 46.55 22.8 2.4
    endloop
  endfacet
  facet normal 0 0 -1
    outer loop
      vertex 30.05 5.2 2.4
      vertex 29.4 10.65 2.4
      vertex 29.4 11.35 2.4
    endloop
  endfacet
  facet normal 0 0 -1
    outer loop
      vertex 30.05 5.2 2.4
      vertex 29.4 11.35 2.4
      vertex 29.4 12.15 2.4
    endloop
  endfacet
  facet normal 0 0 -1
    outer loop
      vertex 30.05 5.2 2.4
      vertex 29.4 12.15 2.4
      vertex 29.4 12.85 2.4
    endloop
  endfacet
  facet normal 0 0 -1
    outer loop
      vertex 30.05 5.2 2.4
      vertex 29.4 12.85 2.4
      vertex 29.4 13.65 2.4
    endloop
  endfacet
  facet normal 0 0 -1
    outer loop
      vertex 29.4 14.35 2.4
      vertex 30.05 22.8 2.4
      vertex 29.4 13.65 2.4
    endloop
  endfacet
  facet normal 0 0 -1
    outer loop
      vertex 29.4 15.15 2.4
      vertex 30.05 22.8 2.4
      vertex 29.4 14.35 2.4
    endloop
  endfacet
  facet normal 0 0 -1
    outer loop
      vertex 29.4 15.85 2.4
      vertex 30.05 22.8 2.4
      vertex 29.4 15.15 2.4
    endloop
  endfacet
  facet normal 0 0 -1
    outer loop
      vertex 29.4 16.65 2.4
      vertex 30.05 22.8 2.4
      vertex 29.4 15.85 2.4
    endloop
  endfacet
  facet normal 0 0 -1
    outer loop
      vertex 29.4 17.35 2.4
      vertex 30.05 22.8 2.4
      vertex 29.4 16.65 2.4
    endloop
  endfacet
  facet normal 0 0 -1
    outer loop
      vertex 29.4 18.15 2.4
      vertex 30.05 22.8 2.4
      vertex 29.4 17.35 2.4
    endloop
  endfacet
  facet normal 0 0 -1
    outer loop
      vertex 29.35 22.8 2.4
      vertex 30.05 22.8 2.4
      vertex 29.4 18.15 2.4
    endloop
  endfacet
  facet normal 0 0 -1
    outer loop
      vertex 30.05 22.8 2.4
      vertex 29.35 22.8 2.4
      vertex 30.05 23 2.4
    endloop
  endfacet
  facet normal -0 0 -1
    outer loop
      vertex 30.05 23 2.4
      vertex 29.35 22.8 2.4
      vertex 29.35 23 2.4
    endloop
  endfacet
  facet normal -1 0 0
    outer loop
      vertex 29.2 9.85 2.4
      vertex 29.2 5.2 2.4
      vertex 29.2 9.85 2.42
    endloop
  endfacet
  facet normal -1 0 0
    outer loop
      vertex 29.2 11.35 2.4
      vertex 29.2 10.65 2.4
      vertex 29.2 11.35 2.42
    endloop
  endfacet
  facet normal -1 0 0
    outer loop
      vertex 29.2 12.85 2.4
      vertex 29.2 12.15 2.4
      vertex 29.2 12.85 2.42
    endloop
  endfacet
  facet normal -1 0 0
    outer loop
      vertex 29.2 14.35 2.4
      vertex 29.2 13.65 2.4
      vertex 29.2 14.35 2.42
    endloop
  endfacet
  facet normal -1 0 0
    outer loop
      vertex 29.2 15.85 2.4
      vertex 29.2 15.15 2.4
      vertex 29.2 15.85 2.42
    endloop
  endfacet
  facet normal -1 0 0
    outer loop
      vertex 29.2 17.35 2.4
      vertex 29.2 16.65 2.4
      vertex 29.2 17.35 2.42
    endloop
  endfacet
  facet normal -1 0 0
    outer loop
      vertex 29.2 22.8 2.4
      vertex 29.2 18.15 2.4
      vertex 29.2 22.8 2.42
    endloop
  endfacet
  facet normal -1 0 0
    outer loop
      vertex 29.2 22.8 2.42
      vertex 29.2 23 4.8
      vertex 29.2 23 2.42
    endloop
  endfacet
  facet normal -1 0 0
    outer loop
      vertex 29.2 18.15 2.42
      vertex 29.2 22.8 2.42
      vertex 29.2 18.15 2.4
    endloop
  endfacet
  facet normal -1 0 0
    outer loop
      vertex 29.2 22.8 2.42
      vertex 29.2 18.15 2.42
      vertex 29.2 23 4.8
    endloop
  endfacet
  facet normal -1 0 0
    outer loop
      vertex 29.2 17.35 2.42
      vertex 29.2 23 4.8
      vertex 29.2 18.15 2.42
    endloop
  endfacet
  facet normal -1 0 0
    outer loop
      vertex 29.2 16.65 2.42
      vertex 29.2 17.35 2.42
      vertex 29.2 16.65 2.4
    endloop
  endfacet
  facet normal -1 0 0
    outer loop
      vertex 29.2 17.35 2.42
      vertex 29.2 16.65 2.42
      vertex 29.2 23 4.8
    endloop
  endfacet
  facet normal -1 0 0
    outer loop
      vertex 29.2 15.85 2.42
      vertex 29.2 23 4.8
      vertex 29.2 16.65 2.42
    endloop
  endfacet
  facet normal -1 0 0
    outer loop
      vertex 29.2 15.15 2.42
      vertex 29.2 15.85 2.42
      vertex 29.2 15.15 2.4
    endloop
  endfacet
  facet normal -1 0 0
    outer loop
      vertex 29.2 15.85 2.42
      vertex 29.2 15.15 2.42
      vertex 29.2 23 4.8
    endloop
  endfacet
  facet normal -1 0 0
    outer loop
      vertex 29.2 14.35 2.42
      vertex 29.2 23 4.8
      vertex 29.2 15.15 2.42
    endloop
  endfacet
  facet normal -1 0 0
    outer loop
      vertex 29.2 13.65 2.42
      vertex 29.2 14.35 2.42
      vertex 29.2 13.65 2.4
    endloop
  endfacet
  facet normal -1 0 0
    outer loop
      vertex 29.2 14.35 2.42
      vertex 29.2 13.65 2.42
      vertex 29.2 23 4.8
    endloop
  endfacet
  facet normal -1 0 0
    outer loop
      vertex 29.2 5 4.8
      vertex 29.2 13.65 2.42
      vertex 29.2 12.85 2.42
    endloop
  endfacet
  facet normal -1 0 0
    outer loop
      vertex 29.2 12.15 2.42
      vertex 29.2 12.85 2.42
      vertex 29.2 12.15 2.4
    endloop
  endfacet
  facet normal -1 0 0
    outer loop
      vertex 29.2 5 4.8
      vertex 29.2 12.85 2.42
      vertex 29.2 12.15 2.42
    endloop
  endfacet
  facet normal -1 0 0
    outer loop
      vertex 29.2 5 4.8
      vertex 29.2 12.15 2.42
      vertex 29.2 11.35 2.42
    endloop
  endfacet
  facet normal -1 0 0
    outer loop
      vertex 29.2 10.65 2.42
      vertex 29.2 11.35 2.42
      vertex 29.2 10.65 2.4
    endloop
  endfacet
  facet normal -1 0 0
    outer loop
      vertex 29.2 5 4.8
      vertex 29.2 11.35 2.42
      vertex 29.2 10.65 2.42
    endloop
  endfacet
  facet normal -1 0 0
    outer loop
      vertex 29.2 5 4.8
      vertex 29.2 10.65 2.42
      vertex 29.2 9.85 2.42
    endloop
  endfacet
  facet normal -1 0 0
    outer loop
      vertex 29.2 5.2 2.42
      vertex 29.2 9.85 2.42
      vertex 29.2 5.2 2.4
    endloop
  endfacet
  facet normal -1 0 0
    outer loop
      vertex 29.2 5 4.8
      vertex 29.2 9.85 2.42
      vertex 29.2 5.2 2.42
    endloop
  endfacet
  facet normal -1 0 0
    outer loop
      vertex 29.2 5 4.8
      vertex 29.2 5.2 2.42
      vertex 29.2 5 2.42
    endloop
  endfacet
  facet normal -1 0 0
    outer loop
      vertex 29.2 13.65 2.42
      vertex 29.2 5 4.8
      vertex 29.2 23 4.8
    endloop
  endfacet
  facet normal 0 1 -0
    outer loop
      vertex 30.05 23 2.4
      vertex 29.35 23 2.42
      vertex 30.05 23 2.42
    endloop
  endfacet
  facet normal 0 1 0
    outer loop
      vertex 29.35 23 2.42
      vertex 30.05 23 2.4
      vertex 29.35 23 2.4
    endloop
  endfacet
  facet normal 0 1 -0
    outer loop
      vertex 31.55 23 2.4
      vertex 30.85 23 2.42
      vertex 31.55 23 2.42
    endloop
  endfacet
  facet normal 0 1 0
    outer loop
      vertex 30.85 23 2.42
      vertex 31.55 23 2.4
      vertex 30.85 23 2.4
    endloop
  endfacet
  facet normal 0 1 -0
    outer loop
      vertex 33.05 23 2.4
      vertex 32.35 23 2.42
      vertex 33.05 23 2.42
    endloop
  endfacet
  facet normal 0 1 0
    outer loop
      vertex 32.35 23 2.42
      vertex 33.05 23 2.4
      vertex 32.35 23 2.4
    endloop
  endfacet
  facet normal 0 1 -0
    outer loop
      vertex 34.55 23 2.4
      vertex 33.85 23 2.42
      vertex 34.55 23 2.42
    endloop
  endfacet
  facet normal 0 1 0
    outer loop
      vertex 33.85 23 2.42
      vertex 34.55 23 2.4
      vertex 33.85 23 2.4
    endloop
  endfacet
  facet normal 0 1 -0
    outer loop
      vertex 36.05 23 2.4
      vertex 35.35 23 2.42
      vertex 36.05 23 2.42
    endloop
  endfacet
  facet normal 0 1 0
    outer loop
      vertex 35.35 23 2.42
      vertex 36.05 23 2.4
      vertex 35.35 23 2.4
    endloop
  endfacet
  facet normal 0 1 -0
    outer loop
      vertex 37.55 23 2.4
      vertex 36.85 23 2.42
      vertex 37.55 23 2.42
    endloop
  endfacet
  facet normal 0 1 0
    outer loop
      vertex 36.85 23 2.42
      vertex 37.55 23 2.4
      vertex 36.85 23 2.4
    endloop
  endfacet
  facet normal 0 1 -0
    outer loop
      vertex 39.05 23 2.4
      vertex 38.35 23 2.42
      vertex 39.05 23 2.42
    endloop
  endfacet
  facet normal 0 1 0
    outer loop
      vertex 38.35 23 2.42
      vertex 39.05 23 2.4
      vertex 38.35 23 2.4
    endloop
  endfacet
  facet normal 0 1 -0
    outer loop
      vertex 40.55 23 2.4
      vertex 39.85 23 2.42
      vertex 40.55 23 2.42
    endloop
  endfacet
  facet normal 0 1 0
    outer loop
      vertex 39.85 23 2.42
      vertex 40.55 23 2.4
      vertex 39.85 23 2.4
    endloop
  endfacet
  facet normal 0 1 -0
    outer loop
      vertex 42.05 23 2.4
      vertex 41.35 23 2.42
      vertex 42.05 23 2.42
    endloop
  endfacet
  facet normal 0 1 0
    outer loop
      vertex 41.35 23 2.42
      vertex 42.05 23 2.4
      vertex 41.35 23 2.4
    endloop
  endfacet
  facet normal 0 1 -0
    outer loop
      vertex 43.55 23 2.4
      vertex 42.85 23 2.42
      vertex 43.55 23 2.42
    endloop
  endfacet
  facet normal 0 1 0
    outer loop
      vertex 42.85 23 2.42
      vertex 43.55 23 2.4
      vertex 42.85 23 2.4
    endloop
  endfacet
  facet normal 0 1 -0
    outer loop
      vertex 45.05 23 2.4
      vertex 44.35 23 2.42
      vertex 45.05 23 2.42
    endloop
  endfacet
  facet normal 0 1 0
    outer loop
      vertex 44.35 23 2.42
      vertex 45.05 23 2.4
      vertex 44.35 23 2.4
    endloop
  endfacet
  facet normal 0 1 -0
    outer loop
      vertex 46.55 23 2.4
      vertex 45.85 23 2.42
      vertex 46.55 23 2.42
    endloop
  endfacet
  facet normal 0 1 0
    outer loop
      vertex 45.85 23 2.42
      vertex 46.55 23 2.4
      vertex 45.85 23 2.4
    endloop
  endfacet
  facet normal 0 1 0
    outer loop
      vertex 46.55 23 2.42
      vertex 46.7 23 4.8
      vertex 46.7 23 2.42
    endloop
  endfacet
  facet normal 0 1 0
    outer loop
      vertex 45.85 23 2.42
      vertex 46.7 23 4.8
      vertex 46.55 23 2.42
    endloop
  endfacet
  facet normal 0 1 0
    outer loop
      vertex 45.05 23 2.42
      vertex 46.7 23 4.8
      vertex 45.85 23 2.42
    endloop
  endfacet
  facet normal 0 1 0
    outer loop
      vertex 44.35 23 2.42
      vertex 46.7 23 4.8
      vertex 45.05 23 2.42
    endloop
  endfacet
  facet normal 0 1 0
    outer loop
      vertex 43.55 23 2.42
      vertex 46.7 23 4.8
      vertex 44.35 23 2.42
    endloop
  endfacet
  facet normal 0 1 0
    outer loop
      vertex 42.85 23 2.42
      vertex 46.7 23 4.8
      vertex 43.55 23 2.42
    endloop
  endfacet
  facet normal 0 1 0
    outer loop
      vertex 42.05 23 2.42
      vertex 46.7 23 4.8
      vertex 42.85 23 2.42
    endloop
  endfacet
  facet normal 0 1 0
    outer loop
      vertex 41.35 23 2.42
      vertex 46.7 23 4.8
      vertex 42.05 23 2.42
    endloop
  endfacet
  facet normal 0 1 0
    outer loop
      vertex 40.55 23 2.42
      vertex 46.7 23 4.8
      vertex 41.35 23 2.42
    endloop
  endfacet
  facet normal 0 1 0
    outer loop
      vertex 39.85 23 2.42
      vertex 46.7 23 4.8
      vertex 40.55 23 2.42
    endloop
  endfacet
  facet normal 0 1 0
    outer loop
      vertex 39.05 23 2.42
      vertex 46.7 23 4.8
      vertex 39.85 23 2.42
    endloop
  endfacet
  facet normal 0 1 0
    outer loop
      vertex 38.35 23 2.42
      vertex 46.7 23 4.8
      vertex 39.05 23 2.42
    endloop
  endfacet
  facet normal 0 1 0
    outer loop
      vertex 46.7 23 4.8
      vertex 38.35 23 2.42
      vertex 29.2 23 4.8
    endloop
  endfacet
  facet normal 0 1 -0
    outer loop
      vertex 37.55 23 2.42
      vertex 29.2 23 4.8
      vertex 38.35 23 2.42
    endloop
  endfacet
  facet normal 0 1 -0
    outer loop
      vertex 36.85 23 2.42
      vertex 29.2 23 4.8
      vertex 37.55 23 2.42
    endloop
  endfacet
  facet normal 0 1 -0
    outer loop
      vertex 36.05 23 2.42
      vertex 29.2 23 4.8
      vertex 36.85 23 2.42
    endloop
  endfacet
  facet normal 0 1 -0
    outer loop
      vertex 35.35 23 2.42
      vertex 29.2 23 4.8
      vertex 36.05 23 2.42
    endloop
  endfacet
  facet normal 0 1 -0
    outer loop
      vertex 34.55 23 2.42
      vertex 29.2 23 4.8
      vertex 35.35 23 2.42
    endloop
  endfacet
  facet normal 0 1 -0
    outer loop
      vertex 33.85 23 2.42
      vertex 29.2 23 4.8
      vertex 34.55 23 2.42
    endloop
  endfacet
  facet normal 0 1 -0
    outer loop
      vertex 33.05 23 2.42
      vertex 29.2 23 4.8
      vertex 33.85 23 2.42
    endloop
  endfacet
  facet normal 0 1 -0
    outer loop
      vertex 32.35 23 2.42
      vertex 29.2 23 4.8
      vertex 33.05 23 2.42
    endloop
  endfacet
  facet normal 0 1 -0
    outer loop
      vertex 31.55 23 2.42
      vertex 29.2 23 4.8
      vertex 32.35 23 2.42
    endloop
  endfacet
  facet normal 0 1 -0
    outer loop
      vertex 30.85 23 2.42
      vertex 29.2 23 4.8
      vertex 31.55 23 2.42
    endloop
  endfacet
  facet normal 0 1 -0
    outer loop
      vertex 30.05 23 2.42
      vertex 29.2 23 4.8
      vertex 30.85 23 2.42
    endloop
  endfacet
  facet normal 0 1 -0
    outer loop
      vertex 29.35 23 2.42
      vertex 29.2 23 4.8
      vertex 30.05 23 2.42
    endloop
  endfacet
  facet normal 0 1 0
    outer loop
      vertex 29.2 23 4.8
      vertex 29.35 23 2.42
      vertex 29.2 23 2.42
    endloop
  endfacet
  facet normal 0 -1 0
    outer loop
      vertex 45.85 5 2.4
      vertex 46.55 5 2.42
      vertex 45.85 5 2.42
    endloop
  endfacet
  facet normal 0 -1 -0
    outer loop
      vertex 46.55 5 2.42
      vertex 45.85 5 2.4
      vertex 46.55 5 2.4
    endloop
  endfacet
  facet normal 0 -1 0
    outer loop
      vertex 44.35 5 2.4
      vertex 45.05 5 2.42
      vertex 44.35 5 2.42
    endloop
  endfacet
  facet normal 0 -1 -0
    outer loop
      vertex 45.05 5 2.42
      vertex 44.35 5 2.4
      vertex 45.05 5 2.4
    endloop
  endfacet
  facet normal 0 -1 0
    outer loop
      vertex 42.85 5 2.4
      vertex 43.55 5 2.42
      vertex 42.85 5 2.42
    endloop
  endfacet
  facet normal 0 -1 -0
    outer loop
      vertex 43.55 5 2.42
      vertex 42.85 5 2.4
      vertex 43.55 5 2.4
    endloop
  endfacet
  facet normal 0 -1 0
    outer loop
      vertex 41.35 5 2.4
      vertex 42.05 5 2.42
      vertex 41.35 5 2.42
    endloop
  endfacet
  facet normal 0 -1 -0
    outer loop
      vertex 42.05 5 2.42
      vertex 41.35 5 2.4
      vertex 42.05 5 2.4
    endloop
  endfacet
  facet normal 0 -1 0
    outer loop
      vertex 39.85 5 2.4
      vertex 40.55 5 2.42
      vertex 39.85 5 2.42
    endloop
  endfacet
  facet normal 0 -1 -0
    outer loop
      vertex 40.55 5 2.42
      vertex 39.85 5 2.4
      vertex 40.55 5 2.4
    endloop
  endfacet
  facet normal 0 -1 0
    outer loop
      vertex 38.35 5 2.4
      vertex 39.05 5 2.42
      vertex 38.35 5 2.42
    endloop
  endfacet
  facet normal 0 -1 -0
    outer loop
      vertex 39.05 5 2.42
      vertex 38.35 5 2.4
      vertex 39.05 5 2.4
    endloop
  endfacet
  facet normal 0 -1 0
    outer loop
      vertex 36.85 5 2.4
      vertex 37.55 5 2.42
      vertex 36.85 5 2.42
    endloop
  endfacet
  facet normal 0 -1 -0
    outer loop
      vertex 37.55 5 2.42
      vertex 36.85 5 2.4
      vertex 37.55 5 2.4
    endloop
  endfacet
  facet normal 0 -1 0
    outer loop
      vertex 35.35 5 2.4
      vertex 36.05 5 2.42
      vertex 35.35 5 2.42
    endloop
  endfacet
  facet normal 0 -1 -0
    outer loop
      vertex 36.05 5 2.42
      vertex 35.35 5 2.4
      vertex 36.05 5 2.4
    endloop
  endfacet
  facet normal 0 -1 0
    outer loop
      vertex 33.85 5 2.4
      vertex 34.55 5 2.42
      vertex 33.85 5 2.42
    endloop
  endfacet
  facet normal 0 -1 -0
    outer loop
      vertex 34.55 5 2.42
      vertex 33.85 5 2.4
      vertex 34.55 5 2.4
    endloop
  endfacet
  facet normal 0 -1 0
    outer loop
      vertex 32.35 5 2.4
      vertex 33.05 5 2.42
      vertex 32.35 5 2.42
    endloop
  endfacet
  facet normal 0 -1 -0
    outer loop
      vertex 33.05 5 2.42
      vertex 32.35 5 2.4
      vertex 33.05 5 2.4
    endloop
  endfacet
  facet normal 0 -1 0
    outer loop
      vertex 30.85 5 2.4
      vertex 31.55 5 2.42
      vertex 30.85 5 2.42
    endloop
  endfacet
  facet normal 0 -1 -0
    outer loop
      vertex 31.55 5 2.42
      vertex 30.85 5 2.4
      vertex 31.55 5 2.4
    endloop
  endfacet
  facet normal 0 -1 0
    outer loop
      vertex 29.35 5 2.4
      vertex 30.05 5 2.42
      vertex 29.35 5 2.42
    endloop
  endfacet
  facet normal 0 -1 -0
    outer loop
      vertex 30.05 5 2.42
      vertex 29.35 5 2.4
      vertex 30.05 5 2.4
    endloop
  endfacet
  facet normal 0 -1 0
    outer loop
      vertex 29.35 5 2.42
      vertex 29.2 5 4.8
      vertex 29.2 5 2.42
    endloop
  endfacet
  facet normal 0 -1 0
    outer loop
      vertex 30.05 5 2.42
      vertex 29.2 5 4.8
      vertex 29.35 5 2.42
    endloop
  endfacet
  facet normal 0 -1 0
    outer loop
      vertex 30.85 5 2.42
      vertex 29.2 5 4.8
      vertex 30.05 5 2.42
    endloop
  endfacet
  facet normal 0 -1 0
    outer loop
      vertex 31.55 5 2.42
      vertex 29.2 5 4.8
      vertex 30.85 5 2.42
    endloop
  endfacet
  facet normal 0 -1 0
    outer loop
      vertex 32.35 5 2.42
      vertex 29.2 5 4.8
      vertex 31.55 5 2.42
    endloop
  endfacet
  facet normal 0 -1 0
    outer loop
      vertex 33.05 5 2.42
      vertex 29.2 5 4.8
      vertex 32.35 5 2.42
    endloop
  endfacet
  facet normal 0 -1 0
    outer loop
      vertex 33.85 5 2.42
      vertex 29.2 5 4.8
      vertex 33.05 5 2.42
    endloop
  endfacet
  facet normal 0 -1 0
    outer loop
      vertex 34.55 5 2.42
      vertex 29.2 5 4.8
      vertex 33.85 5 2.42
    endloop
  endfacet
  facet normal 0 -1 0
    outer loop
      vertex 35.35 5 2.42
      vertex 29.2 5 4.8
      vertex 34.55 5 2.42
    endloop
  endfacet
  facet normal 0 -1 0
    outer loop
      vertex 36.05 5 2.42
      vertex 29.2 5 4.8
      vertex 35.35 5 2.42
    endloop
  endfacet
  facet normal 0 -1 0
    outer loop
      vertex 36.85 5 2.42
      vertex 29.2 5 4.8
      vertex 36.05 5 2.42
    endloop
  endfacet
  facet normal 0 -1 0
    outer loop
      vertex 37.55 5 2.42
      vertex 29.2 5 4.8
      vertex 36.85 5 2.42
    endloop
  endfacet
  facet normal 0 -1 0
    outer loop
      vertex 29.2 5 4.8
      vertex 37.55 5 2.42
      vertex 46.7 5 4.8
    endloop
  endfacet
  facet normal 0 -1 0
    outer loop
      vertex 38.35 5 2.42
      vertex 46.7 5 4.8
      vertex 37.55 5 2.42
    endloop
  endfacet
  facet normal 0 -1 0
    outer loop
      vertex 39.05 5 2.42
      vertex 46.7 5 4.8
      vertex 38.35 5 2.42
    endloop
  endfacet
  facet normal 0 -1 0
    outer loop
      vertex 39.85 5 2.42
      vertex 46.7 5 4.8
      vertex 39.05 5 2.42
    endloop
  endfacet
  facet normal 0 -1 0
    outer loop
      vertex 40.55 5 2.42
      vertex 46.7 5 4.8
      vertex 39.85 5 2.42
    endloop
  endfacet
  facet normal 0 -1 0
    outer loop
      vertex 41.35 5 2.42
      vertex 46.7 5 4.8
      vertex 40.55 5 2.42
    endloop
  endfacet
  facet normal 0 -1 0
    outer loop
      vertex 42.05 5 2.42
      vertex 46.7 5 4.8
      vertex 41.35 5 2.42
    endloop
  endfacet
  facet normal 0 -1 0
    outer loop
      vertex 42.85 5 2.42
      vertex 46.7 5 4.8
      vertex 42.05 5 2.42
    endloop
  endfacet
  facet normal 0 -1 0
    outer loop
      vertex 43.55 5 2.42
      vertex 46.7 5 4.8
      vertex 42.85 5 2.42
    endloop
  endfacet
  facet normal 0 -1 0
    outer loop
      vertex 44.35 5 2.42
      vertex 46.7 5 4.8
      vertex 43.55 5 2.42
    endloop
  endfacet
  facet normal 0 -1 0
    outer loop
      vertex 45.05 5 2.42
      vertex 46.7 5 4.8
      vertex 44.35 5 2.42
    endloop
  endfacet
  facet normal 0 -1 0
    outer loop
      vertex 45.85 5 2.42
      vertex 46.7 5 4.8
      vertex 45.05 5 2.42
    endloop
  endfacet
  facet normal 0 -1 0
    outer loop
      vertex 46.55 5 2.42
      vertex 46.7 5 4.8
      vertex 45.85 5 2.42
    endloop
  endfacet
  facet normal 0 -1 -0
    outer loop
      vertex 46.7 5 4.8
      vertex 46.55 5 2.42
      vertex 46.7 5 2.42
    endloop
  endfacet
  facet normal -1 0 0
    outer loop
      vertex 45.5 6.2 4.65
      vertex 45.5 21.8 4.8
      vertex 45.5 21.8 4.65
    endloop
  endfacet
  facet normal -1 -0 0
    outer loop
      vertex 45.5 21.8 4.8
      vertex 45.5 6.2 4.65
      vertex 45.5 6.2 4.8
    endloop
  endfacet
  facet normal -0 0 1
    outer loop
      vertex 30.4 21.8 4.65
      vertex 45.5 6.2 4.65
      vertex 45.5 21.8 4.65
    endloop
  endfacet
  facet normal 0 0 1
    outer loop
      vertex 45.5 6.2 4.65
      vertex 30.4 21.8 4.65
      vertex 30.4 6.2 4.65
    endloop
  endfacet
  facet normal 1 -0 0
    outer loop
      vertex 30.4 6.2 4.8
      vertex 30.4 21.8 4.65
      vertex 30.4 21.8 4.8
    endloop
  endfacet
  facet normal 1 0 0
    outer loop
      vertex 30.4 21.8 4.65
      vertex 30.4 6.2 4.8
      vertex 30.4 6.2 4.65
    endloop
  endfacet
  facet normal 0 -1 0
    outer loop
      vertex 30.4 21.8 4.65
      vertex 45.5 21.8 4.8
      vertex 30.4 21.8 4.8
    endloop
  endfacet
  facet normal 0 -1 -0
    outer loop
      vertex 45.5 21.8 4.8
      vertex 30.4 21.8 4.65
      vertex 45.5 21.8 4.65
    endloop
  endfacet
  facet normal 0 1 -0
    outer loop
      vertex 45.5 6.2 4.65
      vertex 30.4 6.2 4.8
      vertex 45.5 6.2 4.8
    endloop
  endfacet
  facet normal 0 1 0
    outer loop
      vertex 30.4 6.2 4.8
      vertex 45.5 6.2 4.65
      vertex 30.4 6.2 4.65
    endloop
  endfacet
  facet normal 1 -0 0
    outer loop
      vertex 26.35 4 2.42
      vertex 26.35 5.2 2.36
      vertex 26.35 5.2 2.42
    endloop
  endfacet
  facet normal 1 0 0
    outer loop
      vertex 26.35 5.2 2.36
      vertex 26.35 4 2.42
      vertex 26.35 4 2.36
    endloop
  endfacet
  facet normal -0 0 1
    outer loop
      vertex 25.55 5.2 2.42
      vertex 26.35 4 2.42
      vertex 26.35 5.2 2.42
    endloop
  endfacet
  facet normal 0 0 1
    outer loop
      vertex 26.35 4 2.42
      vertex 25.55 5.2 2.42
      vertex 25.55 4 2.42
    endloop
  endfacet
  facet normal 0 0 -1
    outer loop
      vertex 25.55 4 2.36
      vertex 26.35 5.2 2.36
      vertex 26.35 4 2.36
    endloop
  endfacet
  facet normal -0 0 -1
    outer loop
      vertex 26.35 5.2 2.36
      vertex 25.55 4 2.36
      vertex 25.55 5.2 2.36
    endloop
  endfacet
  facet normal -1 0 0
    outer loop
      vertex 25.55 4 2.36
      vertex 25.55 5.2 2.42
      vertex 25.55 5.2 2.36
    endloop
  endfacet
  facet normal -1 -0 0
    outer loop
      vertex 25.55 5.2 2.42
      vertex 25.55 4 2.36
      vertex 25.55 4 2.42
    endloop
  endfacet
  facet normal 0 1 -0
    outer loop
      vertex 26.35 5.2 2.36
      vertex 25.55 5.2 2.42
      vertex 26.35 5.2 2.42
    endloop
  endfacet
  facet normal 0 1 0
    outer loop
      vertex 25.55 5.2 2.42
      vertex 26.35 5.2 2.36
      vertex 25.55 5.2 2.36
    endloop
  endfacet
  facet normal 0 -1 0
    outer loop
      vertex 25.55 4 2.36
      vertex 26.35 4 2.42
      vertex 25.55 4 2.42
    endloop
  endfacet
  facet normal 0 -1 -0
    outer loop
      vertex 26.35 4 2.42
      vertex 25.55 4 2.36
      vertex 26.35 4 2.36
    endloop
  endfacet
  facet normal 1 -0 0
    outer loop
      vertex 26.35 22.8 2.42
      vertex 26.35 24 2.36
      vertex 26.35 24 2.42
    endloop
  endfacet
  facet normal 1 0 0
    outer loop
      vertex 26.35 24 2.36
      vertex 26.35 22.8 2.42
      vertex 26.35 22.8 2.36
    endloop
  endfacet
  facet normal -0 0 1
    outer loop
      vertex 25.55 24 2.42
      vertex 26.35 22.8 2.42
      vertex 26.35 24 2.42
    endloop
  endfacet
  facet normal 0 0 1
    outer loop
      vertex 26.35 22.8 2.42
      vertex 25.55 24 2.42
      vertex 25.55 22.8 2.42
    endloop
  endfacet
  facet normal 0 0 -1
    outer loop
      vertex 25.55 22.8 2.36
      vertex 26.35 24 2.36
      vertex 26.35 22.8 2.36
    endloop
  endfacet
  facet normal -0 0 -1
    outer loop
      vertex 26.35 24 2.36
      vertex 25.55 22.8 2.36
      vertex 25.55 24 2.36
    endloop
  endfacet
  facet normal -1 0 0
    outer loop
      vertex 25.55 22.8 2.36
      vertex 25.55 24 2.42
      vertex 25.55 24 2.36
    endloop
  endfacet
  facet normal -1 -0 0
    outer loop
      vertex 25.55 24 2.42
      vertex 25.55 22.8 2.36
      vertex 25.55 22.8 2.42
    endloop
  endfacet
  facet normal 0 1 -0
    outer loop
      vertex 26.35 24 2.36
      vertex 25.55 24 2.42
      vertex 26.35 24 2.42
    endloop
  endfacet
  facet normal 0 1 0
    outer loop
      vertex 25.55 24 2.42
      vertex 26.35 24 2.36
      vertex 25.55 24 2.36
    endloop
  endfacet
  facet normal 0 -1 0
    outer loop
      vertex 25.55 22.8 2.36
      vertex 26.35 22.8 2.42
      vertex 25.55 22.8 2.42
    endloop
  endfacet
  facet normal 0 -1 -0
    outer loop
      vertex 26.35 22.8 2.42
      vertex 25.55 22.8 2.36
      vertex 26.35 22.8 2.36
    endloop
  endfacet
  facet normal 1 -0 0
    outer loop
      vertex 27.85 4 2.42
      vertex 27.85 5.2 2.36
      vertex 27.85 5.2 2.42
    endloop
  endfacet
  facet normal 1 0 0
    outer loop
      vertex 27.85 5.2 2.36
      vertex 27.85 4 2.42
      vertex 27.85 4 2.36
    endloop
  endfacet
  facet normal -0 0 1
    outer loop
      vertex 27.05 5.2 2.42
      vertex 27.85 4 2.42
      vertex 27.85 5.2 2.42
    endloop
  endfacet
  facet normal 0 0 1
    outer loop
      vertex 27.85 4 2.42
      vertex 27.05 5.2 2.42
      vertex 27.05 4 2.42
    endloop
  endfacet
  facet normal 0 0 -1
    outer loop
      vertex 27.05 4 2.36
      vertex 27.85 5.2 2.36
      vertex 27.85 4 2.36
    endloop
  endfacet
  facet normal -0 0 -1
    outer loop
      vertex 27.85 5.2 2.36
      vertex 27.05 4 2.36
      vertex 27.05 5.2 2.36
    endloop
  endfacet
  facet normal -1 0 0
    outer loop
      vertex 27.05 4 2.36
      vertex 27.05 5.2 2.42
      vertex 27.05 5.2 2.36
    endloop
  endfacet
  facet normal -1 -0 0
    outer loop
      vertex 27.05 5.2 2.42
      vertex 27.05 4 2.36
      vertex 27.05 4 2.42
    endloop
  endfacet
  facet normal 0 1 -0
    outer loop
      vertex 27.85 5.2 2.36
      vertex 27.05 5.2 2.42
      vertex 27.85 5.2 2.42
    endloop
  endfacet
  facet normal 0 1 0
    outer loop
      vertex 27.05 5.2 2.42
      vertex 27.85 5.2 2.36
      vertex 27.05 5.2 2.36
    endloop
  endfacet
  facet normal 0 -1 0
    outer loop
      vertex 27.05 4 2.36
      vertex 27.85 4 2.42
      vertex 27.05 4 2.42
    endloop
  endfacet
  facet normal 0 -1 -0
    outer loop
      vertex 27.85 4 2.42
      vertex 27.05 4 2.36
      vertex 27.85 4 2.36
    endloop
  endfacet
  facet normal 1 -0 0
    outer loop
      vertex 27.85 22.8 2.42
      vertex 27.85 24 2.36
      vertex 27.85 24 2.42
    endloop
  endfacet
  facet normal 1 0 0
    outer loop
      vertex 27.85 24 2.36
      vertex 27.85 22.8 2.42
      vertex 27.85 22.8 2.36
    endloop
  endfacet
  facet normal -0 0 1
    outer loop
      vertex 27.05 24 2.42
      vertex 27.85 22.8 2.42
      vertex 27.85 24 2.42
    endloop
  endfacet
  facet normal 0 0 1
    outer loop
      vertex 27.85 22.8 2.42
      vertex 27.05 24 2.42
      vertex 27.05 22.8 2.42
    endloop
  endfacet
  facet normal 0 0 -1
    outer loop
      vertex 27.05 22.8 2.36
      vertex 27.85 24 2.36
      vertex 27.85 22.8 2.36
    endloop
  endfacet
  facet normal -0 0 -1
    outer loop
      vertex 27.85 24 2.36
      vertex 27.05 22.8 2.36
      vertex 27.05 24 2.36
    endloop
  endfacet
  facet normal -1 0 0
    outer loop
      vertex 27.05 22.8 2.36
      vertex 27.05 24 2.42
      vertex 27.05 24 2.36
    endloop
  endfacet
  facet normal -1 -0 0
    outer loop
      vertex 27.05 24 2.42
      vertex 27.05 22.8 2.36
      vertex 27.05 22.8 2.42
    endloop
  endfacet
  facet normal 0 1 -0
    outer loop
      vertex 27.85 24 2.36
      vertex 27.05 24 2.42
      vertex 27.85 24 2.42
    endloop
  endfacet
  facet normal 0 1 0
    outer loop
      vertex 27.05 24 2.42
      vertex 27.85 24 2.36
      vertex 27.05 24 2.36
    endloop
  endfacet
  facet normal 0 -1 0
    outer loop
      vertex 27.05 22.8 2.36
      vertex 27.85 22.8 2.42
      vertex 27.05 22.8 2.42
    endloop
  endfacet
  facet normal 0 -1 -0
    outer loop
      vertex 27.85 22.8 2.42
      vertex 27.05 22.8 2.36
      vertex 27.85 22.8 2.36
    endloop
  endfacet
  facet normal 1 -0 0
    outer loop
      vertex 29.35 4 2.42
      vertex 29.35 5 2.4
      vertex 29.35 5 2.42
    endloop
  endfacet
  facet normal 1 0 0
    outer loop
      vertex 29.35 4 2.36
      vertex 29.35 5 2.4
      vertex 29.35 4 2.42
    endloop
  endfacet
  facet normal 1 0 0
    outer loop
      vertex 29.35 5 2.4
      vertex 29.35 4 2.36
      vertex 29.35 5 2.36
    endloop
  endfacet
  facet normal 0 0 1
    outer loop
      vertex 29.2 5.2 2.42
      vertex 28.55 5.2 2.42
      vertex 29.2 5 2.42
    endloop
  endfacet
  facet normal -0 0 1
    outer loop
      vertex 29.2 5 2.42
      vertex 29.35 4 2.42
      vertex 29.35 5 2.42
    endloop
  endfacet
  facet normal 0 0 1
    outer loop
      vertex 28.55 4 2.42
      vertex 29.2 5 2.42
      vertex 28.55 5.2 2.42
    endloop
  endfacet
  facet normal 0 0 1
    outer loop
      vertex 29.2 5 2.42
      vertex 28.55 4 2.42
      vertex 29.35 4 2.42
    endloop
  endfacet
  facet normal 0 0 -1
    outer loop
      vertex 29.35 4 2.36
      vertex 29.2 5 2.36
      vertex 29.35 5 2.36
    endloop
  endfacet
  facet normal 0 0 -1
    outer loop
      vertex 28.55 4 2.36
      vertex 29.2 5 2.36
      vertex 29.35 4 2.36
    endloop
  endfacet
  facet normal 0 0 -1
    outer loop
      vertex 28.55 5.2 2.36
      vertex 29.2 5 2.36
      vertex 28.55 4 2.36
    endloop
  endfacet
  facet normal 0 0 -1
    outer loop
      vertex 29.2 5 2.36
      vertex 28.55 5.2 2.36
      vertex 29.2 5.2 2.36
    endloop
  endfacet
  facet normal -1 0 0
    outer loop
      vertex 28.55 4 2.36
      vertex 28.55 5.2 2.42
      vertex 28.55 5.2 2.36
    endloop
  endfacet
  facet normal -1 -0 0
    outer loop
      vertex 28.55 5.2 2.42
      vertex 28.55 4 2.36
      vertex 28.55 4 2.42
    endloop
  endfacet
  facet normal 0 1 -0
    outer loop
      vertex 29.2 5.2 2.4
      vertex 28.55 5.2 2.42
      vertex 29.2 5.2 2.42
    endloop
  endfacet
  facet normal 0 1 0
    outer loop
      vertex 28.55 5.2 2.36
      vertex 29.2 5.2 2.4
      vertex 29.2 5.2 2.36
    endloop
  endfacet
  facet normal 0 1 0
    outer loop
      vertex 29.2 5.2 2.4
      vertex 28.55 5.2 2.36
      vertex 28.55 5.2 2.42
    endloop
  endfacet
  facet normal 0 -1 0
    outer loop
      vertex 28.55 4 2.36
      vertex 29.35 4 2.42
      vertex 28.55 4 2.42
    endloop
  endfacet
  facet normal 0 -1 -0
    outer loop
      vertex 29.35 4 2.42
      vertex 28.55 4 2.36
      vertex 29.35 4 2.36
    endloop
  endfacet
  facet normal 1 0 0
    outer loop
      vertex 29.35 23 2.4
      vertex 29.35 24 2.42
      vertex 29.35 23 2.42
    endloop
  endfacet
  facet normal 1 0 0
    outer loop
      vertex 29.35 24 2.42
      vertex 29.35 23 2.4
      vertex 29.35 24 2.36
    endloop
  endfacet
  facet normal 1 0 0
    outer loop
      vertex 29.35 24 2.36
      vertex 29.35 23 2.4
      vertex 29.35 23 2.36
    endloop
  endfacet
  facet normal 0 0 1
    outer loop
      vertex 29.35 24 2.42
      vertex 29.2 23 2.42
      vertex 29.35 23 2.42
    endloop
  endfacet
  facet normal -0 0 1
    outer loop
      vertex 28.55 24 2.42
      vertex 29.2 23 2.42
      vertex 29.35 24 2.42
    endloop
  endfacet
  facet normal 0 0 1
    outer loop
      vertex 28.55 22.8 2.42
      vertex 29.2 23 2.42
      vertex 28.55 24 2.42
    endloop
  endfacet
  facet normal 0 0 1
    outer loop
      vertex 29.2 23 2.42
      vertex 28.55 22.8 2.42
      vertex 29.2 22.8 2.42
    endloop
  endfacet
  facet normal 0 0 -1
    outer loop
      vertex 29.2 22.8 2.36
      vertex 28.55 22.8 2.36
      vertex 29.2 23 2.36
    endloop
  endfacet
  facet normal 0 0 -1
    outer loop
      vertex 29.2 23 2.36
      vertex 29.35 24 2.36
      vertex 29.35 23 2.36
    endloop
  endfacet
  facet normal 0 0 -1
    outer loop
      vertex 28.55 24 2.36
      vertex 29.2 23 2.36
      vertex 28.55 22.8 2.36
    endloop
  endfacet
  facet normal 0 0 -1
    outer loop
      vertex 29.2 23 2.36
      vertex 28.55 24 2.36
      vertex 29.35 24 2.36
    endloop
  endfacet
  facet normal -1 0 0
    outer loop
      vertex 28.55 22.8 2.36
      vertex 28.55 24 2.42
      vertex 28.55 24 2.36
    endloop
  endfacet
  facet normal -1 -0 0
    outer loop
      vertex 28.55 24 2.42
      vertex 28.55 22.8 2.36
      vertex 28.55 22.8 2.42
    endloop
  endfacet
  facet normal 0 1 -0
    outer loop
      vertex 29.35 24 2.36
      vertex 28.55 24 2.42
      vertex 29.35 24 2.42
    endloop
  endfacet
  facet normal 0 1 0
    outer loop
      vertex 28.55 24 2.42
      vertex 29.35 24 2.36
      vertex 28.55 24 2.36
    endloop
  endfacet
  facet normal 0 -1 0
    outer loop
      vertex 28.55 22.8 2.42
      vertex 29.2 22.8 2.4
      vertex 29.2 22.8 2.42
    endloop
  endfacet
  facet normal 0 -1 0
    outer loop
      vertex 28.55 22.8 2.36
      vertex 29.2 22.8 2.4
      vertex 28.55 22.8 2.42
    endloop
  endfacet
  facet normal 0 -1 -0
    outer loop
      vertex 29.2 22.8 2.4
      vertex 28.55 22.8 2.36
      vertex 29.2 22.8 2.36
    endloop
  endfacet
  facet normal 1 -0 0
    outer loop
      vertex 30.85 4 2.42
      vertex 30.85 5 2.4
      vertex 30.85 5 2.42
    endloop
  endfacet
  facet normal 1 0 0
    outer loop
      vertex 30.85 4 2.36
      vertex 30.85 5 2.4
      vertex 30.85 4 2.42
    endloop
  endfacet
  facet normal 1 0 0
    outer loop
      vertex 30.85 5 2.4
      vertex 30.85 4 2.36
      vertex 30.85 5 2.36
    endloop
  endfacet
  facet normal -0 0 1
    outer loop
      vertex 30.05 5 2.42
      vertex 30.85 4 2.42
      vertex 30.85 5 2.42
    endloop
  endfacet
  facet normal 0 0 1
    outer loop
      vertex 30.85 4 2.42
      vertex 30.05 5 2.42
      vertex 30.05 4 2.42
    endloop
  endfacet
  facet normal 0 0 -1
    outer loop
      vertex 30.05 4 2.36
      vertex 30.85 5 2.36
      vertex 30.85 4 2.36
    endloop
  endfacet
  facet normal -0 0 -1
    outer loop
      vertex 30.85 5 2.36
      vertex 30.05 4 2.36
      vertex 30.05 5 2.36
    endloop
  endfacet
  facet normal -1 0 0
    outer loop
      vertex 30.05 4 2.36
      vertex 30.05 5 2.4
      vertex 30.05 5 2.36
    endloop
  endfacet
  facet normal -1 0 0
    outer loop
      vertex 30.05 4 2.42
      vertex 30.05 5 2.4
      vertex 30.05 4 2.36
    endloop
  endfacet
  facet normal -1 0 0
    outer loop
      vertex 30.05 5 2.4
      vertex 30.05 4 2.42
      vertex 30.05 5 2.42
    endloop
  endfacet
  facet normal 0 -1 0
    outer loop
      vertex 30.05 4 2.36
      vertex 30.85 4 2.42
      vertex 30.05 4 2.42
    endloop
  endfacet
  facet normal 0 -1 -0
    outer loop
      vertex 30.85 4 2.42
      vertex 30.05 4 2.36
      vertex 30.85 4 2.36
    endloop
  endfacet
  facet normal 1 0 0
    outer loop
      vertex 30.85 23 2.4
      vertex 30.85 24 2.42
      vertex 30.85 23 2.42
    endloop
  endfacet
  facet normal 1 0 0
    outer loop
      vertex 30.85 24 2.42
      vertex 30.85 23 2.4
      vertex 30.85 24 2.36
    endloop
  endfacet
  facet normal 1 0 0
    outer loop
      vertex 30.85 24 2.36
      vertex 30.85 23 2.4
      vertex 30.85 23 2.36
    endloop
  endfacet
  facet normal -0 0 1
    outer loop
      vertex 30.05 24 2.42
      vertex 30.85 23 2.42
      vertex 30.85 24 2.42
    endloop
  endfacet
  facet normal 0 0 1
    outer loop
      vertex 30.85 23 2.42
      vertex 30.05 24 2.42
      vertex 30.05 23 2.42
    endloop
  endfacet
  facet normal 0 0 -1
    outer loop
      vertex 30.05 23 2.36
      vertex 30.85 24 2.36
      vertex 30.85 23 2.36
    endloop
  endfacet
  facet normal -0 0 -1
    outer loop
      vertex 30.85 24 2.36
      vertex 30.05 23 2.36
      vertex 30.05 24 2.36
    endloop
  endfacet
  facet normal -1 0 0
    outer loop
      vertex 30.05 23 2.4
      vertex 30.05 24 2.36
      vertex 30.05 23 2.36
    endloop
  endfacet
  facet normal -1 0 0
    outer loop
      vertex 30.05 24 2.36
      vertex 30.05 23 2.4
      vertex 30.05 24 2.42
    endloop
  endfacet
  facet normal -1 -0 0
    outer loop
      vertex 30.05 24 2.42
      vertex 30.05 23 2.4
      vertex 30.05 23 2.42
    endloop
  endfacet
  facet normal 0 1 -0
    outer loop
      vertex 30.85 24 2.36
      vertex 30.05 24 2.42
      vertex 30.85 24 2.42
    endloop
  endfacet
  facet normal 0 1 0
    outer loop
      vertex 30.05 24 2.42
      vertex 30.85 24 2.36
      vertex 30.05 24 2.36
    endloop
  endfacet
  facet normal 1 -0 0
    outer loop
      vertex 32.35 4 2.42
      vertex 32.35 5 2.4
      vertex 32.35 5 2.42
    endloop
  endfacet
  facet normal 1 0 0
    outer loop
      vertex 32.35 4 2.36
      vertex 32.35 5 2.4
      vertex 32.35 4 2.42
    endloop
  endfacet
  facet normal 1 0 0
    outer loop
      vertex 32.35 5 2.4
      vertex 32.35 4 2.36
      vertex 32.35 5 2.36
    endloop
  endfacet
  facet normal -0 0 1
    outer loop
      vertex 31.55 5 2.42
      vertex 32.35 4 2.42
      vertex 32.35 5 2.42
    endloop
  endfacet
  facet normal 0 0 1
    outer loop
      vertex 32.35 4 2.42
      vertex 31.55 5 2.42
      vertex 31.55 4 2.42
    endloop
  endfacet
  facet normal 0 0 -1
    outer loop
      vertex 31.55 4 2.36
      vertex 32.35 5 2.36
      vertex 32.35 4 2.36
    endloop
  endfacet
  facet normal -0 0 -1
    outer loop
      vertex 32.35 5 2.36
      vertex 31.55 4 2.36
      vertex 31.55 5 2.36
    endloop
  endfacet
  facet normal -1 0 0
    outer loop
      vertex 31.55 4 2.36
      vertex 31.55 5 2.4
      vertex 31.55 5 2.36
    endloop
  endfacet
  facet normal -1 0 0
    outer loop
      vertex 31.55 4 2.42
      vertex 31.55 5 2.4
      vertex 31.55 4 2.36
    endloop
  endfacet
  facet normal -1 0 0
    outer loop
      vertex 31.55 5 2.4
      vertex 31.55 4 2.42
      vertex 31.55 5 2.42
    endloop
  endfacet
  facet normal 0 -1 0
    outer loop
      vertex 31.55 4 2.36
      vertex 32.35 4 2.42
      vertex 31.55 4 2.42
    endloop
  endfacet
  facet normal 0 -1 -0
    outer loop
      vertex 32.35 4 2.42
      vertex 31.55 4 2.36
      vertex 32.35 4 2.36
    endloop
  endfacet
  facet normal 1 0 0
    outer loop
      vertex 32.35 23 2.4
      vertex 32.35 24 2.42
      vertex 32.35 23 2.42
    endloop
  endfacet
  facet normal 1 0 0
    outer loop
      vertex 32.35 24 2.42
      vertex 32.35 23 2.4
      vertex 32.35 24 2.36
    endloop
  endfacet
  facet normal 1 0 0
    outer loop
      vertex 32.35 24 2.36
      vertex 32.35 23 2.4
      vertex 32.35 23 2.36
    endloop
  endfacet
  facet normal -0 0 1
    outer loop
      vertex 31.55 24 2.42
      vertex 32.35 23 2.42
      vertex 32.35 24 2.42
    endloop
  endfacet
  facet normal 0 0 1
    outer loop
      vertex 32.35 23 2.42
      vertex 31.55 24 2.42
      vertex 31.55 23 2.42
    endloop
  endfacet
  facet normal 0 0 -1
    outer loop
      vertex 31.55 23 2.36
      vertex 32.35 24 2.36
      vertex 32.35 23 2.36
    endloop
  endfacet
  facet normal -0 0 -1
    outer loop
      vertex 32.35 24 2.36
      vertex 31.55 23 2.36
      vertex 31.55 24 2.36
    endloop
  endfacet
  facet normal -1 0 0
    outer loop
      vertex 31.55 23 2.4
      vertex 31.55 24 2.36
      vertex 31.55 23 2.36
    endloop
  endfacet
  facet normal -1 0 0
    outer loop
      vertex 31.55 24 2.36
      vertex 31.55 23 2.4
      vertex 31.55 24 2.42
    endloop
  endfacet
  facet normal -1 -0 0
    outer loop
      vertex 31.55 24 2.42
      vertex 31.55 23 2.4
      vertex 31.55 23 2.42
    endloop
  endfacet
  facet normal 0 1 -0
    outer loop
      vertex 32.35 24 2.36
      vertex 31.55 24 2.42
      vertex 32.35 24 2.42
    endloop
  endfacet
  facet normal 0 1 0
    outer loop
      vertex 31.55 24 2.42
      vertex 32.35 24 2.36
      vertex 31.55 24 2.36
    endloop
  endfacet
  facet normal 1 -0 0
    outer loop
      vertex 33.85 4 2.42
      vertex 33.85 5 2.4
      vertex 33.85 5 2.42
    endloop
  endfacet
  facet normal 1 0 0
    outer loop
      vertex 33.85 4 2.36
      vertex 33.85 5 2.4
      vertex 33.85 4 2.42
    endloop
  endfacet
  facet normal 1 0 0
    outer loop
      vertex 33.85 5 2.4
      vertex 33.85 4 2.36
      vertex 33.85 5 2.36
    endloop
  endfacet
  facet normal -0 0 1
    outer loop
      vertex 33.05 5 2.42
      vertex 33.85 4 2.42
      vertex 33.85 5 2.42
    endloop
  endfacet
  facet normal 0 0 1
    outer loop
      vertex 33.85 4 2.42
      vertex 33.05 5 2.42
      vertex 33.05 4 2.42
    endloop
  endfacet
  facet normal 0 0 -1
    outer loop
      vertex 33.05 4 2.36
      vertex 33.85 5 2.36
      vertex 33.85 4 2.36
    endloop
  endfacet
  facet normal -0 0 -1
    outer loop
      vertex 33.85 5 2.36
      vertex 33.05 4 2.36
      vertex 33.05 5 2.36
    endloop
  endfacet
  facet normal -1 0 0
    outer loop
      vertex 33.05 4 2.36
      vertex 33.05 5 2.4
      vertex 33.05 5 2.36
    endloop
  endfacet
  facet normal -1 0 0
    outer loop
      vertex 33.05 4 2.42
      vertex 33.05 5 2.4
      vertex 33.05 4 2.36
    endloop
  endfacet
  facet normal -1 0 0
    outer loop
      vertex 33.05 5 2.4
      vertex 33.05 4 2.42
      vertex 33.05 5 2.42
    endloop
  endfacet
  facet normal 0 -1 0
    outer loop
      vertex 33.05 4 2.36
      vertex 33.85 4 2.42
      vertex 33.05 4 2.42
    endloop
  endfacet
  facet normal 0 -1 -0
    outer loop
      vertex 33.85 4 2.42
      vertex 33.05 4 2.36
      vertex 33.85 4 2.36
    endloop
  endfacet
  facet normal 1 0 0
    outer loop
      vertex 33.85 23 2.4
      vertex 33.85 24 2.42
      vertex 33.85 23 2.42
    endloop
  endfacet
  facet normal 1 0 0
    outer loop
      vertex 33.85 24 2.42
      vertex 33.85 23 2.4
      vertex 33.85 24 2.36
    endloop
  endfacet
  facet normal 1 0 0
    outer loop
      vertex 33.85 24 2.36
      vertex 33.85 23 2.4
      vertex 33.85 23 2.36
    endloop
  endfacet
  facet normal -0 0 1
    outer loop
      vertex 33.05 24 2.42
      vertex 33.85 23 2.42
      vertex 33.85 24 2.42
    endloop
  endfacet
  facet normal 0 0 1
    outer loop
      vertex 33.85 23 2.42
      vertex 33.05 24 2.42
      vertex 33.05 23 2.42
    endloop
  endfacet
  facet normal 0 0 -1
    outer loop
      vertex 33.05 23 2.36
      vertex 33.85 24 2.36
      vertex 33.85 23 2.36
    endloop
  endfacet
  facet normal -0 0 -1
    outer loop
      vertex 33.85 24 2.36
      vertex 33.05 23 2.36
      vertex 33.05 24 2.36
    endloop
  endfacet
  facet normal -1 0 0
    outer loop
      vertex 33.05 23 2.4
      vertex 33.05 24 2.36
      vertex 33.05 23 2.36
    endloop
  endfacet
  facet normal -1 0 0
    outer loop
      vertex 33.05 24 2.36
      vertex 33.05 23 2.4
      vertex 33.05 24 2.42
    endloop
  endfacet
  facet normal -1 -0 0
    outer loop
      vertex 33.05 24 2.42
      vertex 33.05 23 2.4
      vertex 33.05 23 2.42
    endloop
  endfacet
  facet normal 0 1 -0
    outer loop
      vertex 33.85 24 2.36
      vertex 33.05 24 2.42
      vertex 33.85 24 2.42
    endloop
  endfacet
  facet normal 0 1 0
    outer loop
      vertex 33.05 24 2.42
      vertex 33.85 24 2.36
      vertex 33.05 24 2.36
    endloop
  endfacet
  facet normal 1 -0 0
    outer loop
      vertex 35.35 4 2.42
      vertex 35.35 5 2.4
      vertex 35.35 5 2.42
    endloop
  endfacet
  facet normal 1 0 0
    outer loop
      vertex 35.35 4 2.36
      vertex 35.35 5 2.4
      vertex 35.35 4 2.42
    endloop
  endfacet
  facet normal 1 0 0
    outer loop
      vertex 35.35 5 2.4
      vertex 35.35 4 2.36
      vertex 35.35 5 2.36
    endloop
  endfacet
  facet normal -0 0 1
    outer loop
      vertex 34.55 5 2.42
      vertex 35.35 4 2.42
      vertex 35.35 5 2.42
    endloop
  endfacet
  facet normal 0 0 1
    outer loop
      vertex 35.35 4 2.42
      vertex 34.55 5 2.42
      vertex 34.55 4 2.42
    endloop
  endfacet
  facet normal 0 0 -1
    outer loop
      vertex 34.55 4 2.36
      vertex 35.35 5 2.36
      vertex 35.35 4 2.36
    endloop
  endfacet
  facet normal -0 0 -1
    outer loop
      vertex 35.35 5 2.36
      vertex 34.55 4 2.36
      vertex 34.55 5 2.36
    endloop
  endfacet
  facet normal -1 0 0
    outer loop
      vertex 34.55 4 2.36
      vertex 34.55 5 2.4
      vertex 34.55 5 2.36
    endloop
  endfacet
  facet normal -1 0 0
    outer loop
      vertex 34.55 4 2.42
      vertex 34.55 5 2.4
      vertex 34.55 4 2.36
    endloop
  endfacet
  facet normal -1 0 0
    outer loop
      vertex 34.55 5 2.4
      vertex 34.55 4 2.42
      vertex 34.55 5 2.42
    endloop
  endfacet
  facet normal 0 -1 0
    outer loop
      vertex 34.55 4 2.36
      vertex 35.35 4 2.42
      vertex 34.55 4 2.42
    endloop
  endfacet
  facet normal 0 -1 -0
    outer loop
      vertex 35.35 4 2.42
      vertex 34.55 4 2.36
      vertex 35.35 4 2.36
    endloop
  endfacet
  facet normal 1 0 0
    outer loop
      vertex 35.35 23 2.4
      vertex 35.35 24 2.42
      vertex 35.35 23 2.42
    endloop
  endfacet
  facet normal 1 0 0
    outer loop
      vertex 35.35 24 2.42
      vertex 35.35 23 2.4
      vertex 35.35 24 2.36
    endloop
  endfacet
  facet normal 1 0 0
    outer loop
      vertex 35.35 24 2.36
      vertex 35.35 23 2.4
      vertex 35.35 23 2.36
    endloop
  endfacet
  facet normal -0 0 1
    outer loop
      vertex 34.55 24 2.42
      vertex 35.35 23 2.42
      vertex 35.35 24 2.42
    endloop
  endfacet
  facet normal 0 0 1
    outer loop
      vertex 35.35 23 2.42
      vertex 34.55 24 2.42
      vertex 34.55 23 2.42
    endloop
  endfacet
  facet normal 0 0 -1
    outer loop
      vertex 34.55 23 2.36
      vertex 35.35 24 2.36
      vertex 35.35 23 2.36
    endloop
  endfacet
  facet normal -0 0 -1
    outer loop
      vertex 35.35 24 2.36
      vertex 34.55 23 2.36
      vertex 34.55 24 2.36
    endloop
  endfacet
  facet normal -1 0 0
    outer loop
      vertex 34.55 23 2.4
      vertex 34.55 24 2.36
      vertex 34.55 23 2.36
    endloop
  endfacet
  facet normal -1 0 0
    outer loop
      vertex 34.55 24 2.36
      vertex 34.55 23 2.4
      vertex 34.55 24 2.42
    endloop
  endfacet
  facet normal -1 -0 0
    outer loop
      vertex 34.55 24 2.42
      vertex 34.55 23 2.4
      vertex 34.55 23 2.42
    endloop
  endfacet
  facet normal 0 1 -0
    outer loop
      vertex 35.35 24 2.36
      vertex 34.55 24 2.42
      vertex 35.35 24 2.42
    endloop
  endfacet
  facet normal 0 1 0
    outer loop
      vertex 34.55 24 2.42
      vertex 35.35 24 2.36
      vertex 34.55 24 2.36
    endloop
  endfacet
  facet normal 1 -0 0
    outer loop
      vertex 36.85 4 2.42
      vertex 36.85 5 2.4
      vertex 36.85 5 2.42
    endloop
  endfacet
  facet normal 1 0 0
    outer loop
      vertex 36.85 4 2.36
      vertex 36.85 5 2.4
      vertex 36.85 4 2.42
    endloop
  endfacet
  facet normal 1 0 0
    outer loop
      vertex 36.85 5 2.4
      vertex 36.85 4 2.36
      vertex 36.85 5 2.36
    endloop
  endfacet
  facet normal -0 0 1
    outer loop
      vertex 36.05 5 2.42
      vertex 36.85 4 2.42
      vertex 36.85 5 2.42
    endloop
  endfacet
  facet normal 0 0 1
    outer loop
      vertex 36.85 4 2.42
      vertex 36.05 5 2.42
      vertex 36.05 4 2.42
    endloop
  endfacet
  facet normal 0 0 -1
    outer loop
      vertex 36.05 4 2.36
      vertex 36.85 5 2.36
      vertex 36.85 4 2.36
    endloop
  endfacet
  facet normal -0 0 -1
    outer loop
      vertex 36.85 5 2.36
      vertex 36.05 4 2.36
      vertex 36.05 5 2.36
    endloop
  endfacet
  facet normal -1 0 0
    outer loop
      vertex 36.05 4 2.36
      vertex 36.05 5 2.4
      vertex 36.05 5 2.36
    endloop
  endfacet
  facet normal -1 0 0
    outer loop
      vertex 36.05 4 2.42
      vertex 36.05 5 2.4
      vertex 36.05 4 2.36
    endloop
  endfacet
  facet normal -1 0 0
    outer loop
      vertex 36.05 5 2.4
      vertex 36.05 4 2.42
      vertex 36.05 5 2.42
    endloop
  endfacet
  facet normal 0 -1 0
    outer loop
      vertex 36.05 4 2.36
      vertex 36.85 4 2.42
      vertex 36.05 4 2.42
    endloop
  endfacet
  facet normal 0 -1 -0
    outer loop
      vertex 36.85 4 2.42
      vertex 36.05 4 2.36
      vertex 36.85 4 2.36
    endloop
  endfacet
  facet normal 1 0 0
    outer loop
      vertex 36.85 23 2.4
      vertex 36.85 24 2.42
      vertex 36.85 23 2.42
    endloop
  endfacet
  facet normal 1 0 0
    outer loop
      vertex 36.85 24 2.42
      vertex 36.85 23 2.4
      vertex 36.85 24 2.36
    endloop
  endfacet
  facet normal 1 0 0
    outer loop
      vertex 36.85 24 2.36
      vertex 36.85 23 2.4
      vertex 36.85 23 2.36
    endloop
  endfacet
  facet normal -0 0 1
    outer loop
      vertex 36.05 24 2.42
      vertex 36.85 23 2.42
      vertex 36.85 24 2.42
    endloop
  endfacet
  facet normal 0 0 1
    outer loop
      vertex 36.85 23 2.42
      vertex 36.05 24 2.42
      vertex 36.05 23 2.42
    endloop
  endfacet
  facet normal 0 0 -1
    outer loop
      vertex 36.05 23 2.36
      vertex 36.85 24 2.36
      vertex 36.85 23 2.36
    endloop
  endfacet
  facet normal -0 0 -1
    outer loop
      vertex 36.85 24 2.36
      vertex 36.05 23 2.36
      vertex 36.05 24 2.36
    endloop
  endfacet
  facet normal -1 0 0
    outer loop
      vertex 36.05 23 2.4
      vertex 36.05 24 2.36
      vertex 36.05 23 2.36
    endloop
  endfacet
  facet normal -1 0 0
    outer loop
      vertex 36.05 24 2.36
      vertex 36.05 23 2.4
      vertex 36.05 24 2.42
    endloop
  endfacet
  facet normal -1 -0 0
    outer loop
      vertex 36.05 24 2.42
      vertex 36.05 23 2.4
      vertex 36.05 23 2.42
    endloop
  endfacet
  facet normal 0 1 -0
    outer loop
      vertex 36.85 24 2.36
      vertex 36.05 24 2.42
      vertex 36.85 24 2.42
    endloop
  endfacet
  facet normal 0 1 0
    outer loop
      vertex 36.05 24 2.42
      vertex 36.85 24 2.36
      vertex 36.05 24 2.36
    endloop
  endfacet
  facet normal 1 -0 0
    outer loop
      vertex 38.35 4 2.42
      vertex 38.35 5 2.4
      vertex 38.35 5 2.42
    endloop
  endfacet
  facet normal 1 0 0
    outer loop
      vertex 38.35 4 2.36
      vertex 38.35 5 2.4
      vertex 38.35 4 2.42
    endloop
  endfacet
  facet normal 1 0 0
    outer loop
      vertex 38.35 5 2.4
      vertex 38.35 4 2.36
      vertex 38.35 5 2.36
    endloop
  endfacet
  facet normal -0 0 1
    outer loop
      vertex 37.55 5 2.42
      vertex 38.35 4 2.42
      vertex 38.35 5 2.42
    endloop
  endfacet
  facet normal 0 0 1
    outer loop
      vertex 38.35 4 2.42
      vertex 37.55 5 2.42
      vertex 37.55 4 2.42
    endloop
  endfacet
  facet normal 0 0 -1
    outer loop
      vertex 37.55 4 2.36
      vertex 38.35 5 2.36
      vertex 38.35 4 2.36
    endloop
  endfacet
  facet normal -0 0 -1
    outer loop
      vertex 38.35 5 2.36
      vertex 37.55 4 2.36
      vertex 37.55 5 2.36
    endloop
  endfacet
  facet normal -1 0 0
    outer loop
      vertex 37.55 4 2.36
      vertex 37.55 5 2.4
      vertex 37.55 5 2.36
    endloop
  endfacet
  facet normal -1 0 0
    outer loop
      vertex 37.55 4 2.42
      vertex 37.55 5 2.4
      vertex 37.55 4 2.36
    endloop
  endfacet
  facet normal -1 0 0
    outer loop
      vertex 37.55 5 2.4
      vertex 37.55 4 2.42
      vertex 37.55 5 2.42
    endloop
  endfacet
  facet normal 0 -1 0
    outer loop
      vertex 37.55 4 2.36
      vertex 38.35 4 2.42
      vertex 37.55 4 2.42
    endloop
  endfacet
  facet normal 0 -1 -0
    outer loop
      vertex 38.35 4 2.42
      vertex 37.55 4 2.36
      vertex 38.35 4 2.36
    endloop
  endfacet
  facet normal 1 0 0
    outer loop
      vertex 38.35 23 2.4
      vertex 38.35 24 2.42
      vertex 38.35 23 2.42
    endloop
  endfacet
  facet normal 1 0 0
    outer loop
      vertex 38.35 24 2.42
      vertex 38.35 23 2.4
      vertex 38.35 24 2.36
    endloop
  endfacet
  facet normal 1 0 0
    outer loop
      vertex 38.35 24 2.36
      vertex 38.35 23 2.4
      vertex 38.35 23 2.36
    endloop
  endfacet
  facet normal -0 0 1
    outer loop
      vertex 37.55 24 2.42
      vertex 38.35 23 2.42
      vertex 38.35 24 2.42
    endloop
  endfacet
  facet normal 0 0 1
    outer loop
      vertex 38.35 23 2.42
      vertex 37.55 24 2.42
      vertex 37.55 23 2.42
    endloop
  endfacet
  facet normal 0 0 -1
    outer loop
      vertex 37.55 23 2.36
      vertex 38.35 24 2.36
      vertex 38.35 23 2.36
    endloop
  endfacet
  facet normal -0 0 -1
    outer loop
      vertex 38.35 24 2.36
      vertex 37.55 23 2.36
      vertex 37.55 24 2.36
    endloop
  endfacet
  facet normal -1 0 0
    outer loop
      vertex 37.55 23 2.4
      vertex 37.55 24 2.36
      vertex 37.55 23 2.36
    endloop
  endfacet
  facet normal -1 0 0
    outer loop
      vertex 37.55 24 2.36
      vertex 37.55 23 2.4
      vertex 37.55 24 2.42
    endloop
  endfacet
  facet normal -1 -0 0
    outer loop
      vertex 37.55 24 2.42
      vertex 37.55 23 2.4
      vertex 37.55 23 2.42
    endloop
  endfacet
  facet normal 0 1 -0
    outer loop
      vertex 38.35 24 2.36
      vertex 37.55 24 2.42
      vertex 38.35 24 2.42
    endloop
  endfacet
  facet normal 0 1 0
    outer loop
      vertex 37.55 24 2.42
      vertex 38.35 24 2.36
      vertex 37.55 24 2.36
    endloop
  endfacet
  facet normal 1 -0 0
    outer loop
      vertex 39.85 4 2.42
      vertex 39.85 5 2.4
      vertex 39.85 5 2.42
    endloop
  endfacet
  facet normal 1 0 0
    outer loop
      vertex 39.85 4 2.36
      vertex 39.85 5 2.4
      vertex 39.85 4 2.42
    endloop
  endfacet
  facet normal 1 0 0
    outer loop
      vertex 39.85 5 2.4
      vertex 39.85 4 2.36
      vertex 39.85 5 2.36
    endloop
  endfacet
  facet normal -0 0 1
    outer loop
      vertex 39.05 5 2.42
      vertex 39.85 4 2.42
      vertex 39.85 5 2.42
    endloop
  endfacet
  facet normal 0 0 1
    outer loop
      vertex 39.85 4 2.42
      vertex 39.05 5 2.42
      vertex 39.05 4 2.42
    endloop
  endfacet
  facet normal 0 0 -1
    outer loop
      vertex 39.05 4 2.36
      vertex 39.85 5 2.36
      vertex 39.85 4 2.36
    endloop
  endfacet
  facet normal -0 0 -1
    outer loop
      vertex 39.85 5 2.36
      vertex 39.05 4 2.36
      vertex 39.05 5 2.36
    endloop
  endfacet
  facet normal -1 0 0
    outer loop
      vertex 39.05 4 2.36
      vertex 39.05 5 2.4
      vertex 39.05 5 2.36
    endloop
  endfacet
  facet normal -1 0 0
    outer loop
      vertex 39.05 4 2.42
      vertex 39.05 5 2.4
      vertex 39.05 4 2.36
    endloop
  endfacet
  facet normal -1 0 0
    outer loop
      vertex 39.05 5 2.4
      vertex 39.05 4 2.42
      vertex 39.05 5 2.42
    endloop
  endfacet
  facet normal 0 -1 0
    outer loop
      vertex 39.05 4 2.36
      vertex 39.85 4 2.42
      vertex 39.05 4 2.42
    endloop
  endfacet
  facet normal 0 -1 -0
    outer loop
      vertex 39.85 4 2.42
      vertex 39.05 4 2.36
      vertex 39.85 4 2.36
    endloop
  endfacet
  facet normal 1 0 0
    outer loop
      vertex 39.85 23 2.4
      vertex 39.85 24 2.42
      vertex 39.85 23 2.42
    endloop
  endfacet
  facet normal 1 0 0
    outer loop
      vertex 39.85 24 2.42
      vertex 39.85 23 2.4
      vertex 39.85 24 2.36
    endloop
  endfacet
  facet normal 1 0 0
    outer loop
      vertex 39.85 24 2.36
      vertex 39.85 23 2.4
      vertex 39.85 23 2.36
    endloop
  endfacet
  facet normal -0 0 1
    outer loop
      vertex 39.05 24 2.42
      vertex 39.85 23 2.42
      vertex 39.85 24 2.42
    endloop
  endfacet
  facet normal 0 0 1
    outer loop
      vertex 39.85 23 2.42
      vertex 39.05 24 2.42
      vertex 39.05 23 2.42
    endloop
  endfacet
  facet normal 0 0 -1
    outer loop
      vertex 39.05 23 2.36
      vertex 39.85 24 2.36
      vertex 39.85 23 2.36
    endloop
  endfacet
  facet normal -0 0 -1
    outer loop
      vertex 39.85 24 2.36
      vertex 39.05 23 2.36
      vertex 39.05 24 2.36
    endloop
  endfacet
  facet normal -1 0 0
    outer loop
      vertex 39.05 23 2.4
      vertex 39.05 24 2.36
      vertex 39.05 23 2.36
    endloop
  endfacet
  facet normal -1 0 0
    outer loop
      vertex 39.05 24 2.36
      vertex 39.05 23 2.4
      vertex 39.05 24 2.42
    endloop
  endfacet
  facet normal -1 -0 0
    outer loop
      vertex 39.05 24 2.42
      vertex 39.05 23 2.4
      vertex 39.05 23 2.42
    endloop
  endfacet
  facet normal 0 1 -0
    outer loop
      vertex 39.85 24 2.36
      vertex 39.05 24 2.42
      vertex 39.85 24 2.42
    endloop
  endfacet
  facet normal 0 1 0
    outer loop
      vertex 39.05 24 2.42
      vertex 39.85 24 2.36
      vertex 39.05 24 2.36
    endloop
  endfacet
  facet normal 1 -0 0
    outer loop
      vertex 41.35 4 2.42
      vertex 41.35 5 2.4
      vertex 41.35 5 2.42
    endloop
  endfacet
  facet normal 1 0 0
    outer loop
      vertex 41.35 4 2.36
      vertex 41.35 5 2.4
      vertex 41.35 4 2.42
    endloop
  endfacet
  facet normal 1 0 0
    outer loop
      vertex 41.35 5 2.4
      vertex 41.35 4 2.36
      vertex 41.35 5 2.36
    endloop
  endfacet
  facet normal -0 0 1
    outer loop
      vertex 40.55 5 2.42
      vertex 41.35 4 2.42
      vertex 41.35 5 2.42
    endloop
  endfacet
  facet normal 0 0 1
    outer loop
      vertex 41.35 4 2.42
      vertex 40.55 5 2.42
      vertex 40.55 4 2.42
    endloop
  endfacet
  facet normal 0 0 -1
    outer loop
      vertex 40.55 4 2.36
      vertex 41.35 5 2.36
      vertex 41.35 4 2.36
    endloop
  endfacet
  facet normal -0 0 -1
    outer loop
      vertex 41.35 5 2.36
      vertex 40.55 4 2.36
      vertex 40.55 5 2.36
    endloop
  endfacet
  facet normal -1 0 0
    outer loop
      vertex 40.55 4 2.36
      vertex 40.55 5 2.4
      vertex 40.55 5 2.36
    endloop
  endfacet
  facet normal -1 0 0
    outer loop
      vertex 40.55 4 2.42
      vertex 40.55 5 2.4
      vertex 40.55 4 2.36
    endloop
  endfacet
  facet normal -1 0 0
    outer loop
      vertex 40.55 5 2.4
      vertex 40.55 4 2.42
      vertex 40.55 5 2.42
    endloop
  endfacet
  facet normal 0 -1 0
    outer loop
      vertex 40.55 4 2.36
      vertex 41.35 4 2.42
      vertex 40.55 4 2.42
    endloop
  endfacet
  facet normal 0 -1 -0
    outer loop
      vertex 41.35 4 2.42
      vertex 40.55 4 2.36
      vertex 41.35 4 2.36
    endloop
  endfacet
  facet normal 1 0 0
    outer loop
      vertex 41.35 23 2.4
      vertex 41.35 24 2.42
      vertex 41.35 23 2.42
    endloop
  endfacet
  facet normal 1 0 0
    outer loop
      vertex 41.35 24 2.42
      vertex 41.35 23 2.4
      vertex 41.35 24 2.36
    endloop
  endfacet
  facet normal 1 0 0
    outer loop
      vertex 41.35 24 2.36
      vertex 41.35 23 2.4
      vertex 41.35 23 2.36
    endloop
  endfacet
  facet normal -0 0 1
    outer loop
      vertex 40.55 24 2.42
      vertex 41.35 23 2.42
      vertex 41.35 24 2.42
    endloop
  endfacet
  facet normal 0 0 1
    outer loop
      vertex 41.35 23 2.42
      vertex 40.55 24 2.42
      vertex 40.55 23 2.42
    endloop
  endfacet
  facet normal 0 0 -1
    outer loop
      vertex 40.55 23 2.36
      vertex 41.35 24 2.36
      vertex 41.35 23 2.36
    endloop
  endfacet
  facet normal -0 0 -1
    outer loop
      vertex 41.35 24 2.36
      vertex 40.55 23 2.36
      vertex 40.55 24 2.36
    endloop
  endfacet
  facet normal -1 0 0
    outer loop
      vertex 40.55 23 2.4
      vertex 40.55 24 2.36
      vertex 40.55 23 2.36
    endloop
  endfacet
  facet normal -1 0 0
    outer loop
      vertex 40.55 24 2.36
      vertex 40.55 23 2.4
      vertex 40.55 24 2.42
    endloop
  endfacet
  facet normal -1 -0 0
    outer loop
      vertex 40.55 24 2.42
      vertex 40.55 23 2.4
      vertex 40.55 23 2.42
    endloop
  endfacet
  facet normal 0 1 -0
    outer loop
      vertex 41.35 24 2.36
      vertex 40.55 24 2.42
      vertex 41.35 24 2.42
    endloop
  endfacet
  facet normal 0 1 0
    outer loop
      vertex 40.55 24 2.42
      vertex 41.35 24 2.36
      vertex 40.55 24 2.36
    endloop
  endfacet
  facet normal 1 -0 0
    outer loop
      vertex 42.85 4 2.42
      vertex 42.85 5 2.4
      vertex 42.85 5 2.42
    endloop
  endfacet
  facet normal 1 0 0
    outer loop
      vertex 42.85 4 2.36
      vertex 42.85 5 2.4
      vertex 42.85 4 2.42
    endloop
  endfacet
  facet normal 1 0 0
    outer loop
      vertex 42.85 5 2.4
      vertex 42.85 4 2.36
      vertex 42.85 5 2.36
    endloop
  endfacet
  facet normal -0 0 1
    outer loop
      vertex 42.05 5 2.42
      vertex 42.85 4 2.42
      vertex 42.85 5 2.42
    endloop
  endfacet
  facet normal 0 0 1
    outer loop
      vertex 42.85 4 2.42
      vertex 42.05 5 2.42
      vertex 42.05 4 2.42
    endloop
  endfacet
  facet normal 0 0 -1
    outer loop
      vertex 42.05 4 2.36
      vertex 42.85 5 2.36
      vertex 42.85 4 2.36
    endloop
  endfacet
  facet normal -0 0 -1
    outer loop
      vertex 42.85 5 2.36
      vertex 42.05 4 2.36
      vertex 42.05 5 2.36
    endloop
  endfacet
  facet normal -1 0 0
    outer loop
      vertex 42.05 4 2.36
      vertex 42.05 5 2.4
      vertex 42.05 5 2.36
    endloop
  endfacet
  facet normal -1 0 0
    outer loop
      vertex 42.05 4 2.42
      vertex 42.05 5 2.4
      vertex 42.05 4 2.36
    endloop
  endfacet
  facet normal -1 0 0
    outer loop
      vertex 42.05 5 2.4
      vertex 42.05 4 2.42
      vertex 42.05 5 2.42
    endloop
  endfacet
  facet normal 0 -1 0
    outer loop
      vertex 42.05 4 2.36
      vertex 42.85 4 2.42
      vertex 42.05 4 2.42
    endloop
  endfacet
  facet normal 0 -1 -0
    outer loop
      vertex 42.85 4 2.42
      vertex 42.05 4 2.36
      vertex 42.85 4 2.36
    endloop
  endfacet
  facet normal 1 0 0
    outer loop
      vertex 42.85 23 2.4
      vertex 42.85 24 2.42
      vertex 42.85 23 2.42
    endloop
  endfacet
  facet normal 1 0 0
    outer loop
      vertex 42.85 24 2.42
      vertex 42.85 23 2.4
      vertex 42.85 24 2.36
    endloop
  endfacet
  facet normal 1 0 0
    outer loop
      vertex 42.85 24 2.36
      vertex 42.85 23 2.4
      vertex 42.85 23 2.36
    endloop
  endfacet
  facet normal -0 0 1
    outer loop
      vertex 42.05 24 2.42
      vertex 42.85 23 2.42
      vertex 42.85 24 2.42
    endloop
  endfacet
  facet normal 0 0 1
    outer loop
      vertex 42.85 23 2.42
      vertex 42.05 24 2.42
      vertex 42.05 23 2.42
    endloop
  endfacet
  facet normal 0 0 -1
    outer loop
      vertex 42.05 23 2.36
      vertex 42.85 24 2.36
      vertex 42.85 23 2.36
    endloop
  endfacet
  facet normal -0 0 -1
    outer loop
      vertex 42.85 24 2.36
      vertex 42.05 23 2.36
      vertex 42.05 24 2.36
    endloop
  endfacet
  facet normal -1 0 0
    outer loop
      vertex 42.05 23 2.4
      vertex 42.05 24 2.36
      vertex 42.05 23 2.36
    endloop
  endfacet
  facet normal -1 0 0
    outer loop
      vertex 42.05 24 2.36
      vertex 42.05 23 2.4
      vertex 42.05 24 2.42
    endloop
  endfacet
  facet normal -1 -0 0
    outer loop
      vertex 42.05 24 2.42
      vertex 42.05 23 2.4
      vertex 42.05 23 2.42
    endloop
  endfacet
  facet normal 0 1 -0
    outer loop
      vertex 42.85 24 2.36
      vertex 42.05 24 2.42
      vertex 42.85 24 2.42
    endloop
  endfacet
  facet normal 0 1 0
    outer loop
      vertex 42.05 24 2.42
      vertex 42.85 24 2.36
      vertex 42.05 24 2.36
    endloop
  endfacet
  facet normal 1 -0 0
    outer loop
      vertex 44.35 4 2.42
      vertex 44.35 5 2.4
      vertex 44.35 5 2.42
    endloop
  endfacet
  facet normal 1 0 0
    outer loop
      vertex 44.35 4 2.36
      vertex 44.35 5 2.4
      vertex 44.35 4 2.42
    endloop
  endfacet
  facet normal 1 0 0
    outer loop
      vertex 44.35 5 2.4
      vertex 44.35 4 2.36
      vertex 44.35 5 2.36
    endloop
  endfacet
  facet normal -0 0 1
    outer loop
      vertex 43.55 5 2.42
      vertex 44.35 4 2.42
      vertex 44.35 5 2.42
    endloop
  endfacet
  facet normal 0 0 1
    outer loop
      vertex 44.35 4 2.42
      vertex 43.55 5 2.42
      vertex 43.55 4 2.42
    endloop
  endfacet
  facet normal 0 0 -1
    outer loop
      vertex 43.55 4 2.36
      vertex 44.35 5 2.36
      vertex 44.35 4 2.36
    endloop
  endfacet
  facet normal -0 0 -1
    outer loop
      vertex 44.35 5 2.36
      vertex 43.55 4 2.36
      vertex 43.55 5 2.36
    endloop
  endfacet
  facet normal -1 0 0
    outer loop
      vertex 43.55 4 2.36
      vertex 43.55 5 2.4
      vertex 43.55 5 2.36
    endloop
  endfacet
  facet normal -1 0 0
    outer loop
      vertex 43.55 4 2.42
      vertex 43.55 5 2.4
      vertex 43.55 4 2.36
    endloop
  endfacet
  facet normal -1 0 0
    outer loop
      vertex 43.55 5 2.4
      vertex 43.55 4 2.42
      vertex 43.55 5 2.42
    endloop
  endfacet
  facet normal 0 -1 0
    outer loop
      vertex 43.55 4 2.36
      vertex 44.35 4 2.42
      vertex 43.55 4 2.42
    endloop
  endfacet
  facet normal 0 -1 -0
    outer loop
      vertex 44.35 4 2.42
      vertex 43.55 4 2.36
      vertex 44.35 4 2.36
    endloop
  endfacet
  facet normal 1 0 0
    outer loop
      vertex 44.35 23 2.4
      vertex 44.35 24 2.42
      vertex 44.35 23 2.42
    endloop
  endfacet
  facet normal 1 0 0
    outer loop
      vertex 44.35 24 2.42
      vertex 44.35 23 2.4
      vertex 44.35 24 2.36
    endloop
  endfacet
  facet normal 1 0 0
    outer loop
      vertex 44.35 24 2.36
      vertex 44.35 23 2.4
      vertex 44.35 23 2.36
    endloop
  endfacet
  facet normal -0 0 1
    outer loop
      vertex 43.55 24 2.42
      vertex 44.35 23 2.42
      vertex 44.35 24 2.42
    endloop
  endfacet
  facet normal 0 0 1
    outer loop
      vertex 44.35 23 2.42
      vertex 43.55 24 2.42
      vertex 43.55 23 2.42
    endloop
  endfacet
  facet normal 0 0 -1
    outer loop
      vertex 43.55 23 2.36
      vertex 44.35 24 2.36
      vertex 44.35 23 2.36
    endloop
  endfacet
  facet normal -0 0 -1
    outer loop
      vertex 44.35 24 2.36
      vertex 43.55 23 2.36
      vertex 43.55 24 2.36
    endloop
  endfacet
  facet normal -1 0 0
    outer loop
      vertex 43.55 23 2.4
      vertex 43.55 24 2.36
      vertex 43.55 23 2.36
    endloop
  endfacet
  facet normal -1 0 0
    outer loop
      vertex 43.55 24 2.36
      vertex 43.55 23 2.4
      vertex 43.55 24 2.42
    endloop
  endfacet
  facet normal -1 -0 0
    outer loop
      vertex 43.55 24 2.42
      vertex 43.55 23 2.4
      vertex 43.55 23 2.42
    endloop
  endfacet
  facet normal 0 1 -0
    outer loop
      vertex 44.35 24 2.36
      vertex 43.55 24 2.42
      vertex 44.35 24 2.42
    endloop
  endfacet
  facet normal 0 1 0
    outer loop
      vertex 43.55 24 2.42
      vertex 44.35 24 2.36
      vertex 43.55 24 2.36
    endloop
  endfacet
  facet normal 1 -0 0
    outer loop
      vertex 45.85 4 2.42
      vertex 45.85 5 2.4
      vertex 45.85 5 2.42
    endloop
  endfacet
  facet normal 1 0 0
    outer loop
      vertex 45.85 4 2.36
      vertex 45.85 5 2.4
      vertex 45.85 4 2.42
    endloop
  endfacet
  facet normal 1 0 0
    outer loop
      vertex 45.85 5 2.4
      vertex 45.85 4 2.36
      vertex 45.85 5 2.36
    endloop
  endfacet
  facet normal -0 0 1
    outer loop
      vertex 45.05 5 2.42
      vertex 45.85 4 2.42
      vertex 45.85 5 2.42
    endloop
  endfacet
  facet normal 0 0 1
    outer loop
      vertex 45.85 4 2.42
      vertex 45.05 5 2.42
      vertex 45.05 4 2.42
    endloop
  endfacet
  facet normal 0 0 -1
    outer loop
      vertex 45.05 4 2.36
      vertex 45.85 5 2.36
      vertex 45.85 4 2.36
    endloop
  endfacet
  facet normal -0 0 -1
    outer loop
      vertex 45.85 5 2.36
      vertex 45.05 4 2.36
      vertex 45.05 5 2.36
    endloop
  endfacet
  facet normal -1 0 0
    outer loop
      vertex 45.05 4 2.36
      vertex 45.05 5 2.4
      vertex 45.05 5 2.36
    endloop
  endfacet
  facet normal -1 0 0
    outer loop
      vertex 45.05 4 2.42
      vertex 45.05 5 2.4
      vertex 45.05 4 2.36
    endloop
  endfacet
  facet normal -1 0 0
    outer loop
      vertex 45.05 5 2.4
      vertex 45.05 4 2.42
      vertex 45.05 5 2.42
    endloop
  endfacet
  facet normal 0 -1 0
    outer loop
      vertex 45.05 4 2.36
      vertex 45.85 4 2.42
      vertex 45.05 4 2.42
    endloop
  endfacet
  facet normal 0 -1 -0
    outer loop
      vertex 45.85 4 2.42
      vertex 45.05 4 2.36
      vertex 45.85 4 2.36
    endloop
  endfacet
  facet normal 1 0 0
    outer loop
      vertex 45.85 23 2.4
      vertex 45.85 24 2.42
      vertex 45.85 23 2.42
    endloop
  endfacet
  facet normal 1 0 0
    outer loop
      vertex 45.85 24 2.42
      vertex 45.85 23 2.4
      vertex 45.85 24 2.36
    endloop
  endfacet
  facet normal 1 0 0
    outer loop
      vertex 45.85 24 2.36
      vertex 45.85 23 2.4
      vertex 45.85 23 2.36
    endloop
  endfacet
  facet normal -0 0 1
    outer loop
      vertex 45.05 24 2.42
      vertex 45.85 23 2.42
      vertex 45.85 24 2.42
    endloop
  endfacet
  facet normal 0 0 1
    outer loop
      vertex 45.85 23 2.42
      vertex 45.05 24 2.42
      vertex 45.05 23 2.42
    endloop
  endfacet
  facet normal 0 0 -1
    outer loop
      vertex 45.05 23 2.36
      vertex 45.85 24 2.36
      vertex 45.85 23 2.36
    endloop
  endfacet
  facet normal -0 0 -1
    outer loop
      vertex 45.85 24 2.36
      vertex 45.05 23 2.36
      vertex 45.05 24 2.36
    endloop
  endfacet
  facet normal -1 0 0
    outer loop
      vertex 45.05 23 2.4
      vertex 45.05 24 2.36
      vertex 45.05 23 2.36
    endloop
  endfacet
  facet normal -1 0 0
    outer loop
      vertex 45.05 24 2.36
      vertex 45.05 23 2.4
      vertex 45.05 24 2.42
    endloop
  endfacet
  facet normal -1 -0 0
    outer loop
      vertex 45.05 24 2.42
      vertex 45.05 23 2.4
      vertex 45.05 23 2.42
    endloop
  endfacet
  facet normal 0 1 -0
    outer loop
      vertex 45.85 24 2.36
      vertex 45.05 24 2.42
      vertex 45.85 24 2.42
    endloop
  endfacet
  facet normal 0 1 0
    outer loop
      vertex 45.05 24 2.42
      vertex 45.85 24 2.36
      vertex 45.05 24 2.36
    endloop
  endfacet
  facet normal 1 0 0
    outer loop
      vertex 47.35 5.2 2.42
      vertex 47.35 5 2.4
      vertex 47.35 5.2 2.4
    endloop
  endfacet
  facet normal 1 -0 0
    outer loop
      vertex 47.35 4 2.42
      vertex 47.35 5 2.4
      vertex 47.35 5.2 2.42
    endloop
  endfacet
  facet normal 1 0 0
    outer loop
      vertex 47.35 4 2.36
      vertex 47.35 5 2.4
      vertex 47.35 4 2.42
    endloop
  endfacet
  facet normal 1 0 0
    outer loop
      vertex 47.35 5 2.4
      vertex 47.35 4 2.36
      vertex 47.35 5 2.36
    endloop
  endfacet
  facet normal 0 0 1
    outer loop
      vertex 46.7 5 2.42
      vertex 47.35 5.2 2.42
      vertex 46.7 5.2 2.42
    endloop
  endfacet
  facet normal 0 0 1
    outer loop
      vertex 47.35 5.2 2.42
      vertex 46.7 5 2.42
      vertex 47.35 4 2.42
    endloop
  endfacet
  facet normal 0 0 1
    outer loop
      vertex 46.55 4 2.42
      vertex 46.7 5 2.42
      vertex 46.55 5 2.42
    endloop
  endfacet
  facet normal 0 0 1
    outer loop
      vertex 46.7 5 2.42
      vertex 46.55 4 2.42
      vertex 47.35 4 2.42
    endloop
  endfacet
  facet normal 0 0 -1
    outer loop
      vertex 46.55 4 2.36
      vertex 47.35 5 2.36
      vertex 47.35 4 2.36
    endloop
  endfacet
  facet normal -0 0 -1
    outer loop
      vertex 47.35 5 2.36
      vertex 46.55 4 2.36
      vertex 46.55 5 2.36
    endloop
  endfacet
  facet normal -1 0 0
    outer loop
      vertex 46.55 4 2.36
      vertex 46.55 5 2.4
      vertex 46.55 5 2.36
    endloop
  endfacet
  facet normal -1 0 0
    outer loop
      vertex 46.55 4 2.42
      vertex 46.55 5 2.4
      vertex 46.55 4 2.36
    endloop
  endfacet
  facet normal -1 0 0
    outer loop
      vertex 46.55 5 2.4
      vertex 46.55 4 2.42
      vertex 46.55 5 2.42
    endloop
  endfacet
  facet normal 0 1 0
    outer loop
      vertex 47.35 5.2 2.42
      vertex 46.7 5.2 2.4
      vertex 46.7 5.2 2.42
    endloop
  endfacet
  facet normal 0 1 -0
    outer loop
      vertex 47.35 5.2 2.4
      vertex 46.7 5.2 2.4
      vertex 47.35 5.2 2.42
    endloop
  endfacet
  facet normal 0 0 0
    outer loop
      vertex 46.55 5.2 2.4
      vertex 46.7 5.2 2.4
      vertex 47.35 5.2 2.4
    endloop
  endfacet
  facet normal 0 -1 0
    outer loop
      vertex 46.55 4 2.36
      vertex 47.35 4 2.42
      vertex 46.55 4 2.42
    endloop
  endfacet
  facet normal 0 -1 -0
    outer loop
      vertex 47.35 4 2.42
      vertex 46.55 4 2.36
      vertex 47.35 4 2.36
    endloop
  endfacet
  facet normal 1 0 0
    outer loop
      vertex 47.35 24 2.42
      vertex 47.35 23 2.4
      vertex 47.35 24 2.36
    endloop
  endfacet
  facet normal 1 -0 0
    outer loop
      vertex 47.35 22.8 2.42
      vertex 47.35 23 2.4
      vertex 47.35 24 2.42
    endloop
  endfacet
  facet normal 1 0 0
    outer loop
      vertex 47.35 23 2.4
      vertex 47.35 22.8 2.42
      vertex 47.35 22.8 2.4
    endloop
  endfacet
  facet normal 1 0 0
    outer loop
      vertex 47.35 24 2.36
      vertex 47.35 23 2.4
      vertex 47.35 23 2.36
    endloop
  endfacet
  facet normal 0 0 1
    outer loop
      vertex 47.35 24 2.42
      vertex 46.7 23 2.42
      vertex 47.35 22.8 2.42
    endloop
  endfacet
  facet normal -0 0 1
    outer loop
      vertex 46.55 24 2.42
      vertex 46.7 23 2.42
      vertex 47.35 24 2.42
    endloop
  endfacet
  facet normal 0 0 1
    outer loop
      vertex 46.7 23 2.42
      vertex 46.55 24 2.42
      vertex 46.55 23 2.42
    endloop
  endfacet
  facet normal 0 0 1
    outer loop
      vertex 47.35 22.8 2.42
      vertex 46.7 23 2.42
      vertex 46.7 22.8 2.42
    endloop
  endfacet
  facet normal 0 0 -1
    outer loop
      vertex 46.55 23 2.36
      vertex 47.35 24 2.36
      vertex 47.35 23 2.36
    endloop
  endfacet
  facet normal -0 0 -1
    outer loop
      vertex 47.35 24 2.36
      vertex 46.55 23 2.36
      vertex 46.55 24 2.36
    endloop
  endfacet
  facet normal -1 0 0
    outer loop
      vertex 46.55 23 2.4
      vertex 46.55 24 2.36
      vertex 46.55 23 2.36
    endloop
  endfacet
  facet normal -1 0 0
    outer loop
      vertex 46.55 24 2.36
      vertex 46.55 23 2.4
      vertex 46.55 24 2.42
    endloop
  endfacet
  facet normal -1 -0 0
    outer loop
      vertex 46.55 24 2.42
      vertex 46.55 23 2.4
      vertex 46.55 23 2.42
    endloop
  endfacet
  facet normal 0 1 -0
    outer loop
      vertex 47.35 24 2.36
      vertex 46.55 24 2.42
      vertex 47.35 24 2.42
    endloop
  endfacet
  facet normal 0 1 0
    outer loop
      vertex 46.55 24 2.42
      vertex 47.35 24 2.36
      vertex 46.55 24 2.36
    endloop
  endfacet
  facet normal 0 -1 0
    outer loop
      vertex 46.7 22.8 2.4
      vertex 47.35 22.8 2.42
      vertex 46.7 22.8 2.42
    endloop
  endfacet
  facet normal 0 -1 0
    outer loop
      vertex 46.7 22.8 2.4
      vertex 47.35 22.8 2.4
      vertex 47.35 22.8 2.42
    endloop
  endfacet
  facet normal 0 0 0
    outer loop
      vertex 47.35 22.8 2.4
      vertex 46.7 22.8 2.4
      vertex 46.55 22.8 2.4
    endloop
  endfacet
  facet normal 1 0 0
    outer loop
      vertex 48.85 5.2 2.42
      vertex 48.85 5 2.4
      vertex 48.85 5.2 2.4
    endloop
  endfacet
  facet normal 1 -0 0
    outer loop
      vertex 48.85 4 2.42
      vertex 48.85 5 2.4
      vertex 48.85 5.2 2.42
    endloop
  endfacet
  facet normal 1 0 0
    outer loop
      vertex 48.85 4 2.36
      vertex 48.85 5 2.4
      vertex 48.85 4 2.42
    endloop
  endfacet
  facet normal 1 0 0
    outer loop
      vertex 48.85 5 2.4
      vertex 48.85 4 2.36
      vertex 48.85 5 2.36
    endloop
  endfacet
  facet normal -0 0 1
    outer loop
      vertex 48.05 5.2 2.42
      vertex 48.85 4 2.42
      vertex 48.85 5.2 2.42
    endloop
  endfacet
  facet normal 0 0 1
    outer loop
      vertex 48.85 4 2.42
      vertex 48.05 5.2 2.42
      vertex 48.05 4 2.42
    endloop
  endfacet
  facet normal 0 0 -1
    outer loop
      vertex 48.05 4 2.36
      vertex 48.85 5 2.36
      vertex 48.85 4 2.36
    endloop
  endfacet
  facet normal -0 0 -1
    outer loop
      vertex 48.85 5 2.36
      vertex 48.05 4 2.36
      vertex 48.05 5 2.36
    endloop
  endfacet
  facet normal -1 0 0
    outer loop
      vertex 48.05 5 2.36
      vertex 48.05 4 2.36
      vertex 48.05 5 2.4
    endloop
  endfacet
  facet normal -1 0 0
    outer loop
      vertex 48.05 5 2.4
      vertex 48.05 5.2 2.42
      vertex 48.05 5.2 2.4
    endloop
  endfacet
  facet normal -1 0 0
    outer loop
      vertex 48.05 4 2.42
      vertex 48.05 5 2.4
      vertex 48.05 4 2.36
    endloop
  endfacet
  facet normal -1 0 0
    outer loop
      vertex 48.05 5 2.4
      vertex 48.05 4 2.42
      vertex 48.05 5.2 2.42
    endloop
  endfacet
  facet normal 0 1 -0
    outer loop
      vertex 48.85 5.2 2.4
      vertex 48.05 5.2 2.42
      vertex 48.85 5.2 2.42
    endloop
  endfacet
  facet normal 0 1 0
    outer loop
      vertex 48.05 5.2 2.42
      vertex 48.85 5.2 2.4
      vertex 48.05 5.2 2.4
    endloop
  endfacet
  facet normal 0 -1 0
    outer loop
      vertex 48.05 4 2.36
      vertex 48.85 4 2.42
      vertex 48.05 4 2.42
    endloop
  endfacet
  facet normal 0 -1 -0
    outer loop
      vertex 48.85 4 2.42
      vertex 48.05 4 2.36
      vertex 48.85 4 2.36
    endloop
  endfacet
  facet normal 1 0 0
    outer loop
      vertex 48.85 24 2.42
      vertex 48.85 23 2.4
      vertex 48.85 24 2.36
    endloop
  endfacet
  facet normal 1 -0 0
    outer loop
      vertex 48.85 22.8 2.42
      vertex 48.85 23 2.4
      vertex 48.85 24 2.42
    endloop
  endfacet
  facet normal 1 0 0
    outer loop
      vertex 48.85 23 2.4
      vertex 48.85 22.8 2.42
      vertex 48.85 22.8 2.4
    endloop
  endfacet
  facet normal 1 0 0
    outer loop
      vertex 48.85 24 2.36
      vertex 48.85 23 2.4
      vertex 48.85 23 2.36
    endloop
  endfacet
  facet normal -0 0 1
    outer loop
      vertex 48.05 24 2.42
      vertex 48.85 22.8 2.42
      vertex 48.85 24 2.42
    endloop
  endfacet
  facet normal 0 0 1
    outer loop
      vertex 48.85 22.8 2.42
      vertex 48.05 24 2.42
      vertex 48.05 22.8 2.42
    endloop
  endfacet
  facet normal 0 0 -1
    outer loop
      vertex 48.05 23 2.36
      vertex 48.85 24 2.36
      vertex 48.85 23 2.36
    endloop
  endfacet
  facet normal -0 0 -1
    outer loop
      vertex 48.85 24 2.36
      vertex 48.05 23 2.36
      vertex 48.05 24 2.36
    endloop
  endfacet
  facet normal -1 0 0
    outer loop
      vertex 48.05 23 2.4
      vertex 48.05 24 2.36
      vertex 48.05 23 2.36
    endloop
  endfacet
  facet normal -1 0 0
    outer loop
      vertex 48.05 24 2.36
      vertex 48.05 23 2.4
      vertex 48.05 24 2.42
    endloop
  endfacet
  facet normal -1 0 0
    outer loop
      vertex 48.05 22.8 2.42
      vertex 48.05 23 2.4
      vertex 48.05 22.8 2.4
    endloop
  endfacet
  facet normal -1 0 0
    outer loop
      vertex 48.05 23 2.4
      vertex 48.05 22.8 2.42
      vertex 48.05 24 2.42
    endloop
  endfacet
  facet normal 0 1 -0
    outer loop
      vertex 48.85 24 2.36
      vertex 48.05 24 2.42
      vertex 48.85 24 2.42
    endloop
  endfacet
  facet normal 0 1 0
    outer loop
      vertex 48.05 24 2.42
      vertex 48.85 24 2.36
      vertex 48.05 24 2.36
    endloop
  endfacet
  facet normal 0 -1 0
    outer loop
      vertex 48.05 22.8 2.4
      vertex 48.85 22.8 2.42
      vertex 48.05 22.8 2.42
    endloop
  endfacet
  facet normal 0 -1 -0
    outer loop
      vertex 48.85 22.8 2.42
      vertex 48.05 22.8 2.4
      vertex 48.85 22.8 2.4
    endloop
  endfacet
  facet normal 1 0 0
    outer loop
      vertex 50.35 5.2 2.42
      vertex 50.35 5 2.4
      vertex 50.35 5.2 2.4
    endloop
  endfacet
  facet normal 1 -0 0
    outer loop
      vertex 50.35 4 2.42
      vertex 50.35 5 2.4
      vertex 50.35 5.2 2.42
    endloop
  endfacet
  facet normal 1 0 0
    outer loop
      vertex 50.35 4 2.36
      vertex 50.35 5 2.4
      vertex 50.35 4 2.42
    endloop
  endfacet
  facet normal 1 0 0
    outer loop
      vertex 50.35 5 2.4
      vertex 50.35 4 2.36
      vertex 50.35 5 2.36
    endloop
  endfacet
  facet normal -0 0 1
    outer loop
      vertex 49.55 5.2 2.42
      vertex 50.35 4 2.42
      vertex 50.35 5.2 2.42
    endloop
  endfacet
  facet normal 0 0 1
    outer loop
      vertex 50.35 4 2.42
      vertex 49.55 5.2 2.42
      vertex 49.55 4 2.42
    endloop
  endfacet
  facet normal 0 0 -1
    outer loop
      vertex 49.55 4 2.36
      vertex 50.35 5 2.36
      vertex 50.35 4 2.36
    endloop
  endfacet
  facet normal -0 0 -1
    outer loop
      vertex 50.35 5 2.36
      vertex 49.55 4 2.36
      vertex 49.55 5 2.36
    endloop
  endfacet
  facet normal -1 0 0
    outer loop
      vertex 49.55 5 2.36
      vertex 49.55 4 2.36
      vertex 49.55 5 2.4
    endloop
  endfacet
  facet normal -1 0 0
    outer loop
      vertex 49.55 5 2.4
      vertex 49.55 5.2 2.42
      vertex 49.55 5.2 2.4
    endloop
  endfacet
  facet normal -1 0 0
    outer loop
      vertex 49.55 4 2.42
      vertex 49.55 5 2.4
      vertex 49.55 4 2.36
    endloop
  endfacet
  facet normal -1 0 0
    outer loop
      vertex 49.55 5 2.4
      vertex 49.55 4 2.42
      vertex 49.55 5.2 2.42
    endloop
  endfacet
  facet normal 0 1 -0
    outer loop
      vertex 50.35 5.2 2.4
      vertex 49.55 5.2 2.42
      vertex 50.35 5.2 2.42
    endloop
  endfacet
  facet normal 0 1 0
    outer loop
      vertex 49.55 5.2 2.42
      vertex 50.35 5.2 2.4
      vertex 49.55 5.2 2.4
    endloop
  endfacet
  facet normal 0 -1 0
    outer loop
      vertex 49.55 4 2.36
      vertex 50.35 4 2.42
      vertex 49.55 4 2.42
    endloop
  endfacet
  facet normal 0 -1 -0
    outer loop
      vertex 50.35 4 2.42
      vertex 49.55 4 2.36
      vertex 50.35 4 2.36
    endloop
  endfacet
  facet normal 1 0 0
    outer loop
      vertex 50.35 24 2.42
      vertex 50.35 23 2.4
      vertex 50.35 24 2.36
    endloop
  endfacet
  facet normal 1 -0 0
    outer loop
      vertex 50.35 22.8 2.42
      vertex 50.35 23 2.4
      vertex 50.35 24 2.42
    endloop
  endfacet
  facet normal 1 0 0
    outer loop
      vertex 50.35 23 2.4
      vertex 50.35 22.8 2.42
      vertex 50.35 22.8 2.4
    endloop
  endfacet
  facet normal 1 0 0
    outer loop
      vertex 50.35 24 2.36
      vertex 50.35 23 2.4
      vertex 50.35 23 2.36
    endloop
  endfacet
  facet normal -0 0 1
    outer loop
      vertex 49.55 24 2.42
      vertex 50.35 22.8 2.42
      vertex 50.35 24 2.42
    endloop
  endfacet
  facet normal 0 0 1
    outer loop
      vertex 50.35 22.8 2.42
      vertex 49.55 24 2.42
      vertex 49.55 22.8 2.42
    endloop
  endfacet
  facet normal 0 0 -1
    outer loop
      vertex 49.55 23 2.36
      vertex 50.35 24 2.36
      vertex 50.35 23 2.36
    endloop
  endfacet
  facet normal -0 0 -1
    outer loop
      vertex 50.35 24 2.36
      vertex 49.55 23 2.36
      vertex 49.55 24 2.36
    endloop
  endfacet
  facet normal -1 0 0
    outer loop
      vertex 49.55 23 2.4
      vertex 49.55 24 2.36
      vertex 49.55 23 2.36
    endloop
  endfacet
  facet normal -1 0 0
    outer loop
      vertex 49.55 24 2.36
      vertex 49.55 23 2.4
      vertex 49.55 24 2.42
    endloop
  endfacet
  facet normal -1 0 0
    outer loop
      vertex 49.55 22.8 2.42
      vertex 49.55 23 2.4
      vertex 49.55 22.8 2.4
    endloop
  endfacet
  facet normal -1 0 0
    outer loop
      vertex 49.55 23 2.4
      vertex 49.55 22.8 2.42
      vertex 49.55 24 2.42
    endloop
  endfacet
  facet normal 0 1 -0
    outer loop
      vertex 50.35 24 2.36
      vertex 49.55 24 2.42
      vertex 50.35 24 2.42
    endloop
  endfacet
  facet normal 0 1 0
    outer loop
      vertex 49.55 24 2.42
      vertex 50.35 24 2.36
      vertex 49.55 24 2.36
    endloop
  endfacet
  facet normal 0 -1 0
    outer loop
      vertex 49.55 22.8 2.4
      vertex 50.35 22.8 2.42
      vertex 49.55 22.8 2.42
    endloop
  endfacet
  facet normal 0 -1 -0
    outer loop
      vertex 50.35 22.8 2.42
      vertex 49.55 22.8 2.4
      vertex 50.35 22.8 2.4
    endloop
  endfacet
  facet normal -0 0 1
    outer loop
      vertex 28.2 10.65 2.42
      vertex 29.2 9.85 2.42
      vertex 29.2 10.65 2.42
    endloop
  endfacet
  facet normal 0 0 1
    outer loop
      vertex 29.2 9.85 2.42
      vertex 28.2 10.65 2.42
      vertex 28.2 9.85 2.42
    endloop
  endfacet
  facet normal 0 0 -1
    outer loop
      vertex 28.2 9.85 2.36
      vertex 29.2 10.65 2.36
      vertex 29.2 9.85 2.36
    endloop
  endfacet
  facet normal -0 0 -1
    outer loop
      vertex 29.2 10.65 2.36
      vertex 28.2 9.85 2.36
      vertex 28.2 10.65 2.36
    endloop
  endfacet
  facet normal -1 0 0
    outer loop
      vertex 28.2 9.85 2.36
      vertex 28.2 10.65 2.42
      vertex 28.2 10.65 2.36
    endloop
  endfacet
  facet normal -1 -0 0
    outer loop
      vertex 28.2 10.65 2.42
      vertex 28.2 9.85 2.36
      vertex 28.2 9.85 2.42
    endloop
  endfacet
  facet normal 0 1 -0
    outer loop
      vertex 29.2 10.65 2.4
      vertex 28.2 10.65 2.42
      vertex 29.2 10.65 2.42
    endloop
  endfacet
  facet normal 0 1 0
    outer loop
      vertex 28.2 10.65 2.36
      vertex 29.2 10.65 2.4
      vertex 29.2 10.65 2.36
    endloop
  endfacet
  facet normal 0 1 0
    outer loop
      vertex 29.2 10.65 2.4
      vertex 28.2 10.65 2.36
      vertex 28.2 10.65 2.42
    endloop
  endfacet
  facet normal 0 -1 0
    outer loop
      vertex 28.2 9.85 2.42
      vertex 29.2 9.85 2.4
      vertex 29.2 9.85 2.42
    endloop
  endfacet
  facet normal 0 -1 0
    outer loop
      vertex 28.2 9.85 2.36
      vertex 29.2 9.85 2.4
      vertex 28.2 9.85 2.42
    endloop
  endfacet
  facet normal 0 -1 -0
    outer loop
      vertex 29.2 9.85 2.4
      vertex 28.2 9.85 2.36
      vertex 29.2 9.85 2.36
    endloop
  endfacet
  facet normal -0 0 1
    outer loop
      vertex 28.2 12.15 2.42
      vertex 29.2 11.35 2.42
      vertex 29.2 12.15 2.42
    endloop
  endfacet
  facet normal 0 0 1
    outer loop
      vertex 29.2 11.35 2.42
      vertex 28.2 12.15 2.42
      vertex 28.2 11.35 2.42
    endloop
  endfacet
  facet normal 0 0 -1
    outer loop
      vertex 28.2 11.35 2.36
      vertex 29.2 12.15 2.36
      vertex 29.2 11.35 2.36
    endloop
  endfacet
  facet normal -0 0 -1
    outer loop
      vertex 29.2 12.15 2.36
      vertex 28.2 11.35 2.36
      vertex 28.2 12.15 2.36
    endloop
  endfacet
  facet normal -1 0 0
    outer loop
      vertex 28.2 11.35 2.36
      vertex 28.2 12.15 2.42
      vertex 28.2 12.15 2.36
    endloop
  endfacet
  facet normal -1 -0 0
    outer loop
      vertex 28.2 12.15 2.42
      vertex 28.2 11.35 2.36
      vertex 28.2 11.35 2.42
    endloop
  endfacet
  facet normal 0 1 -0
    outer loop
      vertex 29.2 12.15 2.4
      vertex 28.2 12.15 2.42
      vertex 29.2 12.15 2.42
    endloop
  endfacet
  facet normal 0 1 0
    outer loop
      vertex 28.2 12.15 2.36
      vertex 29.2 12.15 2.4
      vertex 29.2 12.15 2.36
    endloop
  endfacet
  facet normal 0 1 0
    outer loop
      vertex 29.2 12.15 2.4
      vertex 28.2 12.15 2.36
      vertex 28.2 12.15 2.42
    endloop
  endfacet
  facet normal 0 -1 0
    outer loop
      vertex 28.2 11.35 2.42
      vertex 29.2 11.35 2.4
      vertex 29.2 11.35 2.42
    endloop
  endfacet
  facet normal 0 -1 0
    outer loop
      vertex 28.2 11.35 2.36
      vertex 29.2 11.35 2.4
      vertex 28.2 11.35 2.42
    endloop
  endfacet
  facet normal 0 -1 -0
    outer loop
      vertex 29.2 11.35 2.4
      vertex 28.2 11.35 2.36
      vertex 29.2 11.35 2.36
    endloop
  endfacet
  facet normal -0 0 1
    outer loop
      vertex 28.2 13.65 2.42
      vertex 29.2 12.85 2.42
      vertex 29.2 13.65 2.42
    endloop
  endfacet
  facet normal 0 0 1
    outer loop
      vertex 29.2 12.85 2.42
      vertex 28.2 13.65 2.42
      vertex 28.2 12.85 2.42
    endloop
  endfacet
  facet normal 0 0 -1
    outer loop
      vertex 28.2 12.85 2.36
      vertex 29.2 13.65 2.36
      vertex 29.2 12.85 2.36
    endloop
  endfacet
  facet normal -0 0 -1
    outer loop
      vertex 29.2 13.65 2.36
      vertex 28.2 12.85 2.36
      vertex 28.2 13.65 2.36
    endloop
  endfacet
  facet normal -1 0 0
    outer loop
      vertex 28.2 12.85 2.36
      vertex 28.2 13.65 2.42
      vertex 28.2 13.65 2.36
    endloop
  endfacet
  facet normal -1 -0 0
    outer loop
      vertex 28.2 13.65 2.42
      vertex 28.2 12.85 2.36
      vertex 28.2 12.85 2.42
    endloop
  endfacet
  facet normal 0 1 -0
    outer loop
      vertex 29.2 13.65 2.4
      vertex 28.2 13.65 2.42
      vertex 29.2 13.65 2.42
    endloop
  endfacet
  facet normal 0 1 0
    outer loop
      vertex 28.2 13.65 2.36
      vertex 29.2 13.65 2.4
      vertex 29.2 13.65 2.36
    endloop
  endfacet
  facet normal 0 1 0
    outer loop
      vertex 29.2 13.65 2.4
      vertex 28.2 13.65 2.36
      vertex 28.2 13.65 2.42
    endloop
  endfacet
  facet normal 0 -1 0
    outer loop
      vertex 28.2 12.85 2.42
      vertex 29.2 12.85 2.4
      vertex 29.2 12.85 2.42
    endloop
  endfacet
  facet normal 0 -1 0
    outer loop
      vertex 28.2 12.85 2.36
      vertex 29.2 12.85 2.4
      vertex 28.2 12.85 2.42
    endloop
  endfacet
  facet normal 0 -1 -0
    outer loop
      vertex 29.2 12.85 2.4
      vertex 28.2 12.85 2.36
      vertex 29.2 12.85 2.36
    endloop
  endfacet
  facet normal -0 0 1
    outer loop
      vertex 28.2 15.15 2.42
      vertex 29.2 14.35 2.42
      vertex 29.2 15.15 2.42
    endloop
  endfacet
  facet normal 0 0 1
    outer loop
      vertex 29.2 14.35 2.42
      vertex 28.2 15.15 2.42
      vertex 28.2 14.35 2.42
    endloop
  endfacet
  facet normal 0 0 -1
    outer loop
      vertex 28.2 14.35 2.36
      vertex 29.2 15.15 2.36
      vertex 29.2 14.35 2.36
    endloop
  endfacet
  facet normal -0 0 -1
    outer loop
      vertex 29.2 15.15 2.36
      vertex 28.2 14.35 2.36
      vertex 28.2 15.15 2.36
    endloop
  endfacet
  facet normal -1 0 0
    outer loop
      vertex 28.2 14.35 2.36
      vertex 28.2 15.15 2.42
      vertex 28.2 15.15 2.36
    endloop
  endfacet
  facet normal -1 -0 0
    outer loop
      vertex 28.2 15.15 2.42
      vertex 28.2 14.35 2.36
      vertex 28.2 14.35 2.42
    endloop
  endfacet
  facet normal 0 1 -0
    outer loop
      vertex 29.2 15.15 2.4
      vertex 28.2 15.15 2.42
      vertex 29.2 15.15 2.42
    endloop
  endfacet
  facet normal 0 1 0
    outer loop
      vertex 28.2 15.15 2.36
      vertex 29.2 15.15 2.4
      vertex 29.2 15.15 2.36
    endloop
  endfacet
  facet normal 0 1 0
    outer loop
      vertex 29.2 15.15 2.4
      vertex 28.2 15.15 2.36
      vertex 28.2 15.15 2.42
    endloop
  endfacet
  facet normal 0 -1 0
    outer loop
      vertex 28.2 14.35 2.42
      vertex 29.2 14.35 2.4
      vertex 29.2 14.35 2.42
    endloop
  endfacet
  facet normal 0 -1 0
    outer loop
      vertex 28.2 14.35 2.36
      vertex 29.2 14.35 2.4
      vertex 28.2 14.35 2.42
    endloop
  endfacet
  facet normal 0 -1 -0
    outer loop
      vertex 29.2 14.35 2.4
      vertex 28.2 14.35 2.36
      vertex 29.2 14.35 2.36
    endloop
  endfacet
  facet normal -0 0 1
    outer loop
      vertex 28.2 16.65 2.42
      vertex 29.2 15.85 2.42
      vertex 29.2 16.65 2.42
    endloop
  endfacet
  facet normal 0 0 1
    outer loop
      vertex 29.2 15.85 2.42
      vertex 28.2 16.65 2.42
      vertex 28.2 15.85 2.42
    endloop
  endfacet
  facet normal 0 0 -1
    outer loop
      vertex 28.2 15.85 2.36
      vertex 29.2 16.65 2.36
      vertex 29.2 15.85 2.36
    endloop
  endfacet
  facet normal -0 0 -1
    outer loop
      vertex 29.2 16.65 2.36
      vertex 28.2 15.85 2.36
      vertex 28.2 16.65 2.36
    endloop
  endfacet
  facet normal -1 0 0
    outer loop
      vertex 28.2 15.85 2.36
      vertex 28.2 16.65 2.42
      vertex 28.2 16.65 2.36
    endloop
  endfacet
  facet normal -1 -0 0
    outer loop
      vertex 28.2 16.65 2.42
      vertex 28.2 15.85 2.36
      vertex 28.2 15.85 2.42
    endloop
  endfacet
  facet normal 0 1 -0
    outer loop
      vertex 29.2 16.65 2.4
      vertex 28.2 16.65 2.42
      vertex 29.2 16.65 2.42
    endloop
  endfacet
  facet normal 0 1 0
    outer loop
      vertex 28.2 16.65 2.36
      vertex 29.2 16.65 2.4
      vertex 29.2 16.65 2.36
    endloop
  endfacet
  facet normal 0 1 0
    outer loop
      vertex 29.2 16.65 2.4
      vertex 28.2 16.65 2.36
      vertex 28.2 16.65 2.42
    endloop
  endfacet
  facet normal 0 -1 0
    outer loop
      vertex 28.2 15.85 2.42
      vertex 29.2 15.85 2.4
      vertex 29.2 15.85 2.42
    endloop
  endfacet
  facet normal 0 -1 0
    outer loop
      vertex 28.2 15.85 2.36
      vertex 29.2 15.85 2.4
      vertex 28.2 15.85 2.42
    endloop
  endfacet
  facet normal 0 -1 -0
    outer loop
      vertex 29.2 15.85 2.4
      vertex 28.2 15.85 2.36
      vertex 29.2 15.85 2.36
    endloop
  endfacet
  facet normal -0 0 1
    outer loop
      vertex 28.2 18.15 2.42
      vertex 29.2 17.35 2.42
      vertex 29.2 18.15 2.42
    endloop
  endfacet
  facet normal 0 0 1
    outer loop
      vertex 29.2 17.35 2.42
      vertex 28.2 18.15 2.42
      vertex 28.2 17.35 2.42
    endloop
  endfacet
  facet normal 0 0 -1
    outer loop
      vertex 28.2 17.35 2.36
      vertex 29.2 18.15 2.36
      vertex 29.2 17.35 2.36
    endloop
  endfacet
  facet normal -0 0 -1
    outer loop
      vertex 29.2 18.15 2.36
      vertex 28.2 17.35 2.36
      vertex 28.2 18.15 2.36
    endloop
  endfacet
  facet normal -1 0 0
    outer loop
      vertex 28.2 17.35 2.36
      vertex 28.2 18.15 2.42
      vertex 28.2 18.15 2.36
    endloop
  endfacet
  facet normal -1 -0 0
    outer loop
      vertex 28.2 18.15 2.42
      vertex 28.2 17.35 2.36
      vertex 28.2 17.35 2.42
    endloop
  endfacet
  facet normal 0 1 -0
    outer loop
      vertex 29.2 18.15 2.4
      vertex 28.2 18.15 2.42
      vertex 29.2 18.15 2.42
    endloop
  endfacet
  facet normal 0 1 0
    outer loop
      vertex 28.2 18.15 2.36
      vertex 29.2 18.15 2.4
      vertex 29.2 18.15 2.36
    endloop
  endfacet
  facet normal 0 1 0
    outer loop
      vertex 29.2 18.15 2.4
      vertex 28.2 18.15 2.36
      vertex 28.2 18.15 2.42
    endloop
  endfacet
  facet normal 0 -1 0
    outer loop
      vertex 28.2 17.35 2.42
      vertex 29.2 17.35 2.4
      vertex 29.2 17.35 2.42
    endloop
  endfacet
  facet normal 0 -1 0
    outer loop
      vertex 28.2 17.35 2.36
      vertex 29.2 17.35 2.4
      vertex 28.2 17.35 2.42
    endloop
  endfacet
  facet normal 0 -1 -0
    outer loop
      vertex 29.2 17.35 2.4
      vertex 28.2 17.35 2.36
      vertex 29.2 17.35 2.36
    endloop
  endfacet
  facet normal 1 -0 0
    outer loop
      vertex 53.7 6.5 2.48
      vertex 53.7 11.8667 2.41
      vertex 53.7 11.8667 2.48
    endloop
  endfacet
  facet normal 1 0 0
    outer loop
      vertex 53.7 11.8667 2.41
      vertex 53.7 6.5 2.48
      vertex 53.7 6.5 2.41
    endloop
  endfacet
  facet normal 0 0 1
    outer loop
      vertex 53.7 21.5 2.48
      vertex 53.15 20.95 2.48
      vertex 53.7 16.1333 2.48
    endloop
  endfacet
  facet normal -0 0 1
    outer loop
      vertex 47.7 21.5 2.48
      vertex 53.15 20.95 2.48
      vertex 53.7 21.5 2.48
    endloop
  endfacet
  facet normal 0 0 1
    outer loop
      vertex 53.15 20.95 2.48
      vertex 47.7 21.5 2.48
      vertex 47.7 20.95 2.48
    endloop
  endfacet
  facet normal -0 0 1
    outer loop
      vertex 53.15 16.6833 2.48
      vertex 53.7 16.1333 2.48
      vertex 53.15 20.95 2.48
    endloop
  endfacet
  facet normal 0 0 1
    outer loop
      vertex 53.15 16.6833 2.48
      vertex 48.25 16.1333 2.48
      vertex 53.7 16.1333 2.48
    endloop
  endfacet
  facet normal 0 0 1
    outer loop
      vertex 47.7 14.275 2.48
      vertex 48.25 16.1333 2.48
      vertex 47.7 16.6833 2.48
    endloop
  endfacet
  facet normal -0 0 1
    outer loop
      vertex 47.7 16.6833 2.48
      vertex 48.25 16.1333 2.48
      vertex 53.15 16.6833 2.48
    endloop
  endfacet
  facet normal 0 0 1
    outer loop
      vertex 53.7 11.8667 2.48
      vertex 53.15 11.3167 2.48
      vertex 53.7 6.5 2.48
    endloop
  endfacet
  facet normal -0 0 1
    outer loop
      vertex 48.25 11.8667 2.48
      vertex 53.15 11.3167 2.48
      vertex 53.7 11.8667 2.48
    endloop
  endfacet
  facet normal 0 0 1
    outer loop
      vertex 48.25 16.1333 2.48
      vertex 47.7 14.275 2.48
      vertex 48.25 11.8667 2.48
    endloop
  endfacet
  facet normal -0 0 1
    outer loop
      vertex 47.7 13.725 2.48
      vertex 48.25 11.8667 2.48
      vertex 47.7 14.275 2.48
    endloop
  endfacet
  facet normal 0 0 1
    outer loop
      vertex 48.25 11.8667 2.48
      vertex 47.7 11.3167 2.48
      vertex 53.15 11.3167 2.48
    endloop
  endfacet
  facet normal 0 0 1
    outer loop
      vertex 47.7 11.3167 2.48
      vertex 48.25 11.8667 2.48
      vertex 47.7 13.725 2.48
    endloop
  endfacet
  facet normal -0 0 1
    outer loop
      vertex 53.15 7.05 2.48
      vertex 53.7 6.5 2.48
      vertex 53.15 11.3167 2.48
    endloop
  endfacet
  facet normal 0 0 1
    outer loop
      vertex 47.7 6.5 2.48
      vertex 53.15 7.05 2.48
      vertex 47.7 7.05 2.48
    endloop
  endfacet
  facet normal 0 0 1
    outer loop
      vertex 53.15 7.05 2.48
      vertex 47.7 6.5 2.48
      vertex 53.7 6.5 2.48
    endloop
  endfacet
  facet normal -0 0 1
    outer loop
      vertex 46.7 14.275 2.48
      vertex 47.7 13.725 2.48
      vertex 47.7 14.275 2.48
    endloop
  endfacet
  facet normal 0 0 1
    outer loop
      vertex 47.7 13.725 2.48
      vertex 46.7 14.275 2.48
      vertex 46.7 13.725 2.48
    endloop
  endfacet
  facet normal 0 0 -1
    outer loop
      vertex 53.7 6.5 2.41
      vertex 53.15 7.05 2.41
      vertex 53.7 11.8667 2.41
    endloop
  endfacet
  facet normal 0 0 -1
    outer loop
      vertex 47.7 6.5 2.41
      vertex 53.15 7.05 2.41
      vertex 53.7 6.5 2.41
    endloop
  endfacet
  facet normal -0 0 -1
    outer loop
      vertex 53.15 7.05 2.41
      vertex 47.7 6.5 2.41
      vertex 47.7 7.05 2.41
    endloop
  endfacet
  facet normal 0 0 -1
    outer loop
      vertex 53.15 11.3167 2.41
      vertex 53.7 11.8667 2.41
      vertex 53.15 7.05 2.41
    endloop
  endfacet
  facet normal 0 0 -1
    outer loop
      vertex 53.15 11.3167 2.41
      vertex 48.25 11.8667 2.41
      vertex 53.7 11.8667 2.41
    endloop
  endfacet
  facet normal 0 0 -1
    outer loop
      vertex 47.7 13.725 2.41
      vertex 48.25 11.8667 2.41
      vertex 47.7 11.3167 2.41
    endloop
  endfacet
  facet normal 0 0 -1
    outer loop
      vertex 47.7 11.3167 2.41
      vertex 48.25 11.8667 2.41
      vertex 53.15 11.3167 2.41
    endloop
  endfacet
  facet normal 0 0 -1
    outer loop
      vertex 53.7 16.1333 2.41
      vertex 53.15 16.6833 2.41
      vertex 53.7 21.5 2.41
    endloop
  endfacet
  facet normal 0 0 -1
    outer loop
      vertex 48.25 16.1333 2.41
      vertex 53.15 16.6833 2.41
      vertex 53.7 16.1333 2.41
    endloop
  endfacet
  facet normal 0 0 -1
    outer loop
      vertex 48.25 11.8667 2.41
      vertex 47.7 13.725 2.41
      vertex 48.25 16.1333 2.41
    endloop
  endfacet
  facet normal 0 0 -1
    outer loop
      vertex 47.7 14.275 2.41
      vertex 48.25 16.1333 2.41
      vertex 47.7 13.725 2.41
    endloop
  endfacet
  facet normal 0 0 -1
    outer loop
      vertex 48.25 16.1333 2.41
      vertex 47.7 16.6833 2.41
      vertex 53.15 16.6833 2.41
    endloop
  endfacet
  facet normal 0 0 -1
    outer loop
      vertex 47.7 16.6833 2.41
      vertex 48.25 16.1333 2.41
      vertex 47.7 14.275 2.41
    endloop
  endfacet
  facet normal 0 0 -1
    outer loop
      vertex 53.15 20.95 2.41
      vertex 53.7 21.5 2.41
      vertex 53.15 16.6833 2.41
    endloop
  endfacet
  facet normal 0 0 -1
    outer loop
      vertex 47.7 21.5 2.41
      vertex 53.15 20.95 2.41
      vertex 47.7 20.95 2.41
    endloop
  endfacet
  facet normal 0 0 -1
    outer loop
      vertex 53.15 20.95 2.41
      vertex 47.7 21.5 2.41
      vertex 53.7 21.5 2.41
    endloop
  endfacet
  facet normal 0 0 -1
    outer loop
      vertex 46.7 13.725 2.41
      vertex 47.7 14.275 2.41
      vertex 47.7 13.725 2.41
    endloop
  endfacet
  facet normal -0 0 -1
    outer loop
      vertex 47.7 14.275 2.41
      vertex 46.7 13.725 2.41
      vertex 46.7 14.275 2.41
    endloop
  endfacet
  facet normal -1 0 0
    outer loop
      vertex 47.7 6.5 2.41
      vertex 47.7 7.05 2.48
      vertex 47.7 7.05 2.41
    endloop
  endfacet
  facet normal -1 -0 0
    outer loop
      vertex 47.7 7.05 2.48
      vertex 47.7 6.5 2.41
      vertex 47.7 6.5 2.48
    endloop
  endfacet
  facet normal 0 1 -0
    outer loop
      vertex 53.15 7.05 2.41
      vertex 47.7 7.05 2.48
      vertex 53.15 7.05 2.48
    endloop
  endfacet
  facet normal 0 1 0
    outer loop
      vertex 47.7 7.05 2.48
      vertex 53.15 7.05 2.41
      vertex 47.7 7.05 2.41
    endloop
  endfacet
  facet normal 0 -1 0
    outer loop
      vertex 47.7 6.5 2.41
      vertex 53.7 6.5 2.48
      vertex 47.7 6.5 2.48
    endloop
  endfacet
  facet normal 0 -1 -0
    outer loop
      vertex 53.7 6.5 2.48
      vertex 47.7 6.5 2.41
      vertex 53.7 6.5 2.41
    endloop
  endfacet
  facet normal -1 0 0
    outer loop
      vertex 47.7 14.275 2.41
      vertex 47.7 16.6833 2.48
      vertex 47.7 16.6833 2.41
    endloop
  endfacet
  facet normal -1 -0 0
    outer loop
      vertex 47.7 16.6833 2.48
      vertex 47.7 14.275 2.41
      vertex 47.7 14.275 2.48
    endloop
  endfacet
  facet normal -1 0 0
    outer loop
      vertex 47.7 11.3167 2.41
      vertex 47.7 13.725 2.48
      vertex 47.7 13.725 2.41
    endloop
  endfacet
  facet normal -1 -0 0
    outer loop
      vertex 47.7 13.725 2.48
      vertex 47.7 11.3167 2.41
      vertex 47.7 11.3167 2.48
    endloop
  endfacet
  facet normal 0 1 -0
    outer loop
      vertex 53.7 11.8667 2.41
      vertex 48.25 11.8667 2.48
      vertex 53.7 11.8667 2.48
    endloop
  endfacet
  facet normal 0 1 0
    outer loop
      vertex 48.25 11.8667 2.48
      vertex 53.7 11.8667 2.41
      vertex 48.25 11.8667 2.41
    endloop
  endfacet
  facet normal 0 -1 0
    outer loop
      vertex 47.7 11.3167 2.41
      vertex 53.15 11.3167 2.48
      vertex 47.7 11.3167 2.48
    endloop
  endfacet
  facet normal 0 -1 -0
    outer loop
      vertex 53.15 11.3167 2.48
      vertex 47.7 11.3167 2.41
      vertex 53.15 11.3167 2.41
    endloop
  endfacet
  facet normal 1 -0 0
    outer loop
      vertex 53.7 16.1333 2.48
      vertex 53.7 21.5 2.41
      vertex 53.7 21.5 2.48
    endloop
  endfacet
  facet normal 1 0 0
    outer loop
      vertex 53.7 21.5 2.41
      vertex 53.7 16.1333 2.48
      vertex 53.7 16.1333 2.41
    endloop
  endfacet
  facet normal 0 1 -0
    outer loop
      vertex 53.15 16.6833 2.41
      vertex 47.7 16.6833 2.48
      vertex 53.15 16.6833 2.48
    endloop
  endfacet
  facet normal 0 1 0
    outer loop
      vertex 47.7 16.6833 2.48
      vertex 53.15 16.6833 2.41
      vertex 47.7 16.6833 2.41
    endloop
  endfacet
  facet normal 0 -1 0
    outer loop
      vertex 48.25 16.1333 2.41
      vertex 53.7 16.1333 2.48
      vertex 48.25 16.1333 2.48
    endloop
  endfacet
  facet normal 0 -1 -0
    outer loop
      vertex 53.7 16.1333 2.48
      vertex 48.25 16.1333 2.41
      vertex 53.7 16.1333 2.41
    endloop
  endfacet
  facet normal -1 0 0
    outer loop
      vertex 47.7 20.95 2.41
      vertex 47.7 21.5 2.48
      vertex 47.7 21.5 2.41
    endloop
  endfacet
  facet normal -1 -0 0
    outer loop
      vertex 47.7 21.5 2.48
      vertex 47.7 20.95 2.41
      vertex 47.7 20.95 2.48
    endloop
  endfacet
  facet normal 0 1 -0
    outer loop
      vertex 53.7 21.5 2.41
      vertex 47.7 21.5 2.48
      vertex 53.7 21.5 2.48
    endloop
  endfacet
  facet normal 0 1 0
    outer loop
      vertex 47.7 21.5 2.48
      vertex 53.7 21.5 2.41
      vertex 47.7 21.5 2.41
    endloop
  endfacet
  facet normal 0 -1 0
    outer loop
      vertex 47.7 20.95 2.41
      vertex 53.15 20.95 2.48
      vertex 47.7 20.95 2.48
    endloop
  endfacet
  facet normal 0 -1 -0
    outer loop
      vertex 53.15 20.95 2.48
      vertex 47.7 20.95 2.41
      vertex 53.15 20.95 2.41
    endloop
  endfacet
  facet normal -1 0 0
    outer loop
      vertex 53.15 7.05 2.41
      vertex 53.15 11.3167 2.48
      vertex 53.15 11.3167 2.41
    endloop
  endfacet
  facet normal -1 -0 0
    outer loop
      vertex 53.15 11.3167 2.48
      vertex 53.15 7.05 2.41
      vertex 53.15 7.05 2.48
    endloop
  endfacet
  facet normal 1 -0 0
    outer loop
      vertex 48.25 11.8667 2.48
      vertex 48.25 16.1333 2.41
      vertex 48.25 16.1333 2.48
    endloop
  endfacet
  facet normal 1 0 0
    outer loop
      vertex 48.25 16.1333 2.41
      vertex 48.25 11.8667 2.48
      vertex 48.25 11.8667 2.41
    endloop
  endfacet
  facet normal -1 0 0
    outer loop
      vertex 53.15 16.6833 2.41
      vertex 53.15 20.95 2.48
      vertex 53.15 20.95 2.41
    endloop
  endfacet
  facet normal -1 -0 0
    outer loop
      vertex 53.15 20.95 2.48
      vertex 53.15 16.6833 2.41
      vertex 53.15 16.6833 2.48
    endloop
  endfacet
  facet normal 0 1 -0
    outer loop
      vertex 47.7 14.275 2.41
      vertex 46.7 14.275 2.48
      vertex 47.7 14.275 2.48
    endloop
  endfacet
  facet normal 0 1 0
    outer loop
      vertex 46.7 14.275 2.48
      vertex 47.7 14.275 2.41
      vertex 46.7 14.275 2.41
    endloop
  endfacet
  facet normal 0 -1 0
    outer loop
      vertex 46.7 13.725 2.41
      vertex 47.7 13.725 2.48
      vertex 46.7 13.725 2.48
    endloop
  endfacet
  facet normal 0 -1 -0
    outer loop
      vertex 47.7 13.725 2.48
      vertex 46.7 13.725 2.41
      vertex 47.7 13.725 2.41
    endloop
  endfacet
  facet normal 1 -0 0
    outer loop
      vertex 54.7 5 2.4
      vertex 54.7 23 1.6
      vertex 54.7 23 2.4
    endloop
  endfacet
  facet normal 1 0 0
    outer loop
      vertex 54.7 23 1.6
      vertex 54.7 5 2.4
      vertex 54.7 5 1.6
    endloop
  endfacet
  facet normal -0 0 1
    outer loop
      vertex 29.2 9.85 2.4
      vertex 29.35 5.2 2.4
      vertex 29.4 9.85 2.4
    endloop
  endfacet
  facet normal 0 0 1
    outer loop
      vertex 29.35 5.2 2.4
      vertex 29.2 9.85 2.4
      vertex 29.2 5.2 2.4
    endloop
  endfacet
  facet normal -0 0 1
    outer loop
      vertex 29.2 11.35 2.4
      vertex 29.4 10.65 2.4
      vertex 29.4 11.35 2.4
    endloop
  endfacet
  facet normal 0 0 1
    outer loop
      vertex 29.4 10.65 2.4
      vertex 29.2 11.35 2.4
      vertex 29.2 10.65 2.4
    endloop
  endfacet
  facet normal -0 0 1
    outer loop
      vertex 29.2 12.85 2.4
      vertex 29.4 12.15 2.4
      vertex 29.4 12.85 2.4
    endloop
  endfacet
  facet normal 0 0 1
    outer loop
      vertex 29.4 12.15 2.4
      vertex 29.2 12.85 2.4
      vertex 29.2 12.15 2.4
    endloop
  endfacet
  facet normal -0 0 1
    outer loop
      vertex 29.2 14.35 2.4
      vertex 29.4 13.65 2.4
      vertex 29.4 14.35 2.4
    endloop
  endfacet
  facet normal 0 0 1
    outer loop
      vertex 29.4 13.65 2.4
      vertex 29.2 14.35 2.4
      vertex 29.2 13.65 2.4
    endloop
  endfacet
  facet normal -0 0 1
    outer loop
      vertex 29.2 15.85 2.4
      vertex 29.4 15.15 2.4
      vertex 29.4 15.85 2.4
    endloop
  endfacet
  facet normal 0 0 1
    outer loop
      vertex 29.4 15.15 2.4
      vertex 29.2 15.85 2.4
      vertex 29.2 15.15 2.4
    endloop
  endfacet
  facet normal -0 0 1
    outer loop
      vertex 29.2 17.35 2.4
      vertex 29.4 16.65 2.4
      vertex 29.4 17.35 2.4
    endloop
  endfacet
  facet normal 0 0 1
    outer loop
      vertex 29.4 16.65 2.4
      vertex 29.2 17.35 2.4
      vertex 29.2 16.65 2.4
    endloop
  endfacet
  facet normal 0 0 1
    outer loop
      vertex 29.35 22.8 2.4
      vertex 30.05 22.8 2.4
      vertex 30.05 23 2.4
    endloop
  endfacet
  facet normal 0 0 1
    outer loop
      vertex 30.05 22.8 2.4
      vertex 29.4 14.35 2.4
      vertex 30.05 5.2 2.4
    endloop
  endfacet
  facet normal 0 0 1
    outer loop
      vertex 30.05 22.8 2.4
      vertex 29.4 18.15 2.4
      vertex 29.4 17.35 2.4
    endloop
  endfacet
  facet normal 0 0 1
    outer loop
      vertex 29.35 22.8 2.4
      vertex 30.05 23 2.4
      vertex 29.35 23 2.4
    endloop
  endfacet
  facet normal 0 0 1
    outer loop
      vertex 30.05 22.8 2.4
      vertex 29.35 22.8 2.4
      vertex 29.4 18.15 2.4
    endloop
  endfacet
  facet normal 0 0 1
    outer loop
      vertex 29.2 18.15 2.4
      vertex 29.35 22.8 2.4
      vertex 29.2 22.8 2.4
    endloop
  endfacet
  facet normal 0 0 1
    outer loop
      vertex 29.35 22.8 2.4
      vertex 29.2 18.15 2.4
      vertex 29.4 18.15 2.4
    endloop
  endfacet
  facet normal -0 0 1
    outer loop
      vertex 30.05 22.8 2.4
      vertex 30.85 5.2 2.4
      vertex 30.85 22.8 2.4
    endloop
  endfacet
  facet normal 0 0 1
    outer loop
      vertex 30.85 5.2 2.4
      vertex 30.05 22.8 2.4
      vertex 30.05 5.2 2.4
    endloop
  endfacet
  facet normal 0 0 1
    outer loop
      vertex 30.85 22.8 2.4
      vertex 31.55 22.8 2.4
      vertex 31.55 23 2.4
    endloop
  endfacet
  facet normal 0 0 1
    outer loop
      vertex 31.55 22.8 2.4
      vertex 30.85 22.8 2.4
      vertex 31.55 5.2 2.4
    endloop
  endfacet
  facet normal 0 0 1
    outer loop
      vertex 30.85 22.8 2.4
      vertex 31.55 23 2.4
      vertex 30.85 23 2.4
    endloop
  endfacet
  facet normal 0 0 1
    outer loop
      vertex 30.85 5.2 2.4
      vertex 31.55 5.2 2.4
      vertex 30.85 22.8 2.4
    endloop
  endfacet
  facet normal 0 0 1
    outer loop
      vertex 31.55 5.2 2.4
      vertex 30.85 5.2 2.4
      vertex 31.55 5 2.4
    endloop
  endfacet
  facet normal 0 0 1
    outer loop
      vertex 31.55 5 2.4
      vertex 30.85 5.2 2.4
      vertex 30.85 5 2.4
    endloop
  endfacet
  facet normal -0 0 1
    outer loop
      vertex 31.55 22.8 2.4
      vertex 32.35 5.2 2.4
      vertex 32.35 22.8 2.4
    endloop
  endfacet
  facet normal 0 0 1
    outer loop
      vertex 32.35 5.2 2.4
      vertex 31.55 22.8 2.4
      vertex 31.55 5.2 2.4
    endloop
  endfacet
  facet normal 0 0 1
    outer loop
      vertex 32.35 22.8 2.4
      vertex 33.05 22.8 2.4
      vertex 33.05 23 2.4
    endloop
  endfacet
  facet normal 0 0 1
    outer loop
      vertex 33.05 22.8 2.4
      vertex 32.35 22.8 2.4
      vertex 33.05 5.2 2.4
    endloop
  endfacet
  facet normal 0 0 1
    outer loop
      vertex 32.35 22.8 2.4
      vertex 33.05 23 2.4
      vertex 32.35 23 2.4
    endloop
  endfacet
  facet normal 0 0 1
    outer loop
      vertex 32.35 5.2 2.4
      vertex 33.05 5.2 2.4
      vertex 32.35 22.8 2.4
    endloop
  endfacet
  facet normal 0 0 1
    outer loop
      vertex 33.05 5.2 2.4
      vertex 32.35 5.2 2.4
      vertex 33.05 5 2.4
    endloop
  endfacet
  facet normal 0 0 1
    outer loop
      vertex 33.05 5 2.4
      vertex 32.35 5.2 2.4
      vertex 32.35 5 2.4
    endloop
  endfacet
  facet normal -0 0 1
    outer loop
      vertex 33.05 22.8 2.4
      vertex 33.85 5.2 2.4
      vertex 33.85 22.8 2.4
    endloop
  endfacet
  facet normal 0 0 1
    outer loop
      vertex 33.85 5.2 2.4
      vertex 33.05 22.8 2.4
      vertex 33.05 5.2 2.4
    endloop
  endfacet
  facet normal 0 0 1
    outer loop
      vertex 33.85 22.8 2.4
      vertex 34.55 22.8 2.4
      vertex 34.55 23 2.4
    endloop
  endfacet
  facet normal 0 0 1
    outer loop
      vertex 34.55 22.8 2.4
      vertex 33.85 22.8 2.4
      vertex 34.55 5.2 2.4
    endloop
  endfacet
  facet normal 0 0 1
    outer loop
      vertex 33.85 22.8 2.4
      vertex 34.55 23 2.4
      vertex 33.85 23 2.4
    endloop
  endfacet
  facet normal 0 0 1
    outer loop
      vertex 33.85 5.2 2.4
      vertex 34.55 5.2 2.4
      vertex 33.85 22.8 2.4
    endloop
  endfacet
  facet normal 0 0 1
    outer loop
      vertex 34.55 5.2 2.4
      vertex 33.85 5.2 2.4
      vertex 34.55 5 2.4
    endloop
  endfacet
  facet normal 0 0 1
    outer loop
      vertex 34.55 5 2.4
      vertex 33.85 5.2 2.4
      vertex 33.85 5 2.4
    endloop
  endfacet
  facet normal -0 0 1
    outer loop
      vertex 34.55 22.8 2.4
      vertex 35.35 5.2 2.4
      vertex 35.35 22.8 2.4
    endloop
  endfacet
  facet normal 0 0 1
    outer loop
      vertex 35.35 5.2 2.4
      vertex 34.55 22.8 2.4
      vertex 34.55 5.2 2.4
    endloop
  endfacet
  facet normal 0 0 1
    outer loop
      vertex 35.35 22.8 2.4
      vertex 36.05 22.8 2.4
      vertex 36.05 23 2.4
    endloop
  endfacet
  facet normal 0 0 1
    outer loop
      vertex 36.05 22.8 2.4
      vertex 35.35 22.8 2.4
      vertex 36.05 5.2 2.4
    endloop
  endfacet
  facet normal 0 0 1
    outer loop
      vertex 35.35 22.8 2.4
      vertex 36.05 23 2.4
      vertex 35.35 23 2.4
    endloop
  endfacet
  facet normal 0 0 1
    outer loop
      vertex 35.35 5.2 2.4
      vertex 36.05 5.2 2.4
      vertex 35.35 22.8 2.4
    endloop
  endfacet
  facet normal 0 0 1
    outer loop
      vertex 36.05 5.2 2.4
      vertex 35.35 5.2 2.4
      vertex 36.05 5 2.4
    endloop
  endfacet
  facet normal 0 0 1
    outer loop
      vertex 36.05 5 2.4
      vertex 35.35 5.2 2.4
      vertex 35.35 5 2.4
    endloop
  endfacet
  facet normal -0 0 1
    outer loop
      vertex 36.05 22.8 2.4
      vertex 36.85 5.2 2.4
      vertex 36.85 22.8 2.4
    endloop
  endfacet
  facet normal 0 0 1
    outer loop
      vertex 36.85 5.2 2.4
      vertex 36.05 22.8 2.4
      vertex 36.05 5.2 2.4
    endloop
  endfacet
  facet normal 0 0 1
    outer loop
      vertex 36.85 22.8 2.4
      vertex 37.55 22.8 2.4
      vertex 37.55 23 2.4
    endloop
  endfacet
  facet normal 0 0 1
    outer loop
      vertex 37.55 22.8 2.4
      vertex 36.85 22.8 2.4
      vertex 37.55 5.2 2.4
    endloop
  endfacet
  facet normal 0 0 1
    outer loop
      vertex 36.85 22.8 2.4
      vertex 37.55 23 2.4
      vertex 36.85 23 2.4
    endloop
  endfacet
  facet normal 0 0 1
    outer loop
      vertex 36.85 5.2 2.4
      vertex 37.55 5.2 2.4
      vertex 36.85 22.8 2.4
    endloop
  endfacet
  facet normal 0 0 1
    outer loop
      vertex 37.55 5.2 2.4
      vertex 36.85 5.2 2.4
      vertex 37.55 5 2.4
    endloop
  endfacet
  facet normal 0 0 1
    outer loop
      vertex 37.55 5 2.4
      vertex 36.85 5.2 2.4
      vertex 36.85 5 2.4
    endloop
  endfacet
  facet normal -0 0 1
    outer loop
      vertex 37.55 22.8 2.4
      vertex 38.35 5.2 2.4
      vertex 38.35 22.8 2.4
    endloop
  endfacet
  facet normal 0 0 1
    outer loop
      vertex 38.35 5.2 2.4
      vertex 37.55 22.8 2.4
      vertex 37.55 5.2 2.4
    endloop
  endfacet
  facet normal 0 0 1
    outer loop
      vertex 38.35 22.8 2.4
      vertex 39.05 22.8 2.4
      vertex 39.05 23 2.4
    endloop
  endfacet
  facet normal 0 0 1
    outer loop
      vertex 39.05 22.8 2.4
      vertex 38.35 22.8 2.4
      vertex 39.05 5.2 2.4
    endloop
  endfacet
  facet normal 0 0 1
    outer loop
      vertex 38.35 22.8 2.4
      vertex 39.05 23 2.4
      vertex 38.35 23 2.4
    endloop
  endfacet
  facet normal 0 0 1
    outer loop
      vertex 38.35 5.2 2.4
      vertex 39.05 5.2 2.4
      vertex 38.35 22.8 2.4
    endloop
  endfacet
  facet normal 0 0 1
    outer loop
      vertex 39.05 5.2 2.4
      vertex 38.35 5.2 2.4
      vertex 39.05 5 2.4
    endloop
  endfacet
  facet normal 0 0 1
    outer loop
      vertex 39.05 5 2.4
      vertex 38.35 5.2 2.4
      vertex 38.35 5 2.4
    endloop
  endfacet
  facet normal -0 0 1
    outer loop
      vertex 39.05 22.8 2.4
      vertex 39.85 5.2 2.4
      vertex 39.85 22.8 2.4
    endloop
  endfacet
  facet normal 0 0 1
    outer loop
      vertex 39.85 5.2 2.4
      vertex 39.05 22.8 2.4
      vertex 39.05 5.2 2.4
    endloop
  endfacet
  facet normal 0 0 1
    outer loop
      vertex 39.85 22.8 2.4
      vertex 40.55 22.8 2.4
      vertex 40.55 23 2.4
    endloop
  endfacet
  facet normal 0 0 1
    outer loop
      vertex 40.55 22.8 2.4
      vertex 39.85 22.8 2.4
      vertex 40.55 5.2 2.4
    endloop
  endfacet
  facet normal 0 0 1
    outer loop
      vertex 39.85 22.8 2.4
      vertex 40.55 23 2.4
      vertex 39.85 23 2.4
    endloop
  endfacet
  facet normal 0 0 1
    outer loop
      vertex 39.85 5.2 2.4
      vertex 40.55 5.2 2.4
      vertex 39.85 22.8 2.4
    endloop
  endfacet
  facet normal 0 0 1
    outer loop
      vertex 40.55 5.2 2.4
      vertex 39.85 5.2 2.4
      vertex 40.55 5 2.4
    endloop
  endfacet
  facet normal 0 0 1
    outer loop
      vertex 40.55 5 2.4
      vertex 39.85 5.2 2.4
      vertex 39.85 5 2.4
    endloop
  endfacet
  facet normal -0 0 1
    outer loop
      vertex 40.55 22.8 2.4
      vertex 41.35 5.2 2.4
      vertex 41.35 22.8 2.4
    endloop
  endfacet
  facet normal 0 0 1
    outer loop
      vertex 41.35 5.2 2.4
      vertex 40.55 22.8 2.4
      vertex 40.55 5.2 2.4
    endloop
  endfacet
  facet normal 0 0 1
    outer loop
      vertex 41.35 22.8 2.4
      vertex 42.05 22.8 2.4
      vertex 42.05 23 2.4
    endloop
  endfacet
  facet normal 0 0 1
    outer loop
      vertex 42.05 22.8 2.4
      vertex 41.35 22.8 2.4
      vertex 42.05 5.2 2.4
    endloop
  endfacet
  facet normal 0 0 1
    outer loop
      vertex 41.35 22.8 2.4
      vertex 42.05 23 2.4
      vertex 41.35 23 2.4
    endloop
  endfacet
  facet normal 0 0 1
    outer loop
      vertex 41.35 5.2 2.4
      vertex 42.05 5.2 2.4
      vertex 41.35 22.8 2.4
    endloop
  endfacet
  facet normal 0 0 1
    outer loop
      vertex 42.05 5.2 2.4
      vertex 41.35 5.2 2.4
      vertex 42.05 5 2.4
    endloop
  endfacet
  facet normal 0 0 1
    outer loop
      vertex 42.05 5 2.4
      vertex 41.35 5.2 2.4
      vertex 41.35 5 2.4
    endloop
  endfacet
  facet normal -0 0 1
    outer loop
      vertex 42.05 22.8 2.4
      vertex 42.85 5.2 2.4
      vertex 42.85 22.8 2.4
    endloop
  endfacet
  facet normal 0 0 1
    outer loop
      vertex 42.85 5.2 2.4
      vertex 42.05 22.8 2.4
      vertex 42.05 5.2 2.4
    endloop
  endfacet
  facet normal 0 0 1
    outer loop
      vertex 42.85 22.8 2.4
      vertex 43.55 22.8 2.4
      vertex 43.55 23 2.4
    endloop
  endfacet
  facet normal 0 0 1
    outer loop
      vertex 43.55 22.8 2.4
      vertex 42.85 22.8 2.4
      vertex 43.55 5.2 2.4
    endloop
  endfacet
  facet normal 0 0 1
    outer loop
      vertex 42.85 22.8 2.4
      vertex 43.55 23 2.4
      vertex 42.85 23 2.4
    endloop
  endfacet
  facet normal 0 0 1
    outer loop
      vertex 42.85 5.2 2.4
      vertex 43.55 5.2 2.4
      vertex 42.85 22.8 2.4
    endloop
  endfacet
  facet normal 0 0 1
    outer loop
      vertex 43.55 5.2 2.4
      vertex 42.85 5.2 2.4
      vertex 43.55 5 2.4
    endloop
  endfacet
  facet normal 0 0 1
    outer loop
      vertex 43.55 5 2.4
      vertex 42.85 5.2 2.4
      vertex 42.85 5 2.4
    endloop
  endfacet
  facet normal -0 0 1
    outer loop
      vertex 43.55 22.8 2.4
      vertex 44.35 5.2 2.4
      vertex 44.35 22.8 2.4
    endloop
  endfacet
  facet normal 0 0 1
    outer loop
      vertex 44.35 5.2 2.4
      vertex 43.55 22.8 2.4
      vertex 43.55 5.2 2.4
    endloop
  endfacet
  facet normal 0 0 1
    outer loop
      vertex 44.35 22.8 2.4
      vertex 45.05 22.8 2.4
      vertex 45.05 23 2.4
    endloop
  endfacet
  facet normal 0 0 1
    outer loop
      vertex 45.05 22.8 2.4
      vertex 44.35 22.8 2.4
      vertex 45.05 5.2 2.4
    endloop
  endfacet
  facet normal 0 0 1
    outer loop
      vertex 44.35 22.8 2.4
      vertex 45.05 23 2.4
      vertex 44.35 23 2.4
    endloop
  endfacet
  facet normal 0 0 1
    outer loop
      vertex 44.35 5.2 2.4
      vertex 45.05 5.2 2.4
      vertex 44.35 22.8 2.4
    endloop
  endfacet
  facet normal 0 0 1
    outer loop
      vertex 45.05 5.2 2.4
      vertex 44.35 5.2 2.4
      vertex 45.05 5 2.4
    endloop
  endfacet
  facet normal 0 0 1
    outer loop
      vertex 45.05 5 2.4
      vertex 44.35 5.2 2.4
      vertex 44.35 5 2.4
    endloop
  endfacet
  facet normal -0 0 1
    outer loop
      vertex 45.05 22.8 2.4
      vertex 45.85 5.2 2.4
      vertex 45.85 22.8 2.4
    endloop
  endfacet
  facet normal 0 0 1
    outer loop
      vertex 45.85 5.2 2.4
      vertex 45.05 22.8 2.4
      vertex 45.05 5.2 2.4
    endloop
  endfacet
  facet normal 0 0 1
    outer loop
      vertex 45.85 22.8 2.4
      vertex 46.55 22.8 2.4
      vertex 46.55 23 2.4
    endloop
  endfacet
  facet normal 0 0 1
    outer loop
      vertex 46.55 22.8 2.4
      vertex 45.85 22.8 2.4
      vertex 46.55 5.2 2.4
    endloop
  endfacet
  facet normal 0 0 1
    outer loop
      vertex 45.85 22.8 2.4
      vertex 46.55 23 2.4
      vertex 45.85 23 2.4
    endloop
  endfacet
  facet normal 0 0 1
    outer loop
      vertex 45.85 5.2 2.4
      vertex 46.55 5.2 2.4
      vertex 45.85 22.8 2.4
    endloop
  endfacet
  facet normal 0 0 1
    outer loop
      vertex 46.55 5.2 2.4
      vertex 45.85 5.2 2.4
      vertex 46.55 5 2.4
    endloop
  endfacet
  facet normal 0 0 1
    outer loop
      vertex 46.55 5 2.4
      vertex 45.85 5.2 2.4
      vertex 45.85 5 2.4
    endloop
  endfacet
  facet normal -0 0 1
    outer loop
      vertex 46.55 22.8 2.4
      vertex 47.35 5.2 2.4
      vertex 47.35 22.8 2.4
    endloop
  endfacet
  facet normal 0 0 1
    outer loop
      vertex 47.35 5.2 2.4
      vertex 46.55 22.8 2.4
      vertex 46.55 5.2 2.4
    endloop
  endfacet
  facet normal 0 0 1
    outer loop
      vertex 47.35 22.8 2.4
      vertex 48.05 22.8 2.4
      vertex 48.05 23 2.4
    endloop
  endfacet
  facet normal 0 0 1
    outer loop
      vertex 48.05 22.8 2.4
      vertex 47.35 22.8 2.4
      vertex 48.05 5.2 2.4
    endloop
  endfacet
  facet normal 0 0 1
    outer loop
      vertex 47.35 22.8 2.4
      vertex 48.05 23 2.4
      vertex 47.35 23 2.4
    endloop
  endfacet
  facet normal 0 0 1
    outer loop
      vertex 47.35 5.2 2.4
      vertex 48.05 5.2 2.4
      vertex 47.35 22.8 2.4
    endloop
  endfacet
  facet normal 0 0 1
    outer loop
      vertex 48.05 5.2 2.4
      vertex 47.35 5.2 2.4
      vertex 48.05 5 2.4
    endloop
  endfacet
  facet normal 0 0 1
    outer loop
      vertex 48.05 5 2.4
      vertex 47.35 5.2 2.4
      vertex 47.35 5 2.4
    endloop
  endfacet
  facet normal -0 0 1
    outer loop
      vertex 48.05 22.8 2.4
      vertex 48.85 5.2 2.4
      vertex 48.85 22.8 2.4
    endloop
  endfacet
  facet normal 0 0 1
    outer loop
      vertex 48.85 5.2 2.4
      vertex 48.05 22.8 2.4
      vertex 48.05 5.2 2.4
    endloop
  endfacet
  facet normal 0 0 1
    outer loop
      vertex 48.85 22.8 2.4
      vertex 49.55 22.8 2.4
      vertex 49.55 23 2.4
    endloop
  endfacet
  facet normal 0 0 1
    outer loop
      vertex 49.55 22.8 2.4
      vertex 48.85 22.8 2.4
      vertex 49.55 5.2 2.4
    endloop
  endfacet
  facet normal 0 0 1
    outer loop
      vertex 48.85 22.8 2.4
      vertex 49.55 23 2.4
      vertex 48.85 23 2.4
    endloop
  endfacet
  facet normal 0 0 1
    outer loop
      vertex 48.85 5.2 2.4
      vertex 49.55 5.2 2.4
      vertex 48.85 22.8 2.4
    endloop
  endfacet
  facet normal 0 0 1
    outer loop
      vertex 49.55 5.2 2.4
      vertex 48.85 5.2 2.4
      vertex 49.55 5 2.4
    endloop
  endfacet
  facet normal 0 0 1
    outer loop
      vertex 49.55 5 2.4
      vertex 48.85 5.2 2.4
      vertex 48.85 5 2.4
    endloop
  endfacet
  facet normal -0 0 1
    outer loop
      vertex 49.55 22.8 2.4
      vertex 50.35 5.2 2.4
      vertex 50.35 22.8 2.4
    endloop
  endfacet
  facet normal 0 0 1
    outer loop
      vertex 50.35 5.2 2.4
      vertex 49.55 22.8 2.4
      vertex 49.55 5.2 2.4
    endloop
  endfacet
  facet normal 0 0 1
    outer loop
      vertex 50.35 22.8 2.4
      vertex 54.7 23 2.4
      vertex 50.35 23 2.4
    endloop
  endfacet
  facet normal 0 0 1
    outer loop
      vertex 54.7 23 2.4
      vertex 50.35 22.8 2.4
      vertex 54.7 5 2.4
    endloop
  endfacet
  facet normal -0 0 1
    outer loop
      vertex 50.35 5.2 2.4
      vertex 54.7 5 2.4
      vertex 50.35 22.8 2.4
    endloop
  endfacet
  facet normal 0 0 1
    outer loop
      vertex 54.7 5 2.4
      vertex 50.35 5.2 2.4
      vertex 50.35 5 2.4
    endloop
  endfacet
  facet normal 0 0 1
    outer loop
      vertex 30.05 22.8 2.4
      vertex 29.4 17.35 2.4
      vertex 29.4 16.65 2.4
    endloop
  endfacet
  facet normal 0 0 1
    outer loop
      vertex 30.05 22.8 2.4
      vertex 29.4 16.65 2.4
      vertex 29.4 15.85 2.4
    endloop
  endfacet
  facet normal 0 0 1
    outer loop
      vertex 30.05 22.8 2.4
      vertex 29.4 15.85 2.4
      vertex 29.4 15.15 2.4
    endloop
  endfacet
  facet normal 0 0 1
    outer loop
      vertex 30.05 22.8 2.4
      vertex 29.4 15.15 2.4
      vertex 29.4 14.35 2.4
    endloop
  endfacet
  facet normal -0 0 1
    outer loop
      vertex 29.4 13.65 2.4
      vertex 30.05 5.2 2.4
      vertex 29.4 14.35 2.4
    endloop
  endfacet
  facet normal -0 0 1
    outer loop
      vertex 29.4 12.85 2.4
      vertex 30.05 5.2 2.4
      vertex 29.4 13.65 2.4
    endloop
  endfacet
  facet normal -0 0 1
    outer loop
      vertex 29.4 12.15 2.4
      vertex 30.05 5.2 2.4
      vertex 29.4 12.85 2.4
    endloop
  endfacet
  facet normal -0 0 1
    outer loop
      vertex 29.4 11.35 2.4
      vertex 30.05 5.2 2.4
      vertex 29.4 12.15 2.4
    endloop
  endfacet
  facet normal -0 0 1
    outer loop
      vertex 29.4 10.65 2.4
      vertex 30.05 5.2 2.4
      vertex 29.4 11.35 2.4
    endloop
  endfacet
  facet normal -0 0 1
    outer loop
      vertex 29.4 9.85 2.4
      vertex 30.05 5.2 2.4
      vertex 29.4 10.65 2.4
    endloop
  endfacet
  facet normal 0 0 1
    outer loop
      vertex 29.35 5.2 2.4
      vertex 30.05 5.2 2.4
      vertex 29.4 9.85 2.4
    endloop
  endfacet
  facet normal 0 0 1
    outer loop
      vertex 30.05 5.2 2.4
      vertex 29.35 5.2 2.4
      vertex 30.05 5 2.4
    endloop
  endfacet
  facet normal 0 0 1
    outer loop
      vertex 30.05 5 2.4
      vertex 29.35 5.2 2.4
      vertex 29.35 5 2.4
    endloop
  endfacet
  facet normal 0 0 -1
    outer loop
      vertex 29.2 5 1.6
      vertex 54.7 23 1.6
      vertex 54.7 5 1.6
    endloop
  endfacet
  facet normal -0 0 -1
    outer loop
      vertex 54.7 23 1.6
      vertex 29.2 5 1.6
      vertex 29.2 23 1.6
    endloop
  endfacet
  facet normal -1 0 0
    outer loop
      vertex 29.2 23 1.6
      vertex 29.2 22.8 2.36
      vertex 29.2 23 2.36
    endloop
  endfacet
  facet normal -1 0 0
    outer loop
      vertex 29.2 22.8 2.36
      vertex 29.2 18.15 2.36
      vertex 29.2 22.8 2.4
    endloop
  endfacet
  facet normal -1 0 0
    outer loop
      vertex 29.2 23 1.6
      vertex 29.2 18.15 2.36
      vertex 29.2 22.8 2.36
    endloop
  endfacet
  facet normal -1 0 0
    outer loop
      vertex 29.2 23 1.6
      vertex 29.2 17.35 2.36
      vertex 29.2 18.15 2.36
    endloop
  endfacet
  facet normal -1 0 0
    outer loop
      vertex 29.2 17.35 2.36
      vertex 29.2 16.65 2.36
      vertex 29.2 17.35 2.4
    endloop
  endfacet
  facet normal -1 0 0
    outer loop
      vertex 29.2 23 1.6
      vertex 29.2 16.65 2.36
      vertex 29.2 17.35 2.36
    endloop
  endfacet
  facet normal -1 0 0
    outer loop
      vertex 29.2 23 1.6
      vertex 29.2 15.85 2.36
      vertex 29.2 16.65 2.36
    endloop
  endfacet
  facet normal -1 0 0
    outer loop
      vertex 29.2 15.85 2.36
      vertex 29.2 15.15 2.36
      vertex 29.2 15.85 2.4
    endloop
  endfacet
  facet normal -1 0 0
    outer loop
      vertex 29.2 23 1.6
      vertex 29.2 15.15 2.36
      vertex 29.2 15.85 2.36
    endloop
  endfacet
  facet normal -1 0 0
    outer loop
      vertex 29.2 23 1.6
      vertex 29.2 14.35 2.36
      vertex 29.2 15.15 2.36
    endloop
  endfacet
  facet normal -1 0 0
    outer loop
      vertex 29.2 14.35 2.36
      vertex 29.2 13.65 2.36
      vertex 29.2 14.35 2.4
    endloop
  endfacet
  facet normal -1 0 0
    outer loop
      vertex 29.2 23 1.6
      vertex 29.2 13.65 2.36
      vertex 29.2 14.35 2.36
    endloop
  endfacet
  facet normal -1 0 0
    outer loop
      vertex 29.2 5 1.6
      vertex 29.2 13.65 2.36
      vertex 29.2 23 1.6
    endloop
  endfacet
  facet normal -1 0 0
    outer loop
      vertex 29.2 12.85 2.36
      vertex 29.2 12.15 2.36
      vertex 29.2 12.85 2.4
    endloop
  endfacet
  facet normal -1 -0 0
    outer loop
      vertex 29.2 13.65 2.36
      vertex 29.2 5 1.6
      vertex 29.2 12.85 2.36
    endloop
  endfacet
  facet normal -1 -0 0
    outer loop
      vertex 29.2 12.85 2.36
      vertex 29.2 5 1.6
      vertex 29.2 12.15 2.36
    endloop
  endfacet
  facet normal -1 0 0
    outer loop
      vertex 29.2 11.35 2.36
      vertex 29.2 10.65 2.36
      vertex 29.2 11.35 2.4
    endloop
  endfacet
  facet normal -1 -0 0
    outer loop
      vertex 29.2 12.15 2.36
      vertex 29.2 5 1.6
      vertex 29.2 11.35 2.36
    endloop
  endfacet
  facet normal -1 -0 0
    outer loop
      vertex 29.2 11.35 2.36
      vertex 29.2 5 1.6
      vertex 29.2 10.65 2.36
    endloop
  endfacet
  facet normal -1 0 0
    outer loop
      vertex 29.2 9.85 2.36
      vertex 29.2 5.2 2.36
      vertex 29.2 9.85 2.4
    endloop
  endfacet
  facet normal -1 -0 0
    outer loop
      vertex 29.2 10.65 2.36
      vertex 29.2 5 1.6
      vertex 29.2 9.85 2.36
    endloop
  endfacet
  facet normal -1 -0 0
    outer loop
      vertex 29.2 9.85 2.36
      vertex 29.2 5 1.6
      vertex 29.2 5.2 2.36
    endloop
  endfacet
  facet normal -1 -0 0
    outer loop
      vertex 29.2 5.2 2.36
      vertex 29.2 5 1.6
      vertex 29.2 5 2.36
    endloop
  endfacet
  facet normal -1 -0 0
    outer loop
      vertex 29.2 22.8 2.4
      vertex 29.2 18.15 2.36
      vertex 29.2 18.15 2.4
    endloop
  endfacet
  facet normal -1 -0 0
    outer loop
      vertex 29.2 17.35 2.4
      vertex 29.2 16.65 2.36
      vertex 29.2 16.65 2.4
    endloop
  endfacet
  facet normal -1 -0 0
    outer loop
      vertex 29.2 15.85 2.4
      vertex 29.2 15.15 2.36
      vertex 29.2 15.15 2.4
    endloop
  endfacet
  facet normal -1 -0 0
    outer loop
      vertex 29.2 14.35 2.4
      vertex 29.2 13.65 2.36
      vertex 29.2 13.65 2.4
    endloop
  endfacet
  facet normal -1 -0 0
    outer loop
      vertex 29.2 12.85 2.4
      vertex 29.2 12.15 2.36
      vertex 29.2 12.15 2.4
    endloop
  endfacet
  facet normal -1 -0 0
    outer loop
      vertex 29.2 11.35 2.4
      vertex 29.2 10.65 2.36
      vertex 29.2 10.65 2.4
    endloop
  endfacet
  facet normal -1 -0 0
    outer loop
      vertex 29.2 9.85 2.4
      vertex 29.2 5.2 2.36
      vertex 29.2 5.2 2.4
    endloop
  endfacet
  facet normal 0 1 0
    outer loop
      vertex 54.7 23 2.4
      vertex 50.35 23 2.36
      vertex 50.35 23 2.4
    endloop
  endfacet
  facet normal 0 1 0
    outer loop
      vertex 54.7 23 1.6
      vertex 49.55 23 2.36
      vertex 50.35 23 2.36
    endloop
  endfacet
  facet normal 0 1 0
    outer loop
      vertex 49.55 23 2.36
      vertex 54.7 23 1.6
      vertex 48.85 23 2.36
    endloop
  endfacet
  facet normal 0 1 0
    outer loop
      vertex 48.85 23 2.36
      vertex 54.7 23 1.6
      vertex 48.05 23 2.36
    endloop
  endfacet
  facet normal 0 1 0
    outer loop
      vertex 48.05 23 2.36
      vertex 54.7 23 1.6
      vertex 47.35 23 2.36
    endloop
  endfacet
  facet normal 0 1 0
    outer loop
      vertex 47.35 23 2.36
      vertex 54.7 23 1.6
      vertex 46.55 23 2.36
    endloop
  endfacet
  facet normal 0 1 0
    outer loop
      vertex 46.55 23 2.36
      vertex 54.7 23 1.6
      vertex 45.85 23 2.36
    endloop
  endfacet
  facet normal 0 1 0
    outer loop
      vertex 45.85 23 2.36
      vertex 54.7 23 1.6
      vertex 45.05 23 2.36
    endloop
  endfacet
  facet normal 0 1 0
    outer loop
      vertex 45.05 23 2.36
      vertex 54.7 23 1.6
      vertex 44.35 23 2.36
    endloop
  endfacet
  facet normal 0 1 0
    outer loop
      vertex 44.35 23 2.36
      vertex 54.7 23 1.6
      vertex 43.55 23 2.36
    endloop
  endfacet
  facet normal 0 1 0
    outer loop
      vertex 43.55 23 2.36
      vertex 54.7 23 1.6
      vertex 42.85 23 2.36
    endloop
  endfacet
  facet normal 0 1 0
    outer loop
      vertex 42.85 23 2.36
      vertex 54.7 23 1.6
      vertex 42.05 23 2.36
    endloop
  endfacet
  facet normal 0 1 0
    outer loop
      vertex 42.05 23 2.36
      vertex 54.7 23 1.6
      vertex 41.35 23 2.36
    endloop
  endfacet
  facet normal 0 1 0
    outer loop
      vertex 41.35 23 2.36
      vertex 54.7 23 1.6
      vertex 40.55 23 2.36
    endloop
  endfacet
  facet normal 0 1 0
    outer loop
      vertex 29.2 23 1.6
      vertex 40.55 23 2.36
      vertex 54.7 23 1.6
    endloop
  endfacet
  facet normal 0 1 0
    outer loop
      vertex 40.55 23 2.36
      vertex 29.2 23 1.6
      vertex 39.85 23 2.36
    endloop
  endfacet
  facet normal 0 1 0
    outer loop
      vertex 39.85 23 2.36
      vertex 29.2 23 1.6
      vertex 39.05 23 2.36
    endloop
  endfacet
  facet normal 0 1 0
    outer loop
      vertex 39.05 23 2.36
      vertex 29.2 23 1.6
      vertex 38.35 23 2.36
    endloop
  endfacet
  facet normal 0 1 0
    outer loop
      vertex 38.35 23 2.36
      vertex 29.2 23 1.6
      vertex 37.55 23 2.36
    endloop
  endfacet
  facet normal 0 1 0
    outer loop
      vertex 37.55 23 2.36
      vertex 29.2 23 1.6
      vertex 36.85 23 2.36
    endloop
  endfacet
  facet normal 0 1 0
    outer loop
      vertex 36.85 23 2.36
      vertex 29.2 23 1.6
      vertex 36.05 23 2.36
    endloop
  endfacet
  facet normal 0 1 0
    outer loop
      vertex 36.05 23 2.36
      vertex 29.2 23 1.6
      vertex 35.35 23 2.36
    endloop
  endfacet
  facet normal 0 1 0
    outer loop
      vertex 35.35 23 2.36
      vertex 29.2 23 1.6
      vertex 34.55 23 2.36
    endloop
  endfacet
  facet normal 0 1 0
    outer loop
      vertex 33.85 23 2.36
      vertex 29.2 23 1.6
      vertex 33.05 23 2.36
    endloop
  endfacet
  facet normal 0 1 0
    outer loop
      vertex 33.05 23 2.36
      vertex 29.2 23 1.6
      vertex 32.35 23 2.36
    endloop
  endfacet
  facet normal 0 1 0
    outer loop
      vertex 32.35 23 2.36
      vertex 29.2 23 1.6
      vertex 31.55 23 2.36
    endloop
  endfacet
  facet normal 0 1 0
    outer loop
      vertex 31.55 23 2.36
      vertex 29.2 23 1.6
      vertex 30.85 23 2.36
    endloop
  endfacet
  facet normal 0 1 0
    outer loop
      vertex 30.85 23 2.36
      vertex 29.2 23 1.6
      vertex 30.05 23 2.36
    endloop
  endfacet
  facet normal 0 1 0
    outer loop
      vertex 30.05 23 2.36
      vertex 29.2 23 1.6
      vertex 29.35 23 2.36
    endloop
  endfacet
  facet normal 0 1 -0
    outer loop
      vertex 54.7 23 1.6
      vertex 50.35 23 2.36
      vertex 54.7 23 2.4
    endloop
  endfacet
  facet normal 0 1 0
    outer loop
      vertex 34.55 23 2.36
      vertex 29.2 23 1.6
      vertex 33.85 23 2.36
    endloop
  endfacet
  facet normal 0 1 0
    outer loop
      vertex 29.35 23 2.36
      vertex 29.2 23 1.6
      vertex 29.2 23 2.36
    endloop
  endfacet
  facet normal 0 1 -0
    outer loop
      vertex 49.55 23 2.36
      vertex 48.85 23 2.4
      vertex 49.55 23 2.4
    endloop
  endfacet
  facet normal 0 1 0
    outer loop
      vertex 48.85 23 2.4
      vertex 49.55 23 2.36
      vertex 48.85 23 2.36
    endloop
  endfacet
  facet normal 0 1 -0
    outer loop
      vertex 48.05 23 2.36
      vertex 47.35 23 2.4
      vertex 48.05 23 2.4
    endloop
  endfacet
  facet normal 0 1 0
    outer loop
      vertex 47.35 23 2.4
      vertex 48.05 23 2.36
      vertex 47.35 23 2.36
    endloop
  endfacet
  facet normal 0 1 -0
    outer loop
      vertex 46.55 23 2.36
      vertex 45.85 23 2.4
      vertex 46.55 23 2.4
    endloop
  endfacet
  facet normal 0 1 0
    outer loop
      vertex 45.85 23 2.4
      vertex 46.55 23 2.36
      vertex 45.85 23 2.36
    endloop
  endfacet
  facet normal 0 1 -0
    outer loop
      vertex 45.05 23 2.36
      vertex 44.35 23 2.4
      vertex 45.05 23 2.4
    endloop
  endfacet
  facet normal 0 1 0
    outer loop
      vertex 44.35 23 2.4
      vertex 45.05 23 2.36
      vertex 44.35 23 2.36
    endloop
  endfacet
  facet normal 0 1 -0
    outer loop
      vertex 43.55 23 2.36
      vertex 42.85 23 2.4
      vertex 43.55 23 2.4
    endloop
  endfacet
  facet normal 0 1 0
    outer loop
      vertex 42.85 23 2.4
      vertex 43.55 23 2.36
      vertex 42.85 23 2.36
    endloop
  endfacet
  facet normal 0 1 -0
    outer loop
      vertex 42.05 23 2.36
      vertex 41.35 23 2.4
      vertex 42.05 23 2.4
    endloop
  endfacet
  facet normal 0 1 0
    outer loop
      vertex 41.35 23 2.4
      vertex 42.05 23 2.36
      vertex 41.35 23 2.36
    endloop
  endfacet
  facet normal 0 1 -0
    outer loop
      vertex 40.55 23 2.36
      vertex 39.85 23 2.4
      vertex 40.55 23 2.4
    endloop
  endfacet
  facet normal 0 1 0
    outer loop
      vertex 39.85 23 2.4
      vertex 40.55 23 2.36
      vertex 39.85 23 2.36
    endloop
  endfacet
  facet normal 0 1 -0
    outer loop
      vertex 39.05 23 2.36
      vertex 38.35 23 2.4
      vertex 39.05 23 2.4
    endloop
  endfacet
  facet normal 0 1 0
    outer loop
      vertex 38.35 23 2.4
      vertex 39.05 23 2.36
      vertex 38.35 23 2.36
    endloop
  endfacet
  facet normal 0 1 -0
    outer loop
      vertex 37.55 23 2.36
      vertex 36.85 23 2.4
      vertex 37.55 23 2.4
    endloop
  endfacet
  facet normal 0 1 0
    outer loop
      vertex 36.85 23 2.4
      vertex 37.55 23 2.36
      vertex 36.85 23 2.36
    endloop
  endfacet
  facet normal 0 1 -0
    outer loop
      vertex 36.05 23 2.36
      vertex 35.35 23 2.4
      vertex 36.05 23 2.4
    endloop
  endfacet
  facet normal 0 1 0
    outer loop
      vertex 35.35 23 2.4
      vertex 36.05 23 2.36
      vertex 35.35 23 2.36
    endloop
  endfacet
  facet normal 0 1 -0
    outer loop
      vertex 34.55 23 2.36
      vertex 33.85 23 2.4
      vertex 34.55 23 2.4
    endloop
  endfacet
  facet normal 0 1 0
    outer loop
      vertex 33.85 23 2.4
      vertex 34.55 23 2.36
      vertex 33.85 23 2.36
    endloop
  endfacet
  facet normal 0 1 -0
    outer loop
      vertex 33.05 23 2.36
      vertex 32.35 23 2.4
      vertex 33.05 23 2.4
    endloop
  endfacet
  facet normal 0 1 0
    outer loop
      vertex 32.35 23 2.4
      vertex 33.05 23 2.36
      vertex 32.35 23 2.36
    endloop
  endfacet
  facet normal 0 1 -0
    outer loop
      vertex 31.55 23 2.36
      vertex 30.85 23 2.4
      vertex 31.55 23 2.4
    endloop
  endfacet
  facet normal 0 1 0
    outer loop
      vertex 30.85 23 2.4
      vertex 31.55 23 2.36
      vertex 30.85 23 2.36
    endloop
  endfacet
  facet normal 0 1 -0
    outer loop
      vertex 30.05 23 2.36
      vertex 29.35 23 2.4
      vertex 30.05 23 2.4
    endloop
  endfacet
  facet normal 0 1 0
    outer loop
      vertex 29.35 23 2.4
      vertex 30.05 23 2.36
      vertex 29.35 23 2.36
    endloop
  endfacet
  facet normal 0 -1 0
    outer loop
      vertex 29.2 5 1.6
      vertex 29.35 5 2.36
      vertex 29.2 5 2.36
    endloop
  endfacet
  facet normal 0 -1 -0
    outer loop
      vertex 29.35 5 2.36
      vertex 29.2 5 1.6
      vertex 30.05 5 2.36
    endloop
  endfacet
  facet normal 0 -1 -0
    outer loop
      vertex 30.05 5 2.36
      vertex 29.2 5 1.6
      vertex 30.85 5 2.36
    endloop
  endfacet
  facet normal 0 -1 -0
    outer loop
      vertex 30.85 5 2.36
      vertex 29.2 5 1.6
      vertex 31.55 5 2.36
    endloop
  endfacet
  facet normal 0 -1 -0
    outer loop
      vertex 31.55 5 2.36
      vertex 29.2 5 1.6
      vertex 32.35 5 2.36
    endloop
  endfacet
  facet normal 0 -1 -0
    outer loop
      vertex 32.35 5 2.36
      vertex 29.2 5 1.6
      vertex 33.05 5 2.36
    endloop
  endfacet
  facet normal 0 -1 -0
    outer loop
      vertex 33.05 5 2.36
      vertex 29.2 5 1.6
      vertex 33.85 5 2.36
    endloop
  endfacet
  facet normal 0 -1 -0
    outer loop
      vertex 33.85 5 2.36
      vertex 29.2 5 1.6
      vertex 34.55 5 2.36
    endloop
  endfacet
  facet normal 0 -1 -0
    outer loop
      vertex 34.55 5 2.36
      vertex 29.2 5 1.6
      vertex 35.35 5 2.36
    endloop
  endfacet
  facet normal 0 -1 -0
    outer loop
      vertex 35.35 5 2.36
      vertex 29.2 5 1.6
      vertex 36.05 5 2.36
    endloop
  endfacet
  facet normal 0 -1 -0
    outer loop
      vertex 36.05 5 2.36
      vertex 29.2 5 1.6
      vertex 36.85 5 2.36
    endloop
  endfacet
  facet normal 0 -1 -0
    outer loop
      vertex 36.85 5 2.36
      vertex 29.2 5 1.6
      vertex 37.55 5 2.36
    endloop
  endfacet
  facet normal 0 -1 -0
    outer loop
      vertex 37.55 5 2.36
      vertex 29.2 5 1.6
      vertex 38.35 5 2.36
    endloop
  endfacet
  facet normal 0 -1 -0
    outer loop
      vertex 38.35 5 2.36
      vertex 29.2 5 1.6
      vertex 39.05 5 2.36
    endloop
  endfacet
  facet normal 0 -1 -0
    outer loop
      vertex 39.05 5 2.36
      vertex 29.2 5 1.6
      vertex 39.85 5 2.36
    endloop
  endfacet
  facet normal 0 -1 -0
    outer loop
      vertex 39.85 5 2.36
      vertex 29.2 5 1.6
      vertex 40.55 5 2.36
    endloop
  endfacet
  facet normal 0 -1 -0
    outer loop
      vertex 40.55 5 2.36
      vertex 29.2 5 1.6
      vertex 41.35 5 2.36
    endloop
  endfacet
  facet normal 0 -1 -0
    outer loop
      vertex 41.35 5 2.36
      vertex 29.2 5 1.6
      vertex 42.05 5 2.36
    endloop
  endfacet
  facet normal 0 -1 -0
    outer loop
      vertex 42.05 5 2.36
      vertex 29.2 5 1.6
      vertex 42.85 5 2.36
    endloop
  endfacet
  facet normal 0 -1 0
    outer loop
      vertex 54.7 5 1.6
      vertex 42.85 5 2.36
      vertex 29.2 5 1.6
    endloop
  endfacet
  facet normal 0 -1 0
    outer loop
      vertex 42.85 5 2.36
      vertex 54.7 5 1.6
      vertex 43.55 5 2.36
    endloop
  endfacet
  facet normal 0 -1 0
    outer loop
      vertex 43.55 5 2.36
      vertex 54.7 5 1.6
      vertex 44.35 5 2.36
    endloop
  endfacet
  facet normal 0 -1 0
    outer loop
      vertex 44.35 5 2.36
      vertex 54.7 5 1.6
      vertex 45.05 5 2.36
    endloop
  endfacet
  facet normal 0 -1 0
    outer loop
      vertex 45.05 5 2.36
      vertex 54.7 5 1.6
      vertex 45.85 5 2.36
    endloop
  endfacet
  facet normal 0 -1 0
    outer loop
      vertex 45.85 5 2.36
      vertex 54.7 5 1.6
      vertex 46.55 5 2.36
    endloop
  endfacet
  facet normal 0 -1 0
    outer loop
      vertex 46.55 5 2.36
      vertex 54.7 5 1.6
      vertex 47.35 5 2.36
    endloop
  endfacet
  facet normal 0 -1 0
    outer loop
      vertex 47.35 5 2.36
      vertex 54.7 5 1.6
      vertex 48.05 5 2.36
    endloop
  endfacet
  facet normal 0 -1 0
    outer loop
      vertex 48.05 5 2.36
      vertex 54.7 5 1.6
      vertex 48.85 5 2.36
    endloop
  endfacet
  facet normal 0 -1 0
    outer loop
      vertex 48.85 5 2.36
      vertex 54.7 5 1.6
      vertex 49.55 5 2.36
    endloop
  endfacet
  facet normal 0 -1 0
    outer loop
      vertex 29.35 5 2.36
      vertex 30.05 5 2.4
      vertex 29.35 5 2.4
    endloop
  endfacet
  facet normal 0 -1 -0
    outer loop
      vertex 30.05 5 2.4
      vertex 29.35 5 2.36
      vertex 30.05 5 2.36
    endloop
  endfacet
  facet normal 0 -1 0
    outer loop
      vertex 30.85 5 2.36
      vertex 31.55 5 2.4
      vertex 30.85 5 2.4
    endloop
  endfacet
  facet normal 0 -1 -0
    outer loop
      vertex 31.55 5 2.4
      vertex 30.85 5 2.36
      vertex 31.55 5 2.36
    endloop
  endfacet
  facet normal 0 -1 0
    outer loop
      vertex 32.35 5 2.36
      vertex 33.05 5 2.4
      vertex 32.35 5 2.4
    endloop
  endfacet
  facet normal 0 -1 -0
    outer loop
      vertex 33.05 5 2.4
      vertex 32.35 5 2.36
      vertex 33.05 5 2.36
    endloop
  endfacet
  facet normal 0 -1 0
    outer loop
      vertex 33.85 5 2.36
      vertex 34.55 5 2.4
      vertex 33.85 5 2.4
    endloop
  endfacet
  facet normal 0 -1 -0
    outer loop
      vertex 34.55 5 2.4
      vertex 33.85 5 2.36
      vertex 34.55 5 2.36
    endloop
  endfacet
  facet normal 0 -1 0
    outer loop
      vertex 35.35 5 2.36
      vertex 36.05 5 2.4
      vertex 35.35 5 2.4
    endloop
  endfacet
  facet normal 0 -1 -0
    outer loop
      vertex 36.05 5 2.4
      vertex 35.35 5 2.36
      vertex 36.05 5 2.36
    endloop
  endfacet
  facet normal 0 -1 0
    outer loop
      vertex 36.85 5 2.36
      vertex 37.55 5 2.4
      vertex 36.85 5 2.4
    endloop
  endfacet
  facet normal 0 -1 -0
    outer loop
      vertex 37.55 5 2.4
      vertex 36.85 5 2.36
      vertex 37.55 5 2.36
    endloop
  endfacet
  facet normal 0 -1 0
    outer loop
      vertex 38.35 5 2.36
      vertex 39.05 5 2.4
      vertex 38.35 5 2.4
    endloop
  endfacet
  facet normal 0 -1 -0
    outer loop
      vertex 39.05 5 2.4
      vertex 38.35 5 2.36
      vertex 39.05 5 2.36
    endloop
  endfacet
  facet normal 0 -1 0
    outer loop
      vertex 39.85 5 2.36
      vertex 40.55 5 2.4
      vertex 39.85 5 2.4
    endloop
  endfacet
  facet normal 0 -1 -0
    outer loop
      vertex 40.55 5 2.4
      vertex 39.85 5 2.36
      vertex 40.55 5 2.36
    endloop
  endfacet
  facet normal 0 -1 0
    outer loop
      vertex 41.35 5 2.36
      vertex 42.05 5 2.4
      vertex 41.35 5 2.4
    endloop
  endfacet
  facet normal 0 -1 -0
    outer loop
      vertex 42.05 5 2.4
      vertex 41.35 5 2.36
      vertex 42.05 5 2.36
    endloop
  endfacet
  facet normal 0 -1 0
    outer loop
      vertex 42.85 5 2.36
      vertex 43.55 5 2.4
      vertex 42.85 5 2.4
    endloop
  endfacet
  facet normal 0 -1 -0
    outer loop
      vertex 43.55 5 2.4
      vertex 42.85 5 2.36
      vertex 43.55 5 2.36
    endloop
  endfacet
  facet normal 0 -1 0
    outer loop
      vertex 44.35 5 2.36
      vertex 45.05 5 2.4
      vertex 44.35 5 2.4
    endloop
  endfacet
  facet normal 0 -1 -0
    outer loop
      vertex 45.05 5 2.4
      vertex 44.35 5 2.36
      vertex 45.05 5 2.36
    endloop
  endfacet
  facet normal 0 -1 0
    outer loop
      vertex 45.85 5 2.36
      vertex 46.55 5 2.4
      vertex 45.85 5 2.4
    endloop
  endfacet
  facet normal 0 -1 -0
    outer loop
      vertex 46.55 5 2.4
      vertex 45.85 5 2.36
      vertex 46.55 5 2.36
    endloop
  endfacet
  facet normal 0 -1 0
    outer loop
      vertex 47.35 5 2.36
      vertex 48.05 5 2.4
      vertex 47.35 5 2.4
    endloop
  endfacet
  facet normal 0 -1 -0
    outer loop
      vertex 48.05 5 2.4
      vertex 47.35 5 2.36
      vertex 48.05 5 2.36
    endloop
  endfacet
  facet normal 0 -1 0
    outer loop
      vertex 48.85 5 2.36
      vertex 49.55 5 2.4
      vertex 48.85 5 2.4
    endloop
  endfacet
  facet normal 0 -1 -0
    outer loop
      vertex 49.55 5 2.4
      vertex 48.85 5 2.36
      vertex 49.55 5 2.36
    endloop
  endfacet
  facet normal 0 -1 0
    outer loop
      vertex 50.35 5 2.36
      vertex 54.7 5 2.4
      vertex 50.35 5 2.4
    endloop
  endfacet
  facet normal 0 -1 0
    outer loop
      vertex 49.55 5 2.36
      vertex 54.7 5 1.6
      vertex 50.35 5 2.36
    endloop
  endfacet
  facet normal 0 -1 0
    outer loop
      vertex 50.35 5 2.36
      vertex 54.7 5 1.6
      vertex 54.7 5 2.4
    endloop
  endfacet
  facet normal 1 -0 0
    outer loop
      vertex 43.95 13 4.85
      vertex 43.95 15 4.8
      vertex 43.95 15 4.85
    endloop
  endfacet
  facet normal 1 0 0
    outer loop
      vertex 43.95 15 4.8
      vertex 43.95 13 4.85
      vertex 43.95 13 4.8
    endloop
  endfacet
  facet normal -0 0 1
    outer loop
      vertex 31.95 15 4.85
      vertex 43.95 13 4.85
      vertex 43.95 15 4.85
    endloop
  endfacet
  facet normal 0 0 1
    outer loop
      vertex 43.95 13 4.85
      vertex 31.95 15 4.85
      vertex 31.95 13 4.85
    endloop
  endfacet
  facet normal 0 0 -1
    outer loop
      vertex 31.95 13 4.8
      vertex 43.95 15 4.8
      vertex 43.95 13 4.8
    endloop
  endfacet
  facet normal -0 0 -1
    outer loop
      vertex 43.95 15 4.8
      vertex 31.95 13 4.8
      vertex 31.95 15 4.8
    endloop
  endfacet
  facet normal -1 0 0
    outer loop
      vertex 31.95 13 4.8
      vertex 31.95 15 4.85
      vertex 31.95 15 4.8
    endloop
  endfacet
  facet normal -1 -0 0
    outer loop
      vertex 31.95 15 4.85
      vertex 31.95 13 4.8
      vertex 31.95 13 4.85
    endloop
  endfacet
  facet normal 0 1 -0
    outer loop
      vertex 43.95 15 4.8
      vertex 31.95 15 4.85
      vertex 43.95 15 4.85
    endloop
  endfacet
  facet normal 0 1 0
    outer loop
      vertex 31.95 15 4.85
      vertex 43.95 15 4.8
      vertex 31.95 15 4.8
    endloop
  endfacet
  facet normal 0 -1 0
    outer loop
      vertex 31.95 13 4.8
      vertex 43.95 13 4.85
      vertex 31.95 13 4.85
    endloop
  endfacet
  facet normal 0 -1 -0
    outer loop
      vertex 43.95 13 4.85
      vertex 31.95 13 4.8
      vertex 43.95 13 4.8
    endloop
  endfacet
  facet normal 1 -0 0
    outer loop
      vertex 5.05 4.7 3.6
      vertex 5.05 8.3 1.6
      vertex 5.05 8.3 3.6
    endloop
  endfacet
  facet normal 1 0 0
    outer loop
      vertex 5.05 8.3 1.6
      vertex 5.05 4.7 3.6
      vertex 5.05 4.7 1.6
    endloop
  endfacet
  facet normal 0 0 1
    outer loop
      vertex 5.05 8.3 3.6
      vertex 4.25 6.5 3.6
      vertex 5.05 4.7 3.6
    endloop
  endfacet
  facet normal 0 0 1
    outer loop
      vertex 5.05 8.3 3.6
      vertex 4.23481 6.67365 3.6
      vertex 4.25 6.5 3.6
    endloop
  endfacet
  facet normal 0 0 1
    outer loop
      vertex 5.05 8.3 3.6
      vertex 4.18969 6.84202 3.6
      vertex 4.23481 6.67365 3.6
    endloop
  endfacet
  facet normal 0 0 1
    outer loop
      vertex 5.05 8.3 3.6
      vertex 4.11602 7 3.6
      vertex 4.18969 6.84202 3.6
    endloop
  endfacet
  facet normal 0 0 1
    outer loop
      vertex 5.05 8.3 3.6
      vertex 4.01604 7.14279 3.6
      vertex 4.11602 7 3.6
    endloop
  endfacet
  facet normal 0 0 1
    outer loop
      vertex 5.05 8.3 3.6
      vertex 3.89279 7.26604 3.6
      vertex 4.01604 7.14279 3.6
    endloop
  endfacet
  facet normal 0 0 1
    outer loop
      vertex 5.05 8.3 3.6
      vertex 3.75 7.36602 3.6
      vertex 3.89279 7.26604 3.6
    endloop
  endfacet
  facet normal 0 0 1
    outer loop
      vertex 5.05 8.3 3.6
      vertex 3.59202 7.43969 3.6
      vertex 3.75 7.36602 3.6
    endloop
  endfacet
  facet normal 0 0 1
    outer loop
      vertex 5.05 8.3 3.6
      vertex 3.42365 7.48481 3.6
      vertex 3.59202 7.43969 3.6
    endloop
  endfacet
  facet normal 0 0 1
    outer loop
      vertex 5.05 8.3 3.6
      vertex 3.25 7.5 3.6
      vertex 3.42365 7.48481 3.6
    endloop
  endfacet
  facet normal -0 0 1
    outer loop
      vertex 1.45 8.3 3.6
      vertex 3.25 7.5 3.6
      vertex 5.05 8.3 3.6
    endloop
  endfacet
  facet normal 0 0 1
    outer loop
      vertex 3.25 7.5 3.6
      vertex 1.45 8.3 3.6
      vertex 3.07635 7.48481 3.6
    endloop
  endfacet
  facet normal 0 0 1
    outer loop
      vertex 2.26519 6.67365 3.6
      vertex 1.45 8.3 3.6
      vertex 2.25 6.5 3.6
    endloop
  endfacet
  facet normal 0 0 1
    outer loop
      vertex 2.31031 6.84202 3.6
      vertex 1.45 8.3 3.6
      vertex 2.26519 6.67365 3.6
    endloop
  endfacet
  facet normal 0 0 1
    outer loop
      vertex 2.38397 7 3.6
      vertex 1.45 8.3 3.6
      vertex 2.31031 6.84202 3.6
    endloop
  endfacet
  facet normal 0 0 1
    outer loop
      vertex 2.48395 7.14279 3.6
      vertex 1.45 8.3 3.6
      vertex 2.38397 7 3.6
    endloop
  endfacet
  facet normal 0 0 1
    outer loop
      vertex 2.60721 7.26604 3.6
      vertex 1.45 8.3 3.6
      vertex 2.48395 7.14279 3.6
    endloop
  endfacet
  facet normal 0 0 1
    outer loop
      vertex 2.75 7.36602 3.6
      vertex 1.45 8.3 3.6
      vertex 2.60721 7.26604 3.6
    endloop
  endfacet
  facet normal 0 0 1
    outer loop
      vertex 2.90798 7.43969 3.6
      vertex 1.45 8.3 3.6
      vertex 2.75 7.36602 3.6
    endloop
  endfacet
  facet normal 0 0 1
    outer loop
      vertex 3.07635 7.48481 3.6
      vertex 1.45 8.3 3.6
      vertex 2.90798 7.43969 3.6
    endloop
  endfacet
  facet normal -0 0 1
    outer loop
      vertex 4.23481 6.32635 3.6
      vertex 5.05 4.7 3.6
      vertex 4.25 6.5 3.6
    endloop
  endfacet
  facet normal -0 0 1
    outer loop
      vertex 4.18969 6.15798 3.6
      vertex 5.05 4.7 3.6
      vertex 4.23481 6.32635 3.6
    endloop
  endfacet
  facet normal -0 0 1
    outer loop
      vertex 4.11602 6 3.6
      vertex 5.05 4.7 3.6
      vertex 4.18969 6.15798 3.6
    endloop
  endfacet
  facet normal -0 0 1
    outer loop
      vertex 4.01604 5.85721 3.6
      vertex 5.05 4.7 3.6
      vertex 4.11602 6 3.6
    endloop
  endfacet
  facet normal -0 0 1
    outer loop
      vertex 3.89279 5.73395 3.6
      vertex 5.05 4.7 3.6
      vertex 4.01604 5.85721 3.6
    endloop
  endfacet
  facet normal -0 0 1
    outer loop
      vertex 3.75 5.63397 3.6
      vertex 5.05 4.7 3.6
      vertex 3.89279 5.73395 3.6
    endloop
  endfacet
  facet normal -0 0 1
    outer loop
      vertex 3.59202 5.56031 3.6
      vertex 5.05 4.7 3.6
      vertex 3.75 5.63397 3.6
    endloop
  endfacet
  facet normal -0 0 1
    outer loop
      vertex 3.42365 5.51519 3.6
      vertex 5.05 4.7 3.6
      vertex 3.59202 5.56031 3.6
    endloop
  endfacet
  facet normal -0 0 1
    outer loop
      vertex 3.25 5.5 3.6
      vertex 5.05 4.7 3.6
      vertex 3.42365 5.51519 3.6
    endloop
  endfacet
  facet normal 0 0 1
    outer loop
      vertex 1.45 4.7 3.6
      vertex 3.25 5.5 3.6
      vertex 3.07635 5.51519 3.6
    endloop
  endfacet
  facet normal 0 0 1
    outer loop
      vertex 1.45 4.7 3.6
      vertex 3.07635 5.51519 3.6
      vertex 2.90798 5.56031 3.6
    endloop
  endfacet
  facet normal 0 0 1
    outer loop
      vertex 1.45 4.7 3.6
      vertex 2.25 6.5 3.6
      vertex 1.45 8.3 3.6
    endloop
  endfacet
  facet normal 0 0 1
    outer loop
      vertex 2.25 6.5 3.6
      vertex 1.45 4.7 3.6
      vertex 2.26519 6.32635 3.6
    endloop
  endfacet
  facet normal 0 0 1
    outer loop
      vertex 3.25 5.5 3.6
      vertex 1.45 4.7 3.6
      vertex 5.05 4.7 3.6
    endloop
  endfacet
  facet normal 0 0 1
    outer loop
      vertex 2.75 5.63397 3.6
      vertex 1.45 4.7 3.6
      vertex 2.90798 5.56031 3.6
    endloop
  endfacet
  facet normal 0 0 1
    outer loop
      vertex 2.60721 5.73395 3.6
      vertex 1.45 4.7 3.6
      vertex 2.75 5.63397 3.6
    endloop
  endfacet
  facet normal 0 0 1
    outer loop
      vertex 2.48395 5.85721 3.6
      vertex 1.45 4.7 3.6
      vertex 2.60721 5.73395 3.6
    endloop
  endfacet
  facet normal 0 0 1
    outer loop
      vertex 2.38397 6 3.6
      vertex 1.45 4.7 3.6
      vertex 2.48395 5.85721 3.6
    endloop
  endfacet
  facet normal 0 0 1
    outer loop
      vertex 2.31031 6.15798 3.6
      vertex 1.45 4.7 3.6
      vertex 2.38397 6 3.6
    endloop
  endfacet
  facet normal 0 0 1
    outer loop
      vertex 2.26519 6.32635 3.6
      vertex 1.45 4.7 3.6
      vertex 2.31031 6.15798 3.6
    endloop
  endfacet
  facet normal 0 0 -1
    outer loop
      vertex 1.45 4.7 1.6
      vertex 5.05 8.3 1.6
      vertex 5.05 4.7 1.6
    endloop
  endfacet
  facet normal -0 0 -1
    outer loop
      vertex 5.05 8.3 1.6
      vertex 1.45 4.7 1.6
      vertex 1.45 8.3 1.6
    endloop
  endfacet
  facet normal -1 0 0
    outer loop
      vertex 1.45 4.7 1.6
      vertex 1.45 8.3 3.6
      vertex 1.45 8.3 1.6
    endloop
  endfacet
  facet normal -1 -0 0
    outer loop
      vertex 1.45 8.3 3.6
      vertex 1.45 4.7 1.6
      vertex 1.45 4.7 3.6
    endloop
  endfacet
  facet normal 0 1 -0
    outer loop
      vertex 5.05 8.3 1.6
      vertex 1.45 8.3 3.6
      vertex 5.05 8.3 3.6
    endloop
  endfacet
  facet normal 0 1 0
    outer loop
      vertex 1.45 8.3 3.6
      vertex 5.05 8.3 1.6
      vertex 1.45 8.3 1.6
    endloop
  endfacet
  facet normal 0 -1 0
    outer loop
      vertex 1.45 4.7 1.6
      vertex 5.05 4.7 3.6
      vertex 1.45 4.7 3.6
    endloop
  endfacet
  facet normal 0 -1 -0
    outer loop
      vertex 5.05 4.7 3.6
      vertex 1.45 4.7 1.6
      vertex 5.05 4.7 1.6
    endloop
  endfacet
  facet normal 0.965918 0.258848 0
    outer loop
      vertex 4.23481 6.67365 4.2
      vertex 4.18969 6.84202 3.6
      vertex 4.18969 6.84202 4.2
    endloop
  endfacet
  facet normal 0.965918 0.258848 0
    outer loop
      vertex 4.18969 6.84202 3.6
      vertex 4.23481 6.67365 4.2
      vertex 4.23481 6.67365 3.6
    endloop
  endfacet
  facet normal 0.996196 0.087142 0
    outer loop
      vertex 4.25 6.5 4.2
      vertex 4.23481 6.67365 3.6
      vertex 4.23481 6.67365 4.2
    endloop
  endfacet
  facet normal 0.996196 0.087142 0
    outer loop
      vertex 4.23481 6.67365 3.6
      vertex 4.25 6.5 4.2
      vertex 4.25 6.5 3.6
    endloop
  endfacet
  facet normal 0.906302 0.422631 0
    outer loop
      vertex 4.18969 6.84202 4.2
      vertex 4.11602 7 3.6
      vertex 4.11602 7 4.2
    endloop
  endfacet
  facet normal 0.906302 0.422631 0
    outer loop
      vertex 4.11602 7 3.6
      vertex 4.18969 6.84202 4.2
      vertex 4.18969 6.84202 3.6
    endloop
  endfacet
  facet normal 0.996196 -0.087142 0
    outer loop
      vertex 4.23481 6.32635 4.2
      vertex 4.25 6.5 3.6
      vertex 4.25 6.5 4.2
    endloop
  endfacet
  facet normal 0.996196 -0.087142 0
    outer loop
      vertex 4.25 6.5 3.6
      vertex 4.23481 6.32635 4.2
      vertex 4.23481 6.32635 3.6
    endloop
  endfacet
  facet normal 0.258848 -0.965918 0
    outer loop
      vertex 3.42365 5.51519 3.6
      vertex 3.59202 5.56031 4.2
      vertex 3.42365 5.51519 4.2
    endloop
  endfacet
  facet normal 0.258848 -0.965918 0
    outer loop
      vertex 3.59202 5.56031 4.2
      vertex 3.42365 5.51519 3.6
      vertex 3.59202 5.56031 3.6
    endloop
  endfacet
  facet normal 0.573566 0.819159 -0
    outer loop
      vertex 3.89279 7.26604 3.6
      vertex 3.75 7.36602 4.2
      vertex 3.89279 7.26604 4.2
    endloop
  endfacet
  facet normal 0.573566 0.819159 0
    outer loop
      vertex 3.75 7.36602 4.2
      vertex 3.89279 7.26604 3.6
      vertex 3.75 7.36602 3.6
    endloop
  endfacet
  facet normal -0.965918 0.258848 0
    outer loop
      vertex 2.26519 6.67365 3.6
      vertex 2.31031 6.84202 4.2
      vertex 2.31031 6.84202 3.6
    endloop
  endfacet
  facet normal -0.965918 0.258848 0
    outer loop
      vertex 2.31031 6.84202 4.2
      vertex 2.26519 6.67365 3.6
      vertex 2.26519 6.67365 4.2
    endloop
  endfacet
  facet normal -0.707107 -0.707107 0
    outer loop
      vertex 2.60721 5.73395 3.6
      vertex 2.48395 5.85721 4.2
      vertex 2.48395 5.85721 3.6
    endloop
  endfacet
  facet normal -0.707107 -0.707107 0
    outer loop
      vertex 2.48395 5.85721 4.2
      vertex 2.60721 5.73395 3.6
      vertex 2.60721 5.73395 4.2
    endloop
  endfacet
  facet normal -0.965918 -0.258848 0
    outer loop
      vertex 2.31031 6.15798 3.6
      vertex 2.26519 6.32635 4.2
      vertex 2.26519 6.32635 3.6
    endloop
  endfacet
  facet normal -0.965918 -0.258848 0
    outer loop
      vertex 2.26519 6.32635 4.2
      vertex 2.31031 6.15798 3.6
      vertex 2.31031 6.15798 4.2
    endloop
  endfacet
  facet normal -0.996196 0.087142 0
    outer loop
      vertex 2.25 6.5 3.6
      vertex 2.26519 6.67365 4.2
      vertex 2.26519 6.67365 3.6
    endloop
  endfacet
  facet normal -0.996196 0.087142 0
    outer loop
      vertex 2.26519 6.67365 4.2
      vertex 2.25 6.5 3.6
      vertex 2.25 6.5 4.2
    endloop
  endfacet
  facet normal -0.087142 0.996196 0
    outer loop
      vertex 3.25 7.5 3.6
      vertex 3.07635 7.48481 4.2
      vertex 3.25 7.5 4.2
    endloop
  endfacet
  facet normal -0.087142 0.996196 0
    outer loop
      vertex 3.07635 7.48481 4.2
      vertex 3.25 7.5 3.6
      vertex 3.07635 7.48481 3.6
    endloop
  endfacet
  facet normal -0.819159 -0.573566 0
    outer loop
      vertex 2.48395 5.85721 3.6
      vertex 2.38397 6 4.2
      vertex 2.38397 6 3.6
    endloop
  endfacet
  facet normal -0.819159 -0.573566 0
    outer loop
      vertex 2.38397 6 4.2
      vertex 2.48395 5.85721 3.6
      vertex 2.48395 5.85721 4.2
    endloop
  endfacet
  facet normal -0.573566 0.819159 0
    outer loop
      vertex 2.75 7.36602 3.6
      vertex 2.60721 7.26604 4.2
      vertex 2.75 7.36602 4.2
    endloop
  endfacet
  facet normal -0.573566 0.819159 0
    outer loop
      vertex 2.60721 7.26604 4.2
      vertex 2.75 7.36602 3.6
      vertex 2.60721 7.26604 3.6
    endloop
  endfacet
  facet normal 0.906302 -0.422631 0
    outer loop
      vertex 4.11602 6 4.2
      vertex 4.18969 6.15798 3.6
      vertex 4.18969 6.15798 4.2
    endloop
  endfacet
  facet normal 0.906302 -0.422631 0
    outer loop
      vertex 4.18969 6.15798 3.6
      vertex 4.11602 6 4.2
      vertex 4.11602 6 3.6
    endloop
  endfacet
  facet normal 0.965918 -0.258848 0
    outer loop
      vertex 4.18969 6.15798 4.2
      vertex 4.23481 6.32635 3.6
      vertex 4.23481 6.32635 4.2
    endloop
  endfacet
  facet normal 0.965918 -0.258848 0
    outer loop
      vertex 4.23481 6.32635 3.6
      vertex 4.18969 6.15798 4.2
      vertex 4.18969 6.15798 3.6
    endloop
  endfacet
  facet normal 0.819159 -0.573566 0
    outer loop
      vertex 4.01604 5.85721 4.2
      vertex 4.11602 6 3.6
      vertex 4.11602 6 4.2
    endloop
  endfacet
  facet normal 0.819159 -0.573566 0
    outer loop
      vertex 4.11602 6 3.6
      vertex 4.01604 5.85721 4.2
      vertex 4.01604 5.85721 3.6
    endloop
  endfacet
  facet normal 0.087142 -0.996196 0
    outer loop
      vertex 3.25 5.5 3.6
      vertex 3.42365 5.51519 4.2
      vertex 3.25 5.5 4.2
    endloop
  endfacet
  facet normal 0.087142 -0.996196 0
    outer loop
      vertex 3.42365 5.51519 4.2
      vertex 3.25 5.5 3.6
      vertex 3.42365 5.51519 3.6
    endloop
  endfacet
  facet normal -0.707078 0.707135 0
    outer loop
      vertex 2.60721 7.26604 3.6
      vertex 2.48395 7.14279 4.2
      vertex 2.60721 7.26604 4.2
    endloop
  endfacet
  facet normal -0.707078 0.707135 0
    outer loop
      vertex 2.48395 7.14279 4.2
      vertex 2.60721 7.26604 3.6
      vertex 2.48395 7.14279 3.6
    endloop
  endfacet
  facet normal 0.819159 0.573566 0
    outer loop
      vertex 4.11602 7 4.2
      vertex 4.01604 7.14279 3.6
      vertex 4.01604 7.14279 4.2
    endloop
  endfacet
  facet normal 0.819159 0.573566 0
    outer loop
      vertex 4.01604 7.14279 3.6
      vertex 4.11602 7 4.2
      vertex 4.11602 7 3.6
    endloop
  endfacet
  facet normal -0.422631 0.906302 0
    outer loop
      vertex 2.90798 7.43969 3.6
      vertex 2.75 7.36602 4.2
      vertex 2.90798 7.43969 4.2
    endloop
  endfacet
  facet normal -0.422631 0.906302 0
    outer loop
      vertex 2.75 7.36602 4.2
      vertex 2.90798 7.43969 3.6
      vertex 2.75 7.36602 3.6
    endloop
  endfacet
  facet normal -0.258848 0.965918 0
    outer loop
      vertex 3.07635 7.48481 3.6
      vertex 2.90798 7.43969 4.2
      vertex 3.07635 7.48481 4.2
    endloop
  endfacet
  facet normal -0.258848 0.965918 0
    outer loop
      vertex 2.90798 7.43969 4.2
      vertex 3.07635 7.48481 3.6
      vertex 2.90798 7.43969 3.6
    endloop
  endfacet
  facet normal 0.707135 -0.707078 0
    outer loop
      vertex 3.89279 5.73395 4.2
      vertex 4.01604 5.85721 3.6
      vertex 4.01604 5.85721 4.2
    endloop
  endfacet
  facet normal 0.707135 -0.707078 0
    outer loop
      vertex 4.01604 5.85721 3.6
      vertex 3.89279 5.73395 4.2
      vertex 3.89279 5.73395 3.6
    endloop
  endfacet
  facet normal 0.258848 0.965918 -0
    outer loop
      vertex 3.59202 7.43969 3.6
      vertex 3.42365 7.48481 4.2
      vertex 3.59202 7.43969 4.2
    endloop
  endfacet
  facet normal 0.258848 0.965918 0
    outer loop
      vertex 3.42365 7.48481 4.2
      vertex 3.59202 7.43969 3.6
      vertex 3.42365 7.48481 3.6
    endloop
  endfacet
  facet normal -0.996196 -0.087142 0
    outer loop
      vertex 2.26519 6.32635 3.6
      vertex 2.25 6.5 4.2
      vertex 2.25 6.5 3.6
    endloop
  endfacet
  facet normal -0.996196 -0.087142 0
    outer loop
      vertex 2.25 6.5 4.2
      vertex 2.26519 6.32635 3.6
      vertex 2.26519 6.32635 4.2
    endloop
  endfacet
  facet normal -0.906324 0.422584 0
    outer loop
      vertex 2.31031 6.84202 3.6
      vertex 2.38397 7 4.2
      vertex 2.38397 7 3.6
    endloop
  endfacet
  facet normal -0.906324 0.422584 0
    outer loop
      vertex 2.38397 7 4.2
      vertex 2.31031 6.84202 3.6
      vertex 2.31031 6.84202 4.2
    endloop
  endfacet
  facet normal 0 0 1
    outer loop
      vertex 4.23481 6.67365 4.2
      vertex 4.23481 6.32635 4.2
      vertex 4.25 6.5 4.2
    endloop
  endfacet
  facet normal 0 0 1
    outer loop
      vertex 4.18969 6.84202 4.2
      vertex 4.23481 6.32635 4.2
      vertex 4.23481 6.67365 4.2
    endloop
  endfacet
  facet normal 0 0 1
    outer loop
      vertex 4.18969 6.84202 4.2
      vertex 4.18969 6.15798 4.2
      vertex 4.23481 6.32635 4.2
    endloop
  endfacet
  facet normal 0 0 1
    outer loop
      vertex 4.11602 7 4.2
      vertex 4.18969 6.15798 4.2
      vertex 4.18969 6.84202 4.2
    endloop
  endfacet
  facet normal 0 0 1
    outer loop
      vertex 4.11602 7 4.2
      vertex 4.11602 6 4.2
      vertex 4.18969 6.15798 4.2
    endloop
  endfacet
  facet normal 0 0 1
    outer loop
      vertex 4.01604 7.14279 4.2
      vertex 4.11602 6 4.2
      vertex 4.11602 7 4.2
    endloop
  endfacet
  facet normal 0 0 1
    outer loop
      vertex 4.01604 7.14279 4.2
      vertex 4.01604 5.85721 4.2
      vertex 4.11602 6 4.2
    endloop
  endfacet
  facet normal 0 0 1
    outer loop
      vertex 3.89279 7.26604 4.2
      vertex 4.01604 5.85721 4.2
      vertex 4.01604 7.14279 4.2
    endloop
  endfacet
  facet normal 0 0 1
    outer loop
      vertex 3.89279 7.26604 4.2
      vertex 3.89279 5.73395 4.2
      vertex 4.01604 5.85721 4.2
    endloop
  endfacet
  facet normal 0 0 1
    outer loop
      vertex 3.75 7.36602 4.2
      vertex 3.89279 5.73395 4.2
      vertex 3.89279 7.26604 4.2
    endloop
  endfacet
  facet normal 0 0 1
    outer loop
      vertex 3.75 7.36602 4.2
      vertex 3.75 5.63397 4.2
      vertex 3.89279 5.73395 4.2
    endloop
  endfacet
  facet normal 0 0 1
    outer loop
      vertex 3.59202 7.43969 4.2
      vertex 3.75 5.63397 4.2
      vertex 3.75 7.36602 4.2
    endloop
  endfacet
  facet normal 0 0 1
    outer loop
      vertex 3.59202 7.43969 4.2
      vertex 3.59202 5.56031 4.2
      vertex 3.75 5.63397 4.2
    endloop
  endfacet
  facet normal 0 0 1
    outer loop
      vertex 3.42365 7.48481 4.2
      vertex 3.59202 5.56031 4.2
      vertex 3.59202 7.43969 4.2
    endloop
  endfacet
  facet normal 0 0 1
    outer loop
      vertex 3.42365 7.48481 4.2
      vertex 3.42365 5.51519 4.2
      vertex 3.59202 5.56031 4.2
    endloop
  endfacet
  facet normal 0 0 1
    outer loop
      vertex 3.25 7.5 4.2
      vertex 3.42365 5.51519 4.2
      vertex 3.42365 7.48481 4.2
    endloop
  endfacet
  facet normal 0 0 1
    outer loop
      vertex 3.25 7.5 4.2
      vertex 3.25 5.5 4.2
      vertex 3.42365 5.51519 4.2
    endloop
  endfacet
  facet normal -0 0 1
    outer loop
      vertex 3.07635 7.48481 4.2
      vertex 3.25 5.5 4.2
      vertex 3.25 7.5 4.2
    endloop
  endfacet
  facet normal 0 0 1
    outer loop
      vertex 3.07635 7.48481 4.2
      vertex 3.07635 5.51519 4.2
      vertex 3.25 5.5 4.2
    endloop
  endfacet
  facet normal -0 0 1
    outer loop
      vertex 2.90798 7.43969 4.2
      vertex 3.07635 5.51519 4.2
      vertex 3.07635 7.48481 4.2
    endloop
  endfacet
  facet normal 0 0 1
    outer loop
      vertex 2.90798 7.43969 4.2
      vertex 2.90798 5.56031 4.2
      vertex 3.07635 5.51519 4.2
    endloop
  endfacet
  facet normal -0 0 1
    outer loop
      vertex 2.75 7.36602 4.2
      vertex 2.90798 5.56031 4.2
      vertex 2.90798 7.43969 4.2
    endloop
  endfacet
  facet normal 0 0 1
    outer loop
      vertex 2.75 7.36602 4.2
      vertex 2.75 5.63397 4.2
      vertex 2.90798 5.56031 4.2
    endloop
  endfacet
  facet normal -0 0 1
    outer loop
      vertex 2.60721 7.26604 4.2
      vertex 2.75 5.63397 4.2
      vertex 2.75 7.36602 4.2
    endloop
  endfacet
  facet normal 0 0 1
    outer loop
      vertex 2.60721 7.26604 4.2
      vertex 2.60721 5.73395 4.2
      vertex 2.75 5.63397 4.2
    endloop
  endfacet
  facet normal -0 0 1
    outer loop
      vertex 2.48395 7.14279 4.2
      vertex 2.60721 5.73395 4.2
      vertex 2.60721 7.26604 4.2
    endloop
  endfacet
  facet normal 0 0 1
    outer loop
      vertex 2.48395 7.14279 4.2
      vertex 2.48395 5.85721 4.2
      vertex 2.60721 5.73395 4.2
    endloop
  endfacet
  facet normal -0 0 1
    outer loop
      vertex 2.38397 7 4.2
      vertex 2.48395 5.85721 4.2
      vertex 2.48395 7.14279 4.2
    endloop
  endfacet
  facet normal 0 0 1
    outer loop
      vertex 2.38397 7 4.2
      vertex 2.38397 6 4.2
      vertex 2.48395 5.85721 4.2
    endloop
  endfacet
  facet normal -0 0 1
    outer loop
      vertex 2.31031 6.84202 4.2
      vertex 2.38397 6 4.2
      vertex 2.38397 7 4.2
    endloop
  endfacet
  facet normal 0 0 1
    outer loop
      vertex 2.31031 6.84202 4.2
      vertex 2.31031 6.15798 4.2
      vertex 2.38397 6 4.2
    endloop
  endfacet
  facet normal -0 0 1
    outer loop
      vertex 2.26519 6.67365 4.2
      vertex 2.31031 6.15798 4.2
      vertex 2.31031 6.84202 4.2
    endloop
  endfacet
  facet normal 0 0 1
    outer loop
      vertex 2.26519 6.67365 4.2
      vertex 2.26519 6.32635 4.2
      vertex 2.31031 6.15798 4.2
    endloop
  endfacet
  facet normal 0 -0 1
    outer loop
      vertex 2.26519 6.32635 4.2
      vertex 2.26519 6.67365 4.2
      vertex 2.25 6.5 4.2
    endloop
  endfacet
  facet normal 0.422631 0.906302 -0
    outer loop
      vertex 3.75 7.36602 3.6
      vertex 3.59202 7.43969 4.2
      vertex 3.75 7.36602 4.2
    endloop
  endfacet
  facet normal 0.422631 0.906302 0
    outer loop
      vertex 3.59202 7.43969 4.2
      vertex 3.75 7.36602 3.6
      vertex 3.59202 7.43969 3.6
    endloop
  endfacet
  facet normal -0.573566 -0.819159 0
    outer loop
      vertex 2.60721 5.73395 3.6
      vertex 2.75 5.63397 4.2
      vertex 2.60721 5.73395 4.2
    endloop
  endfacet
  facet normal -0.573566 -0.819159 -0
    outer loop
      vertex 2.75 5.63397 4.2
      vertex 2.60721 5.73395 3.6
      vertex 2.75 5.63397 3.6
    endloop
  endfacet
  facet normal 0.707107 0.707107 0
    outer loop
      vertex 4.01604 7.14279 4.2
      vertex 3.89279 7.26604 3.6
      vertex 3.89279 7.26604 4.2
    endloop
  endfacet
  facet normal 0.707107 0.707107 0
    outer loop
      vertex 3.89279 7.26604 3.6
      vertex 4.01604 7.14279 4.2
      vertex 4.01604 7.14279 3.6
    endloop
  endfacet
  facet normal 0.422584 -0.906324 0
    outer loop
      vertex 3.59202 5.56031 3.6
      vertex 3.75 5.63397 4.2
      vertex 3.59202 5.56031 4.2
    endloop
  endfacet
  facet normal 0.422584 -0.906324 0
    outer loop
      vertex 3.75 5.63397 4.2
      vertex 3.59202 5.56031 3.6
      vertex 3.75 5.63397 3.6
    endloop
  endfacet
  facet normal -0.906324 -0.422584 0
    outer loop
      vertex 2.38397 6 3.6
      vertex 2.31031 6.15798 4.2
      vertex 2.31031 6.15798 3.6
    endloop
  endfacet
  facet normal -0.906324 -0.422584 0
    outer loop
      vertex 2.31031 6.15798 4.2
      vertex 2.38397 6 3.6
      vertex 2.38397 6 4.2
    endloop
  endfacet
  facet normal 0.573566 -0.819159 0
    outer loop
      vertex 3.75 5.63397 3.6
      vertex 3.89279 5.73395 4.2
      vertex 3.75 5.63397 4.2
    endloop
  endfacet
  facet normal 0.573566 -0.819159 0
    outer loop
      vertex 3.89279 5.73395 4.2
      vertex 3.75 5.63397 3.6
      vertex 3.89279 5.73395 3.6
    endloop
  endfacet
  facet normal -0.819159 0.573566 0
    outer loop
      vertex 2.38397 7 3.6
      vertex 2.48395 7.14279 4.2
      vertex 2.48395 7.14279 3.6
    endloop
  endfacet
  facet normal -0.819159 0.573566 0
    outer loop
      vertex 2.48395 7.14279 4.2
      vertex 2.38397 7 3.6
      vertex 2.38397 7 4.2
    endloop
  endfacet
  facet normal 0.087142 0.996196 -0
    outer loop
      vertex 3.42365 7.48481 3.6
      vertex 3.25 7.5 4.2
      vertex 3.42365 7.48481 4.2
    endloop
  endfacet
  facet normal 0.087142 0.996196 0
    outer loop
      vertex 3.25 7.5 4.2
      vertex 3.42365 7.48481 3.6
      vertex 3.25 7.5 3.6
    endloop
  endfacet
  facet normal -0.087142 -0.996196 0
    outer loop
      vertex 3.07635 5.51519 3.6
      vertex 3.25 5.5 4.2
      vertex 3.07635 5.51519 4.2
    endloop
  endfacet
  facet normal -0.087142 -0.996196 -0
    outer loop
      vertex 3.25 5.5 4.2
      vertex 3.07635 5.51519 3.6
      vertex 3.25 5.5 3.6
    endloop
  endfacet
  facet normal -0.258848 -0.965918 0
    outer loop
      vertex 2.90798 5.56031 3.6
      vertex 3.07635 5.51519 4.2
      vertex 2.90798 5.56031 4.2
    endloop
  endfacet
  facet normal -0.258848 -0.965918 -0
    outer loop
      vertex 3.07635 5.51519 4.2
      vertex 2.90798 5.56031 3.6
      vertex 3.07635 5.51519 3.6
    endloop
  endfacet
  facet normal -0.422584 -0.906324 0
    outer loop
      vertex 2.75 5.63397 3.6
      vertex 2.90798 5.56031 4.2
      vertex 2.75 5.63397 4.2
    endloop
  endfacet
  facet normal -0.422584 -0.906324 -0
    outer loop
      vertex 2.90798 5.56031 4.2
      vertex 2.75 5.63397 3.6
      vertex 2.90798 5.56031 3.6
    endloop
  endfacet
  facet normal 1 -0 0
    outer loop
      vertex 5.05 19.7 3.6
      vertex 5.05 23.3 1.6
      vertex 5.05 23.3 3.6
    endloop
  endfacet
  facet normal 1 0 0
    outer loop
      vertex 5.05 23.3 1.6
      vertex 5.05 19.7 3.6
      vertex 5.05 19.7 1.6
    endloop
  endfacet
  facet normal 0 0 1
    outer loop
      vertex 5.05 23.3 3.6
      vertex 4.25 21.5 3.6
      vertex 5.05 19.7 3.6
    endloop
  endfacet
  facet normal 0 0 1
    outer loop
      vertex 5.05 23.3 3.6
      vertex 4.23481 21.6736 3.6
      vertex 4.25 21.5 3.6
    endloop
  endfacet
  facet normal 0 0 1
    outer loop
      vertex 5.05 23.3 3.6
      vertex 4.18969 21.842 3.6
      vertex 4.23481 21.6736 3.6
    endloop
  endfacet
  facet normal 0 0 1
    outer loop
      vertex 5.05 23.3 3.6
      vertex 4.11602 22 3.6
      vertex 4.18969 21.842 3.6
    endloop
  endfacet
  facet normal 0 0 1
    outer loop
      vertex 5.05 23.3 3.6
      vertex 4.01604 22.1428 3.6
      vertex 4.11602 22 3.6
    endloop
  endfacet
  facet normal 0 0 1
    outer loop
      vertex 5.05 23.3 3.6
      vertex 3.89279 22.266 3.6
      vertex 4.01604 22.1428 3.6
    endloop
  endfacet
  facet normal 0 0 1
    outer loop
      vertex 5.05 23.3 3.6
      vertex 3.75 22.366 3.6
      vertex 3.89279 22.266 3.6
    endloop
  endfacet
  facet normal 0 0 1
    outer loop
      vertex 5.05 23.3 3.6
      vertex 3.59202 22.4397 3.6
      vertex 3.75 22.366 3.6
    endloop
  endfacet
  facet normal 0 0 1
    outer loop
      vertex 5.05 23.3 3.6
      vertex 3.42365 22.4848 3.6
      vertex 3.59202 22.4397 3.6
    endloop
  endfacet
  facet normal 0 0 1
    outer loop
      vertex 5.05 23.3 3.6
      vertex 3.25 22.5 3.6
      vertex 3.42365 22.4848 3.6
    endloop
  endfacet
  facet normal -0 0 1
    outer loop
      vertex 1.45 23.3 3.6
      vertex 3.25 22.5 3.6
      vertex 5.05 23.3 3.6
    endloop
  endfacet
  facet normal 0 0 1
    outer loop
      vertex 3.25 22.5 3.6
      vertex 1.45 23.3 3.6
      vertex 3.07635 22.4848 3.6
    endloop
  endfacet
  facet normal 0 0 1
    outer loop
      vertex 2.26519 21.6736 3.6
      vertex 1.45 23.3 3.6
      vertex 2.25 21.5 3.6
    endloop
  endfacet
  facet normal 0 0 1
    outer loop
      vertex 2.31031 21.842 3.6
      vertex 1.45 23.3 3.6
      vertex 2.26519 21.6736 3.6
    endloop
  endfacet
  facet normal 0 0 1
    outer loop
      vertex 2.38397 22 3.6
      vertex 1.45 23.3 3.6
      vertex 2.31031 21.842 3.6
    endloop
  endfacet
  facet normal 0 0 1
    outer loop
      vertex 2.48395 22.1428 3.6
      vertex 1.45 23.3 3.6
      vertex 2.38397 22 3.6
    endloop
  endfacet
  facet normal 0 0 1
    outer loop
      vertex 2.60721 22.266 3.6
      vertex 1.45 23.3 3.6
      vertex 2.48395 22.1428 3.6
    endloop
  endfacet
  facet normal 0 0 1
    outer loop
      vertex 2.75 22.366 3.6
      vertex 1.45 23.3 3.6
      vertex 2.60721 22.266 3.6
    endloop
  endfacet
  facet normal 0 0 1
    outer loop
      vertex 2.90798 22.4397 3.6
      vertex 1.45 23.3 3.6
      vertex 2.75 22.366 3.6
    endloop
  endfacet
  facet normal 0 0 1
    outer loop
      vertex 3.07635 22.4848 3.6
      vertex 1.45 23.3 3.6
      vertex 2.90798 22.4397 3.6
    endloop
  endfacet
  facet normal -0 0 1
    outer loop
      vertex 4.23481 21.3264 3.6
      vertex 5.05 19.7 3.6
      vertex 4.25 21.5 3.6
    endloop
  endfacet
  facet normal -0 0 1
    outer loop
      vertex 4.18969 21.158 3.6
      vertex 5.05 19.7 3.6
      vertex 4.23481 21.3264 3.6
    endloop
  endfacet
  facet normal -0 0 1
    outer loop
      vertex 4.11602 21 3.6
      vertex 5.05 19.7 3.6
      vertex 4.18969 21.158 3.6
    endloop
  endfacet
  facet normal -0 0 1
    outer loop
      vertex 4.01604 20.8572 3.6
      vertex 5.05 19.7 3.6
      vertex 4.11602 21 3.6
    endloop
  endfacet
  facet normal -0 0 1
    outer loop
      vertex 3.89279 20.734 3.6
      vertex 5.05 19.7 3.6
      vertex 4.01604 20.8572 3.6
    endloop
  endfacet
  facet normal -0 0 1
    outer loop
      vertex 3.75 20.634 3.6
      vertex 5.05 19.7 3.6
      vertex 3.89279 20.734 3.6
    endloop
  endfacet
  facet normal -0 0 1
    outer loop
      vertex 3.59202 20.5603 3.6
      vertex 5.05 19.7 3.6
      vertex 3.75 20.634 3.6
    endloop
  endfacet
  facet normal -0 0 1
    outer loop
      vertex 3.42365 20.5152 3.6
      vertex 5.05 19.7 3.6
      vertex 3.59202 20.5603 3.6
    endloop
  endfacet
  facet normal -0 0 1
    outer loop
      vertex 3.25 20.5 3.6
      vertex 5.05 19.7 3.6
      vertex 3.42365 20.5152 3.6
    endloop
  endfacet
  facet normal 0 0 1
    outer loop
      vertex 1.45 19.7 3.6
      vertex 3.25 20.5 3.6
      vertex 3.07635 20.5152 3.6
    endloop
  endfacet
  facet normal 0 0 1
    outer loop
      vertex 1.45 19.7 3.6
      vertex 3.07635 20.5152 3.6
      vertex 2.90798 20.5603 3.6
    endloop
  endfacet
  facet normal 0 0 1
    outer loop
      vertex 1.45 19.7 3.6
      vertex 2.25 21.5 3.6
      vertex 1.45 23.3 3.6
    endloop
  endfacet
  facet normal 0 0 1
    outer loop
      vertex 2.25 21.5 3.6
      vertex 1.45 19.7 3.6
      vertex 2.26519 21.3264 3.6
    endloop
  endfacet
  facet normal 0 0 1
    outer loop
      vertex 3.25 20.5 3.6
      vertex 1.45 19.7 3.6
      vertex 5.05 19.7 3.6
    endloop
  endfacet
  facet normal 0 0 1
    outer loop
      vertex 2.75 20.634 3.6
      vertex 1.45 19.7 3.6
      vertex 2.90798 20.5603 3.6
    endloop
  endfacet
  facet normal 0 0 1
    outer loop
      vertex 2.60721 20.734 3.6
      vertex 1.45 19.7 3.6
      vertex 2.75 20.634 3.6
    endloop
  endfacet
  facet normal 0 0 1
    outer loop
      vertex 2.48395 20.8572 3.6
      vertex 1.45 19.7 3.6
      vertex 2.60721 20.734 3.6
    endloop
  endfacet
  facet normal 0 0 1
    outer loop
      vertex 2.38397 21 3.6
      vertex 1.45 19.7 3.6
      vertex 2.48395 20.8572 3.6
    endloop
  endfacet
  facet normal 0 0 1
    outer loop
      vertex 2.31031 21.158 3.6
      vertex 1.45 19.7 3.6
      vertex 2.38397 21 3.6
    endloop
  endfacet
  facet normal 0 0 1
    outer loop
      vertex 2.26519 21.3264 3.6
      vertex 1.45 19.7 3.6
      vertex 2.31031 21.158 3.6
    endloop
  endfacet
  facet normal 0 0 -1
    outer loop
      vertex 1.45 19.7 1.6
      vertex 5.05 23.3 1.6
      vertex 5.05 19.7 1.6
    endloop
  endfacet
  facet normal -0 0 -1
    outer loop
      vertex 5.05 23.3 1.6
      vertex 1.45 19.7 1.6
      vertex 1.45 23.3 1.6
    endloop
  endfacet
  facet normal -1 0 0
    outer loop
      vertex 1.45 19.7 1.6
      vertex 1.45 23.3 3.6
      vertex 1.45 23.3 1.6
    endloop
  endfacet
  facet normal -1 -0 0
    outer loop
      vertex 1.45 23.3 3.6
      vertex 1.45 19.7 1.6
      vertex 1.45 19.7 3.6
    endloop
  endfacet
  facet normal 0 1 -0
    outer loop
      vertex 5.05 23.3 1.6
      vertex 1.45 23.3 3.6
      vertex 5.05 23.3 3.6
    endloop
  endfacet
  facet normal 0 1 0
    outer loop
      vertex 1.45 23.3 3.6
      vertex 5.05 23.3 1.6
      vertex 1.45 23.3 1.6
    endloop
  endfacet
  facet normal 0 -1 0
    outer loop
      vertex 1.45 19.7 1.6
      vertex 5.05 19.7 3.6
      vertex 1.45 19.7 3.6
    endloop
  endfacet
  facet normal 0 -1 -0
    outer loop
      vertex 5.05 19.7 3.6
      vertex 1.45 19.7 1.6
      vertex 5.05 19.7 1.6
    endloop
  endfacet
  facet normal 0.96593 0.258805 0
    outer loop
      vertex 4.23481 21.6736 4.2
      vertex 4.18969 21.842 3.6
      vertex 4.18969 21.842 4.2
    endloop
  endfacet
  facet normal 0.96593 0.258805 0
    outer loop
      vertex 4.18969 21.842 3.6
      vertex 4.23481 21.6736 4.2
      vertex 4.23481 21.6736 3.6
    endloop
  endfacet
  facet normal 0.996194 0.087167 0
    outer loop
      vertex 4.25 21.5 4.2
      vertex 4.23481 21.6736 3.6
      vertex 4.23481 21.6736 4.2
    endloop
  endfacet
  facet normal 0.996194 0.087167 0
    outer loop
      vertex 4.23481 21.6736 3.6
      vertex 4.25 21.5 4.2
      vertex 4.25 21.5 3.6
    endloop
  endfacet
  facet normal 0.906322 0.422587 0
    outer loop
      vertex 4.18969 21.842 4.2
      vertex 4.11602 22 3.6
      vertex 4.11602 22 4.2
    endloop
  endfacet
  facet normal 0.906322 0.422587 0
    outer loop
      vertex 4.11602 22 3.6
      vertex 4.18969 21.842 4.2
      vertex 4.18969 21.842 3.6
    endloop
  endfacet
  facet normal 0.996194 -0.087167 0
    outer loop
      vertex 4.23481 21.3264 4.2
      vertex 4.25 21.5 3.6
      vertex 4.25 21.5 4.2
    endloop
  endfacet
  facet normal 0.996194 -0.087167 0
    outer loop
      vertex 4.25 21.5 3.6
      vertex 4.23481 21.3264 4.2
      vertex 4.23481 21.3264 3.6
    endloop
  endfacet
  facet normal 0.258741 -0.965947 0
    outer loop
      vertex 3.42365 20.5152 3.6
      vertex 3.59202 20.5603 4.2
      vertex 3.42365 20.5152 4.2
    endloop
  endfacet
  facet normal 0.258741 -0.965947 0
    outer loop
      vertex 3.59202 20.5603 4.2
      vertex 3.42365 20.5152 3.6
      vertex 3.59202 20.5603 3.6
    endloop
  endfacet
  facet normal 0.573643 0.819105 -0
    outer loop
      vertex 3.89279 22.266 3.6
      vertex 3.75 22.366 4.2
      vertex 3.89279 22.266 4.2
    endloop
  endfacet
  facet normal 0.573643 0.819105 0
    outer loop
      vertex 3.75 22.366 4.2
      vertex 3.89279 22.266 3.6
      vertex 3.75 22.366 3.6
    endloop
  endfacet
  facet normal -0.96593 0.258805 0
    outer loop
      vertex 2.26519 21.6736 3.6
      vertex 2.31031 21.842 4.2
      vertex 2.31031 21.842 3.6
    endloop
  endfacet
  facet normal -0.96593 0.258805 0
    outer loop
      vertex 2.31031 21.842 4.2
      vertex 2.26519 21.6736 3.6
      vertex 2.26519 21.6736 4.2
    endloop
  endfacet
  facet normal -0.706935 -0.707279 0
    outer loop
      vertex 2.48395 20.8572 3.6
      vertex 2.60721 20.734 4.2
      vertex 2.48395 20.8572 4.2
    endloop
  endfacet
  facet normal -0.706935 -0.707279 -0
    outer loop
      vertex 2.60721 20.734 4.2
      vertex 2.48395 20.8572 3.6
      vertex 2.60721 20.734 3.6
    endloop
  endfacet
  facet normal -0.96593 -0.258805 0
    outer loop
      vertex 2.31031 21.158 3.6
      vertex 2.26519 21.3264 4.2
      vertex 2.26519 21.3264 3.6
    endloop
  endfacet
  facet normal -0.96593 -0.258805 0
    outer loop
      vertex 2.26519 21.3264 4.2
      vertex 2.31031 21.158 3.6
      vertex 2.31031 21.158 4.2
    endloop
  endfacet
  facet normal -0.996194 0.087167 0
    outer loop
      vertex 2.25 21.5 3.6
      vertex 2.26519 21.6736 4.2
      vertex 2.26519 21.6736 3.6
    endloop
  endfacet
  facet normal -0.996194 0.087167 0
    outer loop
      vertex 2.26519 21.6736 4.2
      vertex 2.25 21.5 3.6
      vertex 2.25 21.5 4.2
    endloop
  endfacet
  facet normal -0.087199 0.996191 0
    outer loop
      vertex 3.25 22.5 3.6
      vertex 3.07635 22.4848 4.2
      vertex 3.25 22.5 4.2
    endloop
  endfacet
  facet normal -0.087199 0.996191 0
    outer loop
      vertex 3.07635 22.4848 4.2
      vertex 3.25 22.5 3.6
      vertex 3.07635 22.4848 3.6
    endloop
  endfacet
  facet normal -0.819178 -0.573539 0
    outer loop
      vertex 2.48395 20.8572 3.6
      vertex 2.38397 21 4.2
      vertex 2.38397 21 3.6
    endloop
  endfacet
  facet normal -0.819178 -0.573539 0
    outer loop
      vertex 2.38397 21 4.2
      vertex 2.48395 20.8572 3.6
      vertex 2.48395 20.8572 4.2
    endloop
  endfacet
  facet normal -0.573643 0.819105 0
    outer loop
      vertex 2.75 22.366 3.6
      vertex 2.60721 22.266 4.2
      vertex 2.75 22.366 4.2
    endloop
  endfacet
  facet normal -0.573643 0.819105 0
    outer loop
      vertex 2.60721 22.266 4.2
      vertex 2.75 22.366 3.6
      vertex 2.60721 22.266 3.6
    endloop
  endfacet
  facet normal 0.906322 -0.422587 0
    outer loop
      vertex 4.11602 21 4.2
      vertex 4.18969 21.158 3.6
      vertex 4.18969 21.158 4.2
    endloop
  endfacet
  facet normal 0.906322 -0.422587 0
    outer loop
      vertex 4.18969 21.158 3.6
      vertex 4.11602 21 4.2
      vertex 4.11602 21 3.6
    endloop
  endfacet
  facet normal 0.96593 -0.258805 0
    outer loop
      vertex 4.18969 21.158 4.2
      vertex 4.23481 21.3264 3.6
      vertex 4.23481 21.3264 4.2
    endloop
  endfacet
  facet normal 0.96593 -0.258805 0
    outer loop
      vertex 4.23481 21.3264 3.6
      vertex 4.18969 21.158 4.2
      vertex 4.18969 21.158 3.6
    endloop
  endfacet
  facet normal 0.819178 -0.573539 0
    outer loop
      vertex 4.01604 20.8572 4.2
      vertex 4.11602 21 3.6
      vertex 4.11602 21 4.2
    endloop
  endfacet
  facet normal 0.819178 -0.573539 0
    outer loop
      vertex 4.11602 21 3.6
      vertex 4.01604 20.8572 4.2
      vertex 4.01604 20.8572 3.6
    endloop
  endfacet
  facet normal 0.087199 -0.996191 0
    outer loop
      vertex 3.25 20.5 3.6
      vertex 3.42365 20.5152 4.2
      vertex 3.25 20.5 4.2
    endloop
  endfacet
  facet normal 0.087199 -0.996191 0
    outer loop
      vertex 3.42365 20.5152 4.2
      vertex 3.25 20.5 3.6
      vertex 3.42365 20.5152 3.6
    endloop
  endfacet
  facet normal -0.706935 0.707279 0
    outer loop
      vertex 2.60721 22.266 3.6
      vertex 2.48395 22.1428 4.2
      vertex 2.60721 22.266 4.2
    endloop
  endfacet
  facet normal -0.706935 0.707279 0
    outer loop
      vertex 2.48395 22.1428 4.2
      vertex 2.60721 22.266 3.6
      vertex 2.48395 22.1428 3.6
    endloop
  endfacet
  facet normal 0.819178 0.573539 0
    outer loop
      vertex 4.11602 22 4.2
      vertex 4.01604 22.1428 3.6
      vertex 4.01604 22.1428 4.2
    endloop
  endfacet
  facet normal 0.819178 0.573539 0
    outer loop
      vertex 4.01604 22.1428 3.6
      vertex 4.11602 22 4.2
      vertex 4.11602 22 3.6
    endloop
  endfacet
  facet normal -0.422772 0.906236 0
    outer loop
      vertex 2.90798 22.4397 3.6
      vertex 2.75 22.366 4.2
      vertex 2.90798 22.4397 4.2
    endloop
  endfacet
  facet normal -0.422772 0.906236 0
    outer loop
      vertex 2.75 22.366 4.2
      vertex 2.90798 22.4397 3.6
      vertex 2.75 22.366 3.6
    endloop
  endfacet
  facet normal -0.258741 0.965947 0
    outer loop
      vertex 3.07635 22.4848 3.6
      vertex 2.90798 22.4397 4.2
      vertex 3.07635 22.4848 4.2
    endloop
  endfacet
  facet normal -0.258741 0.965947 0
    outer loop
      vertex 2.90798 22.4397 4.2
      vertex 3.07635 22.4848 3.6
      vertex 2.90798 22.4397 3.6
    endloop
  endfacet
  facet normal 0.706963 -0.70725 0
    outer loop
      vertex 3.89279 20.734 4.2
      vertex 4.01604 20.8572 3.6
      vertex 4.01604 20.8572 4.2
    endloop
  endfacet
  facet normal 0.706963 -0.70725 0
    outer loop
      vertex 4.01604 20.8572 3.6
      vertex 3.89279 20.734 4.2
      vertex 3.89279 20.734 3.6
    endloop
  endfacet
  facet normal 0.258741 0.965947 -0
    outer loop
      vertex 3.59202 22.4397 3.6
      vertex 3.42365 22.4848 4.2
      vertex 3.59202 22.4397 4.2
    endloop
  endfacet
  facet normal 0.258741 0.965947 0
    outer loop
      vertex 3.42365 22.4848 4.2
      vertex 3.59202 22.4397 3.6
      vertex 3.42365 22.4848 3.6
    endloop
  endfacet
  facet normal -0.996194 -0.087167 0
    outer loop
      vertex 2.26519 21.3264 3.6
      vertex 2.25 21.5 4.2
      vertex 2.25 21.5 3.6
    endloop
  endfacet
  facet normal -0.996194 -0.087167 0
    outer loop
      vertex 2.25 21.5 4.2
      vertex 2.26519 21.3264 3.6
      vertex 2.26519 21.3264 4.2
    endloop
  endfacet
  facet normal -0.906344 0.42254 0
    outer loop
      vertex 2.31031 21.842 3.6
      vertex 2.38397 22 4.2
      vertex 2.38397 22 3.6
    endloop
  endfacet
  facet normal -0.906344 0.42254 0
    outer loop
      vertex 2.38397 22 4.2
      vertex 2.31031 21.842 3.6
      vertex 2.31031 21.842 4.2
    endloop
  endfacet
  facet normal 0 0 1
    outer loop
      vertex 4.23481 21.6736 4.2
      vertex 4.23481 21.3264 4.2
      vertex 4.25 21.5 4.2
    endloop
  endfacet
  facet normal 0 0 1
    outer loop
      vertex 4.18969 21.842 4.2
      vertex 4.23481 21.3264 4.2
      vertex 4.23481 21.6736 4.2
    endloop
  endfacet
  facet normal 0 0 1
    outer loop
      vertex 4.18969 21.842 4.2
      vertex 4.18969 21.158 4.2
      vertex 4.23481 21.3264 4.2
    endloop
  endfacet
  facet normal 0 0 1
    outer loop
      vertex 4.11602 22 4.2
      vertex 4.18969 21.158 4.2
      vertex 4.18969 21.842 4.2
    endloop
  endfacet
  facet normal 0 0 1
    outer loop
      vertex 4.11602 22 4.2
      vertex 4.11602 21 4.2
      vertex 4.18969 21.158 4.2
    endloop
  endfacet
  facet normal 0 0 1
    outer loop
      vertex 4.01604 22.1428 4.2
      vertex 4.11602 21 4.2
      vertex 4.11602 22 4.2
    endloop
  endfacet
  facet normal 0 0 1
    outer loop
      vertex 4.01604 22.1428 4.2
      vertex 4.01604 20.8572 4.2
      vertex 4.11602 21 4.2
    endloop
  endfacet
  facet normal 0 0 1
    outer loop
      vertex 3.89279 22.266 4.2
      vertex 4.01604 20.8572 4.2
      vertex 4.01604 22.1428 4.2
    endloop
  endfacet
  facet normal 0 0 1
    outer loop
      vertex 3.89279 22.266 4.2
      vertex 3.89279 20.734 4.2
      vertex 4.01604 20.8572 4.2
    endloop
  endfacet
  facet normal 0 0 1
    outer loop
      vertex 3.75 22.366 4.2
      vertex 3.89279 20.734 4.2
      vertex 3.89279 22.266 4.2
    endloop
  endfacet
  facet normal 0 0 1
    outer loop
      vertex 3.75 22.366 4.2
      vertex 3.75 20.634 4.2
      vertex 3.89279 20.734 4.2
    endloop
  endfacet
  facet normal 0 0 1
    outer loop
      vertex 3.59202 22.4397 4.2
      vertex 3.75 20.634 4.2
      vertex 3.75 22.366 4.2
    endloop
  endfacet
  facet normal 0 0 1
    outer loop
      vertex 3.59202 22.4397 4.2
      vertex 3.59202 20.5603 4.2
      vertex 3.75 20.634 4.2
    endloop
  endfacet
  facet normal 0 0 1
    outer loop
      vertex 3.42365 22.4848 4.2
      vertex 3.59202 20.5603 4.2
      vertex 3.59202 22.4397 4.2
    endloop
  endfacet
  facet normal 0 0 1
    outer loop
      vertex 3.42365 22.4848 4.2
      vertex 3.42365 20.5152 4.2
      vertex 3.59202 20.5603 4.2
    endloop
  endfacet
  facet normal 0 0 1
    outer loop
      vertex 3.25 22.5 4.2
      vertex 3.42365 20.5152 4.2
      vertex 3.42365 22.4848 4.2
    endloop
  endfacet
  facet normal 0 0 1
    outer loop
      vertex 3.25 22.5 4.2
      vertex 3.25 20.5 4.2
      vertex 3.42365 20.5152 4.2
    endloop
  endfacet
  facet normal -0 0 1
    outer loop
      vertex 3.07635 22.4848 4.2
      vertex 3.25 20.5 4.2
      vertex 3.25 22.5 4.2
    endloop
  endfacet
  facet normal 0 0 1
    outer loop
      vertex 3.07635 22.4848 4.2
      vertex 3.07635 20.5152 4.2
      vertex 3.25 20.5 4.2
    endloop
  endfacet
  facet normal -0 0 1
    outer loop
      vertex 2.90798 22.4397 4.2
      vertex 3.07635 20.5152 4.2
      vertex 3.07635 22.4848 4.2
    endloop
  endfacet
  facet normal 0 0 1
    outer loop
      vertex 2.90798 22.4397 4.2
      vertex 2.90798 20.5603 4.2
      vertex 3.07635 20.5152 4.2
    endloop
  endfacet
  facet normal -0 0 1
    outer loop
      vertex 2.75 22.366 4.2
      vertex 2.90798 20.5603 4.2
      vertex 2.90798 22.4397 4.2
    endloop
  endfacet
  facet normal 0 0 1
    outer loop
      vertex 2.75 22.366 4.2
      vertex 2.75 20.634 4.2
      vertex 2.90798 20.5603 4.2
    endloop
  endfacet
  facet normal -0 0 1
    outer loop
      vertex 2.60721 22.266 4.2
      vertex 2.75 20.634 4.2
      vertex 2.75 22.366 4.2
    endloop
  endfacet
  facet normal 0 0 1
    outer loop
      vertex 2.60721 22.266 4.2
      vertex 2.60721 20.734 4.2
      vertex 2.75 20.634 4.2
    endloop
  endfacet
  facet normal -0 0 1
    outer loop
      vertex 2.48395 22.1428 4.2
      vertex 2.60721 20.734 4.2
      vertex 2.60721 22.266 4.2
    endloop
  endfacet
  facet normal 0 0 1
    outer loop
      vertex 2.48395 22.1428 4.2
      vertex 2.48395 20.8572 4.2
      vertex 2.60721 20.734 4.2
    endloop
  endfacet
  facet normal -0 0 1
    outer loop
      vertex 2.38397 22 4.2
      vertex 2.48395 20.8572 4.2
      vertex 2.48395 22.1428 4.2
    endloop
  endfacet
  facet normal 0 0 1
    outer loop
      vertex 2.38397 22 4.2
      vertex 2.38397 21 4.2
      vertex 2.48395 20.8572 4.2
    endloop
  endfacet
  facet normal -0 0 1
    outer loop
      vertex 2.31031 21.842 4.2
      vertex 2.38397 21 4.2
      vertex 2.38397 22 4.2
    endloop
  endfacet
  facet normal 0 0 1
    outer loop
      vertex 2.31031 21.842 4.2
      vertex 2.31031 21.158 4.2
      vertex 2.38397 21 4.2
    endloop
  endfacet
  facet normal -0 0 1
    outer loop
      vertex 2.26519 21.6736 4.2
      vertex 2.31031 21.158 4.2
      vertex 2.31031 21.842 4.2
    endloop
  endfacet
  facet normal 0 0 1
    outer loop
      vertex 2.26519 21.6736 4.2
      vertex 2.26519 21.3264 4.2
      vertex 2.31031 21.158 4.2
    endloop
  endfacet
  facet normal 0 -0 1
    outer loop
      vertex 2.26519 21.3264 4.2
      vertex 2.26519 21.6736 4.2
      vertex 2.25 21.5 4.2
    endloop
  endfacet
  facet normal 0.422772 0.906236 -0
    outer loop
      vertex 3.75 22.366 3.6
      vertex 3.59202 22.4397 4.2
      vertex 3.75 22.366 4.2
    endloop
  endfacet
  facet normal 0.422772 0.906236 0
    outer loop
      vertex 3.59202 22.4397 4.2
      vertex 3.75 22.366 3.6
      vertex 3.59202 22.4397 3.6
    endloop
  endfacet
  facet normal -0.573643 -0.819105 0
    outer loop
      vertex 2.60721 20.734 3.6
      vertex 2.75 20.634 4.2
      vertex 2.60721 20.734 4.2
    endloop
  endfacet
  facet normal -0.573643 -0.819105 -0
    outer loop
      vertex 2.75 20.634 4.2
      vertex 2.60721 20.734 3.6
      vertex 2.75 20.634 3.6
    endloop
  endfacet
  facet normal 0.706963 0.70725 0
    outer loop
      vertex 4.01604 22.1428 4.2
      vertex 3.89279 22.266 3.6
      vertex 3.89279 22.266 4.2
    endloop
  endfacet
  facet normal 0.706963 0.70725 0
    outer loop
      vertex 3.89279 22.266 3.6
      vertex 4.01604 22.1428 4.2
      vertex 4.01604 22.1428 3.6
    endloop
  endfacet
  facet normal 0.422772 -0.906236 0
    outer loop
      vertex 3.59202 20.5603 3.6
      vertex 3.75 20.634 4.2
      vertex 3.59202 20.5603 4.2
    endloop
  endfacet
  facet normal 0.422772 -0.906236 0
    outer loop
      vertex 3.75 20.634 4.2
      vertex 3.59202 20.5603 3.6
      vertex 3.75 20.634 3.6
    endloop
  endfacet
  facet normal -0.906344 -0.42254 0
    outer loop
      vertex 2.38397 21 3.6
      vertex 2.31031 21.158 4.2
      vertex 2.31031 21.158 3.6
    endloop
  endfacet
  facet normal -0.906344 -0.42254 0
    outer loop
      vertex 2.31031 21.158 4.2
      vertex 2.38397 21 3.6
      vertex 2.38397 21 4.2
    endloop
  endfacet
  facet normal 0.573643 -0.819105 0
    outer loop
      vertex 3.75 20.634 3.6
      vertex 3.89279 20.734 4.2
      vertex 3.75 20.634 4.2
    endloop
  endfacet
  facet normal 0.573643 -0.819105 0
    outer loop
      vertex 3.89279 20.734 4.2
      vertex 3.75 20.634 3.6
      vertex 3.89279 20.734 3.6
    endloop
  endfacet
  facet normal -0.819178 0.573539 0
    outer loop
      vertex 2.38397 22 3.6
      vertex 2.48395 22.1428 4.2
      vertex 2.48395 22.1428 3.6
    endloop
  endfacet
  facet normal -0.819178 0.573539 0
    outer loop
      vertex 2.48395 22.1428 4.2
      vertex 2.38397 22 3.6
      vertex 2.38397 22 4.2
    endloop
  endfacet
  facet normal 0.087199 0.996191 -0
    outer loop
      vertex 3.42365 22.4848 3.6
      vertex 3.25 22.5 4.2
      vertex 3.42365 22.4848 4.2
    endloop
  endfacet
  facet normal 0.087199 0.996191 0
    outer loop
      vertex 3.25 22.5 4.2
      vertex 3.42365 22.4848 3.6
      vertex 3.25 22.5 3.6
    endloop
  endfacet
  facet normal -0.087199 -0.996191 0
    outer loop
      vertex 3.07635 20.5152 3.6
      vertex 3.25 20.5 4.2
      vertex 3.07635 20.5152 4.2
    endloop
  endfacet
  facet normal -0.087199 -0.996191 -0
    outer loop
      vertex 3.25 20.5 4.2
      vertex 3.07635 20.5152 3.6
      vertex 3.25 20.5 3.6
    endloop
  endfacet
  facet normal -0.258741 -0.965947 0
    outer loop
      vertex 2.90798 20.5603 3.6
      vertex 3.07635 20.5152 4.2
      vertex 2.90798 20.5603 4.2
    endloop
  endfacet
  facet normal -0.258741 -0.965947 -0
    outer loop
      vertex 3.07635 20.5152 4.2
      vertex 2.90798 20.5603 3.6
      vertex 3.07635 20.5152 3.6
    endloop
  endfacet
  facet normal -0.422772 -0.906236 0
    outer loop
      vertex 2.75 20.634 3.6
      vertex 2.90798 20.5603 4.2
      vertex 2.75 20.634 4.2
    endloop
  endfacet
  facet normal -0.422772 -0.906236 -0
    outer loop
      vertex 2.90798 20.5603 4.2
      vertex 2.75 20.634 3.6
      vertex 2.90798 20.5603 3.6
    endloop
  endfacet
  facet normal 1 -0 0
    outer loop
      vertex 19.8 2.8 2.1
      vertex 19.8 4 1.6
      vertex 19.8 4 2.1
    endloop
  endfacet
  facet normal 1 0 0
    outer loop
      vertex 19.8 4 1.6
      vertex 19.8 2.8 2.1
      vertex 19.8 2.8 1.6
    endloop
  endfacet
  facet normal -0 0 1
    outer loop
      vertex 19.2 4 2.1
      vertex 19.8 2.8 2.1
      vertex 19.8 4 2.1
    endloop
  endfacet
  facet normal 0 0 1
    outer loop
      vertex 19.8 2.8 2.1
      vertex 19.2 4 2.1
      vertex 19.2 2.8 2.1
    endloop
  endfacet
  facet normal 0 0 -1
    outer loop
      vertex 19.8 2.8 1.6
      vertex 19.2 2.8 1.6
      vertex 19.8 4 1.6
    endloop
  endfacet
  facet normal 0 0 -1
    outer loop
      vertex 21.6 2.8 1.6
      vertex 21 2.8 1.6
      vertex 21.6 4 1.6
    endloop
  endfacet
  facet normal 0 0 -1
    outer loop
      vertex 23.4 2.8 1.6
      vertex 22.8 2.8 1.6
      vertex 23.4 4 1.6
    endloop
  endfacet
  facet normal 0 0 -1
    outer loop
      vertex 24.5 4 1.6
      vertex 23.5 7.5 1.6
      vertex 24.5 7.5 1.6
    endloop
  endfacet
  facet normal 0 0 -1
    outer loop
      vertex 23.4 4 1.6
      vertex 23.5 7.5 1.6
      vertex 24.5 4 1.6
    endloop
  endfacet
  facet normal 0 0 -1
    outer loop
      vertex 22.8 4 1.6
      vertex 23.5 7.5 1.6
      vertex 23.4 4 1.6
    endloop
  endfacet
  facet normal 0 0 -1
    outer loop
      vertex 22.8 4 1.6
      vertex 23.4 4 1.6
      vertex 22.8 2.8 1.6
    endloop
  endfacet
  facet normal 0 0 -1
    outer loop
      vertex 21.6 4 1.6
      vertex 23.5 7.5 1.6
      vertex 22.8 4 1.6
    endloop
  endfacet
  facet normal 0 0 -1
    outer loop
      vertex 21 4 1.6
      vertex 23.5 7.5 1.6
      vertex 21.6 4 1.6
    endloop
  endfacet
  facet normal 0 0 -1
    outer loop
      vertex 21 4 1.6
      vertex 21.6 4 1.6
      vertex 21 2.8 1.6
    endloop
  endfacet
  facet normal -0 0 -1
    outer loop
      vertex 23.5 7.5 1.6
      vertex 21 4 1.6
      vertex 19 7.5 1.6
    endloop
  endfacet
  facet normal 0 0 -1
    outer loop
      vertex 19 7.5 1.6
      vertex 21 4 1.6
      vertex 19.8 4 1.6
    endloop
  endfacet
  facet normal 0 0 -1
    outer loop
      vertex 19.2 4 1.6
      vertex 19.8 4 1.6
      vertex 19.2 2.8 1.6
    endloop
  endfacet
  facet normal 0 0 -1
    outer loop
      vertex 19 7.5 1.6
      vertex 19.8 4 1.6
      vertex 19.2 4 1.6
    endloop
  endfacet
  facet normal 0 0 -1
    outer loop
      vertex 23.5 7.5 1.6
      vertex 19 7.5 1.6
      vertex 23.5 8.9 1.6
    endloop
  endfacet
  facet normal -0 0 -1
    outer loop
      vertex 23.5 8.9 1.6
      vertex 19 7.5 1.6
      vertex 19 8.9 1.6
    endloop
  endfacet
  facet normal 0 0 -1
    outer loop
      vertex 18 4 1.6
      vertex 19 7.5 1.6
      vertex 19.2 4 1.6
    endloop
  endfacet
  facet normal -0 0 -1
    outer loop
      vertex 19 7.5 1.6
      vertex 18 4 1.6
      vertex 18 7.5 1.6
    endloop
  endfacet
  facet normal -1 0 0
    outer loop
      vertex 19.2 2.8 1.6
      vertex 19.2 4 2.1
      vertex 19.2 4 1.6
    endloop
  endfacet
  facet normal -1 -0 0
    outer loop
      vertex 19.2 4 2.1
      vertex 19.2 2.8 1.6
      vertex 19.2 2.8 2.1
    endloop
  endfacet
  facet normal 0 -1 0
    outer loop
      vertex 21.6 4 1.6
      vertex 22.8 4 2.1
      vertex 21.6 4 2.1
    endloop
  endfacet
  facet normal 0 -1 -0
    outer loop
      vertex 22.8 4 2.1
      vertex 21.6 4 1.6
      vertex 22.8 4 1.6
    endloop
  endfacet
  facet normal 0 -1 0
    outer loop
      vertex 19.8 4 1.6
      vertex 21 4 2.1
      vertex 19.8 4 2.1
    endloop
  endfacet
  facet normal 0 -1 -0
    outer loop
      vertex 21 4 2.1
      vertex 19.8 4 1.6
      vertex 21 4 1.6
    endloop
  endfacet
  facet normal 0 -1 0
    outer loop
      vertex 19.8 4 2.1
      vertex 18 4 3.2
      vertex 19.2 4 2.1
    endloop
  endfacet
  facet normal 0 -1 0
    outer loop
      vertex 18 4 1.6
      vertex 19.2 4 2.1
      vertex 18 4 3.2
    endloop
  endfacet
  facet normal 0 -1 -0
    outer loop
      vertex 19.2 4 2.1
      vertex 18 4 1.6
      vertex 19.2 4 1.6
    endloop
  endfacet
  facet normal 0 -1 0
    outer loop
      vertex 21 4 2.1
      vertex 18 4 3.2
      vertex 19.8 4 2.1
    endloop
  endfacet
  facet normal 0 -1 0
    outer loop
      vertex 18 4 3.2
      vertex 21 4 2.1
      vertex 24.5 4 3.2
    endloop
  endfacet
  facet normal 0 -1 0
    outer loop
      vertex 21.6 4 2.1
      vertex 24.5 4 3.2
      vertex 21 4 2.1
    endloop
  endfacet
  facet normal 0 -1 0
    outer loop
      vertex 22.8 4 2.1
      vertex 24.5 4 3.2
      vertex 21.6 4 2.1
    endloop
  endfacet
  facet normal 0 -1 0
    outer loop
      vertex 23.4 4 2.1
      vertex 24.5 4 3.2
      vertex 22.8 4 2.1
    endloop
  endfacet
  facet normal 0 -1 0
    outer loop
      vertex 24.5 4 1.6
      vertex 23.4 4 2.1
      vertex 23.4 4 1.6
    endloop
  endfacet
  facet normal 0 -1 0
    outer loop
      vertex 23.4 4 2.1
      vertex 24.5 4 1.6
      vertex 24.5 4 3.2
    endloop
  endfacet
  facet normal 0 -1 0
    outer loop
      vertex 19.2 2.8 1.6
      vertex 19.8 2.8 2.1
      vertex 19.2 2.8 2.1
    endloop
  endfacet
  facet normal 0 -1 -0
    outer loop
      vertex 19.8 2.8 2.1
      vertex 19.2 2.8 1.6
      vertex 19.8 2.8 1.6
    endloop
  endfacet
  facet normal 1 -0 0
    outer loop
      vertex 21.6 2.8 2.1
      vertex 21.6 4 1.6
      vertex 21.6 4 2.1
    endloop
  endfacet
  facet normal 1 0 0
    outer loop
      vertex 21.6 4 1.6
      vertex 21.6 2.8 2.1
      vertex 21.6 2.8 1.6
    endloop
  endfacet
  facet normal -0 0 1
    outer loop
      vertex 21 4 2.1
      vertex 21.6 2.8 2.1
      vertex 21.6 4 2.1
    endloop
  endfacet
  facet normal 0 0 1
    outer loop
      vertex 21.6 2.8 2.1
      vertex 21 4 2.1
      vertex 21 2.8 2.1
    endloop
  endfacet
  facet normal -1 0 0
    outer loop
      vertex 21 2.8 1.6
      vertex 21 4 2.1
      vertex 21 4 1.6
    endloop
  endfacet
  facet normal -1 -0 0
    outer loop
      vertex 21 4 2.1
      vertex 21 2.8 1.6
      vertex 21 2.8 2.1
    endloop
  endfacet
  facet normal 0 -1 0
    outer loop
      vertex 21 2.8 1.6
      vertex 21.6 2.8 2.1
      vertex 21 2.8 2.1
    endloop
  endfacet
  facet normal 0 -1 -0
    outer loop
      vertex 21.6 2.8 2.1
      vertex 21 2.8 1.6
      vertex 21.6 2.8 1.6
    endloop
  endfacet
  facet normal 1 -0 0
    outer loop
      vertex 23.4 2.8 2.1
      vertex 23.4 4 1.6
      vertex 23.4 4 2.1
    endloop
  endfacet
  facet normal 1 0 0
    outer loop
      vertex 23.4 4 1.6
      vertex 23.4 2.8 2.1
      vertex 23.4 2.8 1.6
    endloop
  endfacet
  facet normal -0 0 1
    outer loop
      vertex 22.8 4 2.1
      vertex 23.4 2.8 2.1
      vertex 23.4 4 2.1
    endloop
  endfacet
  facet normal 0 0 1
    outer loop
      vertex 23.4 2.8 2.1
      vertex 22.8 4 2.1
      vertex 22.8 2.8 2.1
    endloop
  endfacet
  facet normal -1 0 0
    outer loop
      vertex 22.8 2.8 1.6
      vertex 22.8 4 2.1
      vertex 22.8 4 1.6
    endloop
  endfacet
  facet normal -1 -0 0
    outer loop
      vertex 22.8 4 2.1
      vertex 22.8 2.8 1.6
      vertex 22.8 2.8 2.1
    endloop
  endfacet
  facet normal 0 -1 0
    outer loop
      vertex 22.8 2.8 1.6
      vertex 23.4 2.8 2.1
      vertex 22.8 2.8 2.1
    endloop
  endfacet
  facet normal 0 -1 -0
    outer loop
      vertex 23.4 2.8 2.1
      vertex 22.8 2.8 1.6
      vertex 23.4 2.8 1.6
    endloop
  endfacet
  facet normal 1 -0 0
    outer loop
      vertex 24.5 4 3.2
      vertex 24.5 7.5 1.6
      vertex 24.5 7.5 3.2
    endloop
  endfacet
  facet normal 1 0 0
    outer loop
      vertex 24.5 7.5 1.6
      vertex 24.5 4 3.2
      vertex 24.5 4 1.6
    endloop
  endfacet
  facet normal -0 0 1
    outer loop
      vertex 18 7.5 3.2
      vertex 24.5 4 3.2
      vertex 24.5 7.5 3.2
    endloop
  endfacet
  facet normal 0 0 1
    outer loop
      vertex 24.5 4 3.2
      vertex 18 7.5 3.2
      vertex 18 4 3.2
    endloop
  endfacet
  facet normal -1 0 0
    outer loop
      vertex 18 4 1.6
      vertex 18 7.5 3.2
      vertex 18 7.5 1.6
    endloop
  endfacet
  facet normal -1 -0 0
    outer loop
      vertex 18 7.5 3.2
      vertex 18 4 1.6
      vertex 18 4 3.2
    endloop
  endfacet
  facet normal 0 1 0
    outer loop
      vertex 24.5 7.5 3.2
      vertex 23.5 7.5 2.1
      vertex 18 7.5 3.2
    endloop
  endfacet
  facet normal 0 1 -0
    outer loop
      vertex 24.5 7.5 1.6
      vertex 23.5 7.5 2.1
      vertex 24.5 7.5 3.2
    endloop
  endfacet
  facet normal 0 1 0
    outer loop
      vertex 23.5 7.5 2.1
      vertex 24.5 7.5 1.6
      vertex 23.5 7.5 1.6
    endloop
  endfacet
  facet normal 0 1 -0
    outer loop
      vertex 19 7.5 2.1
      vertex 18 7.5 3.2
      vertex 23.5 7.5 2.1
    endloop
  endfacet
  facet normal 0 1 0
    outer loop
      vertex 18 7.5 1.6
      vertex 19 7.5 2.1
      vertex 19 7.5 1.6
    endloop
  endfacet
  facet normal 0 1 0
    outer loop
      vertex 19 7.5 2.1
      vertex 18 7.5 1.6
      vertex 18 7.5 3.2
    endloop
  endfacet
  facet normal 1 -0 0
    outer loop
      vertex 23.5 7.5 2.1
      vertex 23.5 8.9 1.6
      vertex 23.5 8.9 2.1
    endloop
  endfacet
  facet normal 1 0 0
    outer loop
      vertex 23.5 8.9 1.6
      vertex 23.5 7.5 2.1
      vertex 23.5 7.5 1.6
    endloop
  endfacet
  facet normal -0 0 1
    outer loop
      vertex 19 8.9 2.1
      vertex 23.5 7.5 2.1
      vertex 23.5 8.9 2.1
    endloop
  endfacet
  facet normal 0 0 1
    outer loop
      vertex 23.5 7.5 2.1
      vertex 19 8.9 2.1
      vertex 19 7.5 2.1
    endloop
  endfacet
  facet normal -1 0 0
    outer loop
      vertex 19 7.5 1.6
      vertex 19 8.9 2.1
      vertex 19 8.9 1.6
    endloop
  endfacet
  facet normal -1 -0 0
    outer loop
      vertex 19 8.9 2.1
      vertex 19 7.5 1.6
      vertex 19 7.5 2.1
    endloop
  endfacet
  facet normal 0 1 -0
    outer loop
      vertex 23.5 8.9 1.6
      vertex 19 8.9 2.1
      vertex 23.5 8.9 2.1
    endloop
  endfacet
  facet normal 0 1 0
    outer loop
      vertex 19 8.9 2.1
      vertex 23.5 8.9 1.6
      vertex 19 8.9 1.6
    endloop
  endfacet
  facet normal 1 -0 0
    outer loop
      vertex 16 4 3.41
      vertex 16 7.2 1.6
      vertex 16 7.2 3.41
    endloop
  endfacet
  facet normal 1 0 0
    outer loop
      vertex 16 7.2 1.6
      vertex 16 4 3.41
      vertex 16 4 1.6
    endloop
  endfacet
  facet normal -0 0 1
    outer loop
      vertex 10 7.2 3.4
      vertex 15.4 4 3.4
      vertex 15.4 7.2 3.4
    endloop
  endfacet
  facet normal 0 0 1
    outer loop
      vertex 15.4 4 3.4
      vertex 10 7.2 3.4
      vertex 10 4 3.4
    endloop
  endfacet
  facet normal 0 0 -1
    outer loop
      vertex 10 4 1.6
      vertex 16 7.2 1.6
      vertex 16 4 1.6
    endloop
  endfacet
  facet normal -0 0 -1
    outer loop
      vertex 16 7.2 1.6
      vertex 10 4 1.6
      vertex 10 7.2 1.6
    endloop
  endfacet
  facet normal -1 0 0
    outer loop
      vertex 10 4 1.6
      vertex 10 7.2 3.4
      vertex 10 7.2 1.6
    endloop
  endfacet
  facet normal -1 -0 0
    outer loop
      vertex 10 7.2 3.4
      vertex 10 4 1.6
      vertex 10 4 3.4
    endloop
  endfacet
  facet normal 0 1 0
    outer loop
      vertex 16 7.2 3.41
      vertex 15.4 7.2 3.4
      vertex 15.4 7.2 3.41
    endloop
  endfacet
  facet normal 0 1 -0
    outer loop
      vertex 16 7.2 1.6
      vertex 15.4 7.2 3.4
      vertex 16 7.2 3.41
    endloop
  endfacet
  facet normal 0 1 0
    outer loop
      vertex 10 7.2 1.6
      vertex 15.4 7.2 3.4
      vertex 16 7.2 1.6
    endloop
  endfacet
  facet normal 0 1 0
    outer loop
      vertex 15.4 7.2 3.4
      vertex 10 7.2 1.6
      vertex 10 7.2 3.4
    endloop
  endfacet
  facet normal 0 -1 0
    outer loop
      vertex 10 4 3.4
      vertex 10 4 1.6
      vertex 15.4 4 3.4
    endloop
  endfacet
  facet normal 0 -1 0
    outer loop
      vertex 15.4 4 3.4
      vertex 16 4 3.41
      vertex 15.4 4 3.41
    endloop
  endfacet
  facet normal 0 -1 0
    outer loop
      vertex 16 4 1.6
      vertex 15.4 4 3.4
      vertex 10 4 1.6
    endloop
  endfacet
  facet normal 0 -1 0
    outer loop
      vertex 15.4 4 3.4
      vertex 16 4 1.6
      vertex 16 4 3.41
    endloop
  endfacet
  facet normal -0 0 1
    outer loop
      vertex 15.4 7.2 3.41
      vertex 16 4 3.41
      vertex 16 7.2 3.41
    endloop
  endfacet
  facet normal 0 0 1
    outer loop
      vertex 16 4 3.41
      vertex 15.4 7.2 3.41
      vertex 15.4 4 3.41
    endloop
  endfacet
  facet normal -1 0 0
    outer loop
      vertex 15.4 4 3.4
      vertex 15.4 7.2 3.41
      vertex 15.4 7.2 3.4
    endloop
  endfacet
  facet normal -1 -0 0
    outer loop
      vertex 15.4 7.2 3.41
      vertex 15.4 4 3.4
      vertex 15.4 4 3.41
    endloop
  endfacet
  facet normal -0.700214 0.139285 0.700214
    outer loop
      vertex -0.256639 17.6063 3.61573
      vertex -0.415734 17.5 3.47778
      vertex -0.277784 17.5 3.61573
    endloop
  endfacet
  facet normal -0.38159 0.0759052 0.92121
    outer loop
      vertex -0.256639 17.6063 3.61573
      vertex -0.277784 17.5 3.61573
      vertex -0.0975447 17.5 3.69039
    endloop
  endfacet
  facet normal -0.555556 0.831479 0
    outer loop
      vertex -0.187665 17.9531 1.50245
      vertex -0.34676 17.8468 3.29754
      vertex -0.187665 17.9531 3.29754
    endloop
  endfacet
  facet normal -0.555556 0.831479 0
    outer loop
      vertex -0.34676 17.8468 3.29754
      vertex -0.187665 17.9531 1.50245
      vertex -0.34676 17.8468 1.50245
    endloop
  endfacet
  facet normal 0.908664 -0.180716 0.376392
    outer loop
      vertex 4.91573 9.5 3.47778
      vertex 4.88409 9.34091 3.47778
      vertex 4.99039 9.5 3.29754
    endloop
  endfacet
  facet normal 0.700219 -0.13926 0.700214
    outer loop
      vertex 4.91573 9.5 3.47778
      vertex 4.75664 9.3937 3.61573
      vertex 4.88409 9.34091 3.47778
    endloop
  endfacet
  facet normal -0.707107 0 0.707107
    outer loop
      vertex -0.415734 9.5 3.47778
      vertex -0.277784 17.5 3.61573
      vertex -0.415734 17.5 3.47778
    endloop
  endfacet
  facet normal -0.707107 0 0.707107
    outer loop
      vertex -0.277784 17.5 3.61573
      vertex -0.415734 9.5 3.47778
      vertex -0.277784 9.5 3.61573
    endloop
  endfacet
  facet normal 0.216207 -0.323441 0.921217
    outer loop
      vertex 4.56897 9.43103 3.69039
      vertex 4.53733 9.40988 3.69039
      vertex 4.69642 9.30358 3.61573
    endloop
  endfacet
  facet normal -0.980792 0.195056 0
    outer loop
      vertex -0.490392 17.5 1.50245
      vertex -0.453063 17.6877 3.29754
      vertex -0.453063 17.6877 1.50245
    endloop
  endfacet
  facet normal -0.980792 0.195056 0
    outer loop
      vertex -0.453063 17.6877 3.29754
      vertex -0.490392 17.5 1.50245
      vertex -0.490392 17.5 3.29754
    endloop
  endfacet
  facet normal -0.216162 -0.323492 0.92121
    outer loop
      vertex -0.0373287 9.40988 3.69039
      vertex -0.196424 9.30358 3.61573
      vertex -0.106303 9.24336 3.61573
    endloop
  endfacet
  facet normal -0.770307 0.514682 -0.376469
    outer loop
      vertex -0.384089 17.6591 1.32222
      vertex -0.453063 17.6877 1.50245
      vertex -0.34676 17.8468 1.50245
    endloop
  endfacet
  facet normal -0.514679 0.770299 -0.376491
    outer loop
      vertex -0.159095 17.8841 1.32222
      vertex -0.34676 17.8468 1.50245
      vertex -0.187665 17.9531 1.50245
    endloop
  endfacet
  facet normal -0.908665 0.180734 0.376382
    outer loop
      vertex -0.384089 17.6591 3.47778
      vertex -0.490392 17.5 3.29754
      vertex -0.415734 17.5 3.47778
    endloop
  endfacet
  facet normal -0.908662 0.180711 0.3764
    outer loop
      vertex -0.453063 17.6877 3.29754
      vertex -0.490392 17.5 3.29754
      vertex -0.384089 17.6591 3.47778
    endloop
  endfacet
  facet normal -0.83148 0.555555 0
    outer loop
      vertex -0.453063 17.6877 1.50245
      vertex -0.34676 17.8468 3.29754
      vertex -0.34676 17.8468 1.50245
    endloop
  endfacet
  facet normal -0.83148 0.555555 0
    outer loop
      vertex -0.34676 17.8468 3.29754
      vertex -0.453063 17.6877 1.50245
      vertex -0.453063 17.6877 3.29754
    endloop
  endfacet
  facet normal -0.923879 0 0.382684
    outer loop
      vertex -0.490392 9.5 3.29754
      vertex -0.415734 17.5 3.47778
      vertex -0.490392 17.5 3.29754
    endloop
  endfacet
  facet normal -0.923879 0 0.382684
    outer loop
      vertex -0.415734 17.5 3.47778
      vertex -0.490392 9.5 3.29754
      vertex -0.415734 9.5 3.47778
    endloop
  endfacet
  facet normal 0.381589 0.0758871 0.921212
    outer loop
      vertex 4.75664 17.6063 3.61573
      vertex 4.59754 17.5 3.69039
      vertex 4.77778 17.5 3.61573
    endloop
  endfacet
  facet normal -0.381559 0.0759569 0.921218
    outer loop
      vertex -0.0901194 17.5373 3.69039
      vertex -0.256639 17.6063 3.61573
      vertex -0.0975447 17.5 3.69039
    endloop
  endfacet
  facet normal 0 0 -1
    outer loop
      vertex -0.0975447 9.5 1.10961
      vertex 0 9.40246 1.10961
      vertex -0.0373287 9.40988 1.10961
    endloop
  endfacet
  facet normal 0 0 -1
    outer loop
      vertex 0 9.40246 1.10961
      vertex -0.0975447 9.5 1.10961
      vertex 0 17.5975 1.10961
    endloop
  endfacet
  facet normal 0 0 -1
    outer loop
      vertex -0.0975447 9.5 1.10961
      vertex -0.0373287 9.40988 1.10961
      vertex -0.0689745 9.43103 1.10961
    endloop
  endfacet
  facet normal 0 0 -1
    outer loop
      vertex -0.0975447 17.5 1.10961
      vertex 0 17.5975 1.10961
      vertex -0.0975447 9.5 1.10961
    endloop
  endfacet
  facet normal 0 0 -1
    outer loop
      vertex -0.0975447 9.5 1.10961
      vertex -0.0689745 9.43103 1.10961
      vertex -0.0901194 9.46267 1.10961
    endloop
  endfacet
  facet normal 0 0 -1
    outer loop
      vertex 0 17.5975 1.10961
      vertex -0.0975447 17.5 1.10961
      vertex -0.0373287 17.5901 1.10961
    endloop
  endfacet
  facet normal 0 0 -1
    outer loop
      vertex -0.0373287 17.5901 1.10961
      vertex -0.0975447 17.5 1.10961
      vertex -0.0689745 17.569 1.10961
    endloop
  endfacet
  facet normal 0 0 -1
    outer loop
      vertex -0.0689745 17.569 1.10961
      vertex -0.0975447 17.5 1.10961
      vertex -0.0901194 17.5373 1.10961
    endloop
  endfacet
  facet normal -0.51472 -0.770326 0.376379
    outer loop
      vertex -0.293968 9.20603 3.47778
      vertex -0.34676 9.15324 3.29754
      vertex -0.159095 9.11591 3.47778
    endloop
  endfacet
  facet normal -0.770335 -0.514705 0.37638
    outer loop
      vertex -0.293968 9.20603 3.47778
      vertex -0.384089 9.34091 3.47778
      vertex -0.34676 9.15324 3.29754
    endloop
  endfacet
  facet normal -0.18075 -0.908664 -0.376378
    outer loop
      vertex 0 9.00961 1.50245
      vertex -0.187665 9.04694 1.50245
      vertex -0.159095 9.11591 1.32222
    endloop
  endfacet
  facet normal 0 -1 0
    outer loop
      vertex 0 9.00961 1.6
      vertex 4.5 9.00961 3.29754
      vertex 0 9.00961 3.29754
    endloop
  endfacet
  facet normal 0 -1 -0
    outer loop
      vertex 4.5 9.00961 3.29754
      vertex 0 9.00961 1.6
      vertex 4.5 9.00961 1.6
    endloop
  endfacet
  facet normal -0.59357 0.39669 0.700223
    outer loop
      vertex -0.196424 17.6964 3.61573
      vertex -0.384089 17.6591 3.47778
      vertex -0.256639 17.6063 3.61573
    endloop
  endfacet
  facet normal -0.180601 0.908644 -0.376498
    outer loop
      vertex -0.159095 17.8841 1.32222
      vertex -0.187665 17.9531 1.50245
      vertex 0 17.9904 1.50245
    endloop
  endfacet
  facet normal 0 -0.923876 0.382693
    outer loop
      vertex 0 9.00961 3.29754
      vertex 4.5 9.08427 3.47778
      vertex 0 9.08427 3.47778
    endloop
  endfacet
  facet normal 0 -0.923876 0.382693
    outer loop
      vertex 4.5 9.08427 3.47778
      vertex 0 9.00961 3.29754
      vertex 4.5 9.00961 3.29754
    endloop
  endfacet
  facet normal -0.216183 -0.323464 0.921214
    outer loop
      vertex -0.0689745 9.43103 3.69039
      vertex -0.196424 9.30358 3.61573
      vertex -0.0373287 9.40988 3.69039
    endloop
  endfacet
  facet normal -0.075671 0.381716 0.921177
    outer loop
      vertex 0 17.5975 3.69039
      vertex -0.106303 17.7566 3.61573
      vertex -0.0373287 17.5901 3.69039
    endloop
  endfacet
  facet normal 0.908666 0.180705 0.376393
    outer loop
      vertex 4.99039 17.5 3.29754
      vertex 4.88409 17.6591 3.47778
      vertex 4.91573 17.5 3.47778
    endloop
  endfacet
  facet normal -0.381592 -0.0759023 0.921209
    outer loop
      vertex -0.0975447 9.5 3.69039
      vertex -0.256639 9.3937 3.61573
      vertex -0.0901194 9.46267 3.69039
    endloop
  endfacet
  facet normal -0.593588 0.396551 0.700286
    outer loop
      vertex -0.293968 17.794 3.47778
      vertex -0.384089 17.6591 3.47778
      vertex -0.196424 17.6964 3.61573
    endloop
  endfacet
  facet normal -0.194945 0.980814 0
    outer loop
      vertex 0 17.9904 1.6
      vertex -0.187665 17.9531 3.29754
      vertex 0 17.9904 3.29754
    endloop
  endfacet
  facet normal -0.194945 0.980814 0
    outer loop
      vertex -0.187665 17.9531 1.50245
      vertex 0 17.9904 1.6
      vertex 0 17.9904 1.50245
    endloop
  endfacet
  facet normal -0.194945 0.980814 0
    outer loop
      vertex 0 17.9904 1.6
      vertex -0.187665 17.9531 1.50245
      vertex -0.187665 17.9531 3.29754
    endloop
  endfacet
  facet normal 0.700217 0.139251 0.700218
    outer loop
      vertex 4.88409 17.6591 3.47778
      vertex 4.75664 17.6063 3.61573
      vertex 4.91573 17.5 3.47778
    endloop
  endfacet
  facet normal -0.381559 0.0759569 -0.921218
    outer loop
      vertex -0.0975447 17.5 1.10961
      vertex -0.256639 17.6063 1.18427
      vertex -0.0901194 17.5373 1.10961
    endloop
  endfacet
  facet normal 0.555544 0.831487 -0
    outer loop
      vertex 4.84676 17.8468 1.6
      vertex 4.68766 17.9531 3.29754
      vertex 4.84676 17.8468 3.29754
    endloop
  endfacet
  facet normal 0.555544 0.831487 0
    outer loop
      vertex 4.68766 17.9531 3.29754
      vertex 4.84676 17.8468 1.6
      vertex 4.68766 17.9531 1.6
    endloop
  endfacet
  facet normal 0.700217 -0.139253 0.700217
    outer loop
      vertex 4.77778 9.5 3.61573
      vertex 4.75664 9.3937 3.61573
      vertex 4.91573 9.5 3.47778
    endloop
  endfacet
  facet normal -0.323459 0.216172 -0.921219
    outer loop
      vertex -0.0901194 17.5373 1.10961
      vertex -0.256639 17.6063 1.18427
      vertex -0.196424 17.6964 1.18427
    endloop
  endfacet
  facet normal -0.700214 0.139285 -0.700214
    outer loop
      vertex -0.277784 17.5 1.18427
      vertex -0.415734 17.5 1.32222
      vertex -0.256639 17.6063 1.18427
    endloop
  endfacet
  facet normal -0.180751 -0.908671 0.37636
    outer loop
      vertex -0.159095 9.11591 3.47778
      vertex -0.187665 9.04694 3.29754
      vertex 0 9.00961 3.29754
    endloop
  endfacet
  facet normal -0.51463 0.770363 -0.376427
    outer loop
      vertex -0.293968 17.794 1.32222
      vertex -0.34676 17.8468 1.50245
      vertex -0.159095 17.8841 1.32222
    endloop
  endfacet
  facet normal -0.382694 0 0.923875
    outer loop
      vertex -0.277784 17.5 3.61573
      vertex -0.0975447 9.5 3.69039
      vertex -0.0975447 17.5 3.69039
    endloop
  endfacet
  facet normal -0.382694 0 0.923875
    outer loop
      vertex -0.0975447 9.5 3.69039
      vertex -0.277784 17.5 3.61573
      vertex -0.277784 9.5 3.61573
    endloop
  endfacet
  facet normal -0.700214 -0.139285 0.700214
    outer loop
      vertex -0.277784 9.5 3.61573
      vertex -0.415734 9.5 3.47778
      vertex -0.256639 9.3937 3.61573
    endloop
  endfacet
  facet normal -0.38159 -0.0759052 0.92121
    outer loop
      vertex -0.0975447 9.5 3.69039
      vertex -0.277784 9.5 3.61573
      vertex -0.256639 9.3937 3.61573
    endloop
  endfacet
  facet normal 0.0760797 0.381475 0.921243
    outer loop
      vertex 4.5 17.7778 3.61573
      vertex 4.5 17.5975 3.69039
      vertex 4.6063 17.7566 3.61573
    endloop
  endfacet
  facet normal -0.0758539 -0.381608 0.921207
    outer loop
      vertex -0.0373287 9.40988 3.69039
      vertex -0.106303 9.24336 3.61573
      vertex 0 9.40246 3.69039
    endloop
  endfacet
  facet normal -0.323459 0.216172 0.921219
    outer loop
      vertex -0.196424 17.6964 3.61573
      vertex -0.256639 17.6063 3.61573
      vertex -0.0901194 17.5373 3.69039
    endloop
  endfacet
  facet normal -0.139065 0.700145 0.700327
    outer loop
      vertex 0 17.9157 3.47778
      vertex -0.159095 17.8841 3.47778
      vertex -0.106303 17.7566 3.61573
    endloop
  endfacet
  facet normal 0.13907 0.700145 0.700326
    outer loop
      vertex 4.65909 17.8841 3.47778
      vertex 4.5 17.9157 3.47778
      vertex 4.6063 17.7566 3.61573
    endloop
  endfacet
  facet normal 0.180607 0.90865 0.37648
    outer loop
      vertex 4.68766 17.9531 3.29754
      vertex 4.5 17.9904 3.29754
      vertex 4.65909 17.8841 3.47778
    endloop
  endfacet
  facet normal -0.908655 0.180709 -0.376418
    outer loop
      vertex -0.384089 17.6591 1.32222
      vertex -0.490392 17.5 1.50245
      vertex -0.453063 17.6877 1.50245
    endloop
  endfacet
  facet normal -0.770364 0.514648 0.376401
    outer loop
      vertex -0.34676 17.8468 3.29754
      vertex -0.384089 17.6591 3.47778
      vertex -0.293968 17.794 3.47778
    endloop
  endfacet
  facet normal -0.514634 0.770369 0.376409
    outer loop
      vertex -0.159095 17.8841 3.47778
      vertex -0.34676 17.8468 3.29754
      vertex -0.293968 17.794 3.47778
    endloop
  endfacet
  facet normal -0.396521 0.593562 0.700325
    outer loop
      vertex -0.159095 17.8841 3.47778
      vertex -0.293968 17.794 3.47778
      vertex -0.196424 17.6964 3.61573
    endloop
  endfacet
  facet normal 1 -0 0
    outer loop
      vertex 4.99039 9.5 3.29754
      vertex 4.99039 17.5 1.6
      vertex 4.99039 17.5 3.29754
    endloop
  endfacet
  facet normal 1 0 0
    outer loop
      vertex 4.99039 17.5 1.6
      vertex 4.99039 9.5 3.29754
      vertex 4.99039 9.5 1.6
    endloop
  endfacet
  facet normal 0.980783 -0.195101 0
    outer loop
      vertex 4.95306 9.31234 3.29754
      vertex 4.99039 9.5 1.6
      vertex 4.99039 9.5 3.29754
    endloop
  endfacet
  facet normal 0.980783 -0.195101 0
    outer loop
      vertex 4.99039 9.5 1.6
      vertex 4.95306 9.31234 3.29754
      vertex 4.95306 9.31234 1.6
    endloop
  endfacet
  facet normal -0.215912 0.323825 -0.921151
    outer loop
      vertex -0.0689745 17.569 1.10961
      vertex -0.196424 17.6964 1.18427
      vertex -0.0373287 17.5901 1.10961
    endloop
  endfacet
  facet normal -0.180709 -0.908658 -0.37641
    outer loop
      vertex 0 9.00961 1.50245
      vertex -0.159095 9.11591 1.32222
      vertex 0 9.08427 1.32222
    endloop
  endfacet
  facet normal 0.770349 -0.514696 0.376364
    outer loop
      vertex 4.88409 9.34091 3.47778
      vertex 4.84676 9.15324 3.29754
      vertex 4.95306 9.31234 3.29754
    endloop
  endfacet
  facet normal 0.514696 -0.770349 0.376364
    outer loop
      vertex 4.84676 9.15324 3.29754
      vertex 4.65909 9.11591 3.47778
      vertex 4.68766 9.04694 3.29754
    endloop
  endfacet
  facet normal 0 -0.707107 0.707107
    outer loop
      vertex 0 9.08427 3.47778
      vertex 4.5 9.22222 3.61573
      vertex 0 9.22222 3.61573
    endloop
  endfacet
  facet normal 0 -0.707107 0.707107
    outer loop
      vertex 4.5 9.22222 3.61573
      vertex 0 9.08427 3.47778
      vertex 4.5 9.08427 3.47778
    endloop
  endfacet
  facet normal -0.923872 0 -0.382702
    outer loop
      vertex -0.415734 9.5 1.32222
      vertex -0.490392 17.5 1.50245
      vertex -0.415734 17.5 1.32222
    endloop
  endfacet
  facet normal -0.923872 -0 -0.382702
    outer loop
      vertex -0.490392 17.5 1.50245
      vertex -0.415734 9.5 1.32222
      vertex -0.490392 9.5 1.50245
    endloop
  endfacet
  facet normal -0.514707 -0.770342 0.376363
    outer loop
      vertex -0.159095 9.11591 3.47778
      vertex -0.34676 9.15324 3.29754
      vertex -0.187665 9.04694 3.29754
    endloop
  endfacet
  facet normal -0.770332 -0.514699 -0.376396
    outer loop
      vertex -0.34676 9.15324 1.50245
      vertex -0.453063 9.31234 1.50245
      vertex -0.384089 9.34091 1.32222
    endloop
  endfacet
  facet normal -0.0760776 0.381475 -0.921243
    outer loop
      vertex 0 17.5975 1.10961
      vertex -0.106303 17.7566 1.18427
      vertex 0 17.7778 1.18427
    endloop
  endfacet
  facet normal -0.396521 0.593562 -0.700325
    outer loop
      vertex -0.196424 17.6964 1.18427
      vertex -0.293968 17.794 1.32222
      vertex -0.159095 17.8841 1.32222
    endloop
  endfacet
  facet normal -0.59357 0.39669 -0.700223
    outer loop
      vertex -0.256639 17.6063 1.18427
      vertex -0.384089 17.6591 1.32222
      vertex -0.196424 17.6964 1.18427
    endloop
  endfacet
  facet normal -0.700213 -0.139281 0.700216
    outer loop
      vertex -0.256639 9.3937 3.61573
      vertex -0.415734 9.5 3.47778
      vertex -0.384089 9.34091 3.47778
    endloop
  endfacet
  facet normal -0.216124 0.323543 0.921201
    outer loop
      vertex -0.106303 17.7566 3.61573
      vertex -0.196424 17.6964 3.61573
      vertex -0.0373287 17.5901 3.69039
    endloop
  endfacet
  facet normal -0.396637 -0.593605 0.700223
    outer loop
      vertex -0.196424 9.30358 3.61573
      vertex -0.293968 9.20603 3.47778
      vertex -0.159095 9.11591 3.47778
    endloop
  endfacet
  facet normal -0.075885 -0.381589 0.921212
    outer loop
      vertex 0 9.40246 3.69039
      vertex -0.106303 9.24336 3.61573
      vertex 0 9.22222 3.61573
    endloop
  endfacet
  facet normal 0.382693 0 0.923876
    outer loop
      vertex 4.59754 17.5 3.69039
      vertex 4.77778 9.5 3.61573
      vertex 4.77778 17.5 3.61573
    endloop
  endfacet
  facet normal 0.382693 0 0.923876
    outer loop
      vertex 4.77778 9.5 3.61573
      vertex 4.59754 17.5 3.69039
      vertex 4.59754 9.5 3.69039
    endloop
  endfacet
  facet normal 0.13926 -0.700219 0.700214
    outer loop
      vertex 4.6063 9.24336 3.61573
      vertex 4.5 9.08427 3.47778
      vertex 4.65909 9.11591 3.47778
    endloop
  endfacet
  facet normal -0.323502 -0.216152 0.921208
    outer loop
      vertex -0.0901194 9.46267 3.69039
      vertex -0.256639 9.3937 3.61573
      vertex -0.196424 9.30358 3.61573
    endloop
  endfacet
  facet normal -0.396653 -0.593603 0.700216
    outer loop
      vertex -0.106303 9.24336 3.61573
      vertex -0.196424 9.30358 3.61573
      vertex -0.159095 9.11591 3.47778
    endloop
  endfacet
  facet normal 0 -0.382693 0.923876
    outer loop
      vertex 0 9.40246 3.69039
      vertex 4.5 9.22222 3.61573
      vertex 4.5 9.40246 3.69039
    endloop
  endfacet
  facet normal 0 -0.382693 0.923876
    outer loop
      vertex 4.5 9.22222 3.61573
      vertex 0 9.40246 3.69039
      vertex 0 9.22222 3.61573
    endloop
  endfacet
  facet normal -0.323752 0.215953 0.921167
    outer loop
      vertex -0.0689745 17.569 3.69039
      vertex -0.196424 17.6964 3.61573
      vertex -0.0901194 17.5373 3.69039
    endloop
  endfacet
  facet normal -0.180476 0.908634 0.376581
    outer loop
      vertex 0 17.9904 3.29754
      vertex -0.159095 17.8841 3.47778
      vertex 0 17.9157 3.47778
    endloop
  endfacet
  facet normal -0.770313 0.514686 0.376451
    outer loop
      vertex -0.34676 17.8468 3.29754
      vertex -0.453063 17.6877 3.29754
      vertex -0.384089 17.6591 3.47778
    endloop
  endfacet
  facet normal 0.139665 0.700303 0.700049
    outer loop
      vertex 4.5 17.9157 3.47778
      vertex 4.5 17.7778 3.61573
      vertex 4.6063 17.7566 3.61573
    endloop
  endfacet
  facet normal 0.215936 0.323802 0.921154
    outer loop
      vertex 4.69642 17.6964 3.61573
      vertex 4.53733 17.5901 3.69039
      vertex 4.56897 17.569 3.69039
    endloop
  endfacet
  facet normal -0.139661 0.700304 0.70005
    outer loop
      vertex 0 17.9157 3.47778
      vertex -0.106303 17.7566 3.61573
      vertex 0 17.7778 3.61573
    endloop
  endfacet
  facet normal 0.396501 0.593566 0.700333
    outer loop
      vertex 4.65909 17.8841 3.47778
      vertex 4.6063 17.7566 3.61573
      vertex 4.69642 17.6964 3.61573
    endloop
  endfacet
  facet normal 0.700217 0.139253 0.700217
    outer loop
      vertex 4.91573 17.5 3.47778
      vertex 4.75664 17.6063 3.61573
      vertex 4.77778 17.5 3.61573
    endloop
  endfacet
  facet normal -0.396496 0.593565 -0.700336
    outer loop
      vertex -0.106303 17.7566 1.18427
      vertex -0.196424 17.6964 1.18427
      vertex -0.159095 17.8841 1.32222
    endloop
  endfacet
  facet normal -0.180475 0.908627 -0.376599
    outer loop
      vertex 0 17.9157 1.32222
      vertex -0.159095 17.8841 1.32222
      vertex 0 17.9904 1.50245
    endloop
  endfacet
  facet normal 0.770325 0.514679 0.376438
    outer loop
      vertex 4.95306 17.6877 3.29754
      vertex 4.84676 17.8468 3.29754
      vertex 4.88409 17.6591 3.47778
    endloop
  endfacet
  facet normal -0.908664 -0.18075 0.376377
    outer loop
      vertex -0.384089 9.34091 3.47778
      vertex -0.490392 9.5 3.29754
      vertex -0.453063 9.31234 3.29754
    endloop
  endfacet
  facet normal -0.700211 0.139272 0.70022
    outer loop
      vertex -0.384089 17.6591 3.47778
      vertex -0.415734 17.5 3.47778
      vertex -0.256639 17.6063 3.61573
    endloop
  endfacet
  facet normal -0.908656 -0.180743 -0.376399
    outer loop
      vertex -0.384089 9.34091 1.32222
      vertex -0.490392 9.5 1.50245
      vertex -0.415734 9.5 1.32222
    endloop
  endfacet
  facet normal 0.396619 -0.593609 0.70023
    outer loop
      vertex 4.69642 9.30358 3.61573
      vertex 4.65909 9.11591 3.47778
      vertex 4.79397 9.20603 3.47778
    endloop
  endfacet
  facet normal -0.38159 0.0759052 -0.92121
    outer loop
      vertex -0.0975447 17.5 1.10961
      vertex -0.277784 17.5 1.18427
      vertex -0.256639 17.6063 1.18427
    endloop
  endfacet
  facet normal -0.139065 0.700145 -0.700327
    outer loop
      vertex -0.106303 17.7566 1.18427
      vertex -0.159095 17.8841 1.32222
      vertex 0 17.9157 1.32222
    endloop
  endfacet
  facet normal -0.139661 0.700304 -0.70005
    outer loop
      vertex 0 17.7778 1.18427
      vertex -0.106303 17.7566 1.18427
      vertex 0 17.9157 1.32222
    endloop
  endfacet
  facet normal -0.83148 -0.555555 0
    outer loop
      vertex -0.34676 9.15324 1.50245
      vertex -0.453063 9.31234 3.29754
      vertex -0.453063 9.31234 1.50245
    endloop
  endfacet
  facet normal -0.83148 -0.555555 0
    outer loop
      vertex -0.453063 9.31234 3.29754
      vertex -0.34676 9.15324 1.50245
      vertex -0.34676 9.15324 3.29754
    endloop
  endfacet
  facet normal -0.980784 -0.195096 0
    outer loop
      vertex -0.453063 9.31234 1.50245
      vertex -0.490392 9.5 3.29754
      vertex -0.490392 9.5 1.50245
    endloop
  endfacet
  facet normal -0.980784 -0.195096 0
    outer loop
      vertex -0.490392 9.5 3.29754
      vertex -0.453063 9.31234 1.50245
      vertex -0.453063 9.31234 3.29754
    endloop
  endfacet
  facet normal -0.555556 -0.831479 0
    outer loop
      vertex -0.34676 9.15324 1.50245
      vertex -0.187665 9.04694 3.29754
      vertex -0.34676 9.15324 3.29754
    endloop
  endfacet
  facet normal -0.555556 -0.831479 -0
    outer loop
      vertex -0.187665 9.04694 3.29754
      vertex -0.34676 9.15324 1.50245
      vertex -0.187665 9.04694 1.50245
    endloop
  endfacet
  facet normal -0.514716 -0.77032 -0.376397
    outer loop
      vertex -0.159095 9.11591 1.32222
      vertex -0.34676 9.15324 1.50245
      vertex -0.293968 9.20603 1.32222
    endloop
  endfacet
  facet normal -0.195096 -0.980784 0
    outer loop
      vertex -0.187665 9.04694 3.29754
      vertex 0 9.00961 1.6
      vertex 0 9.00961 3.29754
    endloop
  endfacet
  facet normal -0.195096 -0.980784 0
    outer loop
      vertex -0.187665 9.04694 1.50245
      vertex 0 9.00961 1.6
      vertex -0.187665 9.04694 3.29754
    endloop
  endfacet
  facet normal -0.195096 -0.980784 -0
    outer loop
      vertex 0 9.00961 1.6
      vertex -0.187665 9.04694 1.50245
      vertex 0 9.00961 1.50245
    endloop
  endfacet
  facet normal -0.707107 0 -0.707107
    outer loop
      vertex -0.277784 9.5 1.18427
      vertex -0.415734 17.5 1.32222
      vertex -0.277784 17.5 1.18427
    endloop
  endfacet
  facet normal -0.707107 -0 -0.707107
    outer loop
      vertex -0.415734 17.5 1.32222
      vertex -0.277784 9.5 1.18427
      vertex -0.415734 9.5 1.32222
    endloop
  endfacet
  facet normal -0.908657 -0.180748 -0.376395
    outer loop
      vertex -0.453063 9.31234 1.50245
      vertex -0.490392 9.5 1.50245
      vertex -0.384089 9.34091 1.32222
    endloop
  endfacet
  facet normal -0.700211 0.139272 -0.70022
    outer loop
      vertex -0.256639 17.6063 1.18427
      vertex -0.415734 17.5 1.32222
      vertex -0.384089 17.6591 1.32222
    endloop
  endfacet
  facet normal -0.908658 0.180732 -0.3764
    outer loop
      vertex -0.415734 17.5 1.32222
      vertex -0.490392 17.5 1.50245
      vertex -0.384089 17.6591 1.32222
    endloop
  endfacet
  facet normal -0.180711 -0.908665 0.376392
    outer loop
      vertex 0 9.08427 3.47778
      vertex -0.159095 9.11591 3.47778
      vertex 0 9.00961 3.29754
    endloop
  endfacet
  facet normal 0.555544 -0.831487 0
    outer loop
      vertex 4.68766 9.04694 1.6
      vertex 4.84676 9.15324 3.29754
      vertex 4.68766 9.04694 3.29754
    endloop
  endfacet
  facet normal 0.555544 -0.831487 0
    outer loop
      vertex 4.84676 9.15324 3.29754
      vertex 4.68766 9.04694 1.6
      vertex 4.84676 9.15324 1.6
    endloop
  endfacet
  facet normal -0.593616 -0.396634 0.700215
    outer loop
      vertex -0.256639 9.3937 3.61573
      vertex -0.384089 9.34091 3.47778
      vertex -0.196424 9.30358 3.61573
    endloop
  endfacet
  facet normal -0.593617 -0.396629 0.700217
    outer loop
      vertex -0.196424 9.30358 3.61573
      vertex -0.384089 9.34091 3.47778
      vertex -0.293968 9.20603 3.47778
    endloop
  endfacet
  facet normal 0.396658 -0.593603 0.700213
    outer loop
      vertex 4.69642 9.30358 3.61573
      vertex 4.6063 9.24336 3.61573
      vertex 4.65909 9.11591 3.47778
    endloop
  endfacet
  facet normal 0.707107 -0 0.707107
    outer loop
      vertex 4.77778 9.5 3.61573
      vertex 4.91573 17.5 3.47778
      vertex 4.77778 17.5 3.61573
    endloop
  endfacet
  facet normal 0.707107 0 0.707107
    outer loop
      vertex 4.91573 17.5 3.47778
      vertex 4.77778 9.5 3.61573
      vertex 4.91573 9.5 3.47778
    endloop
  endfacet
  facet normal 0.381589 -0.0758871 0.921212
    outer loop
      vertex 4.77778 9.5 3.61573
      vertex 4.59754 9.5 3.69039
      vertex 4.75664 9.3937 3.61573
    endloop
  endfacet
  facet normal 0.381578 0.0759064 0.921215
    outer loop
      vertex 4.75664 17.6063 3.61573
      vertex 4.59012 17.5373 3.69039
      vertex 4.59754 17.5 3.69039
    endloop
  endfacet
  facet normal 0.216128 0.323546 0.921199
    outer loop
      vertex 4.6063 17.7566 3.61573
      vertex 4.53733 17.5901 3.69039
      vertex 4.69642 17.6964 3.61573
    endloop
  endfacet
  facet normal 0.180481 0.908633 0.376581
    outer loop
      vertex 4.5 17.9904 3.29754
      vertex 4.5 17.9157 3.47778
      vertex 4.65909 17.8841 3.47778
    endloop
  endfacet
  facet normal 0.0756688 0.381718 0.921176
    outer loop
      vertex 4.6063 17.7566 3.61573
      vertex 4.5 17.5975 3.69039
      vertex 4.53733 17.5901 3.69039
    endloop
  endfacet
  facet normal 0.0758518 -0.38161 0.921206
    outer loop
      vertex 4.53733 9.40988 3.69039
      vertex 4.5 9.40246 3.69039
      vertex 4.6063 9.24336 3.61573
    endloop
  endfacet
  facet normal -0.396496 0.593565 0.700336
    outer loop
      vertex -0.159095 17.8841 3.47778
      vertex -0.196424 17.6964 3.61573
      vertex -0.106303 17.7566 3.61573
    endloop
  endfacet
  facet normal 0 1 -0
    outer loop
      vertex 4.5 17.9904 1.6
      vertex 0 17.9904 3.29754
      vertex 4.5 17.9904 3.29754
    endloop
  endfacet
  facet normal 0 1 0
    outer loop
      vertex 0 17.9904 3.29754
      vertex 4.5 17.9904 1.6
      vertex 0 17.9904 1.6
    endloop
  endfacet
  facet normal 0.19495 0.980813 -0
    outer loop
      vertex 4.68766 17.9531 1.6
      vertex 4.5 17.9904 3.29754
      vertex 4.68766 17.9531 3.29754
    endloop
  endfacet
  facet normal 0.19495 0.980813 0
    outer loop
      vertex 4.5 17.9904 3.29754
      vertex 4.68766 17.9531 1.6
      vertex 4.5 17.9904 1.6
    endloop
  endfacet
  facet normal 0.514617 0.770383 0.376403
    outer loop
      vertex 4.84676 17.8468 3.29754
      vertex 4.65909 17.8841 3.47778
      vertex 4.79397 17.794 3.47778
    endloop
  endfacet
  facet normal 0.831487 0.555544 0
    outer loop
      vertex 4.95306 17.6877 3.29754
      vertex 4.84676 17.8468 1.6
      vertex 4.84676 17.8468 3.29754
    endloop
  endfacet
  facet normal 0.831487 0.555544 0
    outer loop
      vertex 4.84676 17.8468 1.6
      vertex 4.95306 17.6877 3.29754
      vertex 4.95306 17.6877 1.6
    endloop
  endfacet
  facet normal -0.216162 -0.323492 -0.92121
    outer loop
      vertex -0.106303 9.24336 1.18427
      vertex -0.196424 9.30358 1.18427
      vertex -0.0373287 9.40988 1.10961
    endloop
  endfacet
  facet normal 0.593609 -0.396619 0.70023
    outer loop
      vertex 4.88409 9.34091 3.47778
      vertex 4.69642 9.30358 3.61573
      vertex 4.79397 9.20603 3.47778
    endloop
  endfacet
  facet normal 0.180716 -0.908664 0.376392
    outer loop
      vertex 4.5 9.08427 3.47778
      vertex 4.5 9.00961 3.29754
      vertex 4.65909 9.11591 3.47778
    endloop
  endfacet
  facet normal -0.216124 0.323543 -0.921201
    outer loop
      vertex -0.0373287 17.5901 1.10961
      vertex -0.196424 17.6964 1.18427
      vertex -0.106303 17.7566 1.18427
    endloop
  endfacet
  facet normal -0.770338 -0.514703 0.376378
    outer loop
      vertex -0.384089 9.34091 3.47778
      vertex -0.453063 9.31234 3.29754
      vertex -0.34676 9.15324 3.29754
    endloop
  endfacet
  facet normal -1 0 0
    outer loop
      vertex -0.490392 9.5 1.50245
      vertex -0.490392 17.5 3.29754
      vertex -0.490392 17.5 1.50245
    endloop
  endfacet
  facet normal -1 -0 0
    outer loop
      vertex -0.490392 17.5 3.29754
      vertex -0.490392 9.5 1.50245
      vertex -0.490392 9.5 3.29754
    endloop
  endfacet
  facet normal -0.323752 0.215953 -0.921167
    outer loop
      vertex -0.0901194 17.5373 1.10961
      vertex -0.196424 17.6964 1.18427
      vertex -0.0689745 17.569 1.10961
    endloop
  endfacet
  facet normal -0.075671 0.381716 -0.921177
    outer loop
      vertex -0.0373287 17.5901 1.10961
      vertex -0.106303 17.7566 1.18427
      vertex 0 17.5975 1.10961
    endloop
  endfacet
  facet normal -0.396637 -0.593605 -0.700223
    outer loop
      vertex -0.159095 9.11591 1.32222
      vertex -0.293968 9.20603 1.32222
      vertex -0.196424 9.30358 1.18427
    endloop
  endfacet
  facet normal -0.700213 -0.139281 -0.700216
    outer loop
      vertex -0.384089 9.34091 1.32222
      vertex -0.415734 9.5 1.32222
      vertex -0.256639 9.3937 1.18427
    endloop
  endfacet
  facet normal -0.593588 0.396551 -0.700286
    outer loop
      vertex -0.196424 17.6964 1.18427
      vertex -0.384089 17.6591 1.32222
      vertex -0.293968 17.794 1.32222
    endloop
  endfacet
  facet normal -0.770358 0.514644 -0.376419
    outer loop
      vertex -0.293968 17.794 1.32222
      vertex -0.384089 17.6591 1.32222
      vertex -0.34676 17.8468 1.50245
    endloop
  endfacet
  facet normal -0.139256 -0.70022 0.700214
    outer loop
      vertex -0.106303 9.24336 3.61573
      vertex -0.159095 9.11591 3.47778
      vertex 0 9.08427 3.47778
    endloop
  endfacet
  facet normal -0.139249 -0.700218 0.700218
    outer loop
      vertex 0 9.22222 3.61573
      vertex -0.106303 9.24336 3.61573
      vertex 0 9.08427 3.47778
    endloop
  endfacet
  facet normal -0.215912 0.323825 0.921151
    outer loop
      vertex -0.0373287 17.5901 3.69039
      vertex -0.196424 17.6964 3.61573
      vertex -0.0689745 17.569 3.69039
    endloop
  endfacet
  facet normal 0.323453 0.216186 0.921218
    outer loop
      vertex 4.69642 17.6964 3.61573
      vertex 4.59012 17.5373 3.69039
      vertex 4.75664 17.6063 3.61573
    endloop
  endfacet
  facet normal 0.323721 0.215984 0.921171
    outer loop
      vertex 4.69642 17.6964 3.61573
      vertex 4.56897 17.569 3.69039
      vertex 4.59012 17.5373 3.69039
    endloop
  endfacet
  facet normal 0.923876 -0 0.382693
    outer loop
      vertex 4.91573 9.5 3.47778
      vertex 4.99039 17.5 3.29754
      vertex 4.91573 17.5 3.47778
    endloop
  endfacet
  facet normal 0.923876 0 0.382693
    outer loop
      vertex 4.99039 17.5 3.29754
      vertex 4.91573 9.5 3.47778
      vertex 4.99039 9.5 3.29754
    endloop
  endfacet
  facet normal -0.323472 -0.216175 0.921214
    outer loop
      vertex -0.0901194 9.46267 3.69039
      vertex -0.196424 9.30358 3.61573
      vertex -0.0689745 9.43103 3.69039
    endloop
  endfacet
  facet normal 0.908668 0.180717 0.376383
    outer loop
      vertex 4.95306 17.6877 3.29754
      vertex 4.88409 17.6591 3.47778
      vertex 4.99039 17.5 3.29754
    endloop
  endfacet
  facet normal 0.514671 0.770312 0.376474
    outer loop
      vertex 4.68766 17.9531 3.29754
      vertex 4.65909 17.8841 3.47778
      vertex 4.84676 17.8468 3.29754
    endloop
  endfacet
  facet normal 0.323441 -0.216207 0.921217
    outer loop
      vertex 4.59012 9.46267 3.69039
      vertex 4.56897 9.43103 3.69039
      vertex 4.69642 9.30358 3.61573
    endloop
  endfacet
  facet normal -0 0.382584 0.923921
    outer loop
      vertex 0 17.7778 3.61573
      vertex 4.5 17.5975 3.69039
      vertex 4.5 17.7778 3.61573
    endloop
  endfacet
  facet normal 0 0.382584 0.923921
    outer loop
      vertex 4.5 17.5975 3.69039
      vertex 0 17.7778 3.61573
      vertex 0 17.5975 3.69039
    endloop
  endfacet
  facet normal -0.180602 0.908651 0.37648
    outer loop
      vertex 0 17.9904 3.29754
      vertex -0.187665 17.9531 3.29754
      vertex -0.159095 17.8841 3.47778
    endloop
  endfacet
  facet normal -0.514683 0.770305 0.376473
    outer loop
      vertex -0.187665 17.9531 3.29754
      vertex -0.34676 17.8468 3.29754
      vertex -0.159095 17.8841 3.47778
    endloop
  endfacet
  facet normal 0.980791 0.195061 0
    outer loop
      vertex 4.99039 17.5 3.29754
      vertex 4.95306 17.6877 1.6
      vertex 4.95306 17.6877 3.29754
    endloop
  endfacet
  facet normal 0.980791 0.195061 0
    outer loop
      vertex 4.95306 17.6877 1.6
      vertex 4.99039 17.5 3.29754
      vertex 4.99039 17.5 1.6
    endloop
  endfacet
  facet normal 0.396503 0.593566 0.700332
    outer loop
      vertex 4.79397 17.794 3.47778
      vertex 4.65909 17.8841 3.47778
      vertex 4.69642 17.6964 3.61573
    endloop
  endfacet
  facet normal 0.593557 0.396715 0.70022
    outer loop
      vertex 4.88409 17.6591 3.47778
      vertex 4.69642 17.6964 3.61573
      vertex 4.75664 17.6063 3.61573
    endloop
  endfacet
  facet normal 0.90867 -0.180756 0.37636
    outer loop
      vertex 4.99039 9.5 3.29754
      vertex 4.88409 9.34091 3.47778
      vertex 4.95306 9.31234 3.29754
    endloop
  endfacet
  facet normal 0.831487 -0.555544 0
    outer loop
      vertex 4.84676 9.15324 3.29754
      vertex 4.95306 9.31234 1.6
      vertex 4.95306 9.31234 3.29754
    endloop
  endfacet
  facet normal 0.831487 -0.555544 0
    outer loop
      vertex 4.95306 9.31234 1.6
      vertex 4.84676 9.15324 3.29754
      vertex 4.84676 9.15324 1.6
    endloop
  endfacet
  facet normal 0.180756 -0.90867 0.37636
    outer loop
      vertex 4.65909 9.11591 3.47778
      vertex 4.5 9.00961 3.29754
      vertex 4.68766 9.04694 3.29754
    endloop
  endfacet
  facet normal 0.216166 -0.323495 0.921208
    outer loop
      vertex 4.69642 9.30358 3.61573
      vertex 4.53733 9.40988 3.69039
      vertex 4.6063 9.24336 3.61573
    endloop
  endfacet
  facet normal 0.593603 -0.396658 0.700213
    outer loop
      vertex 4.75664 9.3937 3.61573
      vertex 4.69642 9.30358 3.61573
      vertex 4.88409 9.34091 3.47778
    endloop
  endfacet
  facet normal 0.0758871 -0.381589 0.921212
    outer loop
      vertex 4.5 9.40246 3.69039
      vertex 4.5 9.22222 3.61573
      vertex 4.6063 9.24336 3.61573
    endloop
  endfacet
  facet normal 0.139253 -0.700217 0.700217
    outer loop
      vertex 4.5 9.22222 3.61573
      vertex 4.5 9.08427 3.47778
      vertex 4.6063 9.24336 3.61573
    endloop
  endfacet
  facet normal 0.514703 -0.770341 0.376373
    outer loop
      vertex 4.79397 9.20603 3.47778
      vertex 4.65909 9.11591 3.47778
      vertex 4.84676 9.15324 3.29754
    endloop
  endfacet
  facet normal 0.770341 -0.514703 0.376373
    outer loop
      vertex 4.88409 9.34091 3.47778
      vertex 4.79397 9.20603 3.47778
      vertex 4.84676 9.15324 3.29754
    endloop
  endfacet
  facet normal 0.195101 -0.980783 0
    outer loop
      vertex 4.5 9.00961 1.6
      vertex 4.68766 9.04694 3.29754
      vertex 4.5 9.00961 3.29754
    endloop
  endfacet
  facet normal 0.195101 -0.980783 0
    outer loop
      vertex 4.68766 9.04694 3.29754
      vertex 4.5 9.00961 1.6
      vertex 4.68766 9.04694 1.6
    endloop
  endfacet
  facet normal -0.908663 -0.180744 0.376381
    outer loop
      vertex -0.415734 9.5 3.47778
      vertex -0.490392 9.5 3.29754
      vertex -0.384089 9.34091 3.47778
    endloop
  endfacet
  facet normal -0.323502 -0.216152 -0.921208
    outer loop
      vertex -0.196424 9.30358 1.18427
      vertex -0.256639 9.3937 1.18427
      vertex -0.0901194 9.46267 1.10961
    endloop
  endfacet
  facet normal -0.382694 0 -0.923875
    outer loop
      vertex -0.277784 9.5 1.18427
      vertex -0.0975447 17.5 1.10961
      vertex -0.0975447 9.5 1.10961
    endloop
  endfacet
  facet normal -0.382694 0 -0.923875
    outer loop
      vertex -0.0975447 17.5 1.10961
      vertex -0.277784 9.5 1.18427
      vertex -0.277784 17.5 1.18427
    endloop
  endfacet
  facet normal -0.381592 -0.0759023 -0.921209
    outer loop
      vertex -0.0901194 9.46267 1.10961
      vertex -0.256639 9.3937 1.18427
      vertex -0.0975447 9.5 1.10961
    endloop
  endfacet
  facet normal -0.514703 -0.770336 -0.376381
    outer loop
      vertex -0.187665 9.04694 1.50245
      vertex -0.34676 9.15324 1.50245
      vertex -0.159095 9.11591 1.32222
    endloop
  endfacet
  facet normal -0.323472 -0.216175 -0.921214
    outer loop
      vertex -0.0689745 9.43103 1.10961
      vertex -0.196424 9.30358 1.18427
      vertex -0.0901194 9.46267 1.10961
    endloop
  endfacet
  facet normal 0.323495 -0.216166 0.921208
    outer loop
      vertex 4.75664 9.3937 3.61573
      vertex 4.59012 9.46267 3.69039
      vertex 4.69642 9.30358 3.61573
    endloop
  endfacet
  facet normal 0.38161 -0.0758518 0.921206
    outer loop
      vertex 4.59754 9.5 3.69039
      vertex 4.59012 9.46267 3.69039
      vertex 4.75664 9.3937 3.61573
    endloop
  endfacet
  facet normal 0 0 1
    outer loop
      vertex 4.5 17.5975 3.69039
      vertex 4.59754 17.5 3.69039
      vertex 4.59012 17.5373 3.69039
    endloop
  endfacet
  facet normal 0 0 1
    outer loop
      vertex 4.59754 17.5 3.69039
      vertex -0.0975447 17.5 3.69039
      vertex 4.59754 9.5 3.69039
    endloop
  endfacet
  facet normal 0 0 1
    outer loop
      vertex 4.5 17.5975 3.69039
      vertex 4.59012 17.5373 3.69039
      vertex 4.56897 17.569 3.69039
    endloop
  endfacet
  facet normal 0 0 1
    outer loop
      vertex 4.59754 17.5 3.69039
      vertex 4.5 17.5975 3.69039
      vertex -0.0975447 17.5 3.69039
    endloop
  endfacet
  facet normal 0 0 1
    outer loop
      vertex 4.5 17.5975 3.69039
      vertex 4.56897 17.569 3.69039
      vertex 4.53733 17.5901 3.69039
    endloop
  endfacet
  facet normal 0 0 1
    outer loop
      vertex -0.0975447 9.5 3.69039
      vertex 4.59754 9.5 3.69039
      vertex -0.0975447 17.5 3.69039
    endloop
  endfacet
  facet normal 0 0 1
    outer loop
      vertex 4.59012 9.46267 3.69039
      vertex 4.5 9.40246 3.69039
      vertex 4.56897 9.43103 3.69039
    endloop
  endfacet
  facet normal 0 0 1
    outer loop
      vertex 4.56897 9.43103 3.69039
      vertex 4.5 9.40246 3.69039
      vertex 4.53733 9.40988 3.69039
    endloop
  endfacet
  facet normal 0 0 1
    outer loop
      vertex -0.0975447 17.5 3.69039
      vertex 4.5 17.5975 3.69039
      vertex 0 17.5975 3.69039
    endloop
  endfacet
  facet normal 0 -0 1
    outer loop
      vertex 4.5 9.40246 3.69039
      vertex 4.59754 9.5 3.69039
      vertex -0.0975447 9.5 3.69039
    endloop
  endfacet
  facet normal 0 0 1
    outer loop
      vertex -0.0975447 17.5 3.69039
      vertex 0 17.5975 3.69039
      vertex -0.0373287 17.5901 3.69039
    endloop
  endfacet
  facet normal 0 0 1
    outer loop
      vertex 4.59754 9.5 3.69039
      vertex 4.5 9.40246 3.69039
      vertex 4.59012 9.46267 3.69039
    endloop
  endfacet
  facet normal 0 0 1
    outer loop
      vertex -0.0975447 17.5 3.69039
      vertex -0.0373287 17.5901 3.69039
      vertex -0.0689745 17.569 3.69039
    endloop
  endfacet
  facet normal 0 0 1
    outer loop
      vertex 4.5 9.40246 3.69039
      vertex -0.0975447 9.5 3.69039
      vertex 0 9.40246 3.69039
    endloop
  endfacet
  facet normal 0 0 1
    outer loop
      vertex -0.0975447 17.5 3.69039
      vertex -0.0689745 17.569 3.69039
      vertex -0.0901194 17.5373 3.69039
    endloop
  endfacet
  facet normal 0 0 1
    outer loop
      vertex 0 9.40246 3.69039
      vertex -0.0975447 9.5 3.69039
      vertex -0.0373287 9.40988 3.69039
    endloop
  endfacet
  facet normal 0 0 1
    outer loop
      vertex -0.0373287 9.40988 3.69039
      vertex -0.0975447 9.5 3.69039
      vertex -0.0689745 9.43103 3.69039
    endloop
  endfacet
  facet normal 0 0 1
    outer loop
      vertex -0.0689745 9.43103 3.69039
      vertex -0.0975447 9.5 3.69039
      vertex -0.0901194 9.46267 3.69039
    endloop
  endfacet
  facet normal 0 0.923803 0.382868
    outer loop
      vertex 4.5 17.9904 3.29754
      vertex 0 17.9157 3.47778
      vertex 4.5 17.9157 3.47778
    endloop
  endfacet
  facet normal 0 0.923803 0.382868
    outer loop
      vertex 0 17.9157 3.47778
      vertex 4.5 17.9904 3.29754
      vertex 0 17.9904 3.29754
    endloop
  endfacet
  facet normal -0.0760776 0.381475 0.921243
    outer loop
      vertex 0 17.7778 3.61573
      vertex -0.106303 17.7566 3.61573
      vertex 0 17.5975 3.69039
    endloop
  endfacet
  facet normal 0.59358 0.396541 0.700298
    outer loop
      vertex 4.79397 17.794 3.47778
      vertex 4.69642 17.6964 3.61573
      vertex 4.88409 17.6591 3.47778
    endloop
  endfacet
  facet normal 0.770369 0.514645 0.376393
    outer loop
      vertex 4.84676 17.8468 3.29754
      vertex 4.79397 17.794 3.47778
      vertex 4.88409 17.6591 3.47778
    endloop
  endfacet
  facet normal -0.38159 -0.0759052 -0.92121
    outer loop
      vertex -0.256639 9.3937 1.18427
      vertex -0.277784 9.5 1.18427
      vertex -0.0975447 9.5 1.10961
    endloop
  endfacet
  facet normal -0.075885 -0.381589 -0.921212
    outer loop
      vertex 0 9.22222 1.18427
      vertex -0.106303 9.24336 1.18427
      vertex 0 9.40246 1.10961
    endloop
  endfacet
  facet normal -0.700214 -0.139285 -0.700214
    outer loop
      vertex -0.256639 9.3937 1.18427
      vertex -0.415734 9.5 1.32222
      vertex -0.277784 9.5 1.18427
    endloop
  endfacet
  facet normal -0.770329 -0.514701 -0.376398
    outer loop
      vertex -0.34676 9.15324 1.50245
      vertex -0.384089 9.34091 1.32222
      vertex -0.293968 9.20603 1.32222
    endloop
  endfacet
  facet normal -0.139249 -0.700218 -0.700218
    outer loop
      vertex 0 9.08427 1.32222
      vertex -0.106303 9.24336 1.18427
      vertex 0 9.22222 1.18427
    endloop
  endfacet
  facet normal -0.139256 -0.70022 -0.700214
    outer loop
      vertex 0 9.08427 1.32222
      vertex -0.159095 9.11591 1.32222
      vertex -0.106303 9.24336 1.18427
    endloop
  endfacet
  facet normal 0 0.707235 0.706979
    outer loop
      vertex 4.5 17.9157 3.47778
      vertex 0 17.7778 3.61573
      vertex 4.5 17.7778 3.61573
    endloop
  endfacet
  facet normal 0 0.707235 0.706979
    outer loop
      vertex 0 17.7778 3.61573
      vertex 4.5 17.9157 3.47778
      vertex 0 17.9157 3.47778
    endloop
  endfacet
  facet normal -0.593617 -0.396629 -0.700217
    outer loop
      vertex -0.293968 9.20603 1.32222
      vertex -0.384089 9.34091 1.32222
      vertex -0.196424 9.30358 1.18427
    endloop
  endfacet
  facet normal -0.593616 -0.396634 -0.700215
    outer loop
      vertex -0.196424 9.30358 1.18427
      vertex -0.384089 9.34091 1.32222
      vertex -0.256639 9.3937 1.18427
    endloop
  endfacet
  facet normal -0.0758539 -0.381608 -0.921207
    outer loop
      vertex 0 9.40246 1.10961
      vertex -0.106303 9.24336 1.18427
      vertex -0.0373287 9.40988 1.10961
    endloop
  endfacet
  facet normal -0.396653 -0.593603 -0.700216
    outer loop
      vertex -0.159095 9.11591 1.32222
      vertex -0.196424 9.30358 1.18427
      vertex -0.106303 9.24336 1.18427
    endloop
  endfacet
  facet normal -0.216183 -0.323464 -0.921214
    outer loop
      vertex -0.0373287 9.40988 1.10961
      vertex -0.196424 9.30358 1.18427
      vertex -0.0689745 9.43103 1.10961
    endloop
  endfacet
  facet normal 1 -0 0
    outer loop
      vertex 21.2 22.4 2.15
      vertex 21.2 24 1.6
      vertex 21.2 24 2.15
    endloop
  endfacet
  facet normal 1 0 0
    outer loop
      vertex 21.2 24 1.6
      vertex 21.2 22.4 2.15
      vertex 21.2 22.4 1.6
    endloop
  endfacet
  facet normal -0 0 1
    outer loop
      vertex 18 24 2.15
      vertex 21.2 22.4 2.15
      vertex 21.2 24 2.15
    endloop
  endfacet
  facet normal 0 0 1
    outer loop
      vertex 21.2 22.4 2.15
      vertex 18 24 2.15
      vertex 18 22.4 2.15
    endloop
  endfacet
  facet normal -1 0 0
    outer loop
      vertex 18 22.4 1.6
      vertex 18 24 2.15
      vertex 18 24 1.6
    endloop
  endfacet
  facet normal -1 -0 0
    outer loop
      vertex 18 24 2.15
      vertex 18 22.4 1.6
      vertex 18 22.4 2.15
    endloop
  endfacet
  facet normal 0 1 -0
    outer loop
      vertex 21.2 24 1.6
      vertex 18 24 2.15
      vertex 21.2 24 2.15
    endloop
  endfacet
  facet normal 0 1 0
    outer loop
      vertex 18 24 2.15
      vertex 21.2 24 1.6
      vertex 18 24 1.6
    endloop
  endfacet
  facet normal 0 -1 0
    outer loop
      vertex 18 22.4 1.6
      vertex 21.2 22.4 2.15
      vertex 18 22.4 2.15
    endloop
  endfacet
  facet normal 0 -1 -0
    outer loop
      vertex 21.2 22.4 2.15
      vertex 18 22.4 1.6
      vertex 21.2 22.4 1.6
    endloop
  endfacet
  facet normal 1 -0 0
    outer loop
      vertex 25.7 22.4 2.15
      vertex 25.7 24 1.6
      vertex 25.7 24 2.15
    endloop
  endfacet
  facet normal 1 0 0
    outer loop
      vertex 25.7 24 1.6
      vertex 25.7 22.4 2.15
      vertex 25.7 22.4 1.6
    endloop
  endfacet
  facet normal -0 0 1
    outer loop
      vertex 22.5 24 2.15
      vertex 25.7 22.4 2.15
      vertex 25.7 24 2.15
    endloop
  endfacet
  facet normal 0 0 1
    outer loop
      vertex 25.7 22.4 2.15
      vertex 22.5 24 2.15
      vertex 22.5 22.4 2.15
    endloop
  endfacet
  facet normal -1 0 0
    outer loop
      vertex 22.5 22.4 1.6
      vertex 22.5 24 2.15
      vertex 22.5 24 1.6
    endloop
  endfacet
  facet normal -1 -0 0
    outer loop
      vertex 22.5 24 2.15
      vertex 22.5 22.4 1.6
      vertex 22.5 22.4 2.15
    endloop
  endfacet
  facet normal 0 1 -0
    outer loop
      vertex 25.7 24 1.6
      vertex 22.5 24 2.15
      vertex 25.7 24 2.15
    endloop
  endfacet
  facet normal 0 1 0
    outer loop
      vertex 22.5 24 2.15
      vertex 25.7 24 1.6
      vertex 22.5 24 1.6
    endloop
  endfacet
  facet normal 0 -1 0
    outer loop
      vertex 22.5 22.4 1.6
      vertex 25.7 22.4 2.15
      vertex 22.5 22.4 2.15
    endloop
  endfacet
  facet normal 0 -1 -0
    outer loop
      vertex 25.7 22.4 2.15
      vertex 22.5 22.4 1.6
      vertex 25.7 22.4 1.6
    endloop
  endfacet
  facet normal 1 -0 0
    outer loop
      vertex 14 11 2.2
      vertex 14 12.25 1.6
      vertex 14 12.25 2.2
    endloop
  endfacet
  facet normal 1 0 0
    outer loop
      vertex 14 12.25 1.6
      vertex 14 11 2.2
      vertex 14 11 1.6
    endloop
  endfacet
  facet normal -0 0 1
    outer loop
      vertex 12 12.25 2.2
      vertex 14 11 2.2
      vertex 14 12.25 2.2
    endloop
  endfacet
  facet normal 0 0 1
    outer loop
      vertex 14 11 2.2
      vertex 12 12.25 2.2
      vertex 12 11 2.2
    endloop
  endfacet
  facet normal -1 0 0
    outer loop
      vertex 12 11 1.6
      vertex 12 12.25 2.2
      vertex 12 12.25 1.6
    endloop
  endfacet
  facet normal -1 -0 0
    outer loop
      vertex 12 12.25 2.2
      vertex 12 11 1.6
      vertex 12 11 2.2
    endloop
  endfacet
  facet normal 0 1 -0
    outer loop
      vertex 14 12.25 1.6
      vertex 12 12.25 2.2
      vertex 14 12.25 2.2
    endloop
  endfacet
  facet normal 0 1 0
    outer loop
      vertex 12 12.25 2.2
      vertex 14 12.25 1.6
      vertex 12 12.25 1.6
    endloop
  endfacet
  facet normal 0 -1 0
    outer loop
      vertex 12 11 1.6
      vertex 14 11 2.2
      vertex 12 11 2.2
    endloop
  endfacet
  facet normal 0 -1 -0
    outer loop
      vertex 14 11 2.2
      vertex 12 11 1.6
      vertex 14 11 1.6
    endloop
  endfacet
  facet normal 1 -0 0
    outer loop
      vertex 17.5 11 2.2
      vertex 17.5 12.25 1.6
      vertex 17.5 12.25 2.2
    endloop
  endfacet
  facet normal 1 0 0
    outer loop
      vertex 17.5 12.25 1.6
      vertex 17.5 11 2.2
      vertex 17.5 11 1.6
    endloop
  endfacet
  facet normal -0 0 1
    outer loop
      vertex 15.5 12.25 2.2
      vertex 17.5 11 2.2
      vertex 17.5 12.25 2.2
    endloop
  endfacet
  facet normal 0 0 1
    outer loop
      vertex 17.5 11 2.2
      vertex 15.5 12.25 2.2
      vertex 15.5 11 2.2
    endloop
  endfacet
  facet normal -1 0 0
    outer loop
      vertex 15.5 11 1.6
      vertex 15.5 12.25 2.2
      vertex 15.5 12.25 1.6
    endloop
  endfacet
  facet normal -1 -0 0
    outer loop
      vertex 15.5 12.25 2.2
      vertex 15.5 11 1.6
      vertex 15.5 11 2.2
    endloop
  endfacet
  facet normal 0 1 -0
    outer loop
      vertex 17.5 12.25 1.6
      vertex 15.5 12.25 2.2
      vertex 17.5 12.25 2.2
    endloop
  endfacet
  facet normal 0 1 0
    outer loop
      vertex 15.5 12.25 2.2
      vertex 17.5 12.25 1.6
      vertex 15.5 12.25 1.6
    endloop
  endfacet
  facet normal 0 -1 0
    outer loop
      vertex 15.5 11 1.6
      vertex 17.5 11 2.2
      vertex 15.5 11 2.2
    endloop
  endfacet
  facet normal 0 -1 -0
    outer loop
      vertex 17.5 11 2.2
      vertex 15.5 11 1.6
      vertex 17.5 11 1.6
    endloop
  endfacet
  facet normal 1 -0 0
    outer loop
      vertex 15.2 14 2.15
      vertex 15.2 15.6 1.6
      vertex 15.2 15.6 2.15
    endloop
  endfacet
  facet normal 1 0 0
    outer loop
      vertex 15.2 15.6 1.6
      vertex 15.2 14 2.15
      vertex 15.2 14 1.6
    endloop
  endfacet
  facet normal -0 0 1
    outer loop
      vertex 12 15.6 2.15
      vertex 15.2 14 2.15
      vertex 15.2 15.6 2.15
    endloop
  endfacet
  facet normal 0 0 1
    outer loop
      vertex 15.2 14 2.15
      vertex 12 15.6 2.15
      vertex 12 14 2.15
    endloop
  endfacet
  facet normal -1 0 0
    outer loop
      vertex 12 14 1.6
      vertex 12 15.6 2.15
      vertex 12 15.6 1.6
    endloop
  endfacet
  facet normal -1 -0 0
    outer loop
      vertex 12 15.6 2.15
      vertex 12 14 1.6
      vertex 12 14 2.15
    endloop
  endfacet
  facet normal 0 1 -0
    outer loop
      vertex 15.2 15.6 1.6
      vertex 12 15.6 2.15
      vertex 15.2 15.6 2.15
    endloop
  endfacet
  facet normal 0 1 0
    outer loop
      vertex 12 15.6 2.15
      vertex 15.2 15.6 1.6
      vertex 12 15.6 1.6
    endloop
  endfacet
  facet normal 0 -1 0
    outer loop
      vertex 12 14 1.6
      vertex 15.2 14 2.15
      vertex 12 14 2.15
    endloop
  endfacet
  facet normal 0 -1 -0
    outer loop
      vertex 15.2 14 2.15
      vertex 12 14 1.6
      vertex 15.2 14 1.6
    endloop
  endfacet
  facet normal 1 -0 0
    outer loop
      vertex 18.7 14 2.15
      vertex 18.7 15.6 1.6
      vertex 18.7 15.6 2.15
    endloop
  endfacet
  facet normal 1 0 0
    outer loop
      vertex 18.7 15.6 1.6
      vertex 18.7 14 2.15
      vertex 18.7 14 1.6
    endloop
  endfacet
  facet normal -0 0 1
    outer loop
      vertex 15.5 15.6 2.15
      vertex 18.7 14 2.15
      vertex 18.7 15.6 2.15
    endloop
  endfacet
  facet normal 0 0 1
    outer loop
      vertex 18.7 14 2.15
      vertex 15.5 15.6 2.15
      vertex 15.5 14 2.15
    endloop
  endfacet
  facet normal -1 0 0
    outer loop
      vertex 15.5 14 1.6
      vertex 15.5 15.6 2.15
      vertex 15.5 15.6 1.6
    endloop
  endfacet
  facet normal -1 -0 0
    outer loop
      vertex 15.5 15.6 2.15
      vertex 15.5 14 1.6
      vertex 15.5 14 2.15
    endloop
  endfacet
  facet normal 0 1 -0
    outer loop
      vertex 18.7 15.6 1.6
      vertex 15.5 15.6 2.15
      vertex 18.7 15.6 2.15
    endloop
  endfacet
  facet normal 0 1 0
    outer loop
      vertex 15.5 15.6 2.15
      vertex 18.7 15.6 1.6
      vertex 15.5 15.6 1.6
    endloop
  endfacet
  facet normal 0 -1 0
    outer loop
      vertex 15.5 14 1.6
      vertex 18.7 14 2.15
      vertex 15.5 14 2.15
    endloop
  endfacet
  facet normal 0 -1 -0
    outer loop
      vertex 18.7 14 2.15
      vertex 15.5 14 1.6
      vertex 18.7 14 1.6
    endloop
  endfacet
  facet normal 1 -0 0
    outer loop
      vertex 15.2 17.5 2.15
      vertex 15.2 19.1 1.6
      vertex 15.2 19.1 2.15
    endloop
  endfacet
  facet normal 1 0 0
    outer loop
      vertex 15.2 19.1 1.6
      vertex 15.2 17.5 2.15
      vertex 15.2 17.5 1.6
    endloop
  endfacet
  facet normal -0 0 1
    outer loop
      vertex 12 19.1 2.15
      vertex 15.2 17.5 2.15
      vertex 15.2 19.1 2.15
    endloop
  endfacet
  facet normal 0 0 1
    outer loop
      vertex 15.2 17.5 2.15
      vertex 12 19.1 2.15
      vertex 12 17.5 2.15
    endloop
  endfacet
  facet normal -1 0 0
    outer loop
      vertex 12 17.5 1.6
      vertex 12 19.1 2.15
      vertex 12 19.1 1.6
    endloop
  endfacet
  facet normal -1 -0 0
    outer loop
      vertex 12 19.1 2.15
      vertex 12 17.5 1.6
      vertex 12 17.5 2.15
    endloop
  endfacet
  facet normal 0 1 -0
    outer loop
      vertex 15.2 19.1 1.6
      vertex 12 19.1 2.15
      vertex 15.2 19.1 2.15
    endloop
  endfacet
  facet normal 0 1 0
    outer loop
      vertex 12 19.1 2.15
      vertex 15.2 19.1 1.6
      vertex 12 19.1 1.6
    endloop
  endfacet
  facet normal 0 -1 0
    outer loop
      vertex 12 17.5 1.6
      vertex 15.2 17.5 2.15
      vertex 12 17.5 2.15
    endloop
  endfacet
  facet normal 0 -1 -0
    outer loop
      vertex 15.2 17.5 2.15
      vertex 12 17.5 1.6
      vertex 15.2 17.5 1.6
    endloop
  endfacet
  facet normal 1 -0 0
    outer loop
      vertex 18.7 17.5 2.15
      vertex 18.7 19.1 1.6
      vertex 18.7 19.1 2.15
    endloop
  endfacet
  facet normal 1 0 0
    outer loop
      vertex 18.7 19.1 1.6
      vertex 18.7 17.5 2.15
      vertex 18.7 17.5 1.6
    endloop
  endfacet
  facet normal -0 0 1
    outer loop
      vertex 15.5 19.1 2.15
      vertex 18.7 17.5 2.15
      vertex 18.7 19.1 2.15
    endloop
  endfacet
  facet normal 0 0 1
    outer loop
      vertex 18.7 17.5 2.15
      vertex 15.5 19.1 2.15
      vertex 15.5 17.5 2.15
    endloop
  endfacet
  facet normal -1 0 0
    outer loop
      vertex 15.5 17.5 1.6
      vertex 15.5 19.1 2.15
      vertex 15.5 19.1 1.6
    endloop
  endfacet
  facet normal -1 -0 0
    outer loop
      vertex 15.5 19.1 2.15
      vertex 15.5 17.5 1.6
      vertex 15.5 17.5 2.15
    endloop
  endfacet
  facet normal 0 1 -0
    outer loop
      vertex 18.7 19.1 1.6
      vertex 15.5 19.1 2.15
      vertex 18.7 19.1 2.15
    endloop
  endfacet
  facet normal 0 1 0
    outer loop
      vertex 15.5 19.1 2.15
      vertex 18.7 19.1 1.6
      vertex 15.5 19.1 1.6
    endloop
  endfacet
  facet normal 0 -1 0
    outer loop
      vertex 15.5 17.5 1.6
      vertex 18.7 17.5 2.15
      vertex 15.5 17.5 2.15
    endloop
  endfacet
  facet normal 0 -1 -0
    outer loop
      vertex 18.7 17.5 2.15
      vertex 15.5 17.5 1.6
      vertex 18.7 17.5 1.6
    endloop
  endfacet
  facet normal 1 -0 0
    outer loop
      vertex 15.2 8.5 2.15
      vertex 15.2 10.1 1.6
      vertex 15.2 10.1 2.15
    endloop
  endfacet
  facet normal 1 0 0
    outer loop
      vertex 15.2 10.1 1.6
      vertex 15.2 8.5 2.15
      vertex 15.2 8.5 1.6
    endloop
  endfacet
  facet normal -0 0 1
    outer loop
      vertex 12 10.1 2.15
      vertex 15.2 8.5 2.15
      vertex 15.2 10.1 2.15
    endloop
  endfacet
  facet normal 0 0 1
    outer loop
      vertex 15.2 8.5 2.15
      vertex 12 10.1 2.15
      vertex 12 8.5 2.15
    endloop
  endfacet
  facet normal -1 0 0
    outer loop
      vertex 12 8.5 1.6
      vertex 12 10.1 2.15
      vertex 12 10.1 1.6
    endloop
  endfacet
  facet normal -1 -0 0
    outer loop
      vertex 12 10.1 2.15
      vertex 12 8.5 1.6
      vertex 12 8.5 2.15
    endloop
  endfacet
  facet normal 0 1 -0
    outer loop
      vertex 15.2 10.1 1.6
      vertex 12 10.1 2.15
      vertex 15.2 10.1 2.15
    endloop
  endfacet
  facet normal 0 1 0
    outer loop
      vertex 12 10.1 2.15
      vertex 15.2 10.1 1.6
      vertex 12 10.1 1.6
    endloop
  endfacet
  facet normal 0 -1 0
    outer loop
      vertex 12 8.5 1.6
      vertex 15.2 8.5 2.15
      vertex 12 8.5 2.15
    endloop
  endfacet
  facet normal 0 -1 -0
    outer loop
      vertex 15.2 8.5 2.15
      vertex 12 8.5 1.6
      vertex 15.2 8.5 1.6
    endloop
  endfacet
  facet normal 1 -0 0
    outer loop
      vertex 18.7 8.5 2.15
      vertex 18.7 10.1 1.6
      vertex 18.7 10.1 2.15
    endloop
  endfacet
  facet normal 1 0 0
    outer loop
      vertex 18.7 10.1 1.6
      vertex 18.7 8.5 2.15
      vertex 18.7 8.5 1.6
    endloop
  endfacet
  facet normal -0 0 1
    outer loop
      vertex 15.5 10.1 2.15
      vertex 18.7 8.5 2.15
      vertex 18.7 10.1 2.15
    endloop
  endfacet
  facet normal 0 0 1
    outer loop
      vertex 18.7 8.5 2.15
      vertex 15.5 10.1 2.15
      vertex 15.5 8.5 2.15
    endloop
  endfacet
  facet normal -1 0 0
    outer loop
      vertex 15.5 8.5 1.6
      vertex 15.5 10.1 2.15
      vertex 15.5 10.1 1.6
    endloop
  endfacet
  facet normal -1 -0 0
    outer loop
      vertex 15.5 10.1 2.15
      vertex 15.5 8.5 1.6
      vertex 15.5 8.5 2.15
    endloop
  endfacet
  facet normal 0 1 -0
    outer loop
      vertex 18.7 10.1 1.6
      vertex 15.5 10.1 2.15
      vertex 18.7 10.1 2.15
    endloop
  endfacet
  facet normal 0 1 0
    outer loop
      vertex 15.5 10.1 2.15
      vertex 18.7 10.1 1.6
      vertex 15.5 10.1 1.6
    endloop
  endfacet
  facet normal 0 -1 0
    outer loop
      vertex 15.5 8.5 1.6
      vertex 18.7 8.5 2.15
      vertex 15.5 8.5 2.15
    endloop
  endfacet
  facet normal 0 -1 -0
    outer loop
      vertex 18.7 8.5 2.15
      vertex 15.5 8.5 1.6
      vertex 18.7 8.5 1.6
    endloop
  endfacet
  facet normal 1 -0 0
    outer loop
      vertex 26.5 12 1.66
      vertex 26.5 16 1.61
      vertex 26.5 16 1.66
    endloop
  endfacet
  facet normal 1 0 0
    outer loop
      vertex 26.5 16 1.61
      vertex 26.5 12 1.66
      vertex 26.5 12 1.61
    endloop
  endfacet
  facet normal -0 0 1
    outer loop
      vertex 19 16 1.66
      vertex 26.5 12 1.66
      vertex 26.5 16 1.66
    endloop
  endfacet
  facet normal 0 0 1
    outer loop
      vertex 26.5 12 1.66
      vertex 19 16 1.66
      vertex 19 12 1.66
    endloop
  endfacet
  facet normal 0 0 -1
    outer loop
      vertex 19 12 1.61
      vertex 26.5 16 1.61
      vertex 26.5 12 1.61
    endloop
  endfacet
  facet normal -0 0 -1
    outer loop
      vertex 26.5 16 1.61
      vertex 19 12 1.61
      vertex 19 16 1.61
    endloop
  endfacet
  facet normal -1 0 0
    outer loop
      vertex 19 12 1.61
      vertex 19 16 1.66
      vertex 19 16 1.61
    endloop
  endfacet
  facet normal -1 -0 0
    outer loop
      vertex 19 16 1.66
      vertex 19 12 1.61
      vertex 19 12 1.66
    endloop
  endfacet
  facet normal 0 1 -0
    outer loop
      vertex 26.5 16 1.61
      vertex 19 16 1.66
      vertex 26.5 16 1.66
    endloop
  endfacet
  facet normal 0 1 0
    outer loop
      vertex 19 16 1.66
      vertex 26.5 16 1.61
      vertex 19 16 1.61
    endloop
  endfacet
  facet normal 0 -1 0
    outer loop
      vertex 19 12 1.61
      vertex 26.5 12 1.66
      vertex 19 12 1.66
    endloop
  endfacet
  facet normal 0 -1 -0
    outer loop
      vertex 26.5 12 1.66
      vertex 19 12 1.61
      vertex 26.5 12 1.61
    endloop
  endfacet
endsolid OpenSCAD_Model
